[{"header":{"msg_type":"0003","msg_queue_timestamp":"1713561701000","source_system_id":"TRUST","original_data_source":"SMART"},"body":{"train_id":"362S64M719","actual_timestamp":"1713565320000","loc_stanox":"36064","gbtt_timestamp":"1713565320000","planned_timestamp":"1713565290000","planned_event_type":"ARRIVAL","event_type":"ARRIVAL","event_source":"AUTOMATIC","correction_ind":"false","offroute_ind":"false","direction_ind":"DOWN","platform":" 2","route":"0","train_service_code":"12301012","division_code":"64","toc_id":"64","timetable_variation":"1","variation_status":"LATE","next_report_stanox":"36063","next_report_run_time":"1","train_terminated":"false","delay_monitoring_point":"false","reporting_stanox":"00000","auto_expected":"true"}},{"header":{"msg_type":"0003","msg_queue_timestamp":"1713561701000","source_system_id":"TRUST","original_data_source":"SMART"},"body":{"train_id":"731B32MY19","actual_timestamp":"1713565320000","loc_stanox":"78608","planned_timestamp":"1713563610000","planned_event_type":"ARRIVAL","event_type":"ARRIVAL","event_source":"AUTOMATIC","correction_ind":"false","offroute_ind":"false","route":"0","train_service_code":"25375002","division_code":"25","toc_id":"25","timetable_variation":"29","variation_status":"LATE","next_report_stanox":"79791","next_report_run_time":"1","train_terminated":"false","delay_monitoring_point":"true","reporting_stanox":"78608","auto_expected":"true"}},{"header":{"msg_type":"0003","msg_queue_timestamp":"1713561701000","source_system_id":"TRUST","original_data_source":"SMART"},"body":{"train_id":"529C66M719","actual_timestamp":"1713565260000","loc_stanox":"87628","gbtt_timestamp":"1713565200000","planned_timestamp":"1713565200000","planned_event_type":"DEPARTURE","event_type":"DEPARTURE","event_source":"AUTOMATIC","correction_ind":"false","offroute_ind":"false","direction_ind":"DOWN","line_ind":"S","platform":" 2","route":"2","train_service_code":"22215003","division_code":"30","toc_id":"30","timetable_variation":"1","variation_status":"LATE","next_report_stanox":"87627","next_report_run_time":"2","train_terminated":"false","delay_monitoring_point":"false","reporting_stanox":"00000","auto_expected":"true"}},{"header":{"msg_type":"0003","msg_queue_timestamp":"1713561701000","source_system_id":"TRUST","original_data_source":"SMART"},"body":{"train_id":"801L34MW19","actual_timestamp":"1713565320000","loc_stanox":"74005","planned_timestamp":"1713563640000","planned_event_type":"ARRIVAL","event_type":"ARRIVAL","event_source":"AUTOMATIC","correction_ind":"false","offroute_ind":"false","route":"0","train_service_code":"25375002","division_code":"25","toc_id":"25","timetable_variation":"28","variation_status":"LATE","next_report_stanox":"73822","next_report_run_time":"1","train_terminated":"false","delay_monitoring_point":"true","reporting_stanox":"74005","auto_expected":"true"}},{"header":{"msg_type":"0003","msg_queue_timestamp":"1713561702000","source_system_id":"TRUST","original_data_source":"SMART"},"body":{"train_id":"872G72M719","actual_timestamp":"1713565260000","loc_stanox":"87261","gbtt_timestamp":"1713565200000","planned_timestamp":"1713565230000","planned_event_type":"DEPARTURE","event_type":"DEPARTURE","event_source":"AUTOMATIC","correction_ind":"false","offroute_ind":"false","direction_ind":"UP","line_ind":"S","platform":" 5","route":"2","train_service_code":"24673505","division_code":"84","toc_id":"84","timetable_variation":"1","variation_status":"LATE","next_report_stanox":"87250","next_report_run_time":"3","train_terminated":"false","delay_monitoring_point":"true","reporting_stanox":"87261","auto_expected":"true"}},{"header":{"msg_type":"0003","msg_queue_timestamp":"1713561703000","source_system_id":"TRUST","original_data_source":"SMART"},"body":{"train_id":"879D66M719","actual_timestamp":"1713565260000","loc_stanox":"52088","gbtt_timestamp":"1713565200000","planned_timestamp":"1713565200000","planned_event_type":"DEPARTURE","event_type":"DEPARTURE","event_source":"AUTOMATIC","correction_ind":"false","offroute_ind":"false","direction_ind":"UP","platform":" 1","route":"2","train_service_code":"22215003","division_code":"30","toc_id":"30","timetable_variation":"1","variation_status":"LATE","next_report_stanox":"52084","next_report_run_time":"1","train_terminated":"false","delay_monitoring_point":"false","reporting_stanox":"00000","auto_expected":"true"}},{"header":{"msg_type":"0003","msg_queue_timestamp":"1713561703000","source_system_id":"TRUST","original_data_source":"SMART"},"body":{"train_id":"872B41M719","actual_timestamp":"1713565320000","loc_stanox":"87633","gbtt_timestamp":"1713564960000","planned_timestamp":"1713564930000","planned_event_type":"ARRIVAL","event_type":"ARRIVAL","event_source":"AUTOMATIC","correction_ind":"false","offroute_ind":"false","direction_ind":"UP","line_ind":"S","platform":" 2","route":"0","train_service_code":"24782000","division_code":"88","toc_id":"88","timetable_variation":"7","variation_status":"LATE","next_report_stanox":"87631","next_report_run_time":"1","train_terminated":"false","delay_monitoring_point":"false","reporting_stanox":"00000","auto_expected":"true"}},{"header":{"msg_type":"0003","msg_queue_timestamp":"1713561703000","source_system_id":"TRUST","original_data_source":"SMART"},"body":{"train_id":"459J69M719","actual_timestamp":"1713565260000","loc_stanox":"53231","planned_timestamp":"1713565230000","planned_event_type":"DEPARTURE","event_type":"DEPARTURE","event_source":"AUTOMATIC","correction_ind":"false","offroute_ind":"false","direction_ind":"UP","line_ind":"M","route":"2","train_service_code":"22727100","division_code":"88","toc_id":"88","timetable_variation":"1","variation_status":"LATE","next_report_stanox":"53233","next_report_run_time":"2","train_terminated":"false","delay_monitoring_point":"true","reporting_stanox":"53231","auto_expected":"true"}},{"header":{"msg_type":"0003","msg_queue_timestamp":"1713561703000","source_system_id":"TRUST","original_data_source":"SMART"},"body":{"train_id":"841S51MK19","actual_timestamp":"1713565320000","loc_stanox":"07906","planned_timestamp":"1713563460000","planned_event_type":"ARRIVAL","event_type":"ARRIVAL","event_source":"AUTOMATIC","correction_ind":"false","offroute_ind":"false","route":"0","train_service_code":"22180012","division_code":"27","toc_id":"27","timetable_variation":"31","variation_status":"LATE","next_report_stanox":"07466","next_report_run_time":"1","train_terminated":"false","delay_monitoring_point":"false","reporting_stanox":"00000","auto_expected":"true"}},{"header":{"msg_type":"0003","msg_queue_timestamp":"1713561703000","source_system_id":"TRUST","original_data_source":"SMART"},"body":{"train_id":"171A52MZ19","actual_timestamp":"1713565260000","loc_stanox":"45173","planned_timestamp":"1713565350000","planned_event_type":"DEPARTURE","event_type":"DEPARTURE","event_source":"AUTOMATIC","correction_ind":"false","offroute_ind":"false","direction_ind":"UP","line_ind":"F","route":"1","train_service_code":"21702001","division_code":"61","toc_id":"61","timetable_variation":"1","variation_status":"EARLY","next_report_stanox":"45201","next_report_run_time":"4","train_terminated":"false","delay_monitoring_point":"false","reporting_stanox":"00000","auto_expected":"true"}},{"header":{"msg_type":"0003","msg_queue_timestamp":"1713561704000","source_system_id":"TRUST","original_data_source":"SMART"},"body":{"train_id":"035G52M819","actual_timestamp":"1713565260000","loc_stanox":"03241","gbtt_timestamp":"1713565320000","planned_timestamp":"1713565320000","planned_event_type":"DEPARTURE","event_type":"DEPARTURE","event_source":"AUTOMATIC","correction_ind":"false","offroute_ind":"false","direction_ind":"DOWN","platform":" 1","route":"3","train_service_code":"23587003","division_code":"60","toc_id":"60","timetable_variation":"1","variation_status":"EARLY","next_report_stanox":"03237","next_report_run_time":"1","train_terminated":"false","delay_monitoring_point":"true","reporting_stanox":"03241","auto_expected":"true"}},{"header":{"msg_type":"0003","msg_queue_timestamp":"1713561704000","source_system_id":"TRUST","original_data_source":"GPS","user_id":"GPSI07"},"body":{"train_id":"872U69M719","actual_timestamp":"1713565200000","loc_stanox":"87109","gbtt_timestamp":"1713565140000","planned_timestamp":"1713565140000","planned_event_type":"DEPARTURE","event_type":"DEPARTURE","event_source":"MANUAL","correction_ind":"false","offroute_ind":"false","train_service_code":"24671105","division_code":"84","toc_id":"84","timetable_variation":"1","variation_status":"LATE","next_report_stanox":"87110","next_report_run_time":"2","train_terminated":"false","delay_monitoring_point":"false","reporting_stanox":"00000","auto_expected":"true"}},{"header":{"msg_type":"0003","msg_queue_timestamp":"1713561704000","source_system_id":"TRUST","original_data_source":"SMART"},"body":{"train_id":"021T64MY19","actual_timestamp":"1713565380000","loc_stanox":"06401","gbtt_timestamp":"1713565320000","planned_timestamp":"1713565320000","planned_event_type":"DESTINATION","event_type":"ARRIVAL","event_source":"AUTOMATIC","correction_ind":"false","offroute_ind":"false","direction_ind":"DOWN","platform":"D","route":"0","train_service_code":"23540003","division_code":"60","toc_id":"60","timetable_variation":"1","variation_status":"LATE","train_terminated":"true","delay_monitoring_point":"true","reporting_stanox":"06401","auto_expected":"true"}},{"header":{"msg_type":"0003","msg_queue_timestamp":"1713561704000","source_system_id":"TRUST","original_data_source":"GPS","user_id":"GPSN04"},"body":{"train_id":"412F98M719","actual_timestamp":"1713565260000","loc_stanox":"41017","gbtt_timestamp":"1713565200000","planned_timestamp":"1713565290000","planned_event_type":"DEPARTURE","event_type":"DEPARTURE","event_source":"MANUAL","correction_ind":"false","offroute_ind":"false","train_service_code":"22342000","division_code":"71","toc_id":"71","timetable_variation":"0","variation_status":"ON TIME","next_report_stanox":"41016","next_report_run_time":"4","train_terminated":"false","delay_monitoring_point":"false","reporting_stanox":"00000"}},{"header":{"msg_type":"0003","msg_queue_timestamp":"1713561704000","source_system_id":"TRUST","original_data_source":"GPS","user_id":"GPSI06"},"body":{"train_id":"671P46MZ19","actual_timestamp":"1713565260000","loc_stanox":"74451","gbtt_timestamp":"1713564600000","planned_timestamp":"1713564600000","planned_event_type":"ARRIVAL","event_type":"ARRIVAL","event_source":"MANUAL","correction_ind":"false","offroute_ind":"false","route":"0","train_service_code":"25392003","division_code":"25","toc_id":"25","timetable_variation":"11","variation_status":"LATE","next_report_stanox":"74449","next_report_run_time":"1","train_terminated":"false","delay_monitoring_point":"false","reporting_stanox":"00000"}},{"header":{"msg_type":"0003","msg_queue_timestamp":"1713561704000","source_system_id":"TRUST","original_data_source":"GPS","user_id":"GPSN01"},"body":{"train_id":"192R30MZ19","actual_timestamp":"1713565260000","loc_stanox":"19221","gbtt_timestamp":"1713565140000","planned_timestamp":"1713565170000","planned_event_type":"DEPARTURE","event_type":"DEPARTURE","event_source":"MANUAL","correction_ind":"false","offroute_ind":"false","train_service_code":"11838821","division_code":"23","toc_id":"23","timetable_variation":"2","variation_status":"LATE","next_report_stanox":"16523","next_report_run_time":"10","train_terminated":"false","delay_monitoring_point":"false","reporting_stanox":"00000","auto_expected":"true"}},{"header":{"msg_type":"0003","msg_queue_timestamp":"1713561704000","source_system_id":"TRUST","original_data_source":"GPS","user_id":"GPSN02"},"body":{"train_id":"662V26M819","actual_timestamp":"1713565260000","loc_stanox":"66457","gbtt_timestamp":"1713565260000","planned_timestamp":"1713565290000","planned_event_type":"DEPARTURE","event_type":"DEPARTURE","event_source":"MANUAL","correction_ind":"false","offroute_ind":"false","train_service_code":"22254000","division_code":"29","toc_id":"29","timetable_variation":"0","variation_status":"ON TIME","next_report_stanox":"66465","next_report_run_time":"2","train_terminated":"false","delay_monitoring_point":"false","reporting_stanox":"00000","auto_expected":"true"}},{"header":{"msg_type":"0003","msg_queue_timestamp":"1713561704000","source_system_id":"TRUST","original_data_source":"GPS","user_id":"GPSI07"},"body":{"train_id":"871L69M719","actual_timestamp":"1713565260000","loc_stanox":"86071","gbtt_timestamp":"1713565260000","planned_timestamp":"1713565260000","planned_event_type":"DEPARTURE","event_type":"DEPARTURE","event_source":"MANUAL","correction_ind":"false","offroute_ind":"false","train_service_code":"24623104","division_code":"84","toc_id":"84","timetable_variation":"0","variation_status":"ON TIME","next_report_stanox":"86074","next_report_run_time":"7","train_terminated":"false","delay_monitoring_point":"false","reporting_stanox":"00000"}},{"header":{"msg_type":"0003","msg_queue_timestamp":"1713561704000","source_system_id":"TRUST","original_data_source":"GPS","user_id":"GPSN04"},"body":{"train_id":"792G76M819","actual_timestamp":"1713565260000","loc_stanox":"79824","gbtt_timestamp":"1713565200000","planned_timestamp":"1713565200000","planned_event_type":"DEPARTURE","event_type":"DEPARTURE","event_source":"MANUAL","correction_ind":"false","offroute_ind":"false","train_service_code":"25431000","division_code":"71","toc_id":"71","timetable_variation":"1","variation_status":"LATE","next_report_stanox":"79811","next_report_run_time":"7","train_terminated":"false","delay_monitoring_point":"false","reporting_stanox":"00000"}},{"header":{"msg_type":"0003","msg_queue_timestamp":"1713561704000","source_system_id":"TRUST","original_data_source":"GPS","user_id":"GPSI07"},"body":{"train_id":"875J64M819","actual_timestamp":"1713565260000","loc_stanox":"87032","gbtt_timestamp":"1713565380000","planned_timestamp":"1713565380000","planned_event_type":"DESTINATION","event_type":"ARRIVAL","event_source":"MANUAL","correction_ind":"false","offroute_ind":"false","route":"0","train_service_code":"24676004","division_code":"84","toc_id":"84","timetable_variation":"2","variation_status":"EARLY","train_terminated":"true","delay_monitoring_point":"true","reporting_stanox":"00000"}},{"header":{"msg_type":"0003","msg_queue_timestamp":"1713561704000","source_system_id":"TRUST","original_data_source":"SMART"},"body":{"train_id":"032G50M719","actual_timestamp":"1713565320000","loc_stanox":"04304","gbtt_timestamp":"1713565380000","planned_timestamp":"1713565380000","planned_event_type":"ARRIVAL","event_type":"ARRIVAL","event_source":"AUTOMATIC","correction_ind":"false","offroute_ind":"false","direction_ind":"UP","platform":" 1","route":"0","train_service_code":"23587103","division_code":"60","toc_id":"60","timetable_variation":"1","variation_status":"EARLY","next_report_stanox":"04211","next_report_run_time":"2","train_terminated":"false","delay_monitoring_point":"false","reporting_stanox":"00000","auto_expected":"true"}},{"header":{"msg_type":"0003","msg_queue_timestamp":"1713561704000","source_system_id":"TRUST","original_data_source":"SMART"},"body":{"train_id":"872N74N819","actual_timestamp":"1713565320000","loc_stanox":"87138","gbtt_timestamp":"1713565380000","planned_timestamp":"1713565380000","planned_event_type":"ARRIVAL","event_type":"ARRIVAL","event_source":"AUTOMATIC","correction_ind":"false","offroute_ind":"false","direction_ind":"UP","line_ind":"U","platform":" 1","route":"0","train_service_code":"22214000","division_code":"30","toc_id":"30","timetable_variation":"1","variation_status":"EARLY","next_report_stanox":"72253","next_report_run_time":"1","train_terminated":"false","delay_monitoring_point":"true","reporting_stanox":"87138","auto_expected":"true"}},{"header":{"msg_type":"0003","msg_queue_timestamp":"1713561704000","source_system_id":"TRUST","original_data_source":"GPS","user_id":"GPSN02"},"body":{"train_id":"662V24M819","actual_timestamp":"1713565260000","loc_stanox":"66420","gbtt_timestamp":"1713565380000","planned_timestamp":"1713565350000","planned_event_type":"ARRIVAL","event_type":"ARRIVAL","event_source":"MANUAL","correction_ind":"false","offroute_ind":"false","route":"0","train_service_code":"12257320","division_code":"29","toc_id":"29","timetable_variation":"1","variation_status":"EARLY","next_report_stanox":"66411","next_report_run_time":"2","train_terminated":"false","delay_monitoring_point":"false","reporting_stanox":"00000","auto_expected":"true"}},{"header":{"msg_type":"0003","msg_queue_timestamp":"1713561704000","source_system_id":"TRUST","original_data_source":"GPS","user_id":"GPSN01"},"body":{"train_id":"362F86M719","actual_timestamp":"1713565260000","loc_stanox":"36704","gbtt_timestamp":"1713564960000","planned_timestamp":"1713564930000","planned_event_type":"ARRIVAL","event_type":"ARRIVAL","event_source":"MANUAL","correction_ind":"false","offroute_ind":"false","route":"0","train_service_code":"12299820","division_code":"23","toc_id":"23","timetable_variation":"6","variation_status":"LATE","next_report_stanox":"36703","next_report_run_time":"1","train_terminated":"false","delay_monitoring_point":"false","reporting_stanox":"00000"}},{"header":{"msg_type":"0003","msg_queue_timestamp":"1713561704000","source_system_id":"TRUST","original_data_source":"SMART"},"body":{"train_id":"452E32MZ19","actual_timestamp":"1713565320000","loc_stanox":"55212","gbtt_timestamp":"1713565440000","planned_timestamp":"1713565410000","planned_event_type":"ARRIVAL","event_type":"ARRIVAL","event_source":"AUTOMATIC","correction_ind":"false","offroute_ind":"false","direction_ind":"DOWN","platform":" 1","route":"0","train_service_code":"22269000","division_code":"28","toc_id":"28","timetable_variation":"1","variation_status":"EARLY","next_report_stanox":"55213","next_report_run_time":"2","train_terminated":"false","delay_monitoring_point":"false","reporting_stanox":"00000","auto_expected":"true"}},{"header":{"msg_type":"0003","msg_queue_timestamp":"1713561704000","source_system_id":"TRUST","original_data_source":"SMART"},"body":{"train_id":"522Y27M719","actual_timestamp":"1713565260000","loc_stanox":"72417","gbtt_timestamp":"1713565260000","planned_timestamp":"1713565260000","planned_event_type":"DEPARTURE","event_type":"DEPARTURE","event_source":"AUTOMATIC","correction_ind":"false","offroute_ind":"false","direction_ind":"DOWN","platform":" 1","route":"2","train_service_code":"22214000","division_code":"30","toc_id":"30","timetable_variation":"0","variation_status":"ON TIME","next_report_stanox":"72416","next_report_run_time":"1","train_terminated":"false","delay_monitoring_point":"false","reporting_stanox":"00000","auto_expected":"true"}},{"header":{"msg_type":"0003","msg_queue_timestamp":"1713561704000","source_system_id":"TRUST","original_data_source":"SMART"},"body":{"train_id":"522Y27M719","actual_timestamp":"1713565320000","loc_stanox":"72416","gbtt_timestamp":"1713565380000","planned_timestamp":"1713565350000","planned_event_type":"ARRIVAL","event_type":"ARRIVAL","event_source":"AUTOMATIC","correction_ind":"false","offroute_ind":"false","direction_ind":"DOWN","platform":" 1","route":"0","train_service_code":"22214000","division_code":"30","toc_id":"30","timetable_variation":"0","variation_status":"ON TIME","next_report_stanox":"72415","next_report_run_time":"1","train_terminated":"false","delay_monitoring_point":"false","reporting_stanox":"00000","auto_expected":"true"}},{"header":{"msg_type":"0003","msg_queue_timestamp":"1713561705000","source_system_id":"TRUST","original_data_source":"SMART"},"body":{"train_id":"362S65M719","actual_timestamp":"1713565380000","loc_stanox":"36070","gbtt_timestamp":"1713565380000","planned_timestamp":"1713565350000","planned_event_type":"ARRIVAL","event_type":"ARRIVAL","event_source":"AUTOMATIC","correction_ind":"false","offroute_ind":"false","direction_ind":"DOWN","platform":" 2","route":"0","train_service_code":"12301012","division_code":"64","toc_id":"64","timetable_variation":"1","variation_status":"LATE","next_report_stanox":"36069","next_report_run_time":"1","train_terminated":"false","delay_monitoring_point":"false","reporting_stanox":"00000","auto_expected":"true"}},{"header":{"msg_type":"0003","msg_queue_timestamp":"1713561705000","source_system_id":"TRUST","original_data_source":"SMART"},"body":{"train_id":"362S65M719","actual_timestamp":"1713565260000","loc_stanox":"36071","gbtt_timestamp":"1713565260000","planned_timestamp":"1713565260000","planned_event_type":"DEPARTURE","event_type":"DEPARTURE","event_source":"AUTOMATIC","correction_ind":"false","offroute_ind":"false","direction_ind":"DOWN","platform":" 2","route":"2","train_service_code":"12301012","division_code":"64","toc_id":"64","timetable_variation":"0","variation_status":"ON TIME","next_report_stanox":"36070","next_report_run_time":"1","train_terminated":"false","delay_monitoring_point":"false","reporting_stanox":"00000","auto_expected":"true"}},{"header":{"msg_type":"0003","msg_queue_timestamp":"1713561705000","source_system_id":"TRUST","original_data_source":"SMART"},"body":{"train_id":"629T69M719","actual_timestamp":"1713565260000","loc_stanox":"63629","gbtt_timestamp":"1713565200000","planned_timestamp":"1713565200000","planned_event_type":"DEPARTURE","event_type":"DEPARTURE","event_source":"AUTOMATIC","correction_ind":"false","offroute_ind":"false","direction_ind":"UP","line_ind":"M","route":"1","train_service_code":"22720000","division_code":"88","toc_id":"88","timetable_variation":"1","variation_status":"LATE","next_report_stanox":"63633","next_report_run_time":"3","train_terminated":"false","delay_monitoring_point":"true","reporting_stanox":"63629","auto_expected":"true"}},{"header":{"msg_type":"0003","msg_queue_timestamp":"1713561705000","source_system_id":"TRUST","original_data_source":"SMART"},"body":{"train_id":"872G69M819","actual_timestamp":"1713565320000","loc_stanox":"87271","planned_timestamp":"1713565290000","planned_event_type":"ARRIVAL","event_type":"ARRIVAL","event_source":"AUTOMATIC","correction_ind":"false","offroute_ind":"false","route":"0","train_service_code":"24673505","division_code":"84","toc_id":"84","timetable_variation":"1","variation_status":"LATE","next_report_stanox":"87169","next_report_run_time":"1","train_terminated":"false","delay_monitoring_point":"false","reporting_stanox":"00000","auto_expected":"true"}},{"header":{"msg_type":"0003","msg_queue_timestamp":"1713561705000","source_system_id":"TRUST","original_data_source":"SMART"},"body":{"train_id":"639V79M719","actual_timestamp":"1713565260000","loc_stanox":"88395","planned_timestamp":"1713565350000","planned_event_type":"DEPARTURE","event_type":"DEPARTURE","event_source":"AUTOMATIC","correction_ind":"false","offroute_ind":"false","direction_ind":"DOWN","line_ind":"F","route":"2","train_service_code":"22728000","division_code":"88","toc_id":"88","timetable_variation":"1","variation_status":"EARLY","next_report_stanox":"88394","next_report_run_time":"1","train_terminated":"false","delay_monitoring_point":"false","reporting_stanox":"00000","auto_expected":"true"}}]