[{"header":{"msg_type":"0003","msg_queue_timestamp":"1713732241000","source_system_id":"TRUST","original_data_source":"SMART"},"body":{"train_id":"092H77MY21","actual_timestamp":"1713735840000","loc_stanox":"17053","planned_timestamp":"1713735810000","planned_event_type":"DEPARTURE","event_type":"DEPARTURE","event_source":"AUTOMATIC","correction_ind":"false","offroute_ind":"false","direction_ind":"UP","line_ind":"M","route":"1","train_service_code":"21151900","division_code":"23","toc_id":"23","timetable_variation":"1","variation_status":"LATE","next_report_stanox":"17136","next_report_run_time":"9","train_terminated":"false","delay_monitoring_point":"true","reporting_stanox":"17053","auto_expected":"true"}},{"header":{"msg_type":"0003","msg_queue_timestamp":"1713732241000","source_system_id":"TRUST","original_data_source":"SMART"},"body":{"train_id":"112Y17MZ21","actual_timestamp":"1713735900000","loc_stanox":"17011","gbtt_timestamp":"1713735780000","planned_timestamp":"1713735750000","planned_event_type":"ARRIVAL","event_type":"ARRIVAL","event_source":"AUTOMATIC","correction_ind":"false","offroute_ind":"false","direction_ind":"UP","platform":" 1","route":"0","train_service_code":"21869000","division_code":"23","toc_id":"23","timetable_variation":"3","variation_status":"LATE","next_report_stanox":"17016","next_report_run_time":"1","train_terminated":"false","delay_monitoring_point":"true","reporting_stanox":"17011","auto_expected":"true"}},{"header":{"msg_type":"0003","msg_queue_timestamp":"1713732241000","source_system_id":"TRUST","original_data_source":"SMART"},"body":{"train_id":"461T63MZ21","actual_timestamp":"1713735780000","loc_stanox":"53104","planned_timestamp":"1713735750000","planned_event_type":"DEPARTURE","event_type":"DEPARTURE","event_source":"AUTOMATIC","correction_ind":"false","offroute_ind":"false","direction_ind":"UP","line_ind":"C","platform":" 2","route":"2","train_service_code":"21725000","division_code":"88","toc_id":"88","timetable_variation":"1","variation_status":"LATE","next_report_stanox":"53221","next_report_run_time":"3","train_terminated":"false","delay_monitoring_point":"true","reporting_stanox":"53104","auto_expected":"true"}},{"header":{"msg_type":"0003","msg_queue_timestamp":"1713732241000","source_system_id":"TRUST","original_data_source":"SMART"},"body":{"train_id":"532F67M721","actual_timestamp":"1713735780000","loc_stanox":"54103","gbtt_timestamp":"1713735780000","planned_timestamp":"1713735810000","planned_event_type":"DEPARTURE","event_type":"DEPARTURE","event_source":"AUTOMATIC","correction_ind":"false","offroute_ind":"false","direction_ind":"UP","line_ind":"1","platform":" 2","route":"1","train_service_code":"21724000","division_code":"88","toc_id":"88","timetable_variation":"0","variation_status":"ON TIME","next_report_stanox":"54203","next_report_run_time":"2","train_terminated":"false","delay_monitoring_point":"true","reporting_stanox":"54103","auto_expected":"true"}},{"header":{"msg_type":"0003","msg_queue_timestamp":"1713732241000","source_system_id":"TRUST","original_data_source":"SMART"},"body":{"train_id":"122I08MZ21","actual_timestamp":"1713735840000","loc_stanox":"14039","gbtt_timestamp":"1713735780000","planned_timestamp":"1713735750000","planned_event_type":"ARRIVAL","event_type":"ARRIVAL","event_source":"AUTOMATIC","correction_ind":"false","offroute_ind":"false","direction_ind":"UP","platform":" 1","route":"0","train_service_code":"11798001","division_code":"56","toc_id":"56","timetable_variation":"2","variation_status":"LATE","next_report_stanox":"14023","next_report_run_time":"1","train_terminated":"false","delay_monitoring_point":"false","reporting_stanox":"00000","auto_expected":"true"}},{"header":{"msg_type":"0003","msg_queue_timestamp":"1713732242000","source_system_id":"TRUST","original_data_source":"SMART"},"body":{"train_id":"362K57M721","actual_timestamp":"1713735780000","loc_stanox":"36057","gbtt_timestamp":"1713735840000","planned_timestamp":"1713735870000","planned_event_type":"DEPARTURE","event_type":"DEPARTURE","event_source":"AUTOMATIC","correction_ind":"false","offroute_ind":"false","direction_ind":"DOWN","platform":" 2","route":"1","train_service_code":"12303012","division_code":"64","toc_id":"64","timetable_variation":"1","variation_status":"EARLY","next_report_stanox":"36055","next_report_run_time":"1","train_terminated":"false","delay_monitoring_point":"false","reporting_stanox":"00000","auto_expected":"true"}},{"header":{"msg_type":"0003","msg_queue_timestamp":"1713732242000","source_system_id":"TRUST","original_data_source":"SMART"},"body":{"train_id":"721Y53MY21","actual_timestamp":"1713735900000","loc_stanox":"69211","gbtt_timestamp":"1713735900000","planned_timestamp":"1713735900000","planned_event_type":"ARRIVAL","event_type":"ARRIVAL","event_source":"AUTOMATIC","correction_ind":"false","offroute_ind":"false","direction_ind":"DOWN","platform":" 1","route":"0","train_service_code":"22209000","division_code":"29","toc_id":"29","timetable_variation":"0","variation_status":"ON TIME","next_report_stanox":"69213","next_report_run_time":"1","train_terminated":"false","delay_monitoring_point":"false","reporting_stanox":"00000","auto_expected":"true"}},{"header":{"msg_type":"0003","msg_queue_timestamp":"1713732242000","source_system_id":"TRUST","original_data_source":"SMART"},"body":{"train_id":"652A61M721","actual_timestamp":"1713735780000","loc_stanox":"65824","gbtt_timestamp":"1713735480000","planned_timestamp":"1713735510000","planned_event_type":"DEPARTURE","event_type":"DEPARTURE","event_source":"AUTOMATIC","correction_ind":"false","offroute_ind":"false","direction_ind":"UP","platform":" 1","route":"1","train_service_code":"12256320","division_code":"29","toc_id":"29","timetable_variation":"5","variation_status":"LATE","next_report_stanox":"65826","next_report_run_time":"2","train_terminated":"false","delay_monitoring_point":"false","reporting_stanox":"00000","auto_expected":"true"}},{"header":{"msg_type":"0003","msg_queue_timestamp":"1713732242000","source_system_id":"TRUST","original_data_source":"SDR","user_id":"#QGP0130","source_dev_id":"SH62"},"body":{"train_id":"172C44M721","actual_timestamp":"1713735660000","loc_stanox":"16102","gbtt_timestamp":"1713735660000","planned_timestamp":"1713735630000","planned_event_type":"ARRIVAL","event_type":"ARRIVAL","event_source":"MANUAL","correction_ind":"false","offroute_ind":"false","route":"0","train_service_code":"11830920","division_code":"23","toc_id":"23","timetable_variation":"1","variation_status":"LATE","next_report_stanox":"16109","next_report_run_time":"1","train_terminated":"false","delay_monitoring_point":"true","reporting_stanox":"16102","auto_expected":"false"}},{"header":{"msg_type":"0003","msg_queue_timestamp":"1713732242000","source_system_id":"TRUST","original_data_source":"SDR","user_id":"#QGP0130","source_dev_id":"SH62"},"body":{"train_id":"172C44M721","actual_timestamp":"1713735780000","loc_stanox":"16102","gbtt_timestamp":"1713735720000","planned_timestamp":"1713735750000","planned_event_type":"DEPARTURE","event_type":"DEPARTURE","event_source":"MANUAL","correction_ind":"false","offroute_ind":"false","train_service_code":"11830920","division_code":"23","toc_id":"23","timetable_variation":"1","variation_status":"LATE","next_report_stanox":"16109","next_report_run_time":"4","train_terminated":"false","delay_monitoring_point":"true","reporting_stanox":"16102","auto_expected":"false"}},{"header":{"msg_type":"0003","msg_queue_timestamp":"1713732242000","source_system_id":"TRUST","original_data_source":"SMART"},"body":{"train_id":"252L20MZ21","actual_timestamp":"1713735840000","loc_stanox":"16912","gbtt_timestamp":"1713735840000","planned_timestamp":"1713735840000","planned_event_type":"ARRIVAL","event_type":"ARRIVAL","event_source":"AUTOMATIC","correction_ind":"false","offroute_ind":"false","direction_ind":"DOWN","platform":" 1","route":"0","train_service_code":"11802820","division_code":"23","toc_id":"23","timetable_variation":"0","variation_status":"ON TIME","next_report_stanox":"16909","next_report_run_time":"3","train_terminated":"false","delay_monitoring_point":"true","reporting_stanox":"16912","auto_expected":"true"}},{"header":{"msg_type":"0003","msg_queue_timestamp":"1713732242000","source_system_id":"TRUST","original_data_source":"SMART"},"body":{"train_id":"872N49M721","actual_timestamp":"1713735780000","loc_stanox":"72419","gbtt_timestamp":"1713735720000","planned_timestamp":"1713735720000","planned_event_type":"DEPARTURE","event_type":"DEPARTURE","event_source":"AUTOMATIC","correction_ind":"false","offroute_ind":"false","direction_ind":"UP","line_ind":"U","platform":" 2","route":"3","train_service_code":"22214000","division_code":"30","toc_id":"30","timetable_variation":"1","variation_status":"LATE","next_report_stanox":"72420","next_report_run_time":"1","train_terminated":"false","delay_monitoring_point":"true","reporting_stanox":"72419","auto_expected":"true"}},{"header":{"msg_type":"0003","msg_queue_timestamp":"1713732242000","source_system_id":"TRUST","original_data_source":"SMART"},"body":{"train_id":"872N48MZ21","actual_timestamp":"1713735840000","loc_stanox":"52046","gbtt_timestamp":"1713735840000","planned_timestamp":"1713735810000","planned_event_type":"ARRIVAL","event_type":"ARRIVAL","event_source":"AUTOMATIC","correction_ind":"false","offroute_ind":"false","direction_ind":"DOWN","platform":" 2","route":"0","train_service_code":"22214000","division_code":"30","toc_id":"30","timetable_variation":"1","variation_status":"LATE","next_report_stanox":"52045","next_report_run_time":"1","train_terminated":"false","delay_monitoring_point":"false","reporting_stanox":"00000","auto_expected":"true"}},{"header":{"msg_type":"0003","msg_queue_timestamp":"1713732242000","source_system_id":"TRUST","original_data_source":"SMART"},"body":{"train_id":"872C72M721","actual_timestamp":"1713735840000","loc_stanox":"87103","gbtt_timestamp":"1713735900000","planned_timestamp":"1713735900000","planned_event_type":"ARRIVAL","event_type":"ARRIVAL","event_source":"AUTOMATIC","correction_ind":"false","offroute_ind":"false","direction_ind":"UP","platform":" 1","route":"0","train_service_code":"24672104","division_code":"84","toc_id":"84","timetable_variation":"1","variation_status":"EARLY","next_report_stanox":"87104","next_report_run_time":"8","train_terminated":"false","delay_monitoring_point":"true","reporting_stanox":"87103","auto_expected":"true"}},{"header":{"msg_type":"0003","msg_queue_timestamp":"1713732242000","source_system_id":"TRUST","original_data_source":"SMART"},"body":{"train_id":"889H021721","actual_timestamp":"1713735840000","loc_stanox":"52085","gbtt_timestamp":"1713735540000","planned_timestamp":"1713735570000","planned_event_type":"DEPARTURE","event_type":"DEPARTURE","event_source":"AUTOMATIC","correction_ind":"false","offroute_ind":"false","direction_ind":"DOWN","route":"2","train_service_code":"21381901","division_code":"33","toc_id":"33","timetable_variation":"5","variation_status":"LATE","next_report_stanox":"52745","next_report_run_time":"2","train_terminated":"false","delay_monitoring_point":"false","reporting_stanox":"00000","auto_expected":"true"}},{"header":{"msg_type":"0003","msg_queue_timestamp":"1713732243000","source_system_id":"TRUST","original_data_source":"SMART"},"body":{"train_id":"861W72MX21","actual_timestamp":"1713735780000","loc_stanox":"87214","planned_event_type":"DEPARTURE","event_type":"DEPARTURE","event_source":"AUTOMATIC","correction_ind":"false","offroute_ind":"true","train_service_code":"24620104","division_code":"84","toc_id":"84","timetable_variation":"0","variation_status":"OFF ROUTE","train_terminated":"false","delay_monitoring_point":"false"}},{"header":{"msg_type":"0003","msg_queue_timestamp":"1713732243000","source_system_id":"TRUST","original_data_source":"SMART"},"body":{"train_id":"872J70M721","actual_timestamp":"1713735900000","loc_stanox":"87170","gbtt_timestamp":"1713735900000","planned_timestamp":"1713735900000","planned_event_type":"ARRIVAL","event_type":"ARRIVAL","event_source":"AUTOMATIC","correction_ind":"false","offroute_ind":"false","direction_ind":"UP","platform":" 1","route":"0","train_service_code":"24673205","division_code":"84","toc_id":"84","timetable_variation":"0","variation_status":"ON TIME","next_report_stanox":"87169","next_report_run_time":"1","train_terminated":"false","delay_monitoring_point":"false","reporting_stanox":"00000","auto_expected":"true"}},{"header":{"msg_type":"0003","msg_queue_timestamp":"1713732243000","source_system_id":"TRUST","original_data_source":"SMART"},"body":{"train_id":"662P52MZ21","actual_timestamp":"1713735840000","loc_stanox":"65625","planned_timestamp":"1713735480000","planned_event_type":"DEPARTURE","event_type":"DEPARTURE","event_source":"AUTOMATIC","correction_ind":"false","offroute_ind":"false","direction_ind":"UP","line_ind":"V","route":"2","train_service_code":"12272820","division_code":"29","toc_id":"29","timetable_variation":"6","variation_status":"LATE","next_report_stanox":"65642","next_report_run_time":"2","train_terminated":"false","delay_monitoring_point":"false","reporting_stanox":"00000","auto_expected":"true"}},{"header":{"msg_type":"0003","msg_queue_timestamp":"1713732243000","source_system_id":"TRUST","original_data_source":"SMART"},"body":{"train_id":"891P66MY21","actual_timestamp":"1713735900000","loc_stanox":"87201","gbtt_timestamp":"1713736080000","planned_timestamp":"1713736080000","planned_event_type":"DESTINATION","event_type":"ARRIVAL","event_source":"AUTOMATIC","correction_ind":"false","offroute_ind":"false","direction_ind":"UP","platform":" 1","route":"0","train_service_code":"24604004","division_code":"80","toc_id":"80","timetable_variation":"3","variation_status":"EARLY","train_terminated":"true","delay_monitoring_point":"true","reporting_stanox":"87201","auto_expected":"true"}},{"header":{"msg_type":"0003","msg_queue_timestamp":"1713732243000","source_system_id":"TRUST","original_data_source":"SMART"},"body":{"train_id":"879D65M721","actual_timestamp":"1713735780000","loc_stanox":"87644","gbtt_timestamp":"1713735720000","planned_timestamp":"1713735720000","planned_event_type":"DEPARTURE","event_type":"DEPARTURE","event_source":"AUTOMATIC","correction_ind":"false","offroute_ind":"false","direction_ind":"UP","line_ind":"S","platform":" 1","route":"1","train_service_code":"22215003","division_code":"30","toc_id":"30","timetable_variation":"1","variation_status":"LATE","next_report_stanox":"87645","next_report_run_time":"1","train_terminated":"false","delay_monitoring_point":"false","reporting_stanox":"00000","auto_expected":"true"}},{"header":{"msg_type":"0003","msg_queue_timestamp":"1713732243000","source_system_id":"TRUST","original_data_source":"SMART"},"body":{"train_id":"879D65M721","actual_timestamp":"1713735840000","loc_stanox":"87645","gbtt_timestamp":"1713735780000","planned_timestamp":"1713735780000","planned_event_type":"ARRIVAL","event_type":"ARRIVAL","event_source":"AUTOMATIC","correction_ind":"false","offroute_ind":"false","direction_ind":"UP","line_ind":"S","platform":" 1","route":"0","train_service_code":"22215003","division_code":"30","toc_id":"30","timetable_variation":"1","variation_status":"LATE","next_report_stanox":"87626","next_report_run_time":"1","train_terminated":"false","delay_monitoring_point":"false","reporting_stanox":"00000","auto_expected":"true"}},{"header":{"msg_type":"0003","msg_queue_timestamp":"1713732244000","source_system_id":"TRUST","original_data_source":"SMART"},"body":{"train_id":"879T60MZ21","actual_timestamp":"1713735780000","loc_stanox":"87603","planned_timestamp":"1713735840000","planned_event_type":"DEPARTURE","event_type":"DEPARTURE","event_source":"AUTOMATIC","correction_ind":"false","offroute_ind":"false","direction_ind":"UP","platform":" 4","route":"2","train_service_code":"22721000","division_code":"88","toc_id":"88","timetable_variation":"1","variation_status":"EARLY","next_report_stanox":"87602","next_report_run_time":"1","train_terminated":"false","delay_monitoring_point":"true","reporting_stanox":"87603","auto_expected":"true"}},{"header":{"msg_type":"0003","msg_queue_timestamp":"1713732244000","source_system_id":"TRUST","original_data_source":"SMART"},"body":{"train_id":"861Z781721","actual_timestamp":"1713735840000","loc_stanox":"86333","planned_timestamp":"1713735870000","planned_event_type":"DEPARTURE","event_type":"DEPARTURE","event_source":"AUTOMATIC","correction_ind":"false","offroute_ind":"false","direction_ind":"UP","line_ind":"H","route":"3","train_service_code":"24621104","division_code":"84","toc_id":"84","timetable_variation":"0","variation_status":"ON TIME","next_report_stanox":"86334","next_report_run_time":"1","train_terminated":"false","delay_monitoring_point":"true","reporting_stanox":"86333","auto_expected":"true"}},{"header":{"msg_type":"0003","msg_queue_timestamp":"1713732244000","source_system_id":"TRUST","original_data_source":"SMART"},"body":{"train_id":"042H03MY21","actual_timestamp":"1713735840000","loc_stanox":"06112","planned_timestamp":"1713735870000","planned_event_type":"DEPARTURE","event_type":"DEPARTURE","event_source":"AUTOMATIC","correction_ind":"false","offroute_ind":"false","direction_ind":"DOWN","route":"3","train_service_code":"13560015","division_code":"60","toc_id":"60","timetable_variation":"0","variation_status":"ON TIME","next_report_stanox":"06111","next_report_run_time":"1","train_terminated":"false","delay_monitoring_point":"true","reporting_stanox":"06112","auto_expected":"true"}},{"header":{"msg_type":"0003","msg_queue_timestamp":"1713732244000","source_system_id":"TRUST","original_data_source":"SMART"},"body":{"train_id":"042H03MY21","actual_timestamp":"1713735900000","loc_stanox":"06111","gbtt_timestamp":"1713735900000","planned_timestamp":"1713735900000","planned_event_type":"ARRIVAL","event_type":"ARRIVAL","event_source":"AUTOMATIC","correction_ind":"false","offroute_ind":"false","direction_ind":"DOWN","route":"0","train_service_code":"13560015","division_code":"60","toc_id":"60","timetable_variation":"0","variation_status":"ON TIME","next_report_stanox":"06109","next_report_run_time":"1","train_terminated":"false","delay_monitoring_point":"false","reporting_stanox":"00000","auto_expected":"true"}},{"header":{"msg_type":"0003","msg_queue_timestamp":"1713732245000","source_system_id":"TRUST","original_data_source":"SMART"},"body":{"train_id":"129M38MX21","actual_timestamp":"1713735840000","loc_stanox":"35449","planned_timestamp":"1713735870000","planned_event_type":"ARRIVAL","event_type":"ARRIVAL","event_source":"AUTOMATIC","correction_ind":"false","offroute_ind":"false","route":"0","train_service_code":"21731000","division_code":"20","toc_id":"20","timetable_variation":"0","variation_status":"ON TIME","next_report_stanox":"35447","next_report_run_time":"1","train_terminated":"false","delay_monitoring_point":"false","reporting_stanox":"00000","auto_expected":"true"}},{"header":{"msg_type":"0003","msg_queue_timestamp":"1713732245000","source_system_id":"TRUST","original_data_source":"SMART"},"body":{"train_id":"072N21M721","actual_timestamp":"1713735780000","loc_stanox":"07577","gbtt_timestamp":"1713735780000","planned_timestamp":"1713735810000","planned_event_type":"DEPARTURE","event_type":"DEPARTURE","event_source":"AUTOMATIC","correction_ind":"false","offroute_ind":"false","direction_ind":"DOWN","platform":" 1","route":"2","train_service_code":"13562015","division_code":"60","toc_id":"60","timetable_variation":"0","variation_status":"ON TIME","next_report_stanox":"07242","next_report_run_time":"1","train_terminated":"false","delay_monitoring_point":"false","reporting_stanox":"00000","auto_expected":"true"}},{"header":{"msg_type":"0003","msg_queue_timestamp":"1713732245000","source_system_id":"TRUST","original_data_source":"SMART"},"body":{"train_id":"072N21M721","actual_timestamp":"1713735840000","loc_stanox":"07242","planned_timestamp":"1713735840000","planned_event_type":"DEPARTURE","event_type":"DEPARTURE","event_source":"AUTOMATIC","correction_ind":"false","offroute_ind":"false","direction_ind":"DOWN","route":"1","train_service_code":"13562015","division_code":"60","toc_id":"60","timetable_variation":"0","variation_status":"ON TIME","next_report_stanox":"07246","next_report_run_time":"2","train_terminated":"false","delay_monitoring_point":"false","reporting_stanox":"00000","auto_expected":"true"}},{"header":{"msg_type":"0003","msg_queue_timestamp":"1713732245000","source_system_id":"TRUST","original_data_source":"SMART"},"body":{"train_id":"841E75MW21","actual_timestamp":"1713735720000","loc_stanox":"66502","planned_timestamp":"1713735780000","planned_event_type":"DEPARTURE","event_type":"DEPARTURE","event_source":"AUTOMATIC","correction_ind":"false","offroute_ind":"false","direction_ind":"UP","line_ind":"2","platform":" 1","route":"1","train_service_code":"22180012","division_code":"27","toc_id":"27","timetable_variation":"1","variation_status":"EARLY","next_report_stanox":"66500","next_report_run_time":"3","train_terminated":"false","delay_monitoring_point":"true","reporting_stanox":"66502","auto_expected":"true"}},{"header":{"msg_type":"0003","msg_queue_timestamp":"1713732245000","source_system_id":"TRUST","original_data_source":"SMART"},"body":{"train_id":"871L65M721","actual_timestamp":"1713735720000","loc_stanox":"87744","gbtt_timestamp":"1713735720000","planned_timestamp":"1713735720000","planned_event_type":"DEPARTURE","event_type":"DEPARTURE","event_source":"AUTOMATIC","correction_ind":"false","offroute_ind":"false","direction_ind":"UP","platform":" 1","route":"1","train_service_code":"24749000","division_code":"88","toc_id":"88","timetable_variation":"0","variation_status":"ON TIME","next_report_stanox":"87743","next_report_run_time":"2","train_terminated":"false","delay_monitoring_point":"false","reporting_stanox":"00000","auto_expected":"true"}},{"header":{"msg_type":"0003","msg_queue_timestamp":"1713732245000","source_system_id":"TRUST","original_data_source":"SMART"},"body":{"train_id":"871L65M721","actual_timestamp":"1713735900000","loc_stanox":"87743","gbtt_timestamp":"1713735900000","planned_timestamp":"1713735870000","planned_event_type":"ARRIVAL","event_type":"ARRIVAL","event_source":"AUTOMATIC","correction_ind":"false","offroute_ind":"false","direction_ind":"UP","platform":" 1","route":"0","train_service_code":"24749000","division_code":"88","toc_id":"88","timetable_variation":"1","variation_status":"LATE","next_report_stanox":"87704","next_report_run_time":"1","train_terminated":"false","delay_monitoring_point":"false","reporting_stanox":"00000","auto_expected":"true"}},{"header":{"msg_type":"0003","msg_queue_timestamp":"1713732246000","source_system_id":"TRUST","original_data_source":"SMART"},"body":{"train_id":"529E65M721","actual_timestamp":"1713735780000","loc_stanox":"52074","gbtt_timestamp":"1713735780000","planned_timestamp":"1713735780000","planned_event_type":"DEPARTURE","event_type":"DEPARTURE","event_source":"AUTOMATIC","correction_ind":"false","offroute_ind":"false","direction_ind":"DOWN","line_ind":"D","platform":" 2","route":"1","train_service_code":"22218000","division_code":"30","toc_id":"30","timetable_variation":"0","variation_status":"ON TIME","next_report_stanox":"52078","next_report_run_time":"1","train_terminated":"false","delay_monitoring_point":"true","reporting_stanox":"52074","auto_expected":"true"}}]