[{"header":{"msg_type":"0003","msg_queue_timestamp":"1713159064000","source_system_id":"TRUST","original_data_source":"SMART"},"body":{"train_id":"211B67M615","actual_timestamp":"1713162660000","loc_stanox":"21122","gbtt_timestamp":"1713162660000","planned_timestamp":"1713162630000","planned_event_type":"ARRIVAL","event_type":"ARRIVAL","event_source":"AUTOMATIC","correction_ind":"false","offroute_ind":"false","direction_ind":"DOWN","platform":" 2","route":"0","train_service_code":"11817020","division_code":"20","toc_id":"20","timetable_variation":"1","variation_status":"LATE","next_report_stanox":"21027","next_report_run_time":"1","train_terminated":"false","delay_monitoring_point":"true","reporting_stanox":"21122","auto_expected":"true"}},{"header":{"msg_type":"0003","msg_queue_timestamp":"1713159065000","source_system_id":"TRUST","original_data_source":"SMART"},"body":{"train_id":"151P60M515","actual_timestamp":"1713162720000","loc_stanox":"15701","planned_timestamp":"1713162660000","planned_event_type":"ARRIVAL","event_type":"ARRIVAL","event_source":"AUTOMATIC","correction_ind":"false","offroute_ind":"false","route":"0","train_service_code":"21734000","division_code":"20","toc_id":"20","timetable_variation":"1","variation_status":"LATE","next_report_stanox":"15876","next_report_run_time":"1","train_terminated":"false","delay_monitoring_point":"true","reporting_stanox":"15701","auto_expected":"true"}},{"header":{"msg_type":"0003","msg_queue_timestamp":"1713159065000","source_system_id":"TRUST","original_data_source":"SMART"},"body":{"train_id":"174O90C615","actual_timestamp":"1713162660000","loc_stanox":"18054","planned_timestamp":"1713162660000","planned_event_type":"DEPARTURE","event_type":"DEPARTURE","event_source":"AUTOMATIC","correction_ind":"false","offroute_ind":"false","direction_ind":"DOWN","line_ind":"G","route":"2","train_service_code":"54606070","division_code":"09","toc_id":"09","timetable_variation":"0","variation_status":"ON TIME","next_report_stanox":"18037","next_report_run_time":"3","train_terminated":"false","delay_monitoring_point":"false","train_file_address":"GNA","reporting_stanox":"00000","auto_expected":"true"}},{"header":{"msg_type":"0003","msg_queue_timestamp":"1713159065000","source_system_id":"TRUST","original_data_source":"SMART"},"body":{"train_id":"552L51M515","actual_timestamp":"1713162660000","loc_stanox":"44030","planned_timestamp":"1713162690000","planned_event_type":"DEPARTURE","event_type":"DEPARTURE","event_source":"AUTOMATIC","correction_ind":"false","offroute_ind":"false","direction_ind":"UP","line_ind":"S","route":"1","train_service_code":"22277000","division_code":"28","toc_id":"28","timetable_variation":"0","variation_status":"ON TIME","next_report_stanox":"44038","next_report_run_time":"3","train_terminated":"false","delay_monitoring_point":"false","reporting_stanox":"00000","auto_expected":"true"}},{"header":{"msg_type":"0003","msg_queue_timestamp":"1713159065000","source_system_id":"TRUST","original_data_source":"SMART"},"body":{"train_id":"255P62M515","actual_timestamp":"1713162720000","loc_stanox":"44038","gbtt_timestamp":"1713163080000","planned_timestamp":"1713163080000","planned_event_type":"DESTINATION","event_type":"ARRIVAL","event_source":"AUTOMATIC","correction_ind":"false","offroute_ind":"false","direction_ind":"UP","platform":" 5","route":"0","train_service_code":"11804920","division_code":"23","toc_id":"23","timetable_variation":"6","variation_status":"EARLY","train_terminated":"true","delay_monitoring_point":"true","reporting_stanox":"44038","auto_expected":"true"}},{"header":{"msg_type":"0003","msg_queue_timestamp":"1713159065000","source_system_id":"TRUST","original_data_source":"SMART"},"body":{"train_id":"062J58M615","actual_timestamp":"1713162660000","loc_stanox":"06521","gbtt_timestamp":"1713162720000","planned_timestamp":"1713162720000","planned_event_type":"ARRIVAL","event_type":"ARRIVAL","event_source":"AUTOMATIC","correction_ind":"false","offroute_ind":"false","direction_ind":"DOWN","platform":" 2","route":"0","train_service_code":"13561015","division_code":"60","toc_id":"60","timetable_variation":"1","variation_status":"EARLY","next_report_stanox":"06524","next_report_run_time":"1","train_terminated":"false","delay_monitoring_point":"true","reporting_stanox":"06521","auto_expected":"true"}},{"header":{"msg_type":"0003","msg_queue_timestamp":"1713159065000","source_system_id":"TRUST","original_data_source":"SMART"},"body":{"train_id":"042P11M615","actual_timestamp":"1713162720000","loc_stanox":"05111","gbtt_timestamp":"1713162780000","planned_timestamp":"1713162750000","planned_event_type":"ARRIVAL","event_type":"ARRIVAL","event_source":"AUTOMATIC","correction_ind":"false","offroute_ind":"false","direction_ind":"DOWN","platform":" 2","route":"0","train_service_code":"23576003","division_code":"60","toc_id":"60","timetable_variation":"0","variation_status":"ON TIME","next_report_stanox":"05042","next_report_run_time":"1","train_terminated":"false","delay_monitoring_point":"true","reporting_stanox":"05111","auto_expected":"true"}},{"header":{"msg_type":"0003","msg_queue_timestamp":"1713159065000","source_system_id":"TRUST","original_data_source":"SMART"},"body":{"train_id":"062C10M615","actual_timestamp":"1713162600000","loc_stanox":"06211","gbtt_timestamp":"1713162600000","planned_timestamp":"1713162600000","planned_event_type":"DEPARTURE","event_type":"DEPARTURE","event_source":"AUTOMATIC","correction_ind":"false","offroute_ind":"false","direction_ind":"UP","platform":" 5","route":"3","train_service_code":"23563015","division_code":"60","toc_id":"60","timetable_variation":"0","variation_status":"ON TIME","next_report_stanox":"06345","next_report_run_time":"2","train_terminated":"false","delay_monitoring_point":"true","reporting_stanox":"06211","auto_expected":"true"}},{"header":{"msg_type":"0003","msg_queue_timestamp":"1713159065000","source_system_id":"TRUST","original_data_source":"SMART"},"body":{"train_id":"892K54M515","actual_timestamp":"1713162600000","loc_stanox":"88477","gbtt_timestamp":"1713162600000","planned_timestamp":"1713162600000","planned_event_type":"DEPARTURE","event_type":"DEPARTURE","event_source":"AUTOMATIC","correction_ind":"false","offroute_ind":"false","direction_ind":"UP","line_ind":"S","platform":" 3","route":"2","train_service_code":"24604000","division_code":"80","toc_id":"80","timetable_variation":"0","variation_status":"ON TIME","next_report_stanox":"88476","next_report_run_time":"1","train_terminated":"false","delay_monitoring_point":"true","reporting_stanox":"88477","auto_expected":"true"}},{"header":{"msg_type":"0003","msg_queue_timestamp":"1713159065000","source_system_id":"TRUST","original_data_source":"SMART"},"body":{"train_id":"871R83M515","actual_timestamp":"1713162600000","loc_stanox":"87704","planned_timestamp":"1713162420000","planned_event_type":"DEPARTURE","event_type":"DEPARTURE","event_source":"AUTOMATIC","correction_ind":"false","offroute_ind":"false","direction_ind":"UP","platform":" 3","route":"1","train_service_code":"24745000","division_code":"88","toc_id":"88","timetable_variation":"3","variation_status":"LATE","next_report_stanox":"87701","next_report_run_time":"1","train_terminated":"false","delay_monitoring_point":"true","reporting_stanox":"87704","auto_expected":"true"}},{"header":{"msg_type":"0003","msg_queue_timestamp":"1713159065000","source_system_id":"TRUST","original_data_source":"SMART"},"body":{"train_id":"692C25M615","actual_timestamp":"1713162660000","loc_stanox":"65611","gbtt_timestamp":"1713162660000","planned_timestamp":"1713162690000","planned_event_type":"DEPARTURE","event_type":"DEPARTURE","event_source":"AUTOMATIC","correction_ind":"false","offroute_ind":"false","direction_ind":"DOWN","line_ind":"1","platform":" 1","route":"1","train_service_code":"12259320","division_code":"29","toc_id":"29","timetable_variation":"0","variation_status":"ON TIME","next_report_stanox":"65614","next_report_run_time":"3","train_terminated":"false","delay_monitoring_point":"true","reporting_stanox":"65611","auto_expected":"true"}},{"header":{"msg_type":"0003","msg_queue_timestamp":"1713159065000","source_system_id":"TRUST","original_data_source":"SMART"},"body":{"train_id":"426V74C115","actual_timestamp":"1713162780000","loc_stanox":"81924","gbtt_timestamp":"1713162780000","planned_timestamp":"1713162780000","planned_event_type":"ARRIVAL","event_type":"ARRIVAL","event_source":"AUTOMATIC","correction_ind":"false","offroute_ind":"false","direction_ind":"DOWN","platform":" 2","route":"0","train_service_code":"52190590","division_code":"97","toc_id":"97","timetable_variation":"0","variation_status":"ON TIME","next_report_stanox":"81921","next_report_run_time":"5","train_terminated":"false","delay_monitoring_point":"true","train_file_address":"GCI","reporting_stanox":"81924","auto_expected":"true"}},{"header":{"msg_type":"0003","msg_queue_timestamp":"1713159065000","source_system_id":"TRUST","original_data_source":"SMART"},"body":{"train_id":"532V07M615","actual_timestamp":"1713162600000","loc_stanox":"54031","gbtt_timestamp":"1713162600000","planned_timestamp":"1713162630000","planned_event_type":"DEPARTURE","event_type":"DEPARTURE","event_source":"AUTOMATIC","correction_ind":"false","offroute_ind":"false","direction_ind":"UP","line_ind":"S","platform":" 1","route":"1","train_service_code":"21723000","division_code":"88","toc_id":"88","timetable_variation":"0","variation_status":"ON TIME","next_report_stanox":"54103","next_report_run_time":"3","train_terminated":"false","delay_monitoring_point":"false","reporting_stanox":"00000","auto_expected":"true"}},{"header":{"msg_type":"0003","msg_queue_timestamp":"1713159065000","source_system_id":"TRUST","original_data_source":"SMART"},"body":{"train_id":"652J02M515","actual_timestamp":"1713162540000","loc_stanox":"65033","gbtt_timestamp":"1713162540000","planned_timestamp":"1713162540000","planned_event_type":"DEPARTURE","event_type":"DEPARTURE","event_source":"AUTOMATIC","correction_ind":"false","offroute_ind":"false","direction_ind":"DOWN","platform":" 2","route":"1","train_service_code":"22266000","division_code":"29","toc_id":"29","timetable_variation":"0","variation_status":"ON TIME","next_report_stanox":"65023","next_report_run_time":"2","train_terminated":"false","delay_monitoring_point":"false","reporting_stanox":"00000","auto_expected":"true"}},{"header":{"msg_type":"0003","msg_queue_timestamp":"1713159065000","source_system_id":"TRUST","original_data_source":"SMART"},"body":{"train_id":"652J02M515","actual_timestamp":"1713162660000","loc_stanox":"65023","gbtt_timestamp":"1713162720000","planned_timestamp":"1713162690000","planned_event_type":"ARRIVAL","event_type":"ARRIVAL","event_source":"AUTOMATIC","correction_ind":"false","offroute_ind":"false","direction_ind":"DOWN","platform":" 2","route":"0","train_service_code":"22266000","division_code":"29","toc_id":"29","timetable_variation":"0","variation_status":"ON TIME","next_report_stanox":"65021","next_report_run_time":"1","train_terminated":"false","delay_monitoring_point":"false","reporting_stanox":"00000","auto_expected":"true"}},{"header":{"msg_type":"0003","msg_queue_timestamp":"1713159065000","source_system_id":"TRUST","original_data_source":"SMART"},"body":{"train_id":"725G04M615","actual_timestamp":"1713162720000","loc_stanox":"72410","gbtt_timestamp":"1713163200000","planned_timestamp":"1713163200000","planned_event_type":"DESTINATION","event_type":"ARRIVAL","event_source":"AUTOMATIC","correction_ind":"false","offroute_ind":"false","direction_ind":"UP","platform":" 5","route":"0","train_service_code":"22112002","division_code":"65","toc_id":"65","timetable_variation":"8","variation_status":"EARLY","train_terminated":"true","delay_monitoring_point":"true","reporting_stanox":"72410","auto_expected":"true"}},{"header":{"msg_type":"0003","msg_queue_timestamp":"1713159065000","source_system_id":"TRUST","original_data_source":"SMART"},"body":{"train_id":"875H05N615","actual_timestamp":"1713162660000","loc_stanox":"87159","planned_timestamp":"1713162240000","planned_event_type":"ARRIVAL","event_type":"ARRIVAL","event_source":"AUTOMATIC","correction_ind":"false","offroute_ind":"false","route":"0","train_service_code":"24676004","division_code":"84","toc_id":"84","timetable_variation":"7","variation_status":"LATE","next_report_stanox":"87161","next_report_run_time":"1","train_terminated":"false","delay_monitoring_point":"true","reporting_stanox":"87159","auto_expected":"true"}},{"header":{"msg_type":"0003","msg_queue_timestamp":"1713159066000","source_system_id":"TRUST","original_data_source":"SMART"},"body":{"train_id":"872S10M615","actual_timestamp":"1713162660000","loc_stanox":"87121","gbtt_timestamp":"1713162720000","planned_timestamp":"1713162720000","planned_event_type":"ARRIVAL","event_type":"ARRIVAL","event_source":"AUTOMATIC","correction_ind":"false","offroute_ind":"false","direction_ind":"UP","line_ind":"M","platform":" 1","route":"0","train_service_code":"24671205","division_code":"84","toc_id":"84","timetable_variation":"1","variation_status":"EARLY","next_report_stanox":"87122","next_report_run_time":"2","train_terminated":"false","delay_monitoring_point":"true","reporting_stanox":"87121","auto_expected":"true"}},{"header":{"msg_type":"0003","msg_queue_timestamp":"1713159066000","source_system_id":"TRUST","original_data_source":"SMART"},"body":{"train_id":"881H54M515","actual_timestamp":"1713162660000","loc_stanox":"88491","planned_timestamp":"1713162720000","planned_event_type":"ARRIVAL","event_type":"ARRIVAL","event_source":"AUTOMATIC","correction_ind":"false","offroute_ind":"false","route":"0","train_service_code":"24602004","division_code":"80","toc_id":"80","timetable_variation":"1","variation_status":"EARLY","next_report_stanox":"88490","next_report_run_time":"1","train_terminated":"false","delay_monitoring_point":"true","reporting_stanox":"88491","auto_expected":"true"}},{"header":{"msg_type":"0003","msg_queue_timestamp":"1713159066000","source_system_id":"TRUST","original_data_source":"SMART"},"body":{"train_id":"832T04M515","actual_timestamp":"1713162660000","loc_stanox":"83624","gbtt_timestamp":"1713162780000","planned_timestamp":"1713162780000","planned_event_type":"ARRIVAL","event_type":"ARRIVAL","event_source":"AUTOMATIC","correction_ind":"false","offroute_ind":"false","direction_ind":"DOWN","line_ind":"2","platform":" 1","route":"0","train_service_code":"25462001","division_code":"25","toc_id":"25","timetable_variation":"2","variation_status":"EARLY","next_report_stanox":"83625","next_report_run_time":"4","train_terminated":"false","delay_monitoring_point":"true","reporting_stanox":"83624","auto_expected":"true"}},{"header":{"msg_type":"0003","msg_queue_timestamp":"1713159066000","source_system_id":"TRUST","original_data_source":"SMART"},"body":{"train_id":"739U11M515","actual_timestamp":"1713162660000","loc_stanox":"88529","planned_timestamp":"1713162660000","planned_event_type":"DEPARTURE","event_type":"DEPARTURE","event_source":"AUTOMATIC","correction_ind":"false","offroute_ind":"false","direction_ind":"UP","route":"1","train_service_code":"21381202","division_code":"33","toc_id":"33","timetable_variation":"0","variation_status":"ON TIME","next_report_stanox":"88607","next_report_run_time":"2","train_terminated":"false","delay_monitoring_point":"false","reporting_stanox":"00000","auto_expected":"true"}}]