[{"header":{"msg_type":"0003","msg_queue_timestamp":"1713146667000","source_system_id":"TRUST","original_data_source":"SMART"},"body":{"train_id":"161P04M115","actual_timestamp":"1713150300000","loc_stanox":"31031","planned_timestamp":"1713150360000","planned_event_type":"ARRIVAL","event_type":"ARRIVAL","event_source":"AUTOMATIC","correction_ind":"false","offroute_ind":"false","route":"0","train_service_code":"21734000","division_code":"20","toc_id":"20","timetable_variation":"1","variation_status":"EARLY","next_report_stanox":"31037","next_report_run_time":"1","train_terminated":"false","delay_monitoring_point":"false","reporting_stanox":"00000","auto_expected":"true"}},{"header":{"msg_type":"0003","msg_queue_timestamp":"1713146668000","source_system_id":"TRUST","original_data_source":"SMART"},"body":{"train_id":"879W04M115","actual_timestamp":"1713150240000","loc_stanox":"63305","gbtt_timestamp":"1713149880000","planned_timestamp":"1713149850000","planned_event_type":"ARRIVAL","event_type":"ARRIVAL","event_source":"AUTOMATIC","correction_ind":"false","offroute_ind":"false","direction_ind":"DOWN","platform":" 4","route":"0","train_service_code":"22729000","division_code":"88","toc_id":"88","timetable_variation":"7","variation_status":"LATE","next_report_stanox":"63252","next_report_run_time":"1","train_terminated":"false","delay_monitoring_point":"false","reporting_stanox":"00000","auto_expected":"true"}}]