[{"header":{"msg_type":"0003","msg_queue_timestamp":"1713562706000","source_system_id":"TRUST","original_data_source":"SMART"},"body":{"train_id":"629T71M719","actual_timestamp":"1713566340000","loc_stanox":"63405","planned_timestamp":"1713566220000","planned_event_type":"ARRIVAL","event_type":"ARRIVAL","event_source":"AUTOMATIC","correction_ind":"false","offroute_ind":"false","route":"0","train_service_code":"22720000","division_code":"88","toc_id":"88","timetable_variation":"2","variation_status":"LATE","next_report_stanox":"63451","next_report_run_time":"1","train_terminated":"false","delay_monitoring_point":"false","reporting_stanox":"00000","auto_expected":"true"}},{"header":{"msg_type":"0003","msg_queue_timestamp":"1713562706000","source_system_id":"TRUST","original_data_source":"SMART"},"body":{"train_id":"062V49M819","actual_timestamp":"1713566280000","loc_stanox":"06701","gbtt_timestamp":"1713566100000","planned_timestamp":"1713566100000","planned_event_type":"DEPARTURE","event_type":"DEPARTURE","event_source":"AUTOMATIC","correction_ind":"false","offroute_ind":"false","direction_ind":"DOWN","platform":" 1","route":"1","train_service_code":"13560015","division_code":"60","toc_id":"60","timetable_variation":"3","variation_status":"LATE","next_report_stanox":"06600","next_report_run_time":"1","train_terminated":"false","delay_monitoring_point":"true","reporting_stanox":"06701","auto_expected":"true"}},{"header":{"msg_type":"0003","msg_queue_timestamp":"1713562706000","source_system_id":"TRUST","original_data_source":"SMART"},"body":{"train_id":"062V49M819","actual_timestamp":"1713566340000","loc_stanox":"06600","gbtt_timestamp":"1713566220000","planned_timestamp":"1713566190000","planned_event_type":"ARRIVAL","event_type":"ARRIVAL","event_source":"AUTOMATIC","correction_ind":"false","offroute_ind":"false","direction_ind":"DOWN","platform":" 1","route":"0","train_service_code":"13560015","division_code":"60","toc_id":"60","timetable_variation":"3","variation_status":"LATE","next_report_stanox":"06399","next_report_run_time":"1","train_terminated":"false","delay_monitoring_point":"false","reporting_stanox":"00000","auto_expected":"true"}},{"header":{"msg_type":"0003","msg_queue_timestamp":"1713562707000","source_system_id":"TRUST","original_data_source":"SMART"},"body":{"train_id":"742M72M819","actual_timestamp":"1713566220000","loc_stanox":"74343","gbtt_timestamp":"1713566160000","planned_timestamp":"1713566160000","planned_event_type":"ARRIVAL","event_type":"ARRIVAL","event_source":"AUTOMATIC","correction_ind":"false","offroute_ind":"false","direction_ind":"DOWN","line_ind":"D","platform":" 1","route":"0","train_service_code":"25506005","division_code":"25","toc_id":"25","timetable_variation":"1","variation_status":"LATE","next_report_stanox":"74428","next_report_run_time":"1","train_terminated":"false","delay_monitoring_point":"false","reporting_stanox":"00000","auto_expected":"true"}},{"header":{"msg_type":"0003","msg_queue_timestamp":"1713562707000","source_system_id":"TRUST","original_data_source":"SMART"},"body":{"train_id":"872F67M819","actual_timestamp":"1713566220000","loc_stanox":"87629","gbtt_timestamp":"1713566220000","planned_timestamp":"1713566220000","planned_event_type":"DEPARTURE","event_type":"DEPARTURE","event_source":"AUTOMATIC","correction_ind":"false","offroute_ind":"false","direction_ind":"DOWN","line_ind":"S","platform":" 2","route":"2","train_service_code":"24783000","division_code":"88","toc_id":"88","timetable_variation":"0","variation_status":"ON TIME","next_report_stanox":"87628","next_report_run_time":"2","train_terminated":"false","delay_monitoring_point":"false","reporting_stanox":"00000","auto_expected":"true"}},{"header":{"msg_type":"0003","msg_queue_timestamp":"1713562707000","source_system_id":"TRUST","original_data_source":"SMART"},"body":{"train_id":"871H92M819","actual_timestamp":"1713566280000","loc_stanox":"87901","planned_timestamp":"1713566310000","planned_event_type":"DEPARTURE","event_type":"DEPARTURE","event_source":"AUTOMATIC","correction_ind":"false","offroute_ind":"false","direction_ind":"DOWN","line_ind":"Q","route":"2","train_service_code":"24746000","division_code":"88","toc_id":"88","timetable_variation":"0","variation_status":"ON TIME","next_report_stanox":"87903","next_report_run_time":"6","train_terminated":"false","delay_monitoring_point":"true","reporting_stanox":"87901","auto_expected":"true"}},{"header":{"msg_type":"0003","msg_queue_timestamp":"1713562707000","source_system_id":"TRUST","original_data_source":"SMART"},"body":{"train_id":"861C71M719","actual_timestamp":"1713566340000","loc_stanox":"86424","gbtt_timestamp":"1713566280000","planned_timestamp":"1713566250000","planned_event_type":"ARRIVAL","event_type":"ARRIVAL","event_source":"AUTOMATIC","correction_ind":"false","offroute_ind":"false","direction_ind":"UP","platform":" 1","route":"0","train_service_code":"24748000","division_code":"88","toc_id":"88","timetable_variation":"2","variation_status":"LATE","next_report_stanox":"86451","next_report_run_time":"1","train_terminated":"false","delay_monitoring_point":"true","reporting_stanox":"86424","auto_expected":"true"}},{"header":{"msg_type":"0003","msg_queue_timestamp":"1713562707000","source_system_id":"TRUST","original_data_source":"SMART"},"body":{"train_id":"871E54M719","actual_timestamp":"1713566280000","loc_stanox":"87701","gbtt_timestamp":"1713566280000","planned_timestamp":"1713566280000","planned_event_type":"DEPARTURE","event_type":"DEPARTURE","event_source":"AUTOMATIC","correction_ind":"false","offroute_ind":"false","direction_ind":"UP","line_ind":"S","platform":" 4","route":"2","train_service_code":"24749000","division_code":"88","toc_id":"88","timetable_variation":"0","variation_status":"ON TIME","next_report_stanox":"87700","next_report_run_time":"1","train_terminated":"false","delay_monitoring_point":"true","reporting_stanox":"87701","auto_expected":"true"}},{"header":{"msg_type":"0003","msg_queue_timestamp":"1713562707000","source_system_id":"TRUST","original_data_source":"SMART"},"body":{"train_id":"459J67MZ19","actual_timestamp":"1713566280000","loc_stanox":"87626","planned_timestamp":"1713566310000","planned_event_type":"DEPARTURE","event_type":"DEPARTURE","event_source":"AUTOMATIC","correction_ind":"false","offroute_ind":"false","direction_ind":"DOWN","route":"2","train_service_code":"22727100","division_code":"88","toc_id":"88","timetable_variation":"0","variation_status":"ON TIME","next_report_stanox":"87643","next_report_run_time":"3","train_terminated":"false","delay_monitoring_point":"false","reporting_stanox":"00000","auto_expected":"true"}},{"header":{"msg_type":"0003","msg_queue_timestamp":"1713562707000","source_system_id":"TRUST","original_data_source":"SMART"},"body":{"train_id":"871L70M819","actual_timestamp":"1713566280000","loc_stanox":"87701","gbtt_timestamp":"1713566340000","planned_timestamp":"1713566340000","planned_event_type":"ARRIVAL","event_type":"ARRIVAL","event_source":"AUTOMATIC","correction_ind":"false","offroute_ind":"false","direction_ind":"DOWN","platform":" 6","route":"0","train_service_code":"24749000","division_code":"88","toc_id":"88","timetable_variation":"1","variation_status":"EARLY","next_report_stanox":"87704","next_report_run_time":"2","train_terminated":"false","delay_monitoring_point":"true","reporting_stanox":"87701","auto_expected":"true"}},{"header":{"msg_type":"0003","msg_queue_timestamp":"1713562707000","source_system_id":"TRUST","original_data_source":"SMART"},"body":{"train_id":"882H70M819","actual_timestamp":"1713566220000","loc_stanox":"87610","gbtt_timestamp":"1713566280000","planned_timestamp":"1713566280000","planned_event_type":"DEPARTURE","event_type":"DEPARTURE","event_source":"AUTOMATIC","correction_ind":"false","offroute_ind":"false","direction_ind":"UP","platform":" 1","route":"1","train_service_code":"24787000","division_code":"88","toc_id":"88","timetable_variation":"1","variation_status":"EARLY","next_report_stanox":"87609","next_report_run_time":"2","train_terminated":"false","delay_monitoring_point":"false","reporting_stanox":"00000","auto_expected":"true"}},{"header":{"msg_type":"0003","msg_queue_timestamp":"1713562708000","source_system_id":"TRUST","original_data_source":"SMART"},"body":{"train_id":"812K65M819","actual_timestamp":"1713566220000","loc_stanox":"81259","gbtt_timestamp":"1713566280000","planned_timestamp":"1713566280000","planned_event_type":"DEPARTURE","event_type":"DEPARTURE","event_source":"AUTOMATIC","correction_ind":"false","offroute_ind":"false","direction_ind":"DOWN","line_ind":"2","platform":" 2","route":"1","train_service_code":"25466001","division_code":"25","toc_id":"25","timetable_variation":"1","variation_status":"EARLY","next_report_stanox":"81260","next_report_run_time":"2","train_terminated":"false","delay_monitoring_point":"true","reporting_stanox":"81259","auto_expected":"true"}},{"header":{"msg_type":"0003","msg_queue_timestamp":"1713562708000","source_system_id":"TRUST","original_data_source":"SMART"},"body":{"train_id":"862S72M719","actual_timestamp":"1713566220000","loc_stanox":"87152","gbtt_timestamp":"1713566280000","planned_timestamp":"1713566280000","planned_event_type":"DEPARTURE","event_type":"DEPARTURE","event_source":"AUTOMATIC","correction_ind":"false","offroute_ind":"false","direction_ind":"UP","line_ind":"S","platform":" 1","route":"2","train_service_code":"24671205","division_code":"84","toc_id":"84","timetable_variation":"1","variation_status":"EARLY","next_report_stanox":"87153","next_report_run_time":"2","train_terminated":"false","delay_monitoring_point":"true","reporting_stanox":"87152","auto_expected":"true"}},{"header":{"msg_type":"0003","msg_queue_timestamp":"1713562708000","source_system_id":"TRUST","original_data_source":"SMART"},"body":{"train_id":"652Y78M819","actual_timestamp":"1713566220000","loc_stanox":"69207","gbtt_timestamp":"1713565920000","planned_timestamp":"1713565920000","planned_event_type":"DEPARTURE","event_type":"DEPARTURE","event_source":"AUTOMATIC","correction_ind":"false","offroute_ind":"false","direction_ind":"UP","platform":" 2","route":"2","train_service_code":"12259320","division_code":"29","toc_id":"29","timetable_variation":"5","variation_status":"LATE","next_report_stanox":"69202","next_report_run_time":"2","train_terminated":"false","delay_monitoring_point":"false","reporting_stanox":"00000","auto_expected":"true"}},{"header":{"msg_type":"0003","msg_queue_timestamp":"1713562708000","source_system_id":"TRUST","original_data_source":"SMART"},"body":{"train_id":"862S71M819","actual_timestamp":"1713566340000","loc_stanox":"86520","gbtt_timestamp":"1713566280000","planned_timestamp":"1713566280000","planned_event_type":"ARRIVAL","event_type":"ARRIVAL","event_source":"AUTOMATIC","correction_ind":"false","offroute_ind":"false","direction_ind":"DOWN","platform":" 4","route":"0","train_service_code":"24629404","division_code":"84","toc_id":"84","timetable_variation":"1","variation_status":"LATE","next_report_stanox":"86527","next_report_run_time":"1","train_terminated":"false","delay_monitoring_point":"true","reporting_stanox":"86520","auto_expected":"true"}},{"header":{"msg_type":"0003","msg_queue_timestamp":"1713562708000","source_system_id":"TRUST","original_data_source":"SMART"},"body":{"train_id":"871B75M819","actual_timestamp":"1713566220000","loc_stanox":"87214","planned_event_type":"DEPARTURE","event_type":"DEPARTURE","event_source":"AUTOMATIC","correction_ind":"false","offroute_ind":"true","train_service_code":"24620204","division_code":"84","toc_id":"84","timetable_variation":"0","variation_status":"OFF ROUTE","train_terminated":"false","delay_monitoring_point":"false"}},{"header":{"msg_type":"0003","msg_queue_timestamp":"1713562708000","source_system_id":"TRUST","original_data_source":"SMART"},"body":{"train_id":"522D20M819","actual_timestamp":"1713566340000","loc_stanox":"51950","gbtt_timestamp":"1713566340000","planned_timestamp":"1713566310000","planned_event_type":"ARRIVAL","event_type":"ARRIVAL","event_source":"AUTOMATIC","correction_ind":"false","offroute_ind":"false","direction_ind":"DOWN","platform":" 2","route":"0","train_service_code":"21234001","division_code":"30","toc_id":"30","timetable_variation":"1","variation_status":"LATE","next_report_stanox":"51949","next_report_run_time":"1","train_terminated":"false","delay_monitoring_point":"false","reporting_stanox":"00000","auto_expected":"true"}},{"header":{"msg_type":"0003","msg_queue_timestamp":"1713562708000","source_system_id":"TRUST","original_data_source":"SMART"},"body":{"train_id":"509Y05M819","actual_timestamp":"1713566280000","loc_stanox":"50417","gbtt_timestamp":"1713566340000","planned_timestamp":"1713566340000","planned_event_type":"ARRIVAL","event_type":"ARRIVAL","event_source":"AUTOMATIC","correction_ind":"false","offroute_ind":"false","direction_ind":"UP","route":"0","train_service_code":"21381001","division_code":"33","toc_id":"33","timetable_variation":"1","variation_status":"EARLY","next_report_stanox":"50423","next_report_run_time":"1","train_terminated":"false","delay_monitoring_point":"false","reporting_stanox":"00000","auto_expected":"true"}},{"header":{"msg_type":"0003","msg_queue_timestamp":"1713562708000","source_system_id":"TRUST","original_data_source":"SMART"},"body":{"train_id":"509Y01M819","actual_timestamp":"1713566280000","loc_stanox":"52226","gbtt_timestamp":"1713566280000","planned_timestamp":"1713566280000","planned_event_type":"DEPARTURE","event_type":"DEPARTURE","event_source":"AUTOMATIC","correction_ind":"false","offroute_ind":"false","direction_ind":"UP","line_ind":"E","platform":" 5","route":"2","train_service_code":"21381001","division_code":"33","toc_id":"33","timetable_variation":"0","variation_status":"ON TIME","next_report_stanox":"52748","next_report_run_time":"1","train_terminated":"false","delay_monitoring_point":"true","reporting_stanox":"52226","auto_expected":"true"}},{"header":{"msg_type":"0003","msg_queue_timestamp":"1713562708000","source_system_id":"TRUST","original_data_source":"SMART"},"body":{"train_id":"049M60MT19","actual_timestamp":"1713566280000","loc_stanox":"72268","planned_timestamp":"1713566250000","planned_event_type":"DEPARTURE","event_type":"DEPARTURE","event_source":"AUTOMATIC","correction_ind":"false","offroute_ind":"false","direction_ind":"UP","line_ind":"F","route":"2","train_service_code":"22114001","division_code":"65","toc_id":"65","timetable_variation":"1","variation_status":"LATE","next_report_stanox":"72315","next_report_run_time":"5","train_terminated":"false","delay_monitoring_point":"true","reporting_stanox":"72268","auto_expected":"true"}},{"header":{"msg_type":"0003","msg_queue_timestamp":"1713562708000","source_system_id":"TRUST","original_data_source":"SMART"},"body":{"train_id":"722C69M819","actual_timestamp":"1713566220000","loc_stanox":"72004","gbtt_timestamp":"1713566280000","planned_timestamp":"1713566310000","planned_event_type":"DEPARTURE","event_type":"DEPARTURE","event_source":"AUTOMATIC","correction_ind":"false","offroute_ind":"false","direction_ind":"UP","platform":" 2","route":"2","train_service_code":"22216000","division_code":"30","toc_id":"30","timetable_variation":"1","variation_status":"EARLY","next_report_stanox":"72005","next_report_run_time":"3","train_terminated":"false","delay_monitoring_point":"false","reporting_stanox":"00000","auto_expected":"true"}},{"header":{"msg_type":"0003","msg_queue_timestamp":"1713562708000","source_system_id":"TRUST","original_data_source":"SMART"},"body":{"train_id":"722C69M819","actual_timestamp":"1713566400000","loc_stanox":"72005","gbtt_timestamp":"1713566460000","planned_timestamp":"1713566460000","planned_event_type":"ARRIVAL","event_type":"ARRIVAL","event_source":"AUTOMATIC","correction_ind":"false","offroute_ind":"false","direction_ind":"UP","platform":" 1","route":"0","train_service_code":"22216000","division_code":"30","toc_id":"30","timetable_variation":"1","variation_status":"EARLY","next_report_stanox":"72006","next_report_run_time":"1","train_terminated":"false","delay_monitoring_point":"false","reporting_stanox":"00000","auto_expected":"true"}},{"header":{"msg_type":"0003","msg_queue_timestamp":"1713562708000","source_system_id":"TRUST","original_data_source":"SMART"},"body":{"train_id":"722J12M819","actual_timestamp":"1713566280000","loc_stanox":"72277","gbtt_timestamp":"1713566340000","planned_timestamp":"1713566370000","planned_event_type":"DEPARTURE","event_type":"DEPARTURE","event_source":"AUTOMATIC","correction_ind":"false","offroute_ind":"false","direction_ind":"DOWN","platform":" 3","route":"1","train_service_code":"24680004","division_code":"91","toc_id":"91","timetable_variation":"1","variation_status":"EARLY","next_report_stanox":"72033","next_report_run_time":"2","train_terminated":"false","delay_monitoring_point":"true","reporting_stanox":"72277","auto_expected":"true"}},{"header":{"msg_type":"0003","msg_queue_timestamp":"1713562708000","source_system_id":"TRUST","original_data_source":"SMART"},"body":{"train_id":"782M72M719","actual_timestamp":"1713566340000","loc_stanox":"78410","gbtt_timestamp":"1713566220000","planned_timestamp":"1713566190000","planned_event_type":"ARRIVAL","event_type":"ARRIVAL","event_source":"AUTOMATIC","correction_ind":"false","offroute_ind":"false","direction_ind":"UP","line_ind":"U","platform":" 2","route":"0","train_service_code":"25442000","division_code":"71","toc_id":"71","timetable_variation":"3","variation_status":"LATE","next_report_stanox":"78400","next_report_run_time":"1","train_terminated":"false","delay_monitoring_point":"false","reporting_stanox":"00000","auto_expected":"true"}},{"header":{"msg_type":"0003","msg_queue_timestamp":"1713562709000","source_system_id":"TRUST","original_data_source":"SDR","user_id":"#QDP0691","source_dev_id":"V5AL"},"body":{"train_id":"791B50MZ19","actual_timestamp":"1713566280000","loc_stanox":"80102","gbtt_timestamp":"1713566760000","planned_timestamp":"1713566460000","planned_event_type":"DESTINATION","event_type":"ARRIVAL","event_source":"MANUAL","correction_ind":"false","offroute_ind":"false","route":"0","train_service_code":"25432000","division_code":"71","toc_id":"71","timetable_variation":"3","variation_status":"EARLY","train_terminated":"true","delay_monitoring_point":"true","reporting_stanox":"80102","auto_expected":"false"}},{"header":{"msg_type":"0003","msg_queue_timestamp":"1713562709000","source_system_id":"TRUST","original_data_source":"SMART"},"body":{"train_id":"322B65M819","actual_timestamp":"1713566280000","loc_stanox":"32517","gbtt_timestamp":"1713566280000","planned_timestamp":"1713566280000","planned_event_type":"DEPARTURE","event_type":"DEPARTURE","event_source":"AUTOMATIC","correction_ind":"false","offroute_ind":"false","direction_ind":"DOWN","platform":" 2","route":"2","train_service_code":"12228820","division_code":"23","toc_id":"23","timetable_variation":"0","variation_status":"ON TIME","next_report_stanox":"32516","next_report_run_time":"2","train_terminated":"false","delay_monitoring_point":"false","reporting_stanox":"00000","auto_expected":"true"}},{"header":{"msg_type":"0003","msg_queue_timestamp":"1713562709000","source_system_id":"TRUST","original_data_source":"SMART"},"body":{"train_id":"405K00M819","actual_timestamp":"1713566400000","loc_stanox":"42140","gbtt_timestamp":"1713566460000","planned_timestamp":"1713566460000","planned_event_type":"ARRIVAL","event_type":"ARRIVAL","event_source":"AUTOMATIC","correction_ind":"false","offroute_ind":"false","direction_ind":"UP","platform":"11","route":"0","train_service_code":"25450000","division_code":"71","toc_id":"71","timetable_variation":"1","variation_status":"EARLY","next_report_stanox":"42145","next_report_run_time":"15","train_terminated":"false","delay_monitoring_point":"true","reporting_stanox":"42140","auto_expected":"true"}},{"header":{"msg_type":"0003","msg_queue_timestamp":"1713562709000","source_system_id":"TRUST","original_data_source":"SMART"},"body":{"train_id":"402C56M719","actual_timestamp":"1713566340000","loc_stanox":"38220","gbtt_timestamp":"1713566400000","planned_timestamp":"1713566370000","planned_event_type":"ARRIVAL","event_type":"ARRIVAL","event_source":"AUTOMATIC","correction_ind":"false","offroute_ind":"false","direction_ind":"DOWN","platform":" 1","route":"0","train_service_code":"22306003","division_code":"64","toc_id":"64","timetable_variation":"0","variation_status":"ON TIME","next_report_stanox":"38302","next_report_run_time":"1","train_terminated":"false","delay_monitoring_point":"false","reporting_stanox":"00000","auto_expected":"true"}},{"header":{"msg_type":"0003","msg_queue_timestamp":"1713562709000","source_system_id":"TRUST","original_data_source":"SMART"},"body":{"train_id":"122I11M719","actual_timestamp":"1713566280000","loc_stanox":"14038","gbtt_timestamp":"1713566160000","planned_timestamp":"1713566190000","planned_event_type":"DEPARTURE","event_type":"DEPARTURE","event_source":"AUTOMATIC","correction_ind":"false","offroute_ind":"false","direction_ind":"UP","line_ind":"S","platform":" 1","route":"1","train_service_code":"11798001","division_code":"56","toc_id":"56","timetable_variation":"2","variation_status":"LATE","next_report_stanox":"14037","next_report_run_time":"2","train_terminated":"false","delay_monitoring_point":"false","reporting_stanox":"00000","auto_expected":"true"}},{"header":{"msg_type":"0003","msg_queue_timestamp":"1713562709000","source_system_id":"TRUST","original_data_source":"SMART"},"body":{"train_id":"402C56M719","actual_timestamp":"1713566220000","loc_stanox":"38218","gbtt_timestamp":"1713566220000","planned_timestamp":"1713566250000","planned_event_type":"DEPARTURE","event_type":"DEPARTURE","event_source":"AUTOMATIC","correction_ind":"false","offroute_ind":"false","direction_ind":"DOWN","platform":" 2","route":"2","train_service_code":"22306003","division_code":"64","toc_id":"64","timetable_variation":"0","variation_status":"ON TIME","next_report_stanox":"38220","next_report_run_time":"2","train_terminated":"false","delay_monitoring_point":"false","reporting_stanox":"00000","auto_expected":"true"}},{"header":{"msg_type":"0003","msg_queue_timestamp":"1713562709000","source_system_id":"TRUST","original_data_source":"SMART"},"body":{"train_id":"152N41M719","actual_timestamp":"1713566280000","loc_stanox":"13152","planned_event_type":"DEPARTURE","event_type":"DEPARTURE","event_source":"AUTOMATIC","correction_ind":"false","offroute_ind":"true","train_service_code":"11792920","division_code":"23","toc_id":"23","timetable_variation":"0","variation_status":"OFF ROUTE","train_terminated":"false","delay_monitoring_point":"false"}},{"header":{"msg_type":"0003","msg_queue_timestamp":"1713562710000","source_system_id":"TRUST","original_data_source":"SMART"},"body":{"train_id":"871R70M819","actual_timestamp":"1713566280000","loc_stanox":"87201","gbtt_timestamp":"1713566280000","planned_timestamp":"1713566280000","planned_event_type":"DEPARTURE","event_type":"DEPARTURE","event_source":"AUTOMATIC","correction_ind":"false","offroute_ind":"false","direction_ind":"DOWN","line_ind":"G","platform":"12","route":"1","train_service_code":"24745000","division_code":"88","toc_id":"88","timetable_variation":"0","variation_status":"ON TIME","next_report_stanox":"87199","next_report_run_time":"2","train_terminated":"false","delay_monitoring_point":"true","reporting_stanox":"87201","auto_expected":"true"}}]