[{"header":{"msg_type":"0003","msg_queue_timestamp":"1713744011000","source_system_id":"TRUST","original_data_source":"SMART"},"body":{"train_id":"882S80M022","actual_timestamp":"1713747540000","loc_stanox":"88415","gbtt_timestamp":"1713747540000","planned_timestamp":"1713747570000","planned_event_type":"DEPARTURE","event_type":"DEPARTURE","event_source":"AUTOMATIC","correction_ind":"false","offroute_ind":"false","direction_ind":"DOWN","platform":" 2","route":"6","train_service_code":"24655005","division_code":"80","toc_id":"80","timetable_variation":"0","variation_status":"ON TIME","next_report_stanox":"88447","next_report_run_time":"2","train_terminated":"false","delay_monitoring_point":"true","reporting_stanox":"88415","auto_expected":"true"}},{"header":{"msg_type":"0003","msg_queue_timestamp":"1713744012000","source_system_id":"TRUST","original_data_source":"SMART"},"body":{"train_id":"675W79M022","actual_timestamp":"1713747600000","loc_stanox":"81107","planned_timestamp":"1713748110000","planned_event_type":"DEPARTURE","event_type":"DEPARTURE","event_source":"AUTOMATIC","correction_ind":"false","offroute_ind":"false","direction_ind":"DOWN","line_ind":"D","route":"1","train_service_code":"25392003","division_code":"25","toc_id":"25","timetable_variation":"8","variation_status":"EARLY","next_report_stanox":"81109","next_report_run_time":"4","train_terminated":"false","delay_monitoring_point":"true","reporting_stanox":"81107","auto_expected":"true"}},{"header":{"msg_type":"0003","msg_queue_timestamp":"1713744014000","source_system_id":"TRUST","original_data_source":"SMART"},"body":{"train_id":"420E431921","actual_timestamp":"1713747600000","loc_stanox":"32525","planned_timestamp":"1713746160000","planned_event_type":"DEPARTURE","event_type":"DEPARTURE","event_source":"AUTOMATIC","correction_ind":"false","offroute_ind":"false","direction_ind":"DOWN","line_ind":"B","route":"2","train_service_code":"54761000","division_code":"54","toc_id":"54","timetable_variation":"24","variation_status":"LATE","next_report_stanox":"32518","next_report_run_time":"2","train_terminated":"false","delay_monitoring_point":"false","train_file_address":"NTH","reporting_stanox":"00000","auto_expected":"true"}},{"header":{"msg_type":"0003","msg_queue_timestamp":"1713744015000","source_system_id":"TRUST","original_data_source":"SMART"},"body":{"train_id":"704Z451L21","actual_timestamp":"1713747540000","loc_stanox":"07434","planned_timestamp":"1713749460000","planned_event_type":"DEPARTURE","event_type":"DEPARTURE","event_source":"AUTOMATIC","correction_ind":"false","offroute_ind":"false","direction_ind":"DOWN","platform":" 1","route":"1","train_service_code":"52662690","division_code":"97","toc_id":"97","timetable_variation":"32","variation_status":"EARLY","next_report_stanox":"07431","next_report_run_time":"7","train_terminated":"false","delay_monitoring_point":"true","train_file_address":"NN9","reporting_stanox":"07434","auto_expected":"true"}}]