[{"header":{"msg_type":"0003","msg_queue_timestamp":"1713734171000","source_system_id":"TRUST","original_data_source":"SMART"},"body":{"train_id":"872N52M721","actual_timestamp":"1713737700000","loc_stanox":"72275","gbtt_timestamp":"1713737760000","planned_timestamp":"1713737790000","planned_event_type":"DEPARTURE","event_type":"DEPARTURE","event_source":"AUTOMATIC","correction_ind":"false","offroute_ind":"false","direction_ind":"UP","line_ind":"U","platform":" 4","route":"2","train_service_code":"22214000","division_code":"30","toc_id":"30","timetable_variation":"1","variation_status":"EARLY","next_report_stanox":"72273","next_report_run_time":"1","train_terminated":"false","delay_monitoring_point":"true","reporting_stanox":"72275","auto_expected":"true"}},{"header":{"msg_type":"0003","msg_queue_timestamp":"1713734171000","source_system_id":"TRUST","original_data_source":"SMART"},"body":{"train_id":"721S26M721","actual_timestamp":"1713737760000","loc_stanox":"72416","planned_timestamp":"1713737940000","planned_event_type":"ARRIVAL","event_type":"ARRIVAL","event_source":"AUTOMATIC","correction_ind":"false","offroute_ind":"false","route":"0","train_service_code":"23556003","division_code":"35","toc_id":"35","timetable_variation":"3","variation_status":"EARLY","next_report_stanox":"72419","next_report_run_time":"3","train_terminated":"false","delay_monitoring_point":"false","train_file_address":"NT7","reporting_stanox":"00000","auto_expected":"true"}},{"header":{"msg_type":"0003","msg_queue_timestamp":"1713734171000","source_system_id":"TRUST","original_data_source":"SMART"},"body":{"train_id":"519B55M721","actual_timestamp":"1713737700000","loc_stanox":"51014","gbtt_timestamp":"1713737760000","planned_timestamp":"1713737760000","planned_event_type":"DEPARTURE","event_type":"DEPARTURE","event_source":"AUTOMATIC","correction_ind":"false","offroute_ind":"false","direction_ind":"UP","line_ind":"U","platform":" 1","route":"1","train_service_code":"21936004","division_code":"79","toc_id":"79","timetable_variation":"1","variation_status":"EARLY","next_report_stanox":"51016","next_report_run_time":"3","train_terminated":"false","delay_monitoring_point":"true","reporting_stanox":"51014","auto_expected":"true"}},{"header":{"msg_type":"0003","msg_queue_timestamp":"1713734172000","source_system_id":"TRUST","original_data_source":"SMART"},"body":{"train_id":"445F902721","actual_timestamp":"1713737700000","loc_stanox":"18067","planned_timestamp":"1713737700000","planned_event_type":"DEPARTURE","event_type":"DEPARTURE","event_source":"AUTOMATIC","correction_ind":"false","offroute_ind":"false","direction_ind":"DOWN","line_ind":"D","route":"2","train_service_code":"21704001","division_code":"61","toc_id":"61","timetable_variation":"0","variation_status":"ON TIME","next_report_stanox":"17151","next_report_run_time":"12","train_terminated":"false","delay_monitoring_point":"true","reporting_stanox":"18067","auto_expected":"true"}},{"header":{"msg_type":"0003","msg_queue_timestamp":"1713734172000","source_system_id":"TRUST","original_data_source":"GPS","user_id":"GPSI07"},"body":{"train_id":"861J66M821","actual_timestamp":"1713737700000","loc_stanox":"86907","gbtt_timestamp":"1713737760000","planned_timestamp":"1713737760000","planned_event_type":"ARRIVAL","event_type":"ARRIVAL","event_source":"MANUAL","correction_ind":"false","offroute_ind":"false","route":"0","train_service_code":"24629304","division_code":"84","toc_id":"84","timetable_variation":"1","variation_status":"EARLY","next_report_stanox":"86901","next_report_run_time":"1","train_terminated":"false","delay_monitoring_point":"false","reporting_stanox":"00000"}},{"header":{"msg_type":"0003","msg_queue_timestamp":"1713734172000","source_system_id":"TRUST","original_data_source":"SMART"},"body":{"train_id":"172N27M721","actual_timestamp":"1713737700000","loc_stanox":"18071","gbtt_timestamp":"1713737640000","planned_timestamp":"1713737640000","planned_event_type":"DEPARTURE","event_type":"DEPARTURE","event_source":"AUTOMATIC","correction_ind":"false","offroute_ind":"false","direction_ind":"UP","line_ind":"D","platform":" 1","route":"1","train_service_code":"11810920","division_code":"23","toc_id":"23","timetable_variation":"1","variation_status":"LATE","next_report_stanox":"18076","next_report_run_time":"4","train_terminated":"false","delay_monitoring_point":"false","reporting_stanox":"00000","auto_expected":"true"}},{"header":{"msg_type":"0003","msg_queue_timestamp":"1713734172000","source_system_id":"TRUST","original_data_source":"GPS","user_id":"GPSI07"},"body":{"train_id":"872C70MZ21","actual_timestamp":"1713737700000","loc_stanox":"87286","planned_timestamp":"1713737760000","planned_event_type":"ARRIVAL","event_type":"ARRIVAL","event_source":"MANUAL","correction_ind":"false","offroute_ind":"false","route":"0","train_service_code":"24672104","division_code":"84","toc_id":"84","timetable_variation":"1","variation_status":"EARLY","next_report_stanox":"87212","next_report_run_time":"1","train_terminated":"false","delay_monitoring_point":"false","reporting_stanox":"00000"}},{"header":{"msg_type":"0003","msg_queue_timestamp":"1713734172000","source_system_id":"TRUST","original_data_source":"SMART"},"body":{"train_id":"156U811821","actual_timestamp":"1713737820000","loc_stanox":"15883","planned_timestamp":"1713738030000","planned_event_type":"ARRIVAL","event_type":"ARRIVAL","event_source":"AUTOMATIC","correction_ind":"false","offroute_ind":"false","route":"0","train_service_code":"53693601","division_code":"39","toc_id":"39","timetable_variation":"3","variation_status":"EARLY","next_report_stanox":"16001","next_report_run_time":"3","train_terminated":"false","delay_monitoring_point":"true","train_file_address":"NVH","reporting_stanox":"15883","auto_expected":"true"}},{"header":{"msg_type":"0003","msg_queue_timestamp":"1713734172000","source_system_id":"TRUST","original_data_source":"GPS","user_id":"GPSI06"},"body":{"train_id":"832F28MZ21","actual_timestamp":"1713737700000","loc_stanox":"83472","gbtt_timestamp":"1713737700000","planned_timestamp":"1713737760000","planned_event_type":"DEPARTURE","event_type":"DEPARTURE","event_source":"MANUAL","correction_ind":"false","offroute_ind":"false","train_service_code":"25462001","division_code":"25","toc_id":"25","timetable_variation":"1","variation_status":"EARLY","next_report_stanox":"83473","next_report_run_time":"1","train_terminated":"false","delay_monitoring_point":"false","reporting_stanox":"00000"}},{"header":{"msg_type":"0003","msg_queue_timestamp":"1713734172000","source_system_id":"TRUST","original_data_source":"GPS","user_id":"GPSN01"},"body":{"train_id":"131D28MZ21","actual_timestamp":"1713737700000","loc_stanox":"15316","gbtt_timestamp":"1713737700000","planned_timestamp":"1713737730000","planned_event_type":"DEPARTURE","event_type":"DEPARTURE","event_source":"MANUAL","correction_ind":"false","offroute_ind":"false","train_service_code":"21796000","division_code":"23","toc_id":"23","timetable_variation":"0","variation_status":"ON TIME","next_report_stanox":"15415","next_report_run_time":"3","train_terminated":"false","delay_monitoring_point":"false","reporting_stanox":"00000","auto_expected":"true"}},{"header":{"msg_type":"0003","msg_queue_timestamp":"1713734172000","source_system_id":"TRUST","original_data_source":"SMART"},"body":{"train_id":"541D30MY21","actual_timestamp":"1713737700000","loc_stanox":"17132","gbtt_timestamp":"1713736800000","planned_timestamp":"1713736800000","planned_event_type":"DEPARTURE","event_type":"DEPARTURE","event_source":"AUTOMATIC","correction_ind":"false","offroute_ind":"false","direction_ind":"UP","line_ind":"B","platform":" 6","route":"1","train_service_code":"21702001","division_code":"61","toc_id":"61","timetable_variation":"15","variation_status":"LATE","next_report_stanox":"17131","next_report_run_time":"1","train_terminated":"false","delay_monitoring_point":"true","reporting_stanox":"17132","auto_expected":"true"}},{"header":{"msg_type":"0003","msg_queue_timestamp":"1713734172000","source_system_id":"TRUST","original_data_source":"GPS","user_id":"GPSI07"},"body":{"train_id":"872C70MZ21","actual_timestamp":"1713737700000","loc_stanox":"87286","planned_timestamp":"1713737760000","planned_event_type":"DEPARTURE","event_type":"DEPARTURE","event_source":"MANUAL","correction_ind":"false","offroute_ind":"false","train_service_code":"24672104","division_code":"84","toc_id":"84","timetable_variation":"1","variation_status":"EARLY","next_report_stanox":"87212","next_report_run_time":"2","train_terminated":"false","delay_monitoring_point":"false","reporting_stanox":"00000"}},{"header":{"msg_type":"0003","msg_queue_timestamp":"1713734172000","source_system_id":"TRUST","original_data_source":"GPS","user_id":"GPSI07"},"body":{"train_id":"861T80M721","actual_timestamp":"1713737700000","loc_stanox":"86017","planned_timestamp":"1713737820000","planned_event_type":"DEPARTURE","event_type":"DEPARTURE","event_source":"MANUAL","correction_ind":"false","offroute_ind":"false","train_service_code":"24631204","division_code":"84","toc_id":"84","timetable_variation":"2","variation_status":"EARLY","next_report_stanox":"86084","train_terminated":"false","delay_monitoring_point":"false","reporting_stanox":"00000"}},{"header":{"msg_type":"0003","msg_queue_timestamp":"1713734172000","source_system_id":"TRUST","original_data_source":"SMART"},"body":{"train_id":"061R34M721","actual_timestamp":"1713737760000","loc_stanox":"04291","planned_timestamp":"1713737820000","planned_event_type":"DEPARTURE","event_type":"DEPARTURE","event_source":"AUTOMATIC","correction_ind":"false","offroute_ind":"false","direction_ind":"UP","line_ind":"X","route":"1","train_service_code":"23548003","division_code":"60","toc_id":"60","timetable_variation":"1","variation_status":"EARLY","next_report_stanox":"04303","next_report_run_time":"2","train_terminated":"false","delay_monitoring_point":"false","reporting_stanox":"00000","auto_expected":"true"}},{"header":{"msg_type":"0003","msg_queue_timestamp":"1713734172000","source_system_id":"TRUST","original_data_source":"SMART"},"body":{"train_id":"651Z532U21","actual_timestamp":"1713737760000","loc_stanox":"04517","planned_timestamp":"1713736740000","planned_event_type":"DEPARTURE","event_type":"DEPARTURE","event_source":"AUTOMATIC","correction_ind":"false","offroute_ind":"false","direction_ind":"DOWN","route":"2","train_service_code":"22180012","division_code":"27","toc_id":"27","timetable_variation":"17","variation_status":"LATE","next_report_stanox":"04309","next_report_run_time":"1","train_terminated":"false","delay_monitoring_point":"false","reporting_stanox":"00000","auto_expected":"true"}},{"header":{"msg_type":"0003","msg_queue_timestamp":"1713734172000","source_system_id":"TRUST","original_data_source":"SMART"},"body":{"train_id":"861M70MV21","actual_timestamp":"1713737760000","loc_stanox":"32563","planned_timestamp":"1713737700000","planned_event_type":"DEPARTURE","event_type":"DEPARTURE","event_source":"AUTOMATIC","correction_ind":"false","offroute_ind":"false","direction_ind":"DOWN","platform":" 3","route":"1","train_service_code":"22180010","division_code":"27","toc_id":"27","timetable_variation":"1","variation_status":"LATE","next_report_stanox":"32561","next_report_run_time":"1","train_terminated":"false","delay_monitoring_point":"true","reporting_stanox":"32563","auto_expected":"true"}},{"header":{"msg_type":"0003","msg_queue_timestamp":"1713734172000","source_system_id":"TRUST","original_data_source":"SMART"},"body":{"train_id":"871A60M821","actual_timestamp":"1713737760000","loc_stanox":"87637","planned_timestamp":"1713737760000","planned_event_type":"DEPARTURE","event_type":"DEPARTURE","event_source":"AUTOMATIC","correction_ind":"false","offroute_ind":"false","direction_ind":"DOWN","line_ind":"F","platform":" 3","route":"1","train_service_code":"24747000","division_code":"88","toc_id":"88","timetable_variation":"0","variation_status":"ON TIME","next_report_stanox":"87700","train_terminated":"false","delay_monitoring_point":"true","reporting_stanox":"87637","auto_expected":"true"}},{"header":{"msg_type":"0003","msg_queue_timestamp":"1713734172000","source_system_id":"TRUST","original_data_source":"SMART"},"body":{"train_id":"872O441721","actual_timestamp":"1713737820000","loc_stanox":"87722","gbtt_timestamp":"1713737820000","planned_timestamp":"1713737820000","planned_event_type":"DESTINATION","event_type":"ARRIVAL","event_source":"AUTOMATIC","correction_ind":"false","offroute_ind":"false","direction_ind":"UP","platform":" 0","route":"0","train_service_code":"25522007","division_code":"25","toc_id":"25","timetable_variation":"0","variation_status":"ON TIME","train_terminated":"true","delay_monitoring_point":"true","reporting_stanox":"87722","auto_expected":"true"}},{"header":{"msg_type":"0003","msg_queue_timestamp":"1713734172000","source_system_id":"TRUST","original_data_source":"SMART"},"body":{"train_id":"879B65M721","actual_timestamp":"1713737760000","loc_stanox":"52084","gbtt_timestamp":"1713737700000","planned_timestamp":"1713737700000","planned_event_type":"ARRIVAL","event_type":"ARRIVAL","event_source":"AUTOMATIC","correction_ind":"false","offroute_ind":"false","direction_ind":"UP","line_ind":"U","platform":" 5","route":"0","train_service_code":"22215003","division_code":"30","toc_id":"30","timetable_variation":"1","variation_status":"LATE","next_report_stanox":"52082","next_report_run_time":"1","train_terminated":"false","delay_monitoring_point":"true","reporting_stanox":"52084","auto_expected":"true"}},{"header":{"msg_type":"0003","msg_queue_timestamp":"1713734172000","source_system_id":"TRUST","original_data_source":"SMART"},"body":{"train_id":"871G70M821","actual_timestamp":"1713737700000","loc_stanox":"87980","gbtt_timestamp":"1713737520000","planned_timestamp":"1713737520000","planned_event_type":"DEPARTURE","event_type":"DEPARTURE","event_source":"AUTOMATIC","correction_ind":"false","offroute_ind":"false","direction_ind":"DOWN","line_ind":"L","platform":" 8","route":"1","train_service_code":"24743000","division_code":"88","toc_id":"88","timetable_variation":"3","variation_status":"LATE","next_report_stanox":"88181","next_report_run_time":"6","train_terminated":"false","delay_monitoring_point":"true","reporting_stanox":"87980","auto_expected":"true"}},{"header":{"msg_type":"0003","msg_queue_timestamp":"1713734172000","source_system_id":"TRUST","original_data_source":"SMART"},"body":{"train_id":"871L68M721","actual_timestamp":"1713737760000","loc_stanox":"87743","gbtt_timestamp":"1713737640000","planned_timestamp":"1713737670000","planned_event_type":"DEPARTURE","event_type":"DEPARTURE","event_source":"AUTOMATIC","correction_ind":"false","offroute_ind":"false","direction_ind":"DOWN","line_ind":"D","platform":" 2","route":"1","train_service_code":"24749000","division_code":"88","toc_id":"88","timetable_variation":"2","variation_status":"LATE","next_report_stanox":"87744","next_report_run_time":"3","train_terminated":"false","delay_monitoring_point":"false","reporting_stanox":"00000","auto_expected":"true"}},{"header":{"msg_type":"0003","msg_queue_timestamp":"1713734173000","source_system_id":"TRUST","original_data_source":"SDR","user_id":"#QDP0606","source_dev_id":"STFW"},"body":{"train_id":"731C90MU21","actual_timestamp":"1713736020000","loc_stanox":"85622","gbtt_timestamp":"1713735780000","planned_timestamp":"1713735870000","planned_event_type":"ARRIVAL","event_type":"ARRIVAL","event_source":"MANUAL","correction_ind":"false","offroute_ind":"false","route":"0","train_service_code":"25397003","division_code":"25","toc_id":"25","timetable_variation":"3","variation_status":"LATE","train_terminated":"true","delay_monitoring_point":"true","reporting_stanox":"85622","auto_expected":"false"}},{"header":{"msg_type":"0003","msg_queue_timestamp":"1713734173000","source_system_id":"TRUST","original_data_source":"SDR","user_id":"#QDP0606","source_dev_id":"STFW"},"body":{"train_id":"731C90MU21","actual_timestamp":"1713736140000","loc_stanox":"85622","gbtt_timestamp":"1713735840000","planned_timestamp":"1713735990000","planned_event_type":"DEPARTURE","event_type":"DEPARTURE","event_source":"MANUAL","correction_ind":"false","offroute_ind":"false","train_service_code":"25397003","division_code":"25","toc_id":"25","timetable_variation":"3","variation_status":"LATE","train_terminated":"true","delay_monitoring_point":"true","reporting_stanox":"85622","auto_expected":"false"}},{"header":{"msg_type":"0003","msg_queue_timestamp":"1713734173000","source_system_id":"TRUST","original_data_source":"SMART"},"body":{"train_id":"451P71M721","actual_timestamp":"1713737820000","loc_stanox":"45402","gbtt_timestamp":"1713737220000","planned_timestamp":"1713737190000","planned_event_type":"ARRIVAL","event_type":"ARRIVAL","event_source":"AUTOMATIC","correction_ind":"false","offroute_ind":"false","direction_ind":"UP","platform":" 4","route":"0","train_service_code":"22727100","division_code":"88","toc_id":"88","timetable_variation":"11","variation_status":"LATE","next_report_stanox":"45603","next_report_run_time":"1","train_terminated":"false","delay_monitoring_point":"false","reporting_stanox":"00000","auto_expected":"true"}},{"header":{"msg_type":"0003","msg_queue_timestamp":"1713734173000","source_system_id":"TRUST","original_data_source":"SMART"},"body":{"train_id":"151P92M721","actual_timestamp":"1713737760000","loc_stanox":"15316","gbtt_timestamp":"1713737880000","planned_timestamp":"1713737850000","planned_event_type":"ARRIVAL","event_type":"ARRIVAL","event_source":"AUTOMATIC","correction_ind":"false","offroute_ind":"false","direction_ind":"UP","platform":" 1","route":"0","train_service_code":"21734000","division_code":"20","toc_id":"20","timetable_variation":"1","variation_status":"EARLY","next_report_stanox":"15319","next_report_run_time":"3","train_terminated":"false","delay_monitoring_point":"false","reporting_stanox":"00000","auto_expected":"true"}},{"header":{"msg_type":"0003","msg_queue_timestamp":"1713734174000","source_system_id":"TRUST","original_data_source":"SMART"},"body":{"train_id":"062C66M721","actual_timestamp":"1713737760000","loc_stanox":"07413","planned_timestamp":"1713737790000","planned_event_type":"DEPARTURE","event_type":"DEPARTURE","event_source":"AUTOMATIC","correction_ind":"false","offroute_ind":"false","direction_ind":"UP","route":"3","train_service_code":"23563015","division_code":"60","toc_id":"60","timetable_variation":"0","variation_status":"ON TIME","next_report_stanox":"07416","next_report_run_time":"1","train_terminated":"false","delay_monitoring_point":"true","reporting_stanox":"07413","auto_expected":"true"}},{"header":{"msg_type":"0003","msg_queue_timestamp":"1713734174000","source_system_id":"TRUST","original_data_source":"SMART"},"body":{"train_id":"529B46M721","actual_timestamp":"1713737760000","loc_stanox":"51005","gbtt_timestamp":"1713737820000","planned_timestamp":"1713737790000","planned_event_type":"ARRIVAL","event_type":"ARRIVAL","event_source":"AUTOMATIC","correction_ind":"false","offroute_ind":"false","direction_ind":"DOWN","platform":" 2","route":"0","train_service_code":"21936004","division_code":"79","toc_id":"79","timetable_variation":"0","variation_status":"ON TIME","next_report_stanox":"51004","next_report_run_time":"1","train_terminated":"false","delay_monitoring_point":"true","reporting_stanox":"51005","auto_expected":"true"}},{"header":{"msg_type":"0003","msg_queue_timestamp":"1713734174000","source_system_id":"TRUST","original_data_source":"SMART"},"body":{"train_id":"872L51M721","actual_timestamp":"1713737700000","loc_stanox":"52058","gbtt_timestamp":"1713737760000","planned_timestamp":"1713737760000","planned_event_type":"DEPARTURE","event_type":"DEPARTURE","event_source":"AUTOMATIC","correction_ind":"false","offroute_ind":"false","direction_ind":"DOWN","line_ind":"D","platform":" 3","route":"2","train_service_code":"22204000","division_code":"30","toc_id":"30","timetable_variation":"1","variation_status":"EARLY","next_report_stanox":"73823","train_terminated":"false","delay_monitoring_point":"false","reporting_stanox":"00000","auto_expected":"true"}},{"header":{"msg_type":"0003","msg_queue_timestamp":"1713734174000","source_system_id":"TRUST","original_data_source":"SMART"},"body":{"train_id":"865O26M721","actual_timestamp":"1713737760000","loc_stanox":"86525","planned_timestamp":"1713737610000","planned_event_type":"DEPARTURE","event_type":"DEPARTURE","event_source":"AUTOMATIC","correction_ind":"false","offroute_ind":"false","direction_ind":"UP","line_ind":"F","route":"1","train_service_code":"22185002","division_code":"27","toc_id":"27","timetable_variation":"3","variation_status":"LATE","next_report_stanox":"86520","next_report_run_time":"2","train_terminated":"false","delay_monitoring_point":"false","reporting_stanox":"00000","auto_expected":"true"}},{"header":{"msg_type":"0003","msg_queue_timestamp":"1713734174000","source_system_id":"TRUST","original_data_source":"SMART"},"body":{"train_id":"321O30MW21","actual_timestamp":"1713737760000","loc_stanox":"86069","planned_timestamp":"1713737580000","planned_event_type":"DEPARTURE","event_type":"DEPARTURE","event_source":"AUTOMATIC","correction_ind":"false","offroute_ind":"false","direction_ind":"DOWN","platform":"S","route":"3","train_service_code":"22180014","division_code":"27","toc_id":"27","timetable_variation":"3","variation_status":"LATE","next_report_stanox":"86080","next_report_run_time":"7","train_terminated":"false","delay_monitoring_point":"true","reporting_stanox":"86069","auto_expected":"true"}},{"header":{"msg_type":"0003","msg_queue_timestamp":"1713734175000","source_system_id":"TRUST","original_data_source":"SMART"},"body":{"train_id":"775C11M721","actual_timestamp":"1713737760000","loc_stanox":"76398","planned_timestamp":"1713736410000","planned_event_type":"DEPARTURE","event_type":"DEPARTURE","event_source":"AUTOMATIC","correction_ind":"false","offroute_ind":"false","direction_ind":"UP","route":"2","train_service_code":"22185003","division_code":"27","toc_id":"27","timetable_variation":"23","variation_status":"LATE","next_report_stanox":"76099","next_report_run_time":"2","train_terminated":"false","delay_monitoring_point":"false","reporting_stanox":"00000","auto_expected":"true"}},{"header":{"msg_type":"0003","msg_queue_timestamp":"1713734175000","source_system_id":"TRUST","original_data_source":"SMART"},"body":{"train_id":"072L35M721","actual_timestamp":"1713737760000","loc_stanox":"06203","gbtt_timestamp":"1713737760000","planned_timestamp":"1713737760000","planned_event_type":"DEPARTURE","event_type":"DEPARTURE","event_source":"AUTOMATIC","correction_ind":"false","offroute_ind":"false","direction_ind":"DOWN","platform":" 2","route":"2","train_service_code":"23563015","division_code":"60","toc_id":"60","timetable_variation":"0","variation_status":"ON TIME","next_report_stanox":"06137","next_report_run_time":"4","train_terminated":"false","delay_monitoring_point":"false","reporting_stanox":"00000","auto_expected":"true"}}]