[{"header":{"msg_type":"0003","msg_queue_timestamp":"1713141707000","source_system_id":"TRUST","original_data_source":"SMART"},"body":{"train_id":"154M51C914","actual_timestamp":"1713145380000","loc_stanox":"16416","gbtt_timestamp":"1713145560000","planned_timestamp":"1713145590000","planned_event_type":"ARRIVAL","event_type":"ARRIVAL","event_source":"AUTOMATIC","correction_ind":"false","offroute_ind":"false","direction_ind":"UP","platform":" 3","route":"0","train_service_code":"52663390","division_code":"97","toc_id":"97","timetable_variation":"3","variation_status":"EARLY","next_report_stanox":"16460","next_report_run_time":"5","train_terminated":"false","delay_monitoring_point":"true","train_file_address":"G9C","reporting_stanox":"16416","auto_expected":"true"}},{"header":{"msg_type":"0003","msg_queue_timestamp":"1713141708000","source_system_id":"TRUST","original_data_source":"SMART"},"body":{"train_id":"722K83M115","actual_timestamp":"1713145260000","loc_stanox":"72316","planned_timestamp":"1713145290000","planned_event_type":"DEPARTURE","event_type":"DEPARTURE","event_source":"AUTOMATIC","correction_ind":"false","offroute_ind":"false","direction_ind":"DOWN","line_ind":"C","route":"1","train_service_code":"22209000","division_code":"29","toc_id":"29","timetable_variation":"0","variation_status":"ON TIME","next_report_stanox":"72315","next_report_run_time":"1","train_terminated":"false","delay_monitoring_point":"false","reporting_stanox":"00000","auto_expected":"true"}}]