[{"header":{"msg_type":"0003","msg_queue_timestamp":"1713563131000","source_system_id":"TRUST","original_data_source":"SMART"},"body":{"train_id":"873V68MZ19","actual_timestamp":"1713566760000","loc_stanox":"74234","planned_timestamp":"1713566550000","planned_event_type":"DEPARTURE","event_type":"DEPARTURE","event_source":"AUTOMATIC","correction_ind":"false","offroute_ind":"false","direction_ind":"DOWN","route":"1","train_service_code":"25521007","division_code":"25","toc_id":"25","timetable_variation":"4","variation_status":"LATE","next_report_stanox":"74246","next_report_run_time":"1","train_terminated":"false","delay_monitoring_point":"true","reporting_stanox":"74234","auto_expected":"true"}},{"header":{"msg_type":"0003","msg_queue_timestamp":"1713563132000","source_system_id":"TRUST","original_data_source":"SMART"},"body":{"train_id":"722C70M819","actual_timestamp":"1713566700000","loc_stanox":"72000","gbtt_timestamp":"1713566700000","planned_timestamp":"1713566700000","planned_event_type":"DEPARTURE","event_type":"DEPARTURE","event_source":"AUTOMATIC","correction_ind":"false","offroute_ind":"false","direction_ind":"UP","platform":" 3","route":"1","train_service_code":"22216000","division_code":"30","toc_id":"30","timetable_variation":"0","variation_status":"ON TIME","next_report_stanox":"72002","next_report_run_time":"2","train_terminated":"false","delay_monitoring_point":"true","reporting_stanox":"72000","auto_expected":"true"}},{"header":{"msg_type":"0003","msg_queue_timestamp":"1713563132000","source_system_id":"TRUST","original_data_source":"SMART"},"body":{"train_id":"361G71M719","actual_timestamp":"1713566760000","loc_stanox":"65005","gbtt_timestamp":"1713566640000","planned_timestamp":"1713566640000","planned_event_type":"ARRIVAL","event_type":"ARRIVAL","event_source":"AUTOMATIC","correction_ind":"false","offroute_ind":"false","direction_ind":"UP","platform":" 2","route":"0","train_service_code":"22300000","division_code":"29","toc_id":"29","timetable_variation":"2","variation_status":"LATE","next_report_stanox":"65006","next_report_run_time":"1","train_terminated":"false","delay_monitoring_point":"false","reporting_stanox":"00000","auto_expected":"true"}},{"header":{"msg_type":"0003","msg_queue_timestamp":"1713563132000","source_system_id":"TRUST","original_data_source":"SMART"},"body":{"train_id":"721P09M719","actual_timestamp":"1713566700000","loc_stanox":"42312","planned_timestamp":"1713566670000","planned_event_type":"DEPARTURE","event_type":"DEPARTURE","event_source":"AUTOMATIC","correction_ind":"false","offroute_ind":"false","direction_ind":"DOWN","line_ind":"F","route":"1","train_service_code":"22112001","division_code":"65","toc_id":"65","timetable_variation":"1","variation_status":"LATE","next_report_stanox":"42302","next_report_run_time":"6","train_terminated":"false","delay_monitoring_point":"false","reporting_stanox":"00000","auto_expected":"true"}},{"header":{"msg_type":"0003","msg_queue_timestamp":"1713563132000","source_system_id":"TRUST","original_data_source":"SMART"},"body":{"train_id":"142I10M819","actual_timestamp":"1713566700000","loc_stanox":"14034","gbtt_timestamp":"1713566700000","planned_timestamp":"1713566730000","planned_event_type":"DEPARTURE","event_type":"DEPARTURE","event_source":"AUTOMATIC","correction_ind":"false","offroute_ind":"false","direction_ind":"DOWN","line_ind":"S","platform":" 2","route":"2","train_service_code":"11798001","division_code":"56","toc_id":"56","timetable_variation":"0","variation_status":"ON TIME","next_report_stanox":"14031","next_report_run_time":"2","train_terminated":"false","delay_monitoring_point":"false","reporting_stanox":"00000","auto_expected":"true"}},{"header":{"msg_type":"0003","msg_queue_timestamp":"1713563132000","source_system_id":"TRUST","original_data_source":"SMART"},"body":{"train_id":"142I10M819","actual_timestamp":"1713566760000","loc_stanox":"14031","gbtt_timestamp":"1713566820000","planned_timestamp":"1713566820000","planned_event_type":"ARRIVAL","event_type":"ARRIVAL","event_source":"AUTOMATIC","correction_ind":"false","offroute_ind":"false","direction_ind":"DOWN","platform":" 3","route":"0","train_service_code":"11798001","division_code":"56","toc_id":"56","timetable_variation":"1","variation_status":"EARLY","next_report_stanox":"14023","next_report_run_time":"1","train_terminated":"false","delay_monitoring_point":"true","reporting_stanox":"14031","auto_expected":"true"}},{"header":{"msg_type":"0003","msg_queue_timestamp":"1713563133000","source_system_id":"TRUST","original_data_source":"SMART"},"body":{"train_id":"042H57M819","actual_timestamp":"1713566760000","loc_stanox":"04025","gbtt_timestamp":"1713566580000","planned_timestamp":"1713566580000","planned_event_type":"ARRIVAL","event_type":"ARRIVAL","event_source":"AUTOMATIC","correction_ind":"false","offroute_ind":"false","direction_ind":"DOWN","platform":" 2","route":"0","train_service_code":"13560015","division_code":"60","toc_id":"60","timetable_variation":"3","variation_status":"LATE","next_report_stanox":"04010","next_report_run_time":"1","train_terminated":"false","delay_monitoring_point":"false","reporting_stanox":"00000","auto_expected":"true"}},{"header":{"msg_type":"0003","msg_queue_timestamp":"1713563133000","source_system_id":"TRUST","original_data_source":"SMART"},"body":{"train_id":"062N69M819","actual_timestamp":"1713566700000","loc_stanox":"05009","gbtt_timestamp":"1713566700000","planned_timestamp":"1713566700000","planned_event_type":"DEPARTURE","event_type":"DEPARTURE","event_source":"AUTOMATIC","correction_ind":"false","offroute_ind":"false","direction_ind":"DOWN","line_ind":"M","platform":" 2","route":"3","train_service_code":"13575825","division_code":"60","toc_id":"60","timetable_variation":"0","variation_status":"ON TIME","next_report_stanox":"03401","next_report_run_time":"7","train_terminated":"false","delay_monitoring_point":"false","reporting_stanox":"00000","auto_expected":"true"}},{"header":{"msg_type":"0003","msg_queue_timestamp":"1713563133000","source_system_id":"TRUST","original_data_source":"SMART"},"body":{"train_id":"512O17M819","actual_timestamp":"1713566700000","loc_stanox":"51937","planned_timestamp":"1713566790000","planned_event_type":"DEPARTURE","event_type":"DEPARTURE","event_source":"AUTOMATIC","correction_ind":"false","offroute_ind":"false","direction_ind":"UP","line_ind":"C","route":"2","train_service_code":"21920000","division_code":"21","toc_id":"21","timetable_variation":"1","variation_status":"EARLY","next_report_stanox":"51938","next_report_run_time":"1","train_terminated":"false","delay_monitoring_point":"true","reporting_stanox":"51937","auto_expected":"true"}},{"header":{"msg_type":"0003","msg_queue_timestamp":"1713563133000","source_system_id":"TRUST","original_data_source":"SMART"},"body":{"train_id":"872N72N719","actual_timestamp":"1713566700000","loc_stanox":"52044","gbtt_timestamp":"1713566400000","planned_timestamp":"1713566400000","planned_event_type":"DEPARTURE","event_type":"DEPARTURE","event_source":"AUTOMATIC","correction_ind":"false","offroute_ind":"false","direction_ind":"DOWN","line_ind":"D","platform":" 2","route":"2","train_service_code":"22214000","division_code":"30","toc_id":"30","timetable_variation":"5","variation_status":"LATE","next_report_stanox":"52042","next_report_run_time":"1","train_terminated":"false","delay_monitoring_point":"false","reporting_stanox":"00000","auto_expected":"true"}},{"header":{"msg_type":"0003","msg_queue_timestamp":"1713563133000","source_system_id":"TRUST","original_data_source":"SMART"},"body":{"train_id":"875B77M819","actual_timestamp":"1713566820000","loc_stanox":"87212","gbtt_timestamp":"1713567300000","planned_timestamp":"1713567300000","planned_event_type":"DESTINATION","event_type":"ARRIVAL","event_source":"AUTOMATIC","correction_ind":"false","offroute_ind":"false","direction_ind":"UP","platform":"12","route":"0","train_service_code":"24676004","division_code":"84","toc_id":"84","timetable_variation":"8","variation_status":"EARLY","train_terminated":"true","delay_monitoring_point":"true","reporting_stanox":"87212","auto_expected":"true"}},{"header":{"msg_type":"0003","msg_queue_timestamp":"1713563133000","source_system_id":"TRUST","original_data_source":"SMART"},"body":{"train_id":"892F78M819","actual_timestamp":"1713566640000","loc_stanox":"89341","gbtt_timestamp":"1713566640000","planned_timestamp":"1713566670000","planned_event_type":"DEPARTURE","event_type":"DEPARTURE","event_source":"AUTOMATIC","correction_ind":"false","offroute_ind":"false","direction_ind":"UP","platform":" 1","route":"1","train_service_code":"24655005","division_code":"80","toc_id":"80","timetable_variation":"0","variation_status":"ON TIME","next_report_stanox":"88495","next_report_run_time":"2","train_terminated":"false","delay_monitoring_point":"false","reporting_stanox":"00000","auto_expected":"true"}},{"header":{"msg_type":"0003","msg_queue_timestamp":"1713563133000","source_system_id":"TRUST","original_data_source":"SMART"},"body":{"train_id":"712O75M719","actual_timestamp":"1713566640000","loc_stanox":"87631","gbtt_timestamp":"1713566700000","planned_timestamp":"1713566730000","planned_event_type":"DEPARTURE","event_type":"DEPARTURE","event_source":"AUTOMATIC","correction_ind":"false","offroute_ind":"false","direction_ind":"DOWN","platform":" 1","route":"1","train_service_code":"24968000","division_code":"88","toc_id":"88","timetable_variation":"1","variation_status":"EARLY","next_report_stanox":"87633","next_report_run_time":"2","train_terminated":"false","delay_monitoring_point":"false","reporting_stanox":"00000","auto_expected":"true"}},{"header":{"msg_type":"0003","msg_queue_timestamp":"1713563133000","source_system_id":"TRUST","original_data_source":"SMART"},"body":{"train_id":"541N35M819","actual_timestamp":"1713566700000","loc_stanox":"45144","planned_timestamp":"1713566580000","planned_event_type":"DEPARTURE","event_type":"DEPARTURE","event_source":"AUTOMATIC","correction_ind":"false","offroute_ind":"false","direction_ind":"DOWN","line_ind":"S","route":"2","train_service_code":"21700001","division_code":"61","toc_id":"61","timetable_variation":"2","variation_status":"LATE","next_report_stanox":"45106","next_report_run_time":"2","train_terminated":"false","delay_monitoring_point":"false","reporting_stanox":"00000","auto_expected":"true"}},{"header":{"msg_type":"0003","msg_queue_timestamp":"1713563133000","source_system_id":"TRUST","original_data_source":"SMART"},"body":{"train_id":"216H83CZ19","actual_timestamp":"1713566760000","loc_stanox":"18005","planned_timestamp":"1713566970000","planned_event_type":"ARRIVAL","event_type":"ARRIVAL","event_source":"AUTOMATIC","correction_ind":"false","offroute_ind":"false","route":"0","train_service_code":"55303021","division_code":"05","toc_id":"05","timetable_variation":"3","variation_status":"EARLY","next_report_stanox":"18003","next_report_run_time":"3","train_terminated":"false","delay_monitoring_point":"true","train_file_address":"MG0","reporting_stanox":"18005","auto_expected":"true"}},{"header":{"msg_type":"0003","msg_queue_timestamp":"1713563133000","source_system_id":"TRUST","original_data_source":"SMART"},"body":{"train_id":"459J65MZ19","actual_timestamp":"1713566640000","loc_stanox":"87909","gbtt_timestamp":"1713566640000","planned_timestamp":"1713566640000","planned_event_type":"DEPARTURE","event_type":"DEPARTURE","event_source":"AUTOMATIC","correction_ind":"false","offroute_ind":"false","direction_ind":"DOWN","platform":" 2","route":"2","train_service_code":"22727100","division_code":"88","toc_id":"88","timetable_variation":"0","variation_status":"ON TIME","next_report_stanox":"87911","next_report_run_time":"2","train_terminated":"false","delay_monitoring_point":"false","reporting_stanox":"00000","auto_expected":"true"}},{"header":{"msg_type":"0003","msg_queue_timestamp":"1713563133000","source_system_id":"TRUST","original_data_source":"SMART"},"body":{"train_id":"459J65MZ19","actual_timestamp":"1713566760000","loc_stanox":"87911","gbtt_timestamp":"1713566760000","planned_timestamp":"1713566760000","planned_event_type":"ARRIVAL","event_type":"ARRIVAL","event_source":"AUTOMATIC","correction_ind":"false","offroute_ind":"false","direction_ind":"DOWN","platform":" 3","route":"0","train_service_code":"22727100","division_code":"88","toc_id":"88","timetable_variation":"0","variation_status":"ON TIME","next_report_stanox":"87920","next_report_run_time":"1","train_terminated":"false","delay_monitoring_point":"true","reporting_stanox":"87911","auto_expected":"true"}},{"header":{"msg_type":"0003","msg_queue_timestamp":"1713563134000","source_system_id":"TRUST","original_data_source":"SMART"},"body":{"train_id":"882K52M819","actual_timestamp":"1713566700000","loc_stanox":"88317","gbtt_timestamp":"1713566700000","planned_timestamp":"1713566700000","planned_event_type":"DEPARTURE","event_type":"DEPARTURE","event_source":"AUTOMATIC","correction_ind":"false","offroute_ind":"false","direction_ind":"UP","platform":" 1","route":"2","train_service_code":"24653005","division_code":"80","toc_id":"80","timetable_variation":"0","variation_status":"ON TIME","next_report_stanox":"88313","next_report_run_time":"1","train_terminated":"false","delay_monitoring_point":"true","reporting_stanox":"88317","auto_expected":"true"}},{"header":{"msg_type":"0003","msg_queue_timestamp":"1713563134000","source_system_id":"TRUST","original_data_source":"SMART"},"body":{"train_id":"879V92M819","actual_timestamp":"1713566760000","loc_stanox":"87247","gbtt_timestamp":"1713566820000","planned_timestamp":"1713566790000","planned_event_type":"ARRIVAL","event_type":"ARRIVAL","event_source":"AUTOMATIC","correction_ind":"false","offroute_ind":"false","direction_ind":"UP","platform":" 1","route":"0","train_service_code":"22722000","division_code":"88","toc_id":"88","timetable_variation":"0","variation_status":"ON TIME","next_report_stanox":"87246","next_report_run_time":"1","train_terminated":"false","delay_monitoring_point":"false","reporting_stanox":"00000","auto_expected":"true"}},{"header":{"msg_type":"0003","msg_queue_timestamp":"1713563134000","source_system_id":"TRUST","original_data_source":"SMART"},"body":{"train_id":"899P92M819","actual_timestamp":"1713566700000","loc_stanox":"88801","gbtt_timestamp":"1713566700000","planned_timestamp":"1713566730000","planned_event_type":"DEPARTURE","event_type":"DEPARTURE","event_source":"AUTOMATIC","correction_ind":"false","offroute_ind":"false","direction_ind":"UP","platform":" 2","route":"2","train_service_code":"22761000","division_code":"88","toc_id":"88","timetable_variation":"0","variation_status":"ON TIME","next_report_stanox":"88755","next_report_run_time":"5","train_terminated":"false","delay_monitoring_point":"true","reporting_stanox":"88801","auto_expected":"true"}},{"header":{"msg_type":"0003","msg_queue_timestamp":"1713563134000","source_system_id":"TRUST","original_data_source":"SMART"},"body":{"train_id":"322B65M819","actual_timestamp":"1713566700000","loc_stanox":"32009","planned_timestamp":"1713566700000","planned_event_type":"DEPARTURE","event_type":"DEPARTURE","event_source":"AUTOMATIC","correction_ind":"false","offroute_ind":"false","direction_ind":"DOWN","line_ind":"E","route":"2","train_service_code":"12228820","division_code":"23","toc_id":"23","timetable_variation":"0","variation_status":"ON TIME","next_report_stanox":"32000","next_report_run_time":"3","train_terminated":"false","delay_monitoring_point":"false","reporting_stanox":"00000","auto_expected":"true"}},{"header":{"msg_type":"0003","msg_queue_timestamp":"1713563134000","source_system_id":"TRUST","original_data_source":"SMART"},"body":{"train_id":"882T33M719","actual_timestamp":"1713566700000","loc_stanox":"88409","planned_timestamp":"1713566730000","planned_event_type":"DEPARTURE","event_type":"DEPARTURE","event_source":"AUTOMATIC","correction_ind":"false","offroute_ind":"false","direction_ind":"UP","line_ind":"2","route":"3","train_service_code":"24650005","division_code":"80","toc_id":"80","timetable_variation":"0","variation_status":"ON TIME","next_report_stanox":"87577","next_report_run_time":"1","train_terminated":"false","delay_monitoring_point":"true","reporting_stanox":"88409","auto_expected":"true"}},{"header":{"msg_type":"0003","msg_queue_timestamp":"1713563134000","source_system_id":"TRUST","original_data_source":"SMART"},"body":{"train_id":"529A68M819","actual_timestamp":"1713566700000","loc_stanox":"87628","gbtt_timestamp":"1713566580000","planned_timestamp":"1713566610000","planned_event_type":"DEPARTURE","event_type":"DEPARTURE","event_source":"AUTOMATIC","correction_ind":"false","offroute_ind":"false","direction_ind":"DOWN","line_ind":"S","platform":" 2","route":"2","train_service_code":"22215003","division_code":"30","toc_id":"30","timetable_variation":"2","variation_status":"LATE","next_report_stanox":"87627","next_report_run_time":"2","train_terminated":"false","delay_monitoring_point":"false","reporting_stanox":"00000","auto_expected":"true"}},{"header":{"msg_type":"0003","msg_queue_timestamp":"1713563134000","source_system_id":"TRUST","original_data_source":"SMART"},"body":{"train_id":"172V72M819","actual_timestamp":"1713566820000","loc_stanox":"17051","gbtt_timestamp":"1713566820000","planned_timestamp":"1713566790000","planned_event_type":"ARRIVAL","event_type":"ARRIVAL","event_source":"AUTOMATIC","correction_ind":"false","offroute_ind":"false","direction_ind":"DOWN","platform":" 1","route":"0","train_service_code":"11819020","division_code":"23","toc_id":"23","timetable_variation":"1","variation_status":"LATE","next_report_stanox":"17041","next_report_run_time":"1","train_terminated":"false","delay_monitoring_point":"true","reporting_stanox":"17051","auto_expected":"true"}},{"header":{"msg_type":"0003","msg_queue_timestamp":"1713563134000","source_system_id":"TRUST","original_data_source":"SMART"},"body":{"train_id":"162F74M819","actual_timestamp":"1713566700000","loc_stanox":"17182","planned_timestamp":"1713566790000","planned_event_type":"DEPARTURE","event_type":"DEPARTURE","event_source":"AUTOMATIC","correction_ind":"false","offroute_ind":"false","direction_ind":"DOWN","line_ind":"M","route":"2","train_service_code":"11841820","division_code":"23","toc_id":"23","timetable_variation":"1","variation_status":"EARLY","next_report_stanox":"17149","next_report_run_time":"4","train_terminated":"false","delay_monitoring_point":"false","reporting_stanox":"00000","auto_expected":"true"}},{"header":{"msg_type":"0003","msg_queue_timestamp":"1713563134000","source_system_id":"TRUST","original_data_source":"SMART"},"body":{"train_id":"639P65M719","actual_timestamp":"1713566760000","loc_stanox":"88721","gbtt_timestamp":"1713566820000","planned_timestamp":"1713566820000","planned_event_type":"ARRIVAL","event_type":"ARRIVAL","event_source":"AUTOMATIC","correction_ind":"false","offroute_ind":"false","direction_ind":"DOWN","platform":" 2","route":"0","train_service_code":"22728000","division_code":"88","toc_id":"88","timetable_variation":"1","variation_status":"EARLY","next_report_stanox":"88740","next_report_run_time":"2","train_terminated":"false","delay_monitoring_point":"true","reporting_stanox":"88721","auto_expected":"true"}},{"header":{"msg_type":"0003","msg_queue_timestamp":"1713563135000","source_system_id":"TRUST","original_data_source":"SMART"},"body":{"train_id":"551K81M719","actual_timestamp":"1713566640000","loc_stanox":"43031","gbtt_timestamp":"1713566700000","planned_timestamp":"1713566730000","planned_event_type":"DEPARTURE","event_type":"DEPARTURE","event_source":"AUTOMATIC","correction_ind":"false","offroute_ind":"false","direction_ind":"DOWN","line_ind":"4","platform":" 4","route":"3","train_service_code":"22275000","division_code":"28","toc_id":"28","timetable_variation":"1","variation_status":"EARLY","next_report_stanox":"42412","next_report_run_time":"4","train_terminated":"false","delay_monitoring_point":"true","reporting_stanox":"43031","auto_expected":"true"}},{"header":{"msg_type":"0003","msg_queue_timestamp":"1713563135000","source_system_id":"TRUST","original_data_source":"SMART"},"body":{"train_id":"365T791819","actual_timestamp":"1713566700000","loc_stanox":"36080","gbtt_timestamp":"1713566760000","planned_timestamp":"1713566760000","planned_event_type":"DESTINATION","event_type":"ARRIVAL","event_source":"AUTOMATIC","correction_ind":"false","offroute_ind":"false","direction_ind":"UP","platform":" 1","route":"0","train_service_code":"12303012","division_code":"64","toc_id":"64","timetable_variation":"1","variation_status":"EARLY","train_terminated":"true","delay_monitoring_point":"true","reporting_stanox":"36080","auto_expected":"true"}},{"header":{"msg_type":"0003","msg_queue_timestamp":"1713563135000","source_system_id":"TRUST","original_data_source":"SMART"},"body":{"train_id":"401K20MZ19","actual_timestamp":"1713566700000","loc_stanox":"42113","planned_timestamp":"1713566730000","planned_event_type":"DEPARTURE","event_type":"DEPARTURE","event_source":"AUTOMATIC","correction_ind":"false","offroute_ind":"false","direction_ind":"UP","route":"1","train_service_code":"22340000","division_code":"71","toc_id":"71","timetable_variation":"0","variation_status":"ON TIME","next_report_stanox":"42117","next_report_run_time":"7","train_terminated":"false","delay_monitoring_point":"false","reporting_stanox":"00000","auto_expected":"true"}}]