[{"header":{"msg_type":"0003","msg_queue_timestamp":"1713138421000","source_system_id":"TRUST","original_data_source":"SDR","user_id":"#QBNT046","source_dev_id":"V4M8"},"body":{"train_id":"885D04M914","actual_timestamp":"1713139260000","loc_stanox":"88254","gbtt_timestamp":"1713139980000","planned_timestamp":"1713139980000","planned_event_type":"ARRIVAL","event_type":"ARRIVAL","event_source":"MANUAL","correction_ind":"true","offroute_ind":"false","route":"0","train_service_code":"24788005","division_code":"88","toc_id":"88","timetable_variation":"12","variation_status":"EARLY","next_report_stanox":"88258","next_report_run_time":"17","train_terminated":"false","delay_monitoring_point":"true","reporting_stanox":"88254","auto_expected":"true"}},{"header":{"msg_type":"0003","msg_queue_timestamp":"1713138421000","source_system_id":"TRUST","original_data_source":"SDR","user_id":"#QBNT046","source_dev_id":"V4M8"},"body":{"train_id":"885D04M914","actual_timestamp":"1713140280000","loc_stanox":"88254","gbtt_timestamp":"1713140280000","planned_timestamp":"1713140280000","planned_event_type":"DEPARTURE","event_type":"DEPARTURE","event_source":"MANUAL","correction_ind":"false","offroute_ind":"false","train_service_code":"24788005","division_code":"88","toc_id":"88","timetable_variation":"0","variation_status":"ON TIME","next_report_stanox":"88258","next_report_run_time":"2","train_terminated":"false","delay_monitoring_point":"true","reporting_stanox":"88254","auto_expected":"true"}},{"header":{"msg_type":"0003","msg_queue_timestamp":"1713138424000","source_system_id":"TRUST","original_data_source":"SMART"},"body":{"train_id":"362A95M914","actual_timestamp":"1713142080000","loc_stanox":"32526","gbtt_timestamp":"1713142140000","planned_timestamp":"1713142140000","planned_event_type":"ARRIVAL","event_type":"ARRIVAL","event_source":"AUTOMATIC","correction_ind":"false","offroute_ind":"false","direction_ind":"UP","platform":" 2","route":"0","train_service_code":"12298820","division_code":"23","toc_id":"23","timetable_variation":"1","variation_status":"EARLY","next_report_stanox":"32529","next_report_run_time":"1","train_terminated":"false","delay_monitoring_point":"false","reporting_stanox":"00000","auto_expected":"true"}},{"header":{"msg_type":"0003","msg_queue_timestamp":"1713138424000","source_system_id":"TRUST","original_data_source":"SMART"},"body":{"train_id":"362A95M914","actual_timestamp":"1713141960000","loc_stanox":"32524","gbtt_timestamp":"1713142020000","planned_timestamp":"1713142020000","planned_event_type":"DEPARTURE","event_type":"DEPARTURE","event_source":"AUTOMATIC","correction_ind":"false","offroute_ind":"false","direction_ind":"UP","platform":" 2","route":"3","train_service_code":"12298820","division_code":"23","toc_id":"23","timetable_variation":"1","variation_status":"EARLY","next_report_stanox":"32526","next_report_run_time":"2","train_terminated":"false","delay_monitoring_point":"false","reporting_stanox":"00000","auto_expected":"true"}},{"header":{"msg_type":"0003","msg_queue_timestamp":"1713138425000","source_system_id":"TRUST","original_data_source":"SMART"},"body":{"train_id":"875Y341015","actual_timestamp":"1713142020000","loc_stanox":"87216","planned_timestamp":"1713142050000","planned_event_type":"ARRIVAL","event_type":"ARRIVAL","event_source":"AUTOMATIC","correction_ind":"false","offroute_ind":"false","route":"0","train_service_code":"24676004","division_code":"84","toc_id":"84","timetable_variation":"0","variation_status":"ON TIME","next_report_stanox":"87217","next_report_run_time":"1","train_terminated":"false","delay_monitoring_point":"false","reporting_stanox":"00000","auto_expected":"true"}},{"header":{"msg_type":"0003","msg_queue_timestamp":"1713138425000","source_system_id":"TRUST","original_data_source":"SMART"},"body":{"train_id":"629W19M914","actual_timestamp":"1713142020000","loc_stanox":"87613","planned_timestamp":"1713142050000","planned_event_type":"ARRIVAL","event_type":"ARRIVAL","event_source":"AUTOMATIC","correction_ind":"false","offroute_ind":"false","route":"0","train_service_code":"22720000","division_code":"88","toc_id":"88","timetable_variation":"0","variation_status":"ON TIME","next_report_stanox":"87631","next_report_run_time":"1","train_terminated":"false","delay_monitoring_point":"true","reporting_stanox":"87613","auto_expected":"true"}},{"header":{"msg_type":"0003","msg_queue_timestamp":"1713138425000","source_system_id":"TRUST","original_data_source":"SMART"},"body":{"train_id":"655N55M814","actual_timestamp":"1713142140000","loc_stanox":"70100","gbtt_timestamp":"1713141900000","planned_timestamp":"1713141900000","planned_event_type":"ARRIVAL","event_type":"ARRIVAL","event_source":"AUTOMATIC","correction_ind":"false","offroute_ind":"false","direction_ind":"UP","line_ind":"3","platform":" 3","route":"0","train_service_code":"22977000","division_code":"29","toc_id":"29","timetable_variation":"4","variation_status":"LATE","next_report_stanox":"70103","next_report_run_time":"12","train_terminated":"false","delay_monitoring_point":"true","reporting_stanox":"70100","auto_expected":"true"}},{"header":{"msg_type":"0003","msg_queue_timestamp":"1713138425000","source_system_id":"TRUST","original_data_source":"SMART"},"body":{"train_id":"861B711015","actual_timestamp":"1713141960000","loc_stanox":"86929","gbtt_timestamp":"1713141900000","planned_timestamp":"1713141930000","planned_event_type":"DEPARTURE","event_type":"DEPARTURE","event_source":"AUTOMATIC","correction_ind":"false","offroute_ind":"false","direction_ind":"DOWN","platform":" 2","route":"2","train_service_code":"24620204","division_code":"84","toc_id":"84","timetable_variation":"1","variation_status":"LATE","next_report_stanox":"86935","next_report_run_time":"4","train_terminated":"false","delay_monitoring_point":"false","reporting_stanox":"00000","auto_expected":"true"}},{"header":{"msg_type":"0003","msg_queue_timestamp":"1713138425000","source_system_id":"TRUST","original_data_source":"SMART"},"body":{"train_id":"872S78M015","actual_timestamp":"1713141960000","loc_stanox":"87249","planned_timestamp":"1713142020000","planned_event_type":"DEPARTURE","event_type":"DEPARTURE","event_source":"AUTOMATIC","correction_ind":"false","offroute_ind":"false","direction_ind":"DOWN","line_ind":"M","platform":" 3","route":"1","train_service_code":"24604004","division_code":"80","toc_id":"80","timetable_variation":"1","variation_status":"EARLY","next_report_stanox":"88314","next_report_run_time":"4","train_terminated":"false","delay_monitoring_point":"true","reporting_stanox":"87249","auto_expected":"true"}}]