[{"header":{"msg_type":"0003","msg_queue_timestamp":"1713164995000","source_system_id":"TRUST","original_data_source":"GPS","user_id":"GPSI02"},"body":{"train_id":"031T16MB15","actual_timestamp":"1713168540000","loc_stanox":"03041","gbtt_timestamp":"1713168300000","planned_timestamp":"1713168300000","planned_event_type":"DEPARTURE","event_type":"DEPARTURE","event_source":"MANUAL","correction_ind":"false","offroute_ind":"false","train_service_code":"23536003","division_code":"60","toc_id":"60","timetable_variation":"4","variation_status":"LATE","next_report_stanox":"03043","next_report_run_time":"4","train_terminated":"false","delay_monitoring_point":"false","reporting_stanox":"00000"}},{"header":{"msg_type":"0003","msg_queue_timestamp":"1713164995000","source_system_id":"TRUST","original_data_source":"GPS","user_id":"GPSN01"},"body":{"train_id":"342B09MB15","actual_timestamp":"1713168540000","loc_stanox":"32544","gbtt_timestamp":"1713168600000","planned_timestamp":"1713168570000","planned_event_type":"ARRIVAL","event_type":"ARRIVAL","event_source":"MANUAL","correction_ind":"false","offroute_ind":"false","route":"0","train_service_code":"12228820","division_code":"23","toc_id":"23","timetable_variation":"0","variation_status":"ON TIME","next_report_stanox":"32543","next_report_run_time":"1","train_terminated":"false","delay_monitoring_point":"false","reporting_stanox":"00000"}},{"header":{"msg_type":"0003","msg_queue_timestamp":"1713164995000","source_system_id":"TRUST","original_data_source":"GPS","user_id":"GPSN01"},"body":{"train_id":"181B99M615","actual_timestamp":"1713168540000","loc_stanox":"16604","gbtt_timestamp":"1713167700000","planned_timestamp":"1713167730000","planned_event_type":"DEPARTURE","event_type":"DEPARTURE","event_source":"MANUAL","correction_ind":"false","offroute_ind":"false","train_service_code":"21737000","division_code":"23","toc_id":"23","timetable_variation":"14","variation_status":"LATE","next_report_stanox":"16602","next_report_run_time":"4","train_terminated":"false","delay_monitoring_point":"false","reporting_stanox":"00000","auto_expected":"true"}},{"header":{"msg_type":"0003","msg_queue_timestamp":"1713164995000","source_system_id":"TRUST","original_data_source":"SMART"},"body":{"train_id":"899Y78M615","actual_timestamp":"1713168540000","loc_stanox":"53501","gbtt_timestamp":"1713168600000","planned_timestamp":"1713168600000","planned_event_type":"DEPARTURE","event_type":"DEPARTURE","event_source":"AUTOMATIC","correction_ind":"false","offroute_ind":"false","direction_ind":"DOWN","line_ind":"S","platform":" 3","route":"1","train_service_code":"22742000","division_code":"88","toc_id":"88","timetable_variation":"1","variation_status":"EARLY","next_report_stanox":"53401","next_report_run_time":"5","train_terminated":"false","delay_monitoring_point":"false","reporting_stanox":"00000","auto_expected":"true"}},{"header":{"msg_type":"0003","msg_queue_timestamp":"1713164995000","source_system_id":"TRUST","original_data_source":"SDR","user_id":"#QDP0012","source_dev_id":"VDL9"},"body":{"train_id":"771W91MA15","actual_timestamp":"1713168480000","loc_stanox":"76354","planned_timestamp":"1713168510000","planned_event_type":"DEPARTURE","event_type":"DEPARTURE","event_source":"MANUAL","correction_ind":"false","offroute_ind":"false","train_service_code":"25434000","division_code":"71","toc_id":"71","timetable_variation":"0","variation_status":"ON TIME","next_report_stanox":"76355","next_report_run_time":"5","train_terminated":"false","delay_monitoring_point":"false","reporting_stanox":"00000"}},{"header":{"msg_type":"0003","msg_queue_timestamp":"1713164995000","source_system_id":"TRUST","original_data_source":"GPS","user_id":"GPSI06"},"body":{"train_id":"852A06MC15","actual_timestamp":"1713168540000","loc_stanox":"85713","gbtt_timestamp":"1713168600000","planned_timestamp":"1713168600000","planned_event_type":"ARRIVAL","event_type":"ARRIVAL","event_source":"MANUAL","correction_ind":"false","offroute_ind":"false","route":"0","train_service_code":"25479001","division_code":"25","toc_id":"25","timetable_variation":"1","variation_status":"EARLY","next_report_stanox":"85715","next_report_run_time":"1","train_terminated":"false","delay_monitoring_point":"false","reporting_stanox":"00000"}},{"header":{"msg_type":"0003","msg_queue_timestamp":"1713164995000","source_system_id":"TRUST","original_data_source":"SMART"},"body":{"train_id":"861S14MA15","actual_timestamp":"1713168600000","loc_stanox":"87153","gbtt_timestamp":"1713168660000","planned_timestamp":"1713168630000","planned_event_type":"ARRIVAL","event_type":"ARRIVAL","event_source":"AUTOMATIC","correction_ind":"false","offroute_ind":"false","direction_ind":"UP","line_ind":"S","platform":" 4","route":"0","train_service_code":"24671205","division_code":"84","toc_id":"84","timetable_variation":"0","variation_status":"ON TIME","next_report_stanox":"87219","next_report_run_time":"1","train_terminated":"false","delay_monitoring_point":"false","reporting_stanox":"00000","auto_expected":"true"}},{"header":{"msg_type":"0003","msg_queue_timestamp":"1713164995000","source_system_id":"TRUST","original_data_source":"GPS","user_id":"GPSN04"},"body":{"train_id":"401F92MB15","actual_timestamp":"1713168540000","loc_stanox":"35703","gbtt_timestamp":"1713167760000","planned_timestamp":"1713167760000","planned_event_type":"ARRIVAL","event_type":"ARRIVAL","event_source":"MANUAL","correction_ind":"false","offroute_ind":"false","route":"0","train_service_code":"22345001","division_code":"71","toc_id":"71","timetable_variation":"13","variation_status":"LATE","next_report_stanox":"35702","next_report_run_time":"1","train_terminated":"false","delay_monitoring_point":"false","reporting_stanox":"00000"}},{"header":{"msg_type":"0003","msg_queue_timestamp":"1713164995000","source_system_id":"TRUST","original_data_source":"GPS","user_id":"GPSI06"},"body":{"train_id":"845A78MD15","actual_timestamp":"1713168540000","loc_stanox":"84095","gbtt_timestamp":"1713171240000","planned_timestamp":"1713171240000","planned_event_type":"DEPARTURE","event_type":"DEPARTURE","event_source":"MANUAL","correction_ind":"false","offroute_ind":"false","train_service_code":"25397003","division_code":"25","toc_id":"25","timetable_variation":"45","variation_status":"EARLY","next_report_stanox":"84135","next_report_run_time":"3","train_terminated":"false","delay_monitoring_point":"false","reporting_stanox":"00000","auto_expected":"true"}},{"header":{"msg_type":"0003","msg_queue_timestamp":"1713164995000","source_system_id":"TRUST","original_data_source":"GPS","user_id":"GPSN01"},"body":{"train_id":"112C39M615","actual_timestamp":"1713168540000","loc_stanox":"10124","gbtt_timestamp":"1713168600000","planned_timestamp":"1713168600000","planned_event_type":"ARRIVAL","event_type":"ARRIVAL","event_source":"MANUAL","correction_ind":"false","offroute_ind":"false","route":"0","train_service_code":"22358000","division_code":"23","toc_id":"23","timetable_variation":"1","variation_status":"EARLY","next_report_stanox":"10101","next_report_run_time":"2","train_terminated":"false","delay_monitoring_point":"false","reporting_stanox":"00000"}},{"header":{"msg_type":"0003","msg_queue_timestamp":"1713164995000","source_system_id":"TRUST","original_data_source":"SMART"},"body":{"train_id":"872L99MB15","actual_timestamp":"1713168600000","loc_stanox":"86005","gbtt_timestamp":"1713168660000","planned_timestamp":"1713168630000","planned_event_type":"ARRIVAL","event_type":"ARRIVAL","event_source":"AUTOMATIC","correction_ind":"false","offroute_ind":"false","direction_ind":"DOWN","platform":" 3","route":"0","train_service_code":"24629204","division_code":"84","toc_id":"84","timetable_variation":"0","variation_status":"ON TIME","next_report_stanox":"86022","next_report_run_time":"1","train_terminated":"false","delay_monitoring_point":"true","reporting_stanox":"86005","auto_expected":"true"}},{"header":{"msg_type":"0003","msg_queue_timestamp":"1713164995000","source_system_id":"TRUST","original_data_source":"GPS","user_id":"GPSN04"},"body":{"train_id":"782M08M615","actual_timestamp":"1713168540000","loc_stanox":"78146","gbtt_timestamp":"1713168540000","planned_timestamp":"1713168570000","planned_event_type":"DEPARTURE","event_type":"DEPARTURE","event_source":"MANUAL","correction_ind":"false","offroute_ind":"false","train_service_code":"25442000","division_code":"71","toc_id":"71","timetable_variation":"0","variation_status":"ON TIME","next_report_stanox":"78144","next_report_run_time":"5","train_terminated":"false","delay_monitoring_point":"false","reporting_stanox":"00000","auto_expected":"true"}},{"header":{"msg_type":"0003","msg_queue_timestamp":"1713164995000","source_system_id":"TRUST","original_data_source":"SMART"},"body":{"train_id":"322E63MA15","actual_timestamp":"1713168600000","loc_stanox":"18058","gbtt_timestamp":"1713168180000","planned_timestamp":"1713168150000","planned_event_type":"ARRIVAL","event_type":"ARRIVAL","event_source":"AUTOMATIC","correction_ind":"false","offroute_ind":"false","direction_ind":"DOWN","platform":" 1","route":"0","train_service_code":"21733000","division_code":"20","toc_id":"20","timetable_variation":"8","variation_status":"LATE","next_report_stanox":"18041","next_report_run_time":"1","train_terminated":"false","delay_monitoring_point":"true","reporting_stanox":"18058","auto_expected":"true"}},{"header":{"msg_type":"0003","msg_queue_timestamp":"1713164995000","source_system_id":"TRUST","original_data_source":"GPS","user_id":"GPSN01"},"body":{"train_id":"362F56MB15","actual_timestamp":"1713168540000","loc_stanox":"36616","gbtt_timestamp":"1713168540000","planned_timestamp":"1713168570000","planned_event_type":"DEPARTURE","event_type":"DEPARTURE","event_source":"MANUAL","correction_ind":"false","offroute_ind":"false","train_service_code":"12297820","division_code":"23","toc_id":"23","timetable_variation":"0","variation_status":"ON TIME","next_report_stanox":"35405","next_report_run_time":"3","train_terminated":"false","delay_monitoring_point":"false","reporting_stanox":"00000","auto_expected":"true"}},{"header":{"msg_type":"0003","msg_queue_timestamp":"1713164996000","source_system_id":"TRUST","original_data_source":"GPS","user_id":"GPSN01"},"body":{"train_id":"152D05MA15","actual_timestamp":"1713168540000","loc_stanox":"15834","gbtt_timestamp":"1713168420000","planned_timestamp":"1713168450000","planned_event_type":"DEPARTURE","event_type":"DEPARTURE","event_source":"MANUAL","correction_ind":"false","offroute_ind":"false","train_service_code":"21801000","division_code":"23","toc_id":"23","timetable_variation":"2","variation_status":"LATE","next_report_stanox":"15833","next_report_run_time":"3","train_terminated":"false","delay_monitoring_point":"false","reporting_stanox":"00000"}},{"header":{"msg_type":"0003","msg_queue_timestamp":"1713164996000","source_system_id":"TRUST","original_data_source":"GPS","user_id":"GPSN01"},"body":{"train_id":"362O42MA15","actual_timestamp":"1713168540000","loc_stanox":"33093","gbtt_timestamp":"1713167460000","planned_timestamp":"1713167490000","planned_event_type":"DEPARTURE","event_type":"DEPARTURE","event_source":"MANUAL","correction_ind":"false","offroute_ind":"false","train_service_code":"12236820","division_code":"23","toc_id":"23","timetable_variation":"18","variation_status":"LATE","next_report_stanox":"33091","next_report_run_time":"4","train_terminated":"false","delay_monitoring_point":"false","reporting_stanox":"00000"}},{"header":{"msg_type":"0003","msg_queue_timestamp":"1713164996000","source_system_id":"TRUST","original_data_source":"SMART"},"body":{"train_id":"702T06MB15","actual_timestamp":"1713168540000","loc_stanox":"72007","planned_timestamp":"1713168570000","planned_event_type":"DEPARTURE","event_type":"DEPARTURE","event_source":"AUTOMATIC","correction_ind":"false","offroute_ind":"false","direction_ind":"UP","line_ind":"S","platform":" 6","route":"1","train_service_code":"22209000","division_code":"29","toc_id":"29","timetable_variation":"0","variation_status":"ON TIME","next_report_stanox":"72021","next_report_run_time":"2","train_terminated":"false","delay_monitoring_point":"true","reporting_stanox":"72007","auto_expected":"true"}},{"header":{"msg_type":"0003","msg_queue_timestamp":"1713164996000","source_system_id":"TRUST","original_data_source":"SMART"},"body":{"train_id":"782A10MB15","actual_timestamp":"1713168540000","loc_stanox":"78705","gbtt_timestamp":"1713168240000","planned_timestamp":"1713168270000","planned_event_type":"DEPARTURE","event_type":"DEPARTURE","event_source":"AUTOMATIC","correction_ind":"false","offroute_ind":"false","direction_ind":"UP","platform":" 1","route":"2","train_service_code":"25442000","division_code":"71","toc_id":"71","timetable_variation":"5","variation_status":"LATE","next_report_stanox":"78699","next_report_run_time":"1","train_terminated":"false","delay_monitoring_point":"true","reporting_stanox":"78705","auto_expected":"true"}},{"header":{"msg_type":"0003","msg_queue_timestamp":"1713164996000","source_system_id":"TRUST","original_data_source":"SMART"},"body":{"train_id":"782C07MC15","actual_timestamp":"1713168540000","loc_stanox":"78507","gbtt_timestamp":"1713168480000","planned_timestamp":"1713168480000","planned_event_type":"DEPARTURE","event_type":"DEPARTURE","event_source":"AUTOMATIC","correction_ind":"false","offroute_ind":"false","direction_ind":"DOWN","platform":" 1","route":"2","train_service_code":"25440000","division_code":"71","toc_id":"71","timetable_variation":"1","variation_status":"LATE","next_report_stanox":"78509","next_report_run_time":"1","train_terminated":"false","delay_monitoring_point":"false","reporting_stanox":"00000","auto_expected":"true"}},{"header":{"msg_type":"0003","msg_queue_timestamp":"1713164996000","source_system_id":"TRUST","original_data_source":"SMART"},"body":{"train_id":"741O59MB15","actual_timestamp":"1713168540000","loc_stanox":"87004","gbtt_timestamp":"1713168060000","planned_timestamp":"1713168090000","planned_event_type":"DEPARTURE","event_type":"DEPARTURE","event_source":"AUTOMATIC","correction_ind":"false","offroute_ind":"false","direction_ind":"UP","line_ind":"G","platform":" 1","route":"3","train_service_code":"25521007","division_code":"25","toc_id":"25","timetable_variation":"8","variation_status":"LATE","next_report_stanox":"87006","next_report_run_time":"5","train_terminated":"false","delay_monitoring_point":"true","reporting_stanox":"87004","auto_expected":"true"}},{"header":{"msg_type":"0003","msg_queue_timestamp":"1713164996000","source_system_id":"TRUST","original_data_source":"SMART"},"body":{"train_id":"782C07MC15","actual_timestamp":"1713168600000","loc_stanox":"78509","gbtt_timestamp":"1713168600000","planned_timestamp":"1713168570000","planned_event_type":"ARRIVAL","event_type":"ARRIVAL","event_source":"AUTOMATIC","correction_ind":"false","offroute_ind":"false","direction_ind":"DOWN","platform":" 2","route":"0","train_service_code":"25440000","division_code":"71","toc_id":"71","timetable_variation":"1","variation_status":"LATE","next_report_stanox":"78526","next_report_run_time":"1","train_terminated":"false","delay_monitoring_point":"false","reporting_stanox":"00000","auto_expected":"true"}},{"header":{"msg_type":"0003","msg_queue_timestamp":"1713164996000","source_system_id":"TRUST","original_data_source":"SMART"},"body":{"train_id":"872H96MC15","actual_timestamp":"1713168540000","loc_stanox":"87158","gbtt_timestamp":"1713168540000","planned_timestamp":"1713168570000","planned_event_type":"DEPARTURE","event_type":"DEPARTURE","event_source":"AUTOMATIC","correction_ind":"false","offroute_ind":"false","direction_ind":"UP","platform":" 1","route":"2","train_service_code":"24671605","division_code":"84","toc_id":"84","timetable_variation":"0","variation_status":"ON TIME","next_report_stanox":"87160","next_report_run_time":"3","train_terminated":"false","delay_monitoring_point":"true","reporting_stanox":"87158","auto_expected":"true"}},{"header":{"msg_type":"0003","msg_queue_timestamp":"1713164996000","source_system_id":"TRUST","original_data_source":"SMART"},"body":{"train_id":"802B90M615","actual_timestamp":"1713168480000","loc_stanox":"78615","gbtt_timestamp":"1713167220000","planned_timestamp":"1713167220000","planned_event_type":"DEPARTURE","event_type":"DEPARTURE","event_source":"AUTOMATIC","correction_ind":"false","offroute_ind":"false","direction_ind":"UP","platform":" 2","route":"1","train_service_code":"25432000","division_code":"71","toc_id":"71","timetable_variation":"21","variation_status":"LATE","next_report_stanox":"78608","next_report_run_time":"4","train_terminated":"false","delay_monitoring_point":"false","reporting_stanox":"00000","auto_expected":"true"}},{"header":{"msg_type":"0003","msg_queue_timestamp":"1713164996000","source_system_id":"TRUST","original_data_source":"SMART"},"body":{"train_id":"782Y13M615","actual_timestamp":"1713168480000","loc_stanox":"78717","gbtt_timestamp":"1713168420000","planned_timestamp":"1713168450000","planned_event_type":"DEPARTURE","event_type":"DEPARTURE","event_source":"AUTOMATIC","correction_ind":"false","offroute_ind":"false","direction_ind":"DOWN","platform":" 2","route":"1","train_service_code":"25441000","division_code":"71","toc_id":"71","timetable_variation":"1","variation_status":"LATE","next_report_stanox":"78719","next_report_run_time":"4","train_terminated":"false","delay_monitoring_point":"true","reporting_stanox":"78717","auto_expected":"true"}},{"header":{"msg_type":"0003","msg_queue_timestamp":"1713164996000","source_system_id":"TRUST","original_data_source":"SMART"},"body":{"train_id":"872H96MC15","actual_timestamp":"1713168720000","loc_stanox":"87160","gbtt_timestamp":"1713168720000","planned_timestamp":"1713168720000","planned_event_type":"ARRIVAL","event_type":"ARRIVAL","event_source":"AUTOMATIC","correction_ind":"false","offroute_ind":"false","direction_ind":"UP","platform":" 1","route":"0","train_service_code":"24671605","division_code":"84","toc_id":"84","timetable_variation":"0","variation_status":"ON TIME","next_report_stanox":"87134","next_report_run_time":"1","train_terminated":"false","delay_monitoring_point":"true","reporting_stanox":"87160","auto_expected":"true"}},{"header":{"msg_type":"0003","msg_queue_timestamp":"1713164996000","source_system_id":"TRUST","original_data_source":"SMART"},"body":{"train_id":"872N12N615","actual_timestamp":"1713168660000","loc_stanox":"89405","gbtt_timestamp":"1713168540000","planned_timestamp":"1713168510000","planned_event_type":"ARRIVAL","event_type":"ARRIVAL","event_source":"AUTOMATIC","correction_ind":"false","offroute_ind":"false","direction_ind":"DOWN","platform":" 2","route":"0","train_service_code":"24606004","division_code":"80","toc_id":"80","timetable_variation":"3","variation_status":"LATE","next_report_stanox":"89406","next_report_run_time":"1","train_terminated":"false","delay_monitoring_point":"false","reporting_stanox":"00000","auto_expected":"true"}},{"header":{"msg_type":"0003","msg_queue_timestamp":"1713164996000","source_system_id":"TRUST","original_data_source":"SMART"},"body":{"train_id":"882I09MA15","actual_timestamp":"1713168540000","loc_stanox":"88602","gbtt_timestamp":"1713168480000","planned_timestamp":"1713168510000","planned_event_type":"DEPARTURE","event_type":"DEPARTURE","event_source":"AUTOMATIC","correction_ind":"false","offroute_ind":"false","direction_ind":"UP","platform":" 1","route":"1","train_service_code":"24657005","division_code":"80","toc_id":"80","timetable_variation":"1","variation_status":"LATE","next_report_stanox":"88601","next_report_run_time":"3","train_terminated":"false","delay_monitoring_point":"false","reporting_stanox":"00000","auto_expected":"true"}},{"header":{"msg_type":"0003","msg_queue_timestamp":"1713164996000","source_system_id":"TRUST","original_data_source":"SMART"},"body":{"train_id":"362K06MB15","actual_timestamp":"1713168540000","loc_stanox":"36052","gbtt_timestamp":"1713168240000","planned_timestamp":"1713168270000","planned_event_type":"DEPARTURE","event_type":"DEPARTURE","event_source":"AUTOMATIC","correction_ind":"false","offroute_ind":"false","direction_ind":"DOWN","platform":" 2","route":"1","train_service_code":"12303012","division_code":"64","toc_id":"64","timetable_variation":"5","variation_status":"LATE","next_report_stanox":"36050","next_report_run_time":"3","train_terminated":"false","delay_monitoring_point":"false","reporting_stanox":"00000","auto_expected":"true"}},{"header":{"msg_type":"0003","msg_queue_timestamp":"1713164996000","source_system_id":"TRUST","original_data_source":"SMART"},"body":{"train_id":"362N01MB15","actual_timestamp":"1713168600000","loc_stanox":"30150","planned_timestamp":"1713168630000","planned_event_type":"DEPARTURE","event_type":"DEPARTURE","event_source":"AUTOMATIC","correction_ind":"false","offroute_ind":"false","direction_ind":"DOWN","line_ind":"S","route":"1","train_service_code":"22351000","division_code":"23","toc_id":"23","timetable_variation":"0","variation_status":"ON TIME","next_report_stanox":"30148","next_report_run_time":"4","train_terminated":"false","delay_monitoring_point":"false","reporting_stanox":"00000","auto_expected":"true"}},{"header":{"msg_type":"0003","msg_queue_timestamp":"1713164996000","source_system_id":"TRUST","original_data_source":"SMART"},"body":{"train_id":"062L10MB15","actual_timestamp":"1713168540000","loc_stanox":"07275","gbtt_timestamp":"1713168540000","planned_timestamp":"1713168570000","planned_event_type":"DEPARTURE","event_type":"DEPARTURE","event_source":"AUTOMATIC","correction_ind":"false","offroute_ind":"false","direction_ind":"UP","platform":" 1","route":"2","train_service_code":"23563015","division_code":"60","toc_id":"60","timetable_variation":"0","variation_status":"ON TIME","next_report_stanox":"07253","next_report_run_time":"2","train_terminated":"false","delay_monitoring_point":"false","reporting_stanox":"00000","auto_expected":"true"}},{"header":{"msg_type":"0003","msg_queue_timestamp":"1713164996000","source_system_id":"TRUST","original_data_source":"SMART"},"body":{"train_id":"072L05MA15","actual_timestamp":"1713168540000","loc_stanox":"06345","gbtt_timestamp":"1713168540000","planned_timestamp":"1713168570000","planned_event_type":"DEPARTURE","event_type":"DEPARTURE","event_source":"AUTOMATIC","correction_ind":"false","offroute_ind":"false","direction_ind":"DOWN","platform":" 2","route":"1","train_service_code":"23563015","division_code":"60","toc_id":"60","timetable_variation":"0","variation_status":"ON TIME","next_report_stanox":"06211","next_report_run_time":"6","train_terminated":"false","delay_monitoring_point":"false","reporting_stanox":"00000","auto_expected":"true"}},{"header":{"msg_type":"0003","msg_queue_timestamp":"1713164996000","source_system_id":"TRUST","original_data_source":"SMART"},"body":{"train_id":"402H34MB15","actual_timestamp":"1713168600000","loc_stanox":"37065","gbtt_timestamp":"1713168420000","planned_timestamp":"1713168420000","planned_event_type":"ARRIVAL","event_type":"ARRIVAL","event_source":"AUTOMATIC","correction_ind":"false","offroute_ind":"false","direction_ind":"UP","platform":" 1","route":"0","train_service_code":"12229820","division_code":"23","toc_id":"23","timetable_variation":"3","variation_status":"LATE","next_report_stanox":"37067","next_report_run_time":"1","train_terminated":"false","delay_monitoring_point":"true","reporting_stanox":"37065","auto_expected":"true"}}]