[{"header":{"msg_type":"0003","msg_queue_timestamp":"1713162231000","source_system_id":"TRUST","original_data_source":"SMART"},"body":{"train_id":"121Y14M615","actual_timestamp":"1713165900000","loc_stanox":"15866","gbtt_timestamp":"1713165960000","planned_timestamp":"1713165930000","planned_event_type":"ARRIVAL","event_type":"ARRIVAL","event_source":"AUTOMATIC","correction_ind":"false","offroute_ind":"false","direction_ind":"UP","platform":" 1","route":"0","train_service_code":"21700001","division_code":"61","toc_id":"61","timetable_variation":"0","variation_status":"ON TIME","next_report_stanox":"15883","next_report_run_time":"7","train_terminated":"false","delay_monitoring_point":"true","reporting_stanox":"15866","auto_expected":"true"}},{"header":{"msg_type":"0003","msg_queue_timestamp":"1713162231000","source_system_id":"TRUST","original_data_source":"SMART"},"body":{"train_id":"749U29M615","actual_timestamp":"1713165780000","loc_stanox":"88529","planned_timestamp":"1713165840000","planned_event_type":"DEPARTURE","event_type":"DEPARTURE","event_source":"AUTOMATIC","correction_ind":"false","offroute_ind":"false","direction_ind":"UP","route":"1","train_service_code":"21381001","division_code":"33","toc_id":"33","timetable_variation":"1","variation_status":"EARLY","next_report_stanox":"88607","next_report_run_time":"2","train_terminated":"false","delay_monitoring_point":"false","reporting_stanox":"00000","auto_expected":"true"}},{"header":{"msg_type":"0003","msg_queue_timestamp":"1713162231000","source_system_id":"TRUST","original_data_source":"SMART"},"body":{"train_id":"749U33M615","actual_timestamp":"1713165780000","loc_stanox":"52206","planned_timestamp":"1713165810000","planned_event_type":"DEPARTURE","event_type":"DEPARTURE","event_source":"AUTOMATIC","correction_ind":"false","offroute_ind":"false","direction_ind":"UP","route":"3","train_service_code":"25381001","division_code":"33","toc_id":"33","timetable_variation":"0","variation_status":"ON TIME","next_report_stanox":"52208","next_report_run_time":"2","train_terminated":"false","delay_monitoring_point":"false","reporting_stanox":"00000","auto_expected":"true"}},{"header":{"msg_type":"0003","msg_queue_timestamp":"1713162231000","source_system_id":"TRUST","original_data_source":"SMART"},"body":{"train_id":"522Y60MA15","actual_timestamp":"1713165780000","loc_stanox":"52048","gbtt_timestamp":"1713165780000","planned_timestamp":"1713165810000","planned_event_type":"DEPARTURE","event_type":"DEPARTURE","event_source":"AUTOMATIC","correction_ind":"false","offroute_ind":"false","direction_ind":"UP","line_ind":"U","platform":" 3","route":"1","train_service_code":"22214000","division_code":"30","toc_id":"30","timetable_variation":"0","variation_status":"ON TIME","next_report_stanox":"52054","next_report_run_time":"1","train_terminated":"false","delay_monitoring_point":"false","reporting_stanox":"00000","auto_expected":"true"}},{"header":{"msg_type":"0003","msg_queue_timestamp":"1713162231000","source_system_id":"TRUST","original_data_source":"SMART"},"body":{"train_id":"522Y60MA15","actual_timestamp":"1713165840000","loc_stanox":"52054","planned_timestamp":"1713165840000","planned_event_type":"DEPARTURE","event_type":"DEPARTURE","event_source":"AUTOMATIC","correction_ind":"false","offroute_ind":"false","direction_ind":"UP","line_ind":"U","route":"1","train_service_code":"22214000","division_code":"30","toc_id":"30","timetable_variation":"0","variation_status":"ON TIME","next_report_stanox":"52053","next_report_run_time":"1","train_terminated":"false","delay_monitoring_point":"true","reporting_stanox":"52054","auto_expected":"true"}},{"header":{"msg_type":"0003","msg_queue_timestamp":"1713162231000","source_system_id":"TRUST","original_data_source":"SMART"},"body":{"train_id":"872L02M615","actual_timestamp":"1713165840000","loc_stanox":"52038","planned_timestamp":"1713165810000","planned_event_type":"DEPARTURE","event_type":"DEPARTURE","event_source":"AUTOMATIC","correction_ind":"false","offroute_ind":"false","direction_ind":"DOWN","line_ind":"D","route":"2","train_service_code":"22204000","division_code":"30","toc_id":"30","timetable_variation":"1","variation_status":"LATE","next_report_stanox":"52219","next_report_run_time":"1","train_terminated":"false","delay_monitoring_point":"false","reporting_stanox":"00000","auto_expected":"true"}},{"header":{"msg_type":"0003","msg_queue_timestamp":"1713162231000","source_system_id":"TRUST","original_data_source":"SMART"},"body":{"train_id":"172S04MA15","actual_timestamp":"1713165900000","loc_stanox":"17016","gbtt_timestamp":"1713165900000","planned_timestamp":"1713165900000","planned_event_type":"ARRIVAL","event_type":"ARRIVAL","event_source":"AUTOMATIC","correction_ind":"false","offroute_ind":"false","direction_ind":"DOWN","platform":" 2","route":"0","train_service_code":"11820820","division_code":"23","toc_id":"23","timetable_variation":"0","variation_status":"ON TIME","next_report_stanox":"17014","next_report_run_time":"1","train_terminated":"false","delay_monitoring_point":"false","reporting_stanox":"00000","auto_expected":"true"}},{"header":{"msg_type":"0003","msg_queue_timestamp":"1713162231000","source_system_id":"TRUST","original_data_source":"SMART"},"body":{"train_id":"091A13M615","actual_timestamp":"1713165780000","loc_stanox":"17053","planned_timestamp":"1713165780000","planned_event_type":"DEPARTURE","event_type":"DEPARTURE","event_source":"AUTOMATIC","correction_ind":"false","offroute_ind":"false","direction_ind":"UP","line_ind":"M","route":"1","train_service_code":"21703001","division_code":"61","toc_id":"61","timetable_variation":"0","variation_status":"ON TIME","next_report_stanox":"17136","next_report_run_time":"6","train_terminated":"false","delay_monitoring_point":"true","reporting_stanox":"17053","auto_expected":"true"}},{"header":{"msg_type":"0003","msg_queue_timestamp":"1713162231000","source_system_id":"TRUST","original_data_source":"SMART"},"body":{"train_id":"362K03MA15","actual_timestamp":"1713165780000","loc_stanox":"36050","gbtt_timestamp":"1713165780000","planned_timestamp":"1713165780000","planned_event_type":"DEPARTURE","event_type":"DEPARTURE","event_source":"AUTOMATIC","correction_ind":"false","offroute_ind":"false","direction_ind":"DOWN","platform":" 1","route":"1","train_service_code":"12303012","division_code":"64","toc_id":"64","timetable_variation":"0","variation_status":"ON TIME","next_report_stanox":"36051","next_report_run_time":"2","train_terminated":"false","delay_monitoring_point":"true","reporting_stanox":"36050","auto_expected":"true"}},{"header":{"msg_type":"0003","msg_queue_timestamp":"1713162231000","source_system_id":"TRUST","original_data_source":"SMART"},"body":{"train_id":"362K03MA15","actual_timestamp":"1713165900000","loc_stanox":"36051","gbtt_timestamp":"1713165900000","planned_timestamp":"1713165900000","planned_event_type":"DESTINATION","event_type":"ARRIVAL","event_source":"AUTOMATIC","correction_ind":"false","offroute_ind":"false","direction_ind":"DOWN","platform":" 2","route":"0","train_service_code":"12303012","division_code":"64","toc_id":"64","timetable_variation":"0","variation_status":"ON TIME","train_terminated":"true","delay_monitoring_point":"true","reporting_stanox":"36051","auto_expected":"true"}},{"header":{"msg_type":"0003","msg_queue_timestamp":"1713162231000","source_system_id":"TRUST","original_data_source":"SMART"},"body":{"train_id":"362F05MA15","actual_timestamp":"1713165780000","loc_stanox":"36057","gbtt_timestamp":"1713165720000","planned_timestamp":"1713165720000","planned_event_type":"DEPARTURE","event_type":"DEPARTURE","event_source":"AUTOMATIC","correction_ind":"false","offroute_ind":"false","direction_ind":"UP","platform":" 1","route":"2","train_service_code":"12303012","division_code":"64","toc_id":"64","timetable_variation":"1","variation_status":"LATE","next_report_stanox":"36076","next_report_run_time":"2","train_terminated":"false","delay_monitoring_point":"false","reporting_stanox":"00000","auto_expected":"true"}},{"header":{"msg_type":"0003","msg_queue_timestamp":"1713162231000","source_system_id":"TRUST","original_data_source":"SMART"},"body":{"train_id":"881D26M615","actual_timestamp":"1713165780000","loc_stanox":"88461","gbtt_timestamp":"1713165780000","planned_timestamp":"1713165810000","planned_event_type":"DEPARTURE","event_type":"DEPARTURE","event_source":"AUTOMATIC","correction_ind":"false","offroute_ind":"false","direction_ind":"UP","platform":" 1","route":"2","train_service_code":"24657000","division_code":"80","toc_id":"80","timetable_variation":"0","variation_status":"ON TIME","next_report_stanox":"88459","next_report_run_time":"3","train_terminated":"false","delay_monitoring_point":"true","reporting_stanox":"88461","auto_expected":"true"}},{"header":{"msg_type":"0003","msg_queue_timestamp":"1713162231000","source_system_id":"TRUST","original_data_source":"SMART"},"body":{"train_id":"892W20MA15","actual_timestamp":"1713165780000","loc_stanox":"89451","gbtt_timestamp":"1713165600000","planned_timestamp":"1713165630000","planned_event_type":"DEPARTURE","event_type":"DEPARTURE","event_source":"AUTOMATIC","correction_ind":"false","offroute_ind":"false","direction_ind":"UP","platform":" 1","route":"2","train_service_code":"24605000","division_code":"80","toc_id":"80","timetable_variation":"3","variation_status":"LATE","next_report_stanox":"89449","next_report_run_time":"11","train_terminated":"false","delay_monitoring_point":"true","reporting_stanox":"89451","auto_expected":"true"}},{"header":{"msg_type":"0003","msg_queue_timestamp":"1713162231000","source_system_id":"TRUST","original_data_source":"SMART"},"body":{"train_id":"892R06M615","actual_timestamp":"1713165780000","loc_stanox":"89474","gbtt_timestamp":"1713165780000","planned_timestamp":"1713165810000","planned_event_type":"DEPARTURE","event_type":"DEPARTURE","event_source":"AUTOMATIC","correction_ind":"false","offroute_ind":"false","direction_ind":"UP","line_ind":"1","platform":" 1","route":"1","train_service_code":"24647005","division_code":"80","toc_id":"80","timetable_variation":"0","variation_status":"ON TIME","next_report_stanox":"89475","next_report_run_time":"5","train_terminated":"false","delay_monitoring_point":"false","reporting_stanox":"00000","auto_expected":"true"}},{"header":{"msg_type":"0003","msg_queue_timestamp":"1713162231000","source_system_id":"TRUST","original_data_source":"SMART"},"body":{"train_id":"782P09MA15","actual_timestamp":"1713165780000","loc_stanox":"78371","gbtt_timestamp":"1713165720000","planned_timestamp":"1713165750000","planned_event_type":"DEPARTURE","event_type":"DEPARTURE","event_source":"AUTOMATIC","correction_ind":"false","offroute_ind":"false","direction_ind":"DOWN","platform":" 1","route":"2","train_service_code":"25448000","division_code":"71","toc_id":"71","timetable_variation":"1","variation_status":"LATE","next_report_stanox":"78374","next_report_run_time":"2","train_terminated":"false","delay_monitoring_point":"false","reporting_stanox":"00000","auto_expected":"true"}},{"header":{"msg_type":"0003","msg_queue_timestamp":"1713162231000","source_system_id":"TRUST","original_data_source":"SMART"},"body":{"train_id":"782P09MA15","actual_timestamp":"1713165900000","loc_stanox":"78374","gbtt_timestamp":"1713165900000","planned_timestamp":"1713165840000","planned_event_type":"ARRIVAL","event_type":"ARRIVAL","event_source":"AUTOMATIC","correction_ind":"false","offroute_ind":"false","direction_ind":"DOWN","platform":" 2","route":"0","train_service_code":"25448000","division_code":"71","toc_id":"71","timetable_variation":"1","variation_status":"LATE","next_report_stanox":"78376","next_report_run_time":"1","train_terminated":"false","delay_monitoring_point":"true","reporting_stanox":"78374","auto_expected":"true"}},{"header":{"msg_type":"0003","msg_queue_timestamp":"1713162231000","source_system_id":"TRUST","original_data_source":"SMART"},"body":{"train_id":"762N02MA15","actual_timestamp":"1713165780000","loc_stanox":"76634","gbtt_timestamp":"1713165780000","planned_timestamp":"1713165780000","planned_event_type":"DEPARTURE","event_type":"DEPARTURE","event_source":"AUTOMATIC","correction_ind":"false","offroute_ind":"false","direction_ind":"DOWN","line_ind":"2","platform":" 2","route":"2","train_service_code":"25444001","division_code":"71","toc_id":"71","timetable_variation":"0","variation_status":"ON TIME","next_report_stanox":"76632","next_report_run_time":"6","train_terminated":"false","delay_monitoring_point":"false","reporting_stanox":"00000","auto_expected":"true"}},{"header":{"msg_type":"0003","msg_queue_timestamp":"1713162232000","source_system_id":"TRUST","original_data_source":"SMART"},"body":{"train_id":"086O681K14","actual_timestamp":"1713165840000","loc_stanox":"87606","planned_timestamp":"1713165870000","planned_event_type":"ARRIVAL","event_type":"ARRIVAL","event_source":"AUTOMATIC","correction_ind":"false","offroute_ind":"false","route":"0","train_service_code":"55460480","division_code":"54","toc_id":"54","timetable_variation":"0","variation_status":"ON TIME","next_report_stanox":"87604","next_report_run_time":"1","train_terminated":"false","delay_monitoring_point":"false","train_file_address":"FZE","reporting_stanox":"00000","auto_expected":"true"}},{"header":{"msg_type":"0003","msg_queue_timestamp":"1713162232000","source_system_id":"TRUST","original_data_source":"SMART"},"body":{"train_id":"741Y06M615","actual_timestamp":"1713165780000","loc_stanox":"63006","gbtt_timestamp":"1713165780000","planned_timestamp":"1713165780000","planned_event_type":"DEPARTURE","event_type":"DEPARTURE","event_source":"AUTOMATIC","correction_ind":"false","offroute_ind":"false","direction_ind":"UP","platform":" 1","route":"2","train_service_code":"25535004","division_code":"74","toc_id":"74","timetable_variation":"0","variation_status":"ON TIME","next_report_stanox":"63018","next_report_run_time":"2","train_terminated":"false","delay_monitoring_point":"false","reporting_stanox":"00000","auto_expected":"true"}},{"header":{"msg_type":"0003","msg_queue_timestamp":"1713162232000","source_system_id":"TRUST","original_data_source":"SMART"},"body":{"train_id":"691H07M615","actual_timestamp":"1713165840000","loc_stanox":"73425","planned_timestamp":"1713165840000","planned_event_type":"ARRIVAL","event_type":"ARRIVAL","event_source":"AUTOMATIC","correction_ind":"false","offroute_ind":"false","route":"0","train_service_code":"25530004","division_code":"74","toc_id":"74","timetable_variation":"0","variation_status":"ON TIME","next_report_stanox":"73420","next_report_run_time":"1","train_terminated":"false","delay_monitoring_point":"false","reporting_stanox":"00000","auto_expected":"true"}},{"header":{"msg_type":"0003","msg_queue_timestamp":"1713162232000","source_system_id":"TRUST","original_data_source":"SMART"},"body":{"train_id":"872L03M615","actual_timestamp":"1713165840000","loc_stanox":"52046","gbtt_timestamp":"1713165900000","planned_timestamp":"1713165870000","planned_event_type":"ARRIVAL","event_type":"ARRIVAL","event_source":"AUTOMATIC","correction_ind":"false","offroute_ind":"false","direction_ind":"DOWN","platform":" 2","route":"0","train_service_code":"22204000","division_code":"30","toc_id":"30","timetable_variation":"0","variation_status":"ON TIME","next_report_stanox":"52045","next_report_run_time":"1","train_terminated":"false","delay_monitoring_point":"false","reporting_stanox":"00000","auto_expected":"true"}},{"header":{"msg_type":"0003","msg_queue_timestamp":"1713162232000","source_system_id":"TRUST","original_data_source":"GPS","user_id":"GPSN05"},"body":{"train_id":"572A15MA15","actual_timestamp":"1713165780000","loc_stanox":"57011","gbtt_timestamp":"1713165720000","planned_timestamp":"1713165750000","planned_event_type":"DEPARTURE","event_type":"DEPARTURE","event_source":"MANUAL","correction_ind":"false","offroute_ind":"false","train_service_code":"22323000","division_code":"28","toc_id":"28","timetable_variation":"1","variation_status":"LATE","next_report_stanox":"57013","next_report_run_time":"4","train_terminated":"false","delay_monitoring_point":"false","reporting_stanox":"00000"}},{"header":{"msg_type":"0003","msg_queue_timestamp":"1713162232000","source_system_id":"TRUST","original_data_source":"GPS","user_id":"GPSN04"},"body":{"train_id":"642D93MA15","actual_timestamp":"1713165780000","loc_stanox":"41407","gbtt_timestamp":"1713165840000","planned_timestamp":"1713165810000","planned_event_type":"ARRIVAL","event_type":"ARRIVAL","event_source":"MANUAL","correction_ind":"false","offroute_ind":"false","route":"0","train_service_code":"22261000","division_code":"71","toc_id":"71","timetable_variation":"0","variation_status":"ON TIME","next_report_stanox":"41403","next_report_run_time":"1","train_terminated":"false","delay_monitoring_point":"false","reporting_stanox":"00000"}},{"header":{"msg_type":"0003","msg_queue_timestamp":"1713162232000","source_system_id":"TRUST","original_data_source":"GPS","user_id":"GPSI06"},"body":{"train_id":"812K08MA15","actual_timestamp":"1713165780000","loc_stanox":"81260","gbtt_timestamp":"1713165780000","planned_timestamp":"1713165780000","planned_event_type":"ARRIVAL","event_type":"ARRIVAL","event_source":"MANUAL","correction_ind":"false","offroute_ind":"false","route":"0","train_service_code":"25466001","division_code":"25","toc_id":"25","timetable_variation":"0","variation_status":"ON TIME","next_report_stanox":"81259","next_report_run_time":"1","train_terminated":"false","delay_monitoring_point":"false","reporting_stanox":"00000"}},{"header":{"msg_type":"0003","msg_queue_timestamp":"1713162232000","source_system_id":"TRUST","original_data_source":"GPS","user_id":"GPSN01"},"body":{"train_id":"182B05MA15","actual_timestamp":"1713165780000","loc_stanox":"18492","gbtt_timestamp":"1713165780000","planned_timestamp":"1713165780000","planned_event_type":"ARRIVAL","event_type":"ARRIVAL","event_source":"MANUAL","correction_ind":"false","offroute_ind":"false","route":"0","train_service_code":"11803920","division_code":"23","toc_id":"23","timetable_variation":"0","variation_status":"ON TIME","next_report_stanox":"18494","next_report_run_time":"1","train_terminated":"false","delay_monitoring_point":"false","reporting_stanox":"00000"}},{"header":{"msg_type":"0003","msg_queue_timestamp":"1713162232000","source_system_id":"TRUST","original_data_source":"GPS","user_id":"GPSN04"},"body":{"train_id":"782M04M515","actual_timestamp":"1713165780000","loc_stanox":"78140","gbtt_timestamp":"1713165840000","planned_timestamp":"1713165810000","planned_event_type":"ARRIVAL","event_type":"ARRIVAL","event_source":"MANUAL","correction_ind":"false","offroute_ind":"false","route":"0","train_service_code":"25442000","division_code":"71","toc_id":"71","timetable_variation":"0","variation_status":"ON TIME","next_report_stanox":"78201","next_report_run_time":"1","train_terminated":"false","delay_monitoring_point":"false","reporting_stanox":"00000","auto_expected":"true"}},{"header":{"msg_type":"0003","msg_queue_timestamp":"1713162232000","source_system_id":"TRUST","original_data_source":"GPS","user_id":"GPSI08"},"body":{"train_id":"401R25M515","actual_timestamp":"1713165720000","loc_stanox":"40238","planned_timestamp":"1713165720000","planned_event_type":"DEPARTURE","event_type":"DEPARTURE","event_source":"MANUAL","correction_ind":"false","offroute_ind":"false","train_service_code":"22104001","division_code":"65","toc_id":"65","timetable_variation":"0","variation_status":"ON TIME","next_report_stanox":"40320","next_report_run_time":"2","train_terminated":"false","delay_monitoring_point":"false","reporting_stanox":"00000"}},{"header":{"msg_type":"0003","msg_queue_timestamp":"1713162233000","source_system_id":"TRUST","original_data_source":"GPS","user_id":"GPSN12"},"body":{"train_id":"361B68MA15","actual_timestamp":"1713165780000","loc_stanox":"36175","planned_timestamp":"1713165810000","planned_event_type":"DEPARTURE","event_type":"DEPARTURE","event_source":"MANUAL","correction_ind":"false","offroute_ind":"false","train_service_code":"11817020","division_code":"20","toc_id":"20","timetable_variation":"0","variation_status":"ON TIME","next_report_stanox":"36184","next_report_run_time":"2","train_terminated":"false","delay_monitoring_point":"false","reporting_stanox":"00000"}},{"header":{"msg_type":"0003","msg_queue_timestamp":"1713162233000","source_system_id":"TRUST","original_data_source":"GPS","user_id":"GPSI06"},"body":{"train_id":"871V36M515","actual_timestamp":"1713165780000","loc_stanox":"87008","gbtt_timestamp":"1713165240000","planned_timestamp":"1713165240000","planned_event_type":"ARRIVAL","event_type":"ARRIVAL","event_source":"MANUAL","correction_ind":"false","offroute_ind":"false","route":"0","train_service_code":"25521007","division_code":"25","toc_id":"25","timetable_variation":"9","variation_status":"LATE","next_report_stanox":"87006","next_report_run_time":"1","train_terminated":"false","delay_monitoring_point":"false","reporting_stanox":"00000"}},{"header":{"msg_type":"0003","msg_queue_timestamp":"1713162233000","source_system_id":"TRUST","original_data_source":"GPS","user_id":"GPSN01"},"body":{"train_id":"301F02MA15","actual_timestamp":"1713165780000","loc_stanox":"30116","planned_timestamp":"1713165930000","planned_event_type":"ARRIVAL","event_type":"ARRIVAL","event_source":"MANUAL","correction_ind":"false","offroute_ind":"false","route":"0","train_service_code":"12249820","division_code":"23","toc_id":"23","timetable_variation":"2","variation_status":"EARLY","next_report_stanox":"30120","next_report_run_time":"2","train_terminated":"false","delay_monitoring_point":"false","reporting_stanox":"00000"}},{"header":{"msg_type":"0003","msg_queue_timestamp":"1713162233000","source_system_id":"TRUST","original_data_source":"GPS","user_id":"GPSI06"},"body":{"train_id":"862V54M615","actual_timestamp":"1713165780000","loc_stanox":"82311","gbtt_timestamp":"1713165960000","planned_timestamp":"1713165960000","planned_event_type":"ARRIVAL","event_type":"ARRIVAL","event_source":"MANUAL","correction_ind":"false","offroute_ind":"false","route":"0","train_service_code":"25471001","division_code":"25","toc_id":"25","timetable_variation":"3","variation_status":"EARLY","next_report_stanox":"82301","next_report_run_time":"12","train_terminated":"false","delay_monitoring_point":"true","reporting_stanox":"82311","auto_expected":"false"}},{"header":{"msg_type":"0003","msg_queue_timestamp":"1713162233000","source_system_id":"TRUST","original_data_source":"GPS","user_id":"GPSN04"},"body":{"train_id":"642G15M615","actual_timestamp":"1713165780000","loc_stanox":"64407","gbtt_timestamp":"1713165780000","planned_timestamp":"1713165840000","planned_event_type":"DEPARTURE","event_type":"DEPARTURE","event_source":"MANUAL","correction_ind":"false","offroute_ind":"false","train_service_code":"22335000","division_code":"71","toc_id":"71","timetable_variation":"1","variation_status":"EARLY","next_report_stanox":"64401","next_report_run_time":"10","train_terminated":"false","delay_monitoring_point":"false","reporting_stanox":"00000"}}]