[{"header":{"msg_type":"0003","msg_queue_timestamp":"1713558866000","source_system_id":"TRUST","original_data_source":"SDR","user_id":"#QDP6019","source_dev_id":"ST8F"},"body":{"train_id":"401K20MZ19","actual_timestamp":"1713562440000","loc_stanox":"40050","gbtt_timestamp":"1713562440000","planned_timestamp":"1713562470000","planned_event_type":"DEPARTURE","event_type":"DEPARTURE","event_source":"MANUAL","correction_ind":"false","offroute_ind":"false","train_service_code":"22340000","division_code":"71","toc_id":"71","timetable_variation":"0","variation_status":"ON TIME","next_report_stanox":"40071","next_report_run_time":"5","train_terminated":"false","delay_monitoring_point":"true","reporting_stanox":"40050","auto_expected":"false"}},{"header":{"msg_type":"0003","msg_queue_timestamp":"1713558866000","source_system_id":"TRUST","original_data_source":"SMART"},"body":{"train_id":"731W41MZ19","actual_timestamp":"1713562440000","loc_stanox":"74270","planned_timestamp":"1713561570000","planned_event_type":"DEPARTURE","event_type":"DEPARTURE","event_source":"AUTOMATIC","correction_ind":"false","offroute_ind":"false","direction_ind":"DOWN","line_ind":"D","route":"2","train_service_code":"25392003","division_code":"25","toc_id":"25","timetable_variation":"15","variation_status":"LATE","next_report_stanox":"74291","next_report_run_time":"5","train_terminated":"false","delay_monitoring_point":"false","reporting_stanox":"00000","auto_expected":"true"}},{"header":{"msg_type":"0003","msg_queue_timestamp":"1713558866000","source_system_id":"TRUST","original_data_source":"SMART"},"body":{"train_id":"871V65MY19","actual_timestamp":"1713562440000","loc_stanox":"74237","gbtt_timestamp":"1713562440000","planned_timestamp":"1713562440000","planned_event_type":"DESTINATION","event_type":"ARRIVAL","event_source":"AUTOMATIC","correction_ind":"false","offroute_ind":"false","direction_ind":"DOWN","platform":"14","route":"0","train_service_code":"25521007","division_code":"25","toc_id":"25","timetable_variation":"0","variation_status":"ON TIME","train_terminated":"true","delay_monitoring_point":"true","reporting_stanox":"74237","auto_expected":"true"}},{"header":{"msg_type":"0003","msg_queue_timestamp":"1713558867000","source_system_id":"TRUST","original_data_source":"SMART"},"body":{"train_id":"361L19MY19","actual_timestamp":"1713562560000","loc_stanox":"25701","gbtt_timestamp":"1713562620000","planned_timestamp":"1713562590000","planned_event_type":"ARRIVAL","event_type":"ARRIVAL","event_source":"AUTOMATIC","correction_ind":"false","offroute_ind":"false","direction_ind":"DOWN","platform":" 2","route":"0","train_service_code":"22269000","division_code":"28","toc_id":"28","timetable_variation":"0","variation_status":"ON TIME","next_report_stanox":"25705","next_report_run_time":"4","train_terminated":"false","delay_monitoring_point":"true","reporting_stanox":"25701","auto_expected":"true"}},{"header":{"msg_type":"0003","msg_queue_timestamp":"1713558867000","source_system_id":"TRUST","original_data_source":"SMART"},"body":{"train_id":"532V67M719","actual_timestamp":"1713562500000","loc_stanox":"54238","gbtt_timestamp":"1713562500000","planned_timestamp":"1713562500000","planned_event_type":"ARRIVAL","event_type":"ARRIVAL","event_source":"AUTOMATIC","correction_ind":"false","offroute_ind":"false","direction_ind":"UP","platform":" 1","route":"0","train_service_code":"21723000","division_code":"88","toc_id":"88","timetable_variation":"0","variation_status":"ON TIME","next_report_stanox":"54291","next_report_run_time":"2","train_terminated":"false","delay_monitoring_point":"true","reporting_stanox":"54238","auto_expected":"true"}},{"header":{"msg_type":"0003","msg_queue_timestamp":"1713558867000","source_system_id":"TRUST","original_data_source":"SMART"},"body":{"train_id":"481R80MR19","actual_timestamp":"1713562500000","loc_stanox":"36170","planned_timestamp":"1713561840000","planned_event_type":"ARRIVAL","event_type":"ARRIVAL","event_source":"AUTOMATIC","correction_ind":"false","offroute_ind":"false","route":"0","train_service_code":"22269000","division_code":"28","toc_id":"28","timetable_variation":"11","variation_status":"LATE","next_report_stanox":"36056","next_report_run_time":"1","train_terminated":"false","delay_monitoring_point":"false","reporting_stanox":"00000","auto_expected":"true"}},{"header":{"msg_type":"0003","msg_queue_timestamp":"1713558867000","source_system_id":"TRUST","original_data_source":"SMART"},"body":{"train_id":"509Y85M719","actual_timestamp":"1713562440000","loc_stanox":"50405","gbtt_timestamp":"1713562500000","planned_timestamp":"1713562500000","planned_event_type":"ARRIVAL","event_type":"ARRIVAL","event_source":"AUTOMATIC","correction_ind":"false","offroute_ind":"false","direction_ind":"UP","route":"0","train_service_code":"21381001","division_code":"33","toc_id":"33","timetable_variation":"1","variation_status":"EARLY","next_report_stanox":"50412","next_report_run_time":"1","train_terminated":"false","delay_monitoring_point":"false","reporting_stanox":"00000","auto_expected":"true"}},{"header":{"msg_type":"0003","msg_queue_timestamp":"1713558867000","source_system_id":"TRUST","original_data_source":"SMART"},"body":{"train_id":"525V64M719","actual_timestamp":"1713562440000","loc_stanox":"50438","planned_timestamp":"1713562440000","planned_event_type":"DEPARTURE","event_type":"DEPARTURE","event_source":"AUTOMATIC","correction_ind":"false","offroute_ind":"false","direction_ind":"DOWN","platform":" 4","route":"2","train_service_code":"21916400","division_code":"21","toc_id":"21","timetable_variation":"0","variation_status":"ON TIME","next_report_stanox":"50434","next_report_run_time":"1","train_terminated":"false","delay_monitoring_point":"false","reporting_stanox":"00000","auto_expected":"true"}},{"header":{"msg_type":"0003","msg_queue_timestamp":"1713558867000","source_system_id":"TRUST","original_data_source":"SMART"},"body":{"train_id":"065V05MZ19","actual_timestamp":"1713562440000","loc_stanox":"07202","gbtt_timestamp":"1713563520000","planned_timestamp":"1713563520000","planned_event_type":"DESTINATION","event_type":"ARRIVAL","event_source":"AUTOMATIC","correction_ind":"false","offroute_ind":"false","direction_ind":"UP","route":"0","train_service_code":"23563015","division_code":"60","toc_id":"60","timetable_variation":"18","variation_status":"EARLY","train_terminated":"true","delay_monitoring_point":"true","reporting_stanox":"07202","auto_expected":"true"}},{"header":{"msg_type":"0003","msg_queue_timestamp":"1713558867000","source_system_id":"TRUST","original_data_source":"SMART"},"body":{"train_id":"522B32M719","actual_timestamp":"1713562380000","loc_stanox":"52711","gbtt_timestamp":"1713562440000","planned_timestamp":"1713562440000","planned_event_type":"DEPARTURE","event_type":"DEPARTURE","event_source":"AUTOMATIC","correction_ind":"false","offroute_ind":"false","direction_ind":"DOWN","line_ind":"S","platform":" 1","route":"1","train_service_code":"21936004","division_code":"79","toc_id":"79","timetable_variation":"1","variation_status":"EARLY","next_report_stanox":"52707","next_report_run_time":"2","train_terminated":"false","delay_monitoring_point":"true","reporting_stanox":"52711","auto_expected":"true"}},{"header":{"msg_type":"0003","msg_queue_timestamp":"1713558867000","source_system_id":"TRUST","original_data_source":"SMART"},"body":{"train_id":"514M56CL19","actual_timestamp":"1713562440000","loc_stanox":"36501","planned_timestamp":"1713562020000","planned_event_type":"DEPARTURE","event_type":"DEPARTURE","event_source":"AUTOMATIC","correction_ind":"false","offroute_ind":"false","direction_ind":"DOWN","line_ind":"D","platform":" 2","route":"1","train_service_code":"54606070","division_code":"09","toc_id":"09","timetable_variation":"7","variation_status":"LATE","next_report_stanox":"36401","next_report_run_time":"4","train_terminated":"false","delay_monitoring_point":"true","train_file_address":"M58","reporting_stanox":"36501","auto_expected":"true"}},{"header":{"msg_type":"0003","msg_queue_timestamp":"1713558867000","source_system_id":"TRUST","original_data_source":"SMART"},"body":{"train_id":"882P71M719","actual_timestamp":"1713562380000","loc_stanox":"88431","gbtt_timestamp":"1713562440000","planned_timestamp":"1713562440000","planned_event_type":"DEPARTURE","event_type":"DEPARTURE","event_source":"AUTOMATIC","correction_ind":"false","offroute_ind":"false","direction_ind":"DOWN","platform":" 2","route":"2","train_service_code":"24659005","division_code":"80","toc_id":"80","timetable_variation":"1","variation_status":"EARLY","next_report_stanox":"88433","next_report_run_time":"1","train_terminated":"false","delay_monitoring_point":"false","reporting_stanox":"00000","auto_expected":"true"}},{"header":{"msg_type":"0003","msg_queue_timestamp":"1713558867000","source_system_id":"TRUST","original_data_source":"SMART"},"body":{"train_id":"471B27M719","actual_timestamp":"1713562440000","loc_stanox":"47342","planned_timestamp":"1713562470000","planned_event_type":"DEPARTURE","event_type":"DEPARTURE","event_source":"AUTOMATIC","correction_ind":"false","offroute_ind":"false","direction_ind":"UP","line_ind":"U","platform":" 1","route":"1","train_service_code":"21911000","division_code":"21","toc_id":"21","timetable_variation":"0","variation_status":"ON TIME","next_report_stanox":"47412","next_report_run_time":"4","train_terminated":"false","delay_monitoring_point":"false","reporting_stanox":"00000","auto_expected":"true"}},{"header":{"msg_type":"0003","msg_queue_timestamp":"1713558867000","source_system_id":"TRUST","original_data_source":"SMART"},"body":{"train_id":"459J63MY19","actual_timestamp":"1713562440000","loc_stanox":"87603","planned_timestamp":"1713562530000","planned_event_type":"DEPARTURE","event_type":"DEPARTURE","event_source":"AUTOMATIC","correction_ind":"false","offroute_ind":"false","direction_ind":"DOWN","platform":" 3","route":"1","train_service_code":"22727100","division_code":"88","toc_id":"88","timetable_variation":"1","variation_status":"EARLY","next_report_stanox":"87626","next_report_run_time":"3","train_terminated":"false","delay_monitoring_point":"true","reporting_stanox":"87603","auto_expected":"true"}},{"header":{"msg_type":"0003","msg_queue_timestamp":"1713558867000","source_system_id":"TRUST","original_data_source":"SDR","user_id":"#QDP4282","source_dev_id":"VDGW"},"body":{"train_id":"731B27MV19","actual_timestamp":"1713562380000","loc_stanox":"79019","gbtt_timestamp":"1713562320000","planned_timestamp":"1713562320000","planned_event_type":"ARRIVAL","event_type":"ARRIVAL","event_source":"MANUAL","correction_ind":"false","offroute_ind":"false","route":"0","train_service_code":"25375002","division_code":"25","toc_id":"25","timetable_variation":"1","variation_status":"LATE","next_report_stanox":"80407","next_report_run_time":"1","train_terminated":"false","delay_monitoring_point":"false","reporting_stanox":"00000"}},{"header":{"msg_type":"0003","msg_queue_timestamp":"1713558867000","source_system_id":"TRUST","original_data_source":"SMART"},"body":{"train_id":"062V45M719","actual_timestamp":"1713562440000","loc_stanox":"06527","gbtt_timestamp":"1713562140000","planned_timestamp":"1713562140000","planned_event_type":"DEPARTURE","event_type":"DEPARTURE","event_source":"AUTOMATIC","correction_ind":"false","offroute_ind":"false","direction_ind":"DOWN","platform":" 1","route":"2","train_service_code":"13560015","division_code":"60","toc_id":"60","timetable_variation":"5","variation_status":"LATE","next_report_stanox":"06701","next_report_run_time":"1","train_terminated":"false","delay_monitoring_point":"false","reporting_stanox":"00000","auto_expected":"true"}},{"header":{"msg_type":"0003","msg_queue_timestamp":"1713558867000","source_system_id":"TRUST","original_data_source":"SDR","user_id":"#QDP4282","source_dev_id":"VDGW"},"body":{"train_id":"731B27MV19","actual_timestamp":"1713562440000","loc_stanox":"79019","gbtt_timestamp":"1713562380000","planned_timestamp":"1713562380000","planned_event_type":"DEPARTURE","event_type":"DEPARTURE","event_source":"MANUAL","correction_ind":"false","offroute_ind":"false","train_service_code":"25375002","division_code":"25","toc_id":"25","timetable_variation":"1","variation_status":"LATE","next_report_stanox":"80407","next_report_run_time":"5","train_terminated":"false","delay_monitoring_point":"false","reporting_stanox":"00000"}},{"header":{"msg_type":"0003","msg_queue_timestamp":"1713558867000","source_system_id":"TRUST","original_data_source":"SMART"},"body":{"train_id":"062V45M719","actual_timestamp":"1713562500000","loc_stanox":"06701","gbtt_timestamp":"1713562260000","planned_timestamp":"1713562230000","planned_event_type":"ARRIVAL","event_type":"ARRIVAL","event_source":"AUTOMATIC","correction_ind":"false","offroute_ind":"false","direction_ind":"DOWN","platform":" 1","route":"0","train_service_code":"13560015","division_code":"60","toc_id":"60","timetable_variation":"5","variation_status":"LATE","next_report_stanox":"06600","next_report_run_time":"1","train_terminated":"false","delay_monitoring_point":"true","reporting_stanox":"06701","auto_expected":"true"}},{"header":{"msg_type":"0003","msg_queue_timestamp":"1713558868000","source_system_id":"TRUST","original_data_source":"SMART"},"body":{"train_id":"521N58MZ19","actual_timestamp":"1713562500000","loc_stanox":"50024","gbtt_timestamp":"1713562500000","planned_timestamp":"1713562470000","planned_event_type":"ARRIVAL","event_type":"ARRIVAL","event_source":"AUTOMATIC","correction_ind":"false","offroute_ind":"false","direction_ind":"DOWN","platform":" 2","route":"0","train_service_code":"21939001","division_code":"21","toc_id":"21","timetable_variation":"1","variation_status":"LATE","next_report_stanox":"50021","next_report_run_time":"1","train_terminated":"false","delay_monitoring_point":"true","reporting_stanox":"50024","auto_expected":"true"}},{"header":{"msg_type":"0003","msg_queue_timestamp":"1713558868000","source_system_id":"TRUST","original_data_source":"SMART"},"body":{"train_id":"542V64MZ19","actual_timestamp":"1713562440000","loc_stanox":"54001","gbtt_timestamp":"1713562440000","planned_timestamp":"1713562440000","planned_event_type":"DEPARTURE","event_type":"DEPARTURE","event_source":"AUTOMATIC","correction_ind":"false","offroute_ind":"false","direction_ind":"DOWN","line_ind":"S","platform":" 4","route":"1","train_service_code":"21723000","division_code":"88","toc_id":"88","timetable_variation":"0","variation_status":"ON TIME","next_report_stanox":"53995","next_report_run_time":"2","train_terminated":"false","delay_monitoring_point":"true","reporting_stanox":"54001","auto_expected":"true"}},{"header":{"msg_type":"0003","msg_queue_timestamp":"1713558868000","source_system_id":"TRUST","original_data_source":"SMART"},"body":{"train_id":"176N202W19","actual_timestamp":"1713562500000","loc_stanox":"14147","planned_timestamp":"1713560610000","planned_event_type":"DEPARTURE","event_type":"DEPARTURE","event_source":"AUTOMATIC","correction_ind":"false","offroute_ind":"false","direction_ind":"DOWN","line_ind":"M","route":"2","train_service_code":"56461880","division_code":"54","toc_id":"54","timetable_variation":"32","variation_status":"LATE","next_report_stanox":"14031","next_report_run_time":"4","train_terminated":"false","delay_monitoring_point":"false","train_file_address":"MDJ","reporting_stanox":"00000","auto_expected":"true"}},{"header":{"msg_type":"0003","msg_queue_timestamp":"1713558868000","source_system_id":"TRUST","original_data_source":"SMART"},"body":{"train_id":"872F63MZ19","actual_timestamp":"1713562440000","loc_stanox":"86022","gbtt_timestamp":"1713562320000","planned_timestamp":"1713562350000","planned_event_type":"DEPARTURE","event_type":"DEPARTURE","event_source":"AUTOMATIC","correction_ind":"false","offroute_ind":"false","direction_ind":"DOWN","line_ind":"S","platform":" 2","route":"2","train_service_code":"24673605","division_code":"84","toc_id":"84","timetable_variation":"2","variation_status":"LATE","next_report_stanox":"86023","next_report_run_time":"3","train_terminated":"false","delay_monitoring_point":"false","reporting_stanox":"00000","auto_expected":"true"}},{"header":{"msg_type":"0003","msg_queue_timestamp":"1713558868000","source_system_id":"TRUST","original_data_source":"SMART"},"body":{"train_id":"875Y92M719","actual_timestamp":"1713562440000","loc_stanox":"87219","planned_timestamp":"1713562500000","planned_event_type":"DEPARTURE","event_type":"DEPARTURE","event_source":"AUTOMATIC","correction_ind":"false","offroute_ind":"false","direction_ind":"DOWN","line_ind":"S","platform":" 6","route":"8","train_service_code":"24676004","division_code":"84","toc_id":"84","timetable_variation":"1","variation_status":"EARLY","next_report_stanox":"87153","next_report_run_time":"2","train_terminated":"false","delay_monitoring_point":"true","reporting_stanox":"87219","auto_expected":"true"}},{"header":{"msg_type":"0003","msg_queue_timestamp":"1713558868000","source_system_id":"TRUST","original_data_source":"SMART"},"body":{"train_id":"862S70M719","actual_timestamp":"1713562440000","loc_stanox":"87114","gbtt_timestamp":"1713562380000","planned_timestamp":"1713562380000","planned_event_type":"DEPARTURE","event_type":"DEPARTURE","event_source":"AUTOMATIC","correction_ind":"false","offroute_ind":"false","direction_ind":"UP","line_ind":"M","platform":" 1","route":"3","train_service_code":"24671205","division_code":"84","toc_id":"84","timetable_variation":"1","variation_status":"LATE","next_report_stanox":"87117","next_report_run_time":"2","train_terminated":"false","delay_monitoring_point":"true","reporting_stanox":"87114","auto_expected":"true"}},{"header":{"msg_type":"0003","msg_queue_timestamp":"1713558870000","source_system_id":"TRUST","original_data_source":"SMART"},"body":{"train_id":"872B33MZ19","actual_timestamp":"1713562440000","loc_stanox":"87203","gbtt_timestamp":"1713562500000","planned_timestamp":"1713562500000","planned_event_type":"DEPARTURE","event_type":"DEPARTURE","event_source":"AUTOMATIC","correction_ind":"false","offroute_ind":"false","direction_ind":"UP","platform":" 4","route":"1","train_service_code":"24782000","division_code":"88","toc_id":"88","timetable_variation":"1","variation_status":"EARLY","next_report_stanox":"87199","next_report_run_time":"1","train_terminated":"false","delay_monitoring_point":"true","reporting_stanox":"87203","auto_expected":"true"}},{"header":{"msg_type":"0003","msg_queue_timestamp":"1713558870000","source_system_id":"TRUST","original_data_source":"SMART"},"body":{"train_id":"042Y07M719","actual_timestamp":"1713562440000","loc_stanox":"04821","gbtt_timestamp":"1713562560000","planned_timestamp":"1713562560000","planned_event_type":"ARRIVAL","event_type":"ARRIVAL","event_source":"AUTOMATIC","correction_ind":"false","offroute_ind":"false","direction_ind":"DOWN","platform":" 2","route":"0","train_service_code":"23584003","division_code":"60","toc_id":"60","timetable_variation":"2","variation_status":"EARLY","next_report_stanox":"04817","next_report_run_time":"2","train_terminated":"false","delay_monitoring_point":"true","reporting_stanox":"04821","auto_expected":"true"}},{"header":{"msg_type":"0003","msg_queue_timestamp":"1713558870000","source_system_id":"TRUST","original_data_source":"SMART"},"body":{"train_id":"879O70MZ19","actual_timestamp":"1713562500000","loc_stanox":"87246","gbtt_timestamp":"1713562440000","planned_timestamp":"1713562410000","planned_event_type":"ARRIVAL","event_type":"ARRIVAL","event_source":"AUTOMATIC","correction_ind":"false","offroute_ind":"false","direction_ind":"UP","platform":" 1","route":"0","train_service_code":"22722000","division_code":"88","toc_id":"88","timetable_variation":"2","variation_status":"LATE","next_report_stanox":"88394","next_report_run_time":"1","train_terminated":"false","delay_monitoring_point":"false","reporting_stanox":"00000","auto_expected":"true"}},{"header":{"msg_type":"0003","msg_queue_timestamp":"1713558870000","source_system_id":"TRUST","original_data_source":"SMART"},"body":{"train_id":"629T69M719","actual_timestamp":"1713562440000","loc_stanox":"62206","planned_timestamp":"1713562470000","planned_event_type":"DEPARTURE","event_type":"DEPARTURE","event_source":"AUTOMATIC","correction_ind":"false","offroute_ind":"false","direction_ind":"UP","line_ind":"S","route":"1","train_service_code":"22720000","division_code":"88","toc_id":"88","timetable_variation":"0","variation_status":"ON TIME","next_report_stanox":"62209","next_report_run_time":"3","train_terminated":"false","delay_monitoring_point":"false","reporting_stanox":"00000","auto_expected":"true"}},{"header":{"msg_type":"0003","msg_queue_timestamp":"1713558870000","source_system_id":"TRUST","original_data_source":"SMART"},"body":{"train_id":"882S67M719","actual_timestamp":"1713562440000","loc_stanox":"88409","planned_timestamp":"1713562530000","planned_event_type":"DEPARTURE","event_type":"DEPARTURE","event_source":"AUTOMATIC","correction_ind":"false","offroute_ind":"false","direction_ind":"DOWN","line_ind":"1","route":"1","train_service_code":"24655005","division_code":"80","toc_id":"80","timetable_variation":"1","variation_status":"EARLY","next_report_stanox":"88410","next_report_run_time":"1","train_terminated":"false","delay_monitoring_point":"true","reporting_stanox":"88409","auto_expected":"true"}},{"header":{"msg_type":"0003","msg_queue_timestamp":"1713558870000","source_system_id":"TRUST","original_data_source":"SMART"},"body":{"train_id":"872F64MZ19","actual_timestamp":"1713562500000","loc_stanox":"87603","gbtt_timestamp":"1713562500000","planned_timestamp":"1713562470000","planned_event_type":"ARRIVAL","event_type":"ARRIVAL","event_source":"AUTOMATIC","correction_ind":"false","offroute_ind":"false","direction_ind":"UP","platform":" 5","route":"0","train_service_code":"24782000","division_code":"88","toc_id":"88","timetable_variation":"1","variation_status":"LATE","next_report_stanox":"87602","next_report_run_time":"1","train_terminated":"false","delay_monitoring_point":"true","reporting_stanox":"87603","auto_expected":"true"}},{"header":{"msg_type":"0003","msg_queue_timestamp":"1713558870000","source_system_id":"TRUST","original_data_source":"SMART"},"body":{"train_id":"851A39MV19","actual_timestamp":"1713562440000","loc_stanox":"81907","planned_timestamp":"1713562470000","planned_event_type":"DEPARTURE","event_type":"DEPARTURE","event_source":"AUTOMATIC","correction_ind":"false","offroute_ind":"false","direction_ind":"UP","route":"2","train_service_code":"25397003","division_code":"25","toc_id":"25","timetable_variation":"0","variation_status":"ON TIME","next_report_stanox":"81819","next_report_run_time":"12","train_terminated":"false","delay_monitoring_point":"true","reporting_stanox":"81907","auto_expected":"true"}},{"header":{"msg_type":"0003","msg_queue_timestamp":"1713558870000","source_system_id":"TRUST","original_data_source":"SMART"},"body":{"train_id":"321O30MW19","actual_timestamp":"1713562440000","loc_stanox":"74260","planned_timestamp":"1713562620000","planned_event_type":"DEPARTURE","event_type":"DEPARTURE","event_source":"AUTOMATIC","correction_ind":"false","offroute_ind":"false","direction_ind":"UP","line_ind":"U","route":"2","train_service_code":"22180014","division_code":"27","toc_id":"27","timetable_variation":"3","variation_status":"EARLY","next_report_stanox":"74270","train_terminated":"false","delay_monitoring_point":"false","reporting_stanox":"00000","auto_expected":"true"}}]