[{"header":{"msg_type":"0003","msg_queue_timestamp":"1713566389000","source_system_id":"TRUST","original_data_source":"SDR","user_id":"#QDP0691","source_dev_id":"V5AL"},"body":{"train_id":"801E55M919","actual_timestamp":"1713569880000","loc_stanox":"80122","gbtt_timestamp":"1713569940000","planned_timestamp":"1713569910000","planned_event_type":"ARRIVAL","event_type":"ARRIVAL","event_source":"MANUAL","correction_ind":"false","offroute_ind":"false","route":"0","train_service_code":"25432000","division_code":"71","toc_id":"71","timetable_variation":"0","variation_status":"ON TIME","next_report_stanox":"80199","next_report_run_time":"1","train_terminated":"false","delay_monitoring_point":"true","reporting_stanox":"80122","auto_expected":"false"}},{"header":{"msg_type":"0003","msg_queue_timestamp":"1713566390000","source_system_id":"TRUST","original_data_source":"SDR","user_id":"#QDP0691","source_dev_id":"V5AL"},"body":{"train_id":"801E55M919","actual_timestamp":"1713569940000","loc_stanox":"80122","gbtt_timestamp":"1713569940000","planned_timestamp":"1713569970000","planned_event_type":"DEPARTURE","event_type":"DEPARTURE","event_source":"MANUAL","correction_ind":"false","offroute_ind":"false","train_service_code":"25432000","division_code":"71","toc_id":"71","timetable_variation":"0","variation_status":"ON TIME","next_report_stanox":"80199","next_report_run_time":"7","train_terminated":"false","delay_monitoring_point":"true","reporting_stanox":"80122","auto_expected":"false"}},{"header":{"msg_type":"0003","msg_queue_timestamp":"1713566390000","source_system_id":"TRUST","original_data_source":"SMART"},"body":{"train_id":"042V73M919","actual_timestamp":"1713570000000","loc_stanox":"04291","planned_timestamp":"1713570030000","planned_event_type":"DEPARTURE","event_type":"DEPARTURE","event_source":"AUTOMATIC","correction_ind":"false","offroute_ind":"false","direction_ind":"UP","line_ind":"S","route":"2","train_service_code":"13560015","division_code":"60","toc_id":"60","timetable_variation":"0","variation_status":"ON TIME","next_report_stanox":"04235","next_report_run_time":"2","train_terminated":"false","delay_monitoring_point":"false","reporting_stanox":"00000","auto_expected":"true"}},{"header":{"msg_type":"0003","msg_queue_timestamp":"1713566390000","source_system_id":"TRUST","original_data_source":"SMART"},"body":{"train_id":"725Z411919","actual_timestamp":"1713570000000","loc_stanox":"87122","planned_timestamp":"1713570000000","planned_event_type":"DEPARTURE","event_type":"DEPARTURE","event_source":"AUTOMATIC","correction_ind":"false","offroute_ind":"false","direction_ind":"DOWN","route":"2","train_service_code":"72030304","division_code":"04","toc_id":"04","timetable_variation":"0","variation_status":"ON TIME","next_report_stanox":"87121","next_report_run_time":"2","train_terminated":"false","delay_monitoring_point":"false","train_file_address":"MTH","reporting_stanox":"00000","auto_expected":"true"}},{"header":{"msg_type":"0003","msg_queue_timestamp":"1713566390000","source_system_id":"TRUST","original_data_source":"SMART"},"body":{"train_id":"749U01M819","actual_timestamp":"1713569940000","loc_stanox":"52085","gbtt_timestamp":"1713570000000","planned_timestamp":"1713570000000","planned_event_type":"ARRIVAL","event_type":"ARRIVAL","event_source":"AUTOMATIC","correction_ind":"false","offroute_ind":"false","direction_ind":"UP","route":"0","train_service_code":"21381001","division_code":"33","toc_id":"33","timetable_variation":"1","variation_status":"EARLY","next_report_stanox":"52206","next_report_run_time":"1","train_terminated":"false","delay_monitoring_point":"false","reporting_stanox":"00000","auto_expected":"true"}},{"header":{"msg_type":"0003","msg_queue_timestamp":"1713566390000","source_system_id":"TRUST","original_data_source":"SMART"},"body":{"train_id":"872U80M919","actual_timestamp":"1713570000000","loc_stanox":"87110","gbtt_timestamp":"1713570060000","planned_timestamp":"1713570060000","planned_event_type":"ARRIVAL","event_type":"ARRIVAL","event_source":"AUTOMATIC","correction_ind":"false","offroute_ind":"false","direction_ind":"UP","platform":" 1","route":"0","train_service_code":"24671105","division_code":"84","toc_id":"84","timetable_variation":"1","variation_status":"EARLY","next_report_stanox":"87109","next_report_run_time":"1","train_terminated":"false","delay_monitoring_point":"false","reporting_stanox":"00000","auto_expected":"true"}},{"header":{"msg_type":"0003","msg_queue_timestamp":"1713566390000","source_system_id":"TRUST","original_data_source":"SMART"},"body":{"train_id":"512F05M919","actual_timestamp":"1713570000000","loc_stanox":"51011","gbtt_timestamp":"1713570060000","planned_timestamp":"1713570030000","planned_event_type":"ARRIVAL","event_type":"ARRIVAL","event_source":"AUTOMATIC","correction_ind":"false","offroute_ind":"false","direction_ind":"UP","platform":" 1","route":"0","train_service_code":"21936004","division_code":"79","toc_id":"79","timetable_variation":"0","variation_status":"ON TIME","next_report_stanox":"51013","next_report_run_time":"1","train_terminated":"false","delay_monitoring_point":"true","reporting_stanox":"51011","auto_expected":"true"}},{"header":{"msg_type":"0003","msg_queue_timestamp":"1713566390000","source_system_id":"TRUST","original_data_source":"SMART"},"body":{"train_id":"872G75M919","actual_timestamp":"1713570000000","loc_stanox":"87219","gbtt_timestamp":"1713570060000","planned_timestamp":"1713570060000","planned_event_type":"ARRIVAL","event_type":"ARRIVAL","event_source":"AUTOMATIC","correction_ind":"false","offroute_ind":"false","direction_ind":"DOWN","platform":"11","route":"0","train_service_code":"24673505","division_code":"84","toc_id":"84","timetable_variation":"1","variation_status":"EARLY","next_report_stanox":"87250","next_report_run_time":"2","train_terminated":"false","delay_monitoring_point":"true","reporting_stanox":"87219","auto_expected":"true"}},{"header":{"msg_type":"0003","msg_queue_timestamp":"1713566390000","source_system_id":"TRUST","original_data_source":"SMART"},"body":{"train_id":"522S68M919","actual_timestamp":"1713570000000","loc_stanox":"47603","gbtt_timestamp":"1713570060000","planned_timestamp":"1713570060000","planned_event_type":"ARRIVAL","event_type":"ARRIVAL","event_source":"AUTOMATIC","correction_ind":"false","offroute_ind":"false","direction_ind":"DOWN","platform":" 2","route":"0","train_service_code":"21913000","division_code":"21","toc_id":"21","timetable_variation":"1","variation_status":"EARLY","next_report_stanox":"47521","next_report_run_time":"1","train_terminated":"false","delay_monitoring_point":"false","reporting_stanox":"00000","auto_expected":"true"}},{"header":{"msg_type":"0003","msg_queue_timestamp":"1713566390000","source_system_id":"TRUST","original_data_source":"SMART"},"body":{"train_id":"315J97M919","actual_timestamp":"1713569940000","loc_stanox":"31510","gbtt_timestamp":"1713569880000","planned_timestamp":"1713569880000","planned_event_type":"DEPARTURE","event_type":"DEPARTURE","event_source":"AUTOMATIC","correction_ind":"false","offroute_ind":"false","direction_ind":"DOWN","line_ind":"U","platform":" 2","route":"1","train_service_code":"12974820","division_code":"23","toc_id":"23","timetable_variation":"1","variation_status":"LATE","next_report_stanox":"31339","next_report_run_time":"3","train_terminated":"false","delay_monitoring_point":"true","reporting_stanox":"31510","auto_expected":"true"}},{"header":{"msg_type":"0003","msg_queue_timestamp":"1713566390000","source_system_id":"TRUST","original_data_source":"SMART"},"body":{"train_id":"322S43M919","actual_timestamp":"1713570000000","loc_stanox":"32551","planned_timestamp":"1713570000000","planned_event_type":"DEPARTURE","event_type":"DEPARTURE","event_source":"AUTOMATIC","correction_ind":"false","offroute_ind":"false","direction_ind":"DOWN","route":"2","train_service_code":"12226820","division_code":"23","toc_id":"23","timetable_variation":"0","variation_status":"ON TIME","next_report_stanox":"32552","next_report_run_time":"2","train_terminated":"false","delay_monitoring_point":"false","reporting_stanox":"00000","auto_expected":"true"}},{"header":{"msg_type":"0003","msg_queue_timestamp":"1713566390000","source_system_id":"TRUST","original_data_source":"SMART"},"body":{"train_id":"631J72M819","actual_timestamp":"1713570000000","loc_stanox":"89449","planned_timestamp":"1713569790000","planned_event_type":"ARRIVAL","event_type":"ARRIVAL","event_source":"AUTOMATIC","correction_ind":"false","offroute_ind":"false","route":"0","train_service_code":"24647004","division_code":"80","toc_id":"80","timetable_variation":"4","variation_status":"LATE","next_report_stanox":"89451","next_report_run_time":"1","train_terminated":"false","delay_monitoring_point":"false","reporting_stanox":"00000","auto_expected":"true"}},{"header":{"msg_type":"0003","msg_queue_timestamp":"1713566391000","source_system_id":"TRUST","original_data_source":"SMART"},"body":{"train_id":"032P74M919","actual_timestamp":"1713569940000","loc_stanox":"05037","gbtt_timestamp":"1713569760000","planned_timestamp":"1713569790000","planned_event_type":"DEPARTURE","event_type":"DEPARTURE","event_source":"AUTOMATIC","correction_ind":"false","offroute_ind":"false","direction_ind":"UP","platform":" 1","route":"1","train_service_code":"23576003","division_code":"60","toc_id":"60","timetable_variation":"3","variation_status":"LATE","next_report_stanox":"05041","next_report_run_time":"2","train_terminated":"false","delay_monitoring_point":"false","reporting_stanox":"00000","auto_expected":"true"}}]