[{"header":{"msg_type":"0003","msg_queue_timestamp":"1713128571000","source_system_id":"TRUST","original_data_source":"SMART"},"body":{"train_id":"871L65M714","actual_timestamp":"1713132120000","loc_stanox":"87626","planned_timestamp":"1713132060000","planned_event_type":"DEPARTURE","event_type":"DEPARTURE","event_source":"AUTOMATIC","correction_ind":"false","offroute_ind":"false","direction_ind":"UP","route":"1","train_service_code":"24749000","division_code":"88","toc_id":"88","timetable_variation":"1","variation_status":"LATE","next_report_stanox":"87603","next_report_run_time":"3","train_terminated":"false","delay_monitoring_point":"false","reporting_stanox":"00000","auto_expected":"true"}},{"header":{"msg_type":"0003","msg_queue_timestamp":"1713128571000","source_system_id":"TRUST","original_data_source":"SMART"},"body":{"train_id":"879D66M714","actual_timestamp":"1713132180000","loc_stanox":"87627","gbtt_timestamp":"1713132180000","planned_timestamp":"1713132180000","planned_event_type":"ARRIVAL","event_type":"ARRIVAL","event_source":"AUTOMATIC","correction_ind":"false","offroute_ind":"false","direction_ind":"UP","line_ind":"S","platform":" 1","route":"0","train_service_code":"22215003","division_code":"30","toc_id":"30","timetable_variation":"0","variation_status":"ON TIME","next_report_stanox":"87628","next_report_run_time":"1","train_terminated":"false","delay_monitoring_point":"false","reporting_stanox":"00000","auto_expected":"true"}},{"header":{"msg_type":"0003","msg_queue_timestamp":"1713128571000","source_system_id":"TRUST","original_data_source":"SMART"},"body":{"train_id":"522T35M714","actual_timestamp":"1713132120000","loc_stanox":"52729","gbtt_timestamp":"1713132120000","planned_timestamp":"1713132120000","planned_event_type":"DEPARTURE","event_type":"DEPARTURE","event_source":"AUTOMATIC","correction_ind":"false","offroute_ind":"false","direction_ind":"UP","platform":" 1","route":"1","train_service_code":"21235001","division_code":"30","toc_id":"30","timetable_variation":"0","variation_status":"ON TIME","next_report_stanox":"52733","next_report_run_time":"1","train_terminated":"false","delay_monitoring_point":"false","reporting_stanox":"00000","auto_expected":"true"}},{"header":{"msg_type":"0001","msg_queue_timestamp":"1713128571000","source_system_id":"TRUST","original_data_source":"TSIA"},"body":{"train_id":"702N60M914","toc_id":"29","schedule_wtt_id":"2N60M","sched_origin_stanox":"70100","creation_timestamp":"1713132171000","origin_dep_timestamp":"1713135720000","train_uid":"C73680","schedule_start_date":"2023-12-10","schedule_end_date":"2024-05-26","schedule_source":"C","schedule_type":"O","d1266_record_number":"00000","tp_origin_timestamp":"2024-04-14","train_call_type":"AUTOMATIC","train_call_mode":"NORMAL","train_service_code":"22209000"}},{"header":{"msg_type":"0001","msg_queue_timestamp":"1713128571000","source_system_id":"TRUST","original_data_source":"TSIA"},"body":{"train_id":"512D23M914","toc_id":"30","schedule_wtt_id":"2D23M","sched_origin_stanox":"51815","creation_timestamp":"1713132171000","origin_dep_timestamp":"1713135720000","train_uid":"L00341","schedule_start_date":"2023-12-10","schedule_end_date":"2024-05-26","schedule_source":"C","schedule_type":"O","d1266_record_number":"00000","tp_origin_timestamp":"2024-04-14","train_call_type":"AUTOMATIC","train_call_mode":"NORMAL","train_service_code":"21234001"}},{"header":{"msg_type":"0001","msg_queue_timestamp":"1713128572000","source_system_id":"TRUST","original_data_source":"TSIA"},"body":{"train_id":"892A75M914","toc_id":"88","schedule_wtt_id":"2A75M","sched_origin_stanox":"89363","creation_timestamp":"1713132171000","origin_dep_timestamp":"1713135720000","train_uid":"L15815","schedule_start_date":"2024-03-31","schedule_end_date":"2024-04-14","schedule_source":"C","schedule_type":"C","d1266_record_number":"00000","tp_origin_timestamp":"2024-04-14","train_call_type":"AUTOMATIC","train_call_mode":"NORMAL","train_service_code":"24745000"}},{"header":{"msg_type":"0002","msg_queue_timestamp":"1713128572000","source_system_id":"TRUST"},"body":{"train_id":"892A75M914","division_code":"88","toc_id":"88","loc_stanox":"89363","canx_timestamp":"1713132120000","dep_timestamp":"1713135720000","canx_type":"ON CALL","canx_reason_code":"PD","train_service_code":"24745000"}},{"header":{"msg_type":"0001","msg_queue_timestamp":"1713128572000","source_system_id":"TRUST","original_data_source":"TSIA"},"body":{"train_id":"542C70M914","toc_id":"88","schedule_wtt_id":"2C70M","sched_origin_stanox":"54311","creation_timestamp":"1713132172000","origin_dep_timestamp":"1713135720000","train_uid":"L16178","schedule_start_date":"2024-04-07","schedule_end_date":"2024-04-14","schedule_source":"C","schedule_type":"C","d1266_record_number":"00000","tp_origin_timestamp":"2024-04-14","train_call_type":"AUTOMATIC","train_call_mode":"NORMAL","train_service_code":"21726000"}},{"header":{"msg_type":"0001","msg_queue_timestamp":"1713128572000","source_system_id":"TRUST","original_data_source":"TSIA"},"body":{"train_id":"872B50M914","toc_id":"88","schedule_wtt_id":"2B50M","sched_origin_stanox":"87201","creation_timestamp":"1713132172000","origin_dep_timestamp":"1713135720000","train_uid":"P17272","schedule_start_date":"2024-04-14","schedule_end_date":"2024-04-14","schedule_source":"C","schedule_type":"C","d1266_record_number":"00000","tp_origin_timestamp":"2024-04-14","train_call_type":"AUTOMATIC","train_call_mode":"NORMAL","train_service_code":"24782000"}},{"header":{"msg_type":"0002","msg_queue_timestamp":"1713128572000","source_system_id":"TRUST"},"body":{"train_id":"542C70M914","division_code":"88","toc_id":"88","loc_stanox":"54311","canx_timestamp":"1713132120000","dep_timestamp":"1713135720000","canx_type":"ON CALL","canx_reason_code":"PD","train_service_code":"21726000"}},{"header":{"msg_type":"0003","msg_queue_timestamp":"1713128572000","source_system_id":"TRUST","original_data_source":"SMART"},"body":{"train_id":"311P91MZ14","actual_timestamp":"1713132120000","loc_stanox":"18469","planned_timestamp":"1713131370000","planned_event_type":"DEPARTURE","event_type":"DEPARTURE","event_source":"AUTOMATIC","correction_ind":"false","offroute_ind":"false","direction_ind":"DOWN","line_ind":"M","route":"1","train_service_code":"21734000","division_code":"20","toc_id":"20","timetable_variation":"13","variation_status":"LATE","next_report_stanox":"18444","next_report_run_time":"2","train_terminated":"false","delay_monitoring_point":"true","reporting_stanox":"18469","auto_expected":"true"}},{"header":{"msg_type":"0002","msg_queue_timestamp":"1713128572000","source_system_id":"TRUST"},"body":{"train_id":"872B50M914","division_code":"88","toc_id":"88","loc_stanox":"87201","canx_timestamp":"1713132120000","dep_timestamp":"1713135720000","canx_type":"ON CALL","canx_reason_code":"PD","train_service_code":"24782000"}},{"header":{"msg_type":"0001","msg_queue_timestamp":"1713128572000","source_system_id":"TRUST","original_data_source":"TSIA"},"body":{"train_id":"402J50M914","toc_id":"71","schedule_wtt_id":"2J50M","sched_origin_stanox":"40320","creation_timestamp":"1713132172000","origin_dep_timestamp":"1713135720000","train_uid":"P65610","schedule_start_date":"2023-12-10","schedule_end_date":"2024-05-26","schedule_source":"C","schedule_type":"O","d1266_record_number":"00000","tp_origin_timestamp":"2024-04-14","train_call_type":"AUTOMATIC","train_call_mode":"NORMAL","train_service_code":"22340000"}},{"header":{"msg_type":"0003","msg_queue_timestamp":"1713128572000","source_system_id":"TRUST","original_data_source":"SMART"},"body":{"train_id":"072H05MZ14","actual_timestamp":"1713132120000","loc_stanox":"06134","gbtt_timestamp":"1713132120000","planned_timestamp":"1713132120000","planned_event_type":"DEPARTURE","event_type":"DEPARTURE","event_source":"AUTOMATIC","correction_ind":"false","offroute_ind":"false","direction_ind":"DOWN","platform":" 2","route":"1","train_service_code":"13560015","division_code":"60","toc_id":"60","timetable_variation":"0","variation_status":"ON TIME","next_report_stanox":"06113","next_report_run_time":"4","train_terminated":"false","delay_monitoring_point":"true","reporting_stanox":"06134","auto_expected":"true"}},{"header":{"msg_type":"0001","msg_queue_timestamp":"1713128572000","source_system_id":"TRUST","original_data_source":"TSIA"},"body":{"train_id":"882M77M914","toc_id":"80","schedule_wtt_id":"2M77M","sched_origin_stanox":"88403","creation_timestamp":"1713132172000","origin_dep_timestamp":"1713135720000","train_uid":"W02707","schedule_start_date":"2023-12-10","schedule_end_date":"2024-05-26","schedule_source":"C","schedule_type":"O","d1266_record_number":"00000","tp_origin_timestamp":"2024-04-14","train_call_type":"AUTOMATIC","train_call_mode":"NORMAL","train_service_code":"24650005"}},{"header":{"msg_type":"0003","msg_queue_timestamp":"1713128573000","source_system_id":"TRUST","original_data_source":"SMART"},"body":{"train_id":"062H84M714","actual_timestamp":"1713132180000","loc_stanox":"06113","gbtt_timestamp":"1713132180000","planned_timestamp":"1713132180000","planned_event_type":"ARRIVAL","event_type":"ARRIVAL","event_source":"AUTOMATIC","correction_ind":"false","offroute_ind":"false","direction_ind":"UP","platform":" 1","route":"0","train_service_code":"13560015","division_code":"60","toc_id":"60","timetable_variation":"0","variation_status":"ON TIME","next_report_stanox":"06134","next_report_run_time":"1","train_terminated":"false","delay_monitoring_point":"false","reporting_stanox":"00000","auto_expected":"true"}},{"header":{"msg_type":"0003","msg_queue_timestamp":"1713128573000","source_system_id":"TRUST","original_data_source":"SMART"},"body":{"train_id":"881Y121714","actual_timestamp":"1713132120000","loc_stanox":"88402","gbtt_timestamp":"1713132120000","planned_timestamp":"1713132150000","planned_event_type":"DEPARTURE","event_type":"DEPARTURE","event_source":"AUTOMATIC","correction_ind":"false","offroute_ind":"false","direction_ind":"DOWN","line_ind":"F","platform":"C","route":"1","train_service_code":"24602004","division_code":"80","toc_id":"80","timetable_variation":"0","variation_status":"ON TIME","next_report_stanox":"88386","next_report_run_time":"2","train_terminated":"false","delay_monitoring_point":"false","reporting_stanox":"00000","auto_expected":"true"}},{"header":{"msg_type":"0003","msg_queue_timestamp":"1713128573000","source_system_id":"TRUST","original_data_source":"SMART"},"body":{"train_id":"899P64MZ14","actual_timestamp":"1713132180000","loc_stanox":"87245","gbtt_timestamp":"1713132240000","planned_timestamp":"1713132240000","planned_event_type":"ARRIVAL","event_type":"ARRIVAL","event_source":"AUTOMATIC","correction_ind":"false","offroute_ind":"false","direction_ind":"UP","platform":" 2","route":"0","train_service_code":"22761000","division_code":"88","toc_id":"88","timetable_variation":"1","variation_status":"EARLY","next_report_stanox":"87244","next_report_run_time":"2","train_terminated":"false","delay_monitoring_point":"true","reporting_stanox":"87245","auto_expected":"true"}},{"header":{"msg_type":"0003","msg_queue_timestamp":"1713128573000","source_system_id":"TRUST","original_data_source":"SMART"},"body":{"train_id":"729G66M714","actual_timestamp":"1713132120000","loc_stanox":"72021","planned_timestamp":"1713132060000","planned_event_type":"DEPARTURE","event_type":"DEPARTURE","event_source":"AUTOMATIC","correction_ind":"false","offroute_ind":"false","direction_ind":"DOWN","line_ind":"S","platform":" 5","route":"1","train_service_code":"22100001","division_code":"65","toc_id":"65","timetable_variation":"1","variation_status":"LATE","next_report_stanox":"72013","next_report_run_time":"1","train_terminated":"false","delay_monitoring_point":"false","reporting_stanox":"00000","auto_expected":"true"}},{"header":{"msg_type":"0003","msg_queue_timestamp":"1713128573000","source_system_id":"TRUST","original_data_source":"SMART"},"body":{"train_id":"531R631714","actual_timestamp":"1713132120000","loc_stanox":"54103","planned_timestamp":"1713132210000","planned_event_type":"DEPARTURE","event_type":"DEPARTURE","event_source":"AUTOMATIC","correction_ind":"false","offroute_ind":"false","direction_ind":"UP","line_ind":"F","route":"1","train_service_code":"21725000","division_code":"88","toc_id":"88","timetable_variation":"1","variation_status":"EARLY","next_report_stanox":"54238","next_report_run_time":"2","train_terminated":"false","delay_monitoring_point":"true","reporting_stanox":"54103","auto_expected":"true"}},{"header":{"msg_type":"0001","msg_queue_timestamp":"1713128573000","source_system_id":"TRUST","original_data_source":"TSIA"},"body":{"train_id":"542R701914","toc_id":"88","schedule_wtt_id":"2R701","sched_origin_stanox":"54311","creation_timestamp":"1713132172000","origin_dep_timestamp":"1713135720000","train_uid":"X65974","schedule_start_date":"2024-04-14","schedule_end_date":"2024-04-14","schedule_source":"C","schedule_type":"N","d1266_record_number":"00000","tp_origin_timestamp":"2024-04-14","train_call_type":"AUTOMATIC","train_call_mode":"NORMAL","train_service_code":"21726000"}},{"header":{"msg_type":"0001","msg_queue_timestamp":"1713128573000","source_system_id":"TRUST","original_data_source":"TSIA"},"body":{"train_id":"872D73M914","toc_id":"84","schedule_wtt_id":"2D73M","sched_origin_stanox":"87212","creation_timestamp":"1713132173000","origin_dep_timestamp":"1713135720000","train_uid":"Y01724","schedule_start_date":"2023-12-10","schedule_end_date":"2024-05-26","schedule_source":"C","schedule_type":"O","d1266_record_number":"00000","tp_origin_timestamp":"2024-04-14","train_call_type":"AUTOMATIC","train_call_mode":"NORMAL","train_service_code":"24673705"}},{"header":{"msg_type":"0003","msg_queue_timestamp":"1713128573000","source_system_id":"TRUST","original_data_source":"SMART"},"body":{"train_id":"871P71M714","actual_timestamp":"1713132120000","loc_stanox":"86031","gbtt_timestamp":"1713132120000","planned_timestamp":"1713132150000","planned_event_type":"DEPARTURE","event_type":"DEPARTURE","event_source":"AUTOMATIC","correction_ind":"false","offroute_ind":"false","direction_ind":"DOWN","line_ind":"F","platform":" 4","route":"1","train_service_code":"24621104","division_code":"84","toc_id":"84","timetable_variation":"0","variation_status":"ON TIME","next_report_stanox":"86040","next_report_run_time":"1","train_terminated":"false","delay_monitoring_point":"true","reporting_stanox":"86031","auto_expected":"true"}},{"header":{"msg_type":"0003","msg_queue_timestamp":"1713128573000","source_system_id":"TRUST","original_data_source":"SMART"},"body":{"train_id":"872C69M714","actual_timestamp":"1713132180000","loc_stanox":"87103","gbtt_timestamp":"1713132300000","planned_timestamp":"1713132270000","planned_event_type":"ARRIVAL","event_type":"ARRIVAL","event_source":"AUTOMATIC","correction_ind":"false","offroute_ind":"false","direction_ind":"DOWN","platform":" 2","route":"0","train_service_code":"24672104","division_code":"84","toc_id":"84","timetable_variation":"1","variation_status":"EARLY","next_report_stanox":"87100","next_report_run_time":"2","train_terminated":"false","delay_monitoring_point":"true","reporting_stanox":"87103","auto_expected":"true"}},{"header":{"msg_type":"0003","msg_queue_timestamp":"1713128573000","source_system_id":"TRUST","original_data_source":"SMART"},"body":{"train_id":"861T80M714","actual_timestamp":"1713132120000","loc_stanox":"86202","gbtt_timestamp":"1713131580000","planned_timestamp":"1713131670000","planned_event_type":"DEPARTURE","event_type":"DEPARTURE","event_source":"AUTOMATIC","correction_ind":"false","offroute_ind":"false","direction_ind":"UP","line_ind":"M","platform":" 1","route":"2","train_service_code":"24631204","division_code":"84","toc_id":"84","timetable_variation":"8","variation_status":"LATE","next_report_stanox":"86201","next_report_run_time":"4","train_terminated":"false","delay_monitoring_point":"true","reporting_stanox":"86202","auto_expected":"true"}},{"header":{"msg_type":"0003","msg_queue_timestamp":"1713128573000","source_system_id":"TRUST","original_data_source":"SMART"},"body":{"train_id":"702H83M714","actual_timestamp":"1713132120000","loc_stanox":"73505","gbtt_timestamp":"1713131820000","planned_timestamp":"1713131820000","planned_event_type":"DEPARTURE","event_type":"DEPARTURE","event_source":"AUTOMATIC","correction_ind":"false","offroute_ind":"false","direction_ind":"UP","platform":" 2","route":"2","train_service_code":"25211004","division_code":"74","toc_id":"74","timetable_variation":"5","variation_status":"LATE","next_report_stanox":"73503","next_report_run_time":"6","train_terminated":"false","delay_monitoring_point":"false","reporting_stanox":"00000","auto_expected":"true"}},{"header":{"msg_type":"0003","msg_queue_timestamp":"1713128573000","source_system_id":"TRUST","original_data_source":"SMART"},"body":{"train_id":"872D70M714","actual_timestamp":"1713132120000","loc_stanox":"87302","gbtt_timestamp":"1713132120000","planned_timestamp":"1713132150000","planned_event_type":"DEPARTURE","event_type":"DEPARTURE","event_source":"AUTOMATIC","correction_ind":"false","offroute_ind":"false","direction_ind":"UP","platform":" 1","route":"1","train_service_code":"24673705","division_code":"84","toc_id":"84","timetable_variation":"0","variation_status":"ON TIME","next_report_stanox":"87301","next_report_run_time":"2","train_terminated":"false","delay_monitoring_point":"false","reporting_stanox":"00000","auto_expected":"true"}},{"header":{"msg_type":"0003","msg_queue_timestamp":"1713128573000","source_system_id":"TRUST","original_data_source":"SMART"},"body":{"train_id":"872F70M714","actual_timestamp":"1713132120000","loc_stanox":"87169","planned_timestamp":"1713132240000","planned_event_type":"DEPARTURE","event_type":"DEPARTURE","event_source":"AUTOMATIC","correction_ind":"false","offroute_ind":"false","direction_ind":"UP","line_ind":"S","platform":" 1","route":"2","train_service_code":"24673605","division_code":"84","toc_id":"84","timetable_variation":"2","variation_status":"EARLY","next_report_stanox":"87271","next_report_run_time":"1","train_terminated":"false","delay_monitoring_point":"true","reporting_stanox":"87169","auto_expected":"true"}},{"header":{"msg_type":"0003","msg_queue_timestamp":"1713128573000","source_system_id":"TRUST","original_data_source":"SMART"},"body":{"train_id":"872H70M714","actual_timestamp":"1713132120000","loc_stanox":"87214","gbtt_timestamp":"1713132000000","planned_timestamp":"1713132030000","planned_event_type":"DEPARTURE","event_type":"DEPARTURE","event_source":"AUTOMATIC","correction_ind":"false","offroute_ind":"false","direction_ind":"UP","platform":" 7","route":"2","train_service_code":"24673105","division_code":"84","toc_id":"84","timetable_variation":"2","variation_status":"LATE","next_report_stanox":"87286","next_report_run_time":"2","train_terminated":"false","delay_monitoring_point":"true","reporting_stanox":"87214","auto_expected":"true"}},{"header":{"msg_type":"0003","msg_queue_timestamp":"1713128574000","source_system_id":"TRUST","original_data_source":"SMART"},"body":{"train_id":"129M20MY14","actual_timestamp":"1713132120000","loc_stanox":"31134","planned_timestamp":"1713132270000","planned_event_type":"DEPARTURE","event_type":"DEPARTURE","event_source":"AUTOMATIC","correction_ind":"false","offroute_ind":"false","direction_ind":"UP","route":"1","train_service_code":"21731000","division_code":"20","toc_id":"20","timetable_variation":"2","variation_status":"EARLY","next_report_stanox":"31304","next_report_run_time":"5","train_terminated":"false","delay_monitoring_point":"false","reporting_stanox":"00000","auto_expected":"true"}},{"header":{"msg_type":"0003","msg_queue_timestamp":"1713128574000","source_system_id":"TRUST","original_data_source":"SMART"},"body":{"train_id":"739C82M714","actual_timestamp":"1713132120000","loc_stanox":"63636","gbtt_timestamp":"1713131580000","planned_timestamp":"1713131610000","planned_event_type":"DEPARTURE","event_type":"DEPARTURE","event_source":"AUTOMATIC","correction_ind":"false","offroute_ind":"false","direction_ind":"UP","route":"1","train_service_code":"21381901","division_code":"33","toc_id":"33","timetable_variation":"9","variation_status":"LATE","next_report_stanox":"52745","next_report_run_time":"2","train_terminated":"false","delay_monitoring_point":"false","reporting_stanox":"00000","auto_expected":"true"}},{"header":{"msg_type":"0003","msg_queue_timestamp":"1713128574000","source_system_id":"TRUST","original_data_source":"SMART"},"body":{"train_id":"521D541Z14","actual_timestamp":"1713132180000","loc_stanox":"51007","gbtt_timestamp":"1713132060000","planned_timestamp":"1713132060000","planned_event_type":"ARRIVAL","event_type":"ARRIVAL","event_source":"AUTOMATIC","correction_ind":"false","offroute_ind":"false","direction_ind":"DOWN","platform":" 2","route":"0","train_service_code":"21936004","division_code":"79","toc_id":"79","timetable_variation":"2","variation_status":"LATE","next_report_stanox":"51005","next_report_run_time":"1","train_terminated":"false","delay_monitoring_point":"true","reporting_stanox":"51007","auto_expected":"true"}}]