[{"header":{"msg_type":"0003","msg_queue_timestamp":"1713159171000","source_system_id":"TRUST","original_data_source":"SMART"},"body":{"train_id":"322E60M515","actual_timestamp":"1713162840000","loc_stanox":"17132","gbtt_timestamp":"1713162960000","planned_timestamp":"1713162960000","planned_event_type":"DESTINATION","event_type":"ARRIVAL","event_source":"AUTOMATIC","correction_ind":"false","offroute_ind":"false","direction_ind":"DOWN","platform":"13","route":"0","train_service_code":"21733000","division_code":"20","toc_id":"20","timetable_variation":"2","variation_status":"EARLY","train_terminated":"true","delay_monitoring_point":"true","reporting_stanox":"17132","auto_expected":"true"}},{"header":{"msg_type":"0003","msg_queue_timestamp":"1713159171000","source_system_id":"TRUST","original_data_source":"SMART"},"body":{"train_id":"555H02M615","actual_timestamp":"1713162780000","loc_stanox":"55120","planned_timestamp":"1713162840000","planned_event_type":"DEPARTURE","event_type":"DEPARTURE","event_source":"AUTOMATIC","correction_ind":"false","offroute_ind":"false","direction_ind":"DOWN","line_ind":"T","route":"4","train_service_code":"22270000","division_code":"28","toc_id":"28","timetable_variation":"1","variation_status":"EARLY","next_report_stanox":"56550","next_report_run_time":"6","train_terminated":"false","delay_monitoring_point":"true","reporting_stanox":"55120","auto_expected":"true"}},{"header":{"msg_type":"0003","msg_queue_timestamp":"1713159171000","source_system_id":"TRUST","original_data_source":"SMART"},"body":{"train_id":"509Y39M615","actual_timestamp":"1713162780000","loc_stanox":"50438","gbtt_timestamp":"1713162840000","planned_timestamp":"1713162810000","planned_event_type":"ARRIVAL","event_type":"ARRIVAL","event_source":"AUTOMATIC","correction_ind":"false","offroute_ind":"false","direction_ind":"UP","platform":" 1","route":"0","train_service_code":"21381001","division_code":"33","toc_id":"33","timetable_variation":"0","variation_status":"ON TIME","next_report_stanox":"52226","next_report_run_time":"1","train_terminated":"false","delay_monitoring_point":"false","reporting_stanox":"00000","auto_expected":"true"}},{"header":{"msg_type":"0003","msg_queue_timestamp":"1713159171000","source_system_id":"TRUST","original_data_source":"SMART"},"body":{"train_id":"322R01M615","actual_timestamp":"1713162720000","loc_stanox":"32000","gbtt_timestamp":"1713162720000","planned_timestamp":"1713162720000","planned_event_type":"DEPARTURE","event_type":"DEPARTURE","event_source":"AUTOMATIC","correction_ind":"false","offroute_ind":"false","direction_ind":"UP","line_ind":"E","platform":" 3","route":"1","train_service_code":"12226110","division_code":"23","toc_id":"23","timetable_variation":"0","variation_status":"ON TIME","next_report_stanox":"32009","next_report_run_time":"2","train_terminated":"false","delay_monitoring_point":"true","reporting_stanox":"32000","auto_expected":"true"}},{"header":{"msg_type":"0003","msg_queue_timestamp":"1713159171000","source_system_id":"TRUST","original_data_source":"SMART"},"body":{"train_id":"062E74M615","actual_timestamp":"1713162720000","loc_stanox":"06701","gbtt_timestamp":"1713162720000","planned_timestamp":"1713162720000","planned_event_type":"DEPARTURE","event_type":"DEPARTURE","event_source":"AUTOMATIC","correction_ind":"false","offroute_ind":"false","direction_ind":"UP","platform":" 2","route":"3","train_service_code":"13560015","division_code":"60","toc_id":"60","timetable_variation":"0","variation_status":"ON TIME","next_report_stanox":"06706","next_report_run_time":"3","train_terminated":"false","delay_monitoring_point":"true","reporting_stanox":"06701","auto_expected":"true"}},{"header":{"msg_type":"0003","msg_queue_timestamp":"1713159171000","source_system_id":"TRUST","original_data_source":"SMART"},"body":{"train_id":"062E74M615","actual_timestamp":"1713162900000","loc_stanox":"06706","gbtt_timestamp":"1713162900000","planned_timestamp":"1713162900000","planned_event_type":"ARRIVAL","event_type":"ARRIVAL","event_source":"AUTOMATIC","correction_ind":"false","offroute_ind":"false","direction_ind":"UP","platform":" 2","route":"0","train_service_code":"13560015","division_code":"60","toc_id":"60","timetable_variation":"0","variation_status":"ON TIME","next_report_stanox":"06707","next_report_run_time":"1","train_terminated":"false","delay_monitoring_point":"false","reporting_stanox":"00000","auto_expected":"true"}},{"header":{"msg_type":"0003","msg_queue_timestamp":"1713159171000","source_system_id":"TRUST","original_data_source":"SMART"},"body":{"train_id":"092C40M615","actual_timestamp":"1713162480000","loc_stanox":"09213","gbtt_timestamp":"1713162480000","planned_timestamp":"1713162480000","planned_event_type":"DEPARTURE","event_type":"DEPARTURE","event_source":"AUTOMATIC","correction_ind":"false","offroute_ind":"false","direction_ind":"UP","platform":" 1","route":"4","train_service_code":"22358000","division_code":"23","toc_id":"23","timetable_variation":"0","variation_status":"ON TIME","next_report_stanox":"09221","next_report_run_time":"8","train_terminated":"false","delay_monitoring_point":"false","reporting_stanox":"00000","auto_expected":"true"}},{"header":{"msg_type":"0003","msg_queue_timestamp":"1713159171000","source_system_id":"TRUST","original_data_source":"SMART"},"body":{"train_id":"072L01M615","actual_timestamp":"1713162780000","loc_stanox":"07272","gbtt_timestamp":"1713162840000","planned_timestamp":"1713162810000","planned_event_type":"ARRIVAL","event_type":"ARRIVAL","event_source":"AUTOMATIC","correction_ind":"false","offroute_ind":"false","direction_ind":"DOWN","platform":" 1","route":"0","train_service_code":"23563015","division_code":"60","toc_id":"60","timetable_variation":"0","variation_status":"ON TIME","next_report_stanox":"07269","next_report_run_time":"1","train_terminated":"false","delay_monitoring_point":"false","reporting_stanox":"00000","auto_expected":"true"}},{"header":{"msg_type":"0003","msg_queue_timestamp":"1713159171000","source_system_id":"TRUST","original_data_source":"SMART"},"body":{"train_id":"551B10M615","actual_timestamp":"1713162720000","loc_stanox":"59002","gbtt_timestamp":"1713162720000","planned_timestamp":"1713162720000","planned_event_type":"DEPARTURE","event_type":"DEPARTURE","event_source":"AUTOMATIC","correction_ind":"false","offroute_ind":"false","direction_ind":"UP","line_ind":"F","platform":" 2","route":"2","train_service_code":"22154000","division_code":"28","toc_id":"28","timetable_variation":"0","variation_status":"ON TIME","next_report_stanox":"59019","next_report_run_time":"4","train_terminated":"false","delay_monitoring_point":"true","reporting_stanox":"59002","auto_expected":"true"}},{"header":{"msg_type":"0003","msg_queue_timestamp":"1713159171000","source_system_id":"TRUST","original_data_source":"SMART"},"body":{"train_id":"552W02M615","actual_timestamp":"1713162780000","loc_stanox":"55115","planned_timestamp":"1713162750000","planned_event_type":"DEPARTURE","event_type":"DEPARTURE","event_source":"AUTOMATIC","correction_ind":"false","offroute_ind":"false","direction_ind":"DOWN","line_ind":"S","route":"2","train_service_code":"12325021","division_code":"28","toc_id":"28","timetable_variation":"1","variation_status":"LATE","next_report_stanox":"55116","next_report_run_time":"1","train_terminated":"false","delay_monitoring_point":"false","reporting_stanox":"00000","auto_expected":"true"}},{"header":{"msg_type":"0003","msg_queue_timestamp":"1713159171000","source_system_id":"TRUST","original_data_source":"SMART"},"body":{"train_id":"552W02M615","actual_timestamp":"1713162840000","loc_stanox":"55116","gbtt_timestamp":"1713162780000","planned_timestamp":"1713162780000","planned_event_type":"ARRIVAL","event_type":"ARRIVAL","event_source":"AUTOMATIC","correction_ind":"false","offroute_ind":"false","direction_ind":"DOWN","platform":" 1","route":"0","train_service_code":"12325021","division_code":"28","toc_id":"28","timetable_variation":"1","variation_status":"LATE","next_report_stanox":"55111","next_report_run_time":"1","train_terminated":"false","delay_monitoring_point":"false","reporting_stanox":"00000","auto_expected":"true"}},{"header":{"msg_type":"0003","msg_queue_timestamp":"1713159172000","source_system_id":"TRUST","original_data_source":"SMART"},"body":{"train_id":"721H61M615","actual_timestamp":"1713162720000","loc_stanox":"72315","planned_timestamp":"1713162720000","planned_event_type":"DEPARTURE","event_type":"DEPARTURE","event_source":"AUTOMATIC","correction_ind":"false","offroute_ind":"false","direction_ind":"DOWN","line_ind":"F","platform":"F","route":"1","train_service_code":"22108001","division_code":"65","toc_id":"65","timetable_variation":"0","variation_status":"ON TIME","next_report_stanox":"72268","next_report_run_time":"3","train_terminated":"false","delay_monitoring_point":"false","reporting_stanox":"00000","auto_expected":"true"}},{"header":{"msg_type":"0003","msg_queue_timestamp":"1713159172000","source_system_id":"TRUST","original_data_source":"SMART"},"body":{"train_id":"061R06M615","actual_timestamp":"1713162720000","loc_stanox":"05125","planned_timestamp":"1713162780000","planned_event_type":"DEPARTURE","event_type":"DEPARTURE","event_source":"AUTOMATIC","correction_ind":"false","offroute_ind":"false","direction_ind":"UP","route":"2","train_service_code":"23548003","division_code":"60","toc_id":"60","timetable_variation":"1","variation_status":"EARLY","next_report_stanox":"04032","next_report_run_time":"3","train_terminated":"false","delay_monitoring_point":"true","reporting_stanox":"05125","auto_expected":"true"}},{"header":{"msg_type":"0003","msg_queue_timestamp":"1713159172000","source_system_id":"TRUST","original_data_source":"SMART"},"body":{"train_id":"722J31M515","actual_timestamp":"1713162840000","loc_stanox":"72010","gbtt_timestamp":"1713162780000","planned_timestamp":"1713162780000","planned_event_type":"ARRIVAL","event_type":"ARRIVAL","event_source":"AUTOMATIC","correction_ind":"false","offroute_ind":"false","direction_ind":"DOWN","platform":" 1","route":"0","train_service_code":"24680004","division_code":"91","toc_id":"91","timetable_variation":"1","variation_status":"LATE","next_report_stanox":"72009","next_report_run_time":"1","train_terminated":"false","delay_monitoring_point":"false","reporting_stanox":"00000","auto_expected":"true"}},{"header":{"msg_type":"0003","msg_queue_timestamp":"1713159172000","source_system_id":"TRUST","original_data_source":"SMART"},"body":{"train_id":"889R36M615","actual_timestamp":"1713162720000","loc_stanox":"52085","gbtt_timestamp":"1713162720000","planned_timestamp":"1713162750000","planned_event_type":"DEPARTURE","event_type":"DEPARTURE","event_source":"AUTOMATIC","correction_ind":"false","offroute_ind":"false","direction_ind":"DOWN","route":"2","train_service_code":"21381901","division_code":"33","toc_id":"33","timetable_variation":"0","variation_status":"ON TIME","next_report_stanox":"52745","next_report_run_time":"2","train_terminated":"false","delay_monitoring_point":"false","reporting_stanox":"00000","auto_expected":"true"}},{"header":{"msg_type":"0003","msg_queue_timestamp":"1713159172000","source_system_id":"TRUST","original_data_source":"SMART"},"body":{"train_id":"739W28M615","actual_timestamp":"1713162720000","loc_stanox":"73770","gbtt_timestamp":"1713162720000","planned_timestamp":"1713162720000","planned_event_type":"DEPARTURE","event_type":"DEPARTURE","event_source":"AUTOMATIC","correction_ind":"false","offroute_ind":"false","direction_ind":"UP","platform":" 4","route":"2","train_service_code":"21381202","division_code":"33","toc_id":"33","timetable_variation":"0","variation_status":"ON TIME","next_report_stanox":"73663","next_report_run_time":"2","train_terminated":"false","delay_monitoring_point":"true","reporting_stanox":"73770","auto_expected":"true"}},{"header":{"msg_type":"0003","msg_queue_timestamp":"1713159172000","source_system_id":"TRUST","original_data_source":"SMART"},"body":{"train_id":"722J31M515","actual_timestamp":"1713162720000","loc_stanox":"72020","gbtt_timestamp":"1713162660000","planned_timestamp":"1713162690000","planned_event_type":"DEPARTURE","event_type":"DEPARTURE","event_source":"AUTOMATIC","correction_ind":"false","offroute_ind":"false","direction_ind":"DOWN","line_ind":"1","platform":" 1","route":"1","train_service_code":"24680004","division_code":"91","toc_id":"91","timetable_variation":"1","variation_status":"LATE","next_report_stanox":"72010","next_report_run_time":"2","train_terminated":"false","delay_monitoring_point":"false","reporting_stanox":"00000","auto_expected":"true"}},{"header":{"msg_type":"0003","msg_queue_timestamp":"1713159172000","source_system_id":"TRUST","original_data_source":"SMART"},"body":{"train_id":"509Y35M515","actual_timestamp":"1713162720000","loc_stanox":"63636","gbtt_timestamp":"1713162780000","planned_timestamp":"1713162780000","planned_event_type":"ARRIVAL","event_type":"ARRIVAL","event_source":"AUTOMATIC","correction_ind":"false","offroute_ind":"false","direction_ind":"DOWN","route":"0","train_service_code":"21381001","division_code":"33","toc_id":"33","timetable_variation":"1","variation_status":"EARLY","next_report_stanox":"73113","next_report_run_time":"2","train_terminated":"false","delay_monitoring_point":"false","reporting_stanox":"00000","auto_expected":"true"}},{"header":{"msg_type":"0003","msg_queue_timestamp":"1713159172000","source_system_id":"TRUST","original_data_source":"SMART"},"body":{"train_id":"722J33M615","actual_timestamp":"1713162720000","loc_stanox":"72311","gbtt_timestamp":"1713162600000","planned_timestamp":"1713162600000","planned_event_type":"DEPARTURE","event_type":"DEPARTURE","event_source":"AUTOMATIC","correction_ind":"false","offroute_ind":"false","direction_ind":"DOWN","platform":" 3","route":"1","train_service_code":"24680004","division_code":"91","toc_id":"91","timetable_variation":"2","variation_status":"LATE","next_report_stanox":"72309","next_report_run_time":"1","train_terminated":"false","delay_monitoring_point":"true","reporting_stanox":"72311","auto_expected":"true"}},{"header":{"msg_type":"0003","msg_queue_timestamp":"1713159173000","source_system_id":"TRUST","original_data_source":"SMART"},"body":{"train_id":"652H08M615","actual_timestamp":"1713162720000","loc_stanox":"65927","gbtt_timestamp":"1713162720000","planned_timestamp":"1713162750000","planned_event_type":"DEPARTURE","event_type":"DEPARTURE","event_source":"AUTOMATIC","correction_ind":"false","offroute_ind":"false","direction_ind":"UP","route":"2","train_service_code":"12332320","division_code":"29","toc_id":"29","timetable_variation":"0","variation_status":"ON TIME","next_report_stanox":"65925","next_report_run_time":"3","train_terminated":"false","delay_monitoring_point":"false","reporting_stanox":"00000","auto_expected":"true"}},{"header":{"msg_type":"0003","msg_queue_timestamp":"1713159173000","source_system_id":"TRUST","original_data_source":"SMART"},"body":{"train_id":"532F09M615","actual_timestamp":"1713162780000","loc_stanox":"53247","planned_timestamp":"1713162720000","planned_event_type":"DEPARTURE","event_type":"DEPARTURE","event_source":"AUTOMATIC","correction_ind":"false","offroute_ind":"false","direction_ind":"UP","line_ind":"H","route":"1","train_service_code":"21724000","division_code":"88","toc_id":"88","timetable_variation":"1","variation_status":"LATE","next_report_stanox":"53230","next_report_run_time":"2","train_terminated":"false","delay_monitoring_point":"false","reporting_stanox":"00000","auto_expected":"true"}},{"header":{"msg_type":"0003","msg_queue_timestamp":"1713159173000","source_system_id":"TRUST","original_data_source":"SMART"},"body":{"train_id":"532F07M515","actual_timestamp":"1713162780000","loc_stanox":"53305","gbtt_timestamp":"1713162780000","planned_timestamp":"1713162780000","planned_event_type":"ARRIVAL","event_type":"ARRIVAL","event_source":"AUTOMATIC","correction_ind":"false","offroute_ind":"false","direction_ind":"UP","platform":" 1","route":"0","train_service_code":"21724000","division_code":"88","toc_id":"88","timetable_variation":"0","variation_status":"ON TIME","next_report_stanox":"53307","next_report_run_time":"1","train_terminated":"false","delay_monitoring_point":"false","reporting_stanox":"00000","auto_expected":"true"}},{"header":{"msg_type":"0003","msg_queue_timestamp":"1713159173000","source_system_id":"TRUST","original_data_source":"SMART"},"body":{"train_id":"705Y07M615","actual_timestamp":"1713162900000","loc_stanox":"70100","gbtt_timestamp":"1713162900000","planned_timestamp":"1713162900000","planned_event_type":"DESTINATION","event_type":"ARRIVAL","event_source":"AUTOMATIC","correction_ind":"false","offroute_ind":"false","direction_ind":"UP","line_ind":"4","platform":" 4","route":"0","train_service_code":"22209001","division_code":"29","toc_id":"29","timetable_variation":"0","variation_status":"ON TIME","train_terminated":"true","delay_monitoring_point":"true","reporting_stanox":"70100","auto_expected":"true"}},{"header":{"msg_type":"0003","msg_queue_timestamp":"1713159173000","source_system_id":"TRUST","original_data_source":"SDR","user_id":"#QLP0135","source_dev_id":"S44F"},"body":{"train_id":"061A29M515","actual_timestamp":"1713162720000","loc_stanox":"03156","planned_timestamp":"1713162930000","planned_event_type":"DEPARTURE","event_type":"DEPARTURE","event_source":"MANUAL","correction_ind":"false","offroute_ind":"false","train_service_code":"23540003","division_code":"60","toc_id":"60","timetable_variation":"3","variation_status":"EARLY","next_report_stanox":"03155","next_report_run_time":"3","train_terminated":"false","delay_monitoring_point":"false","reporting_stanox":"00000"}},{"header":{"msg_type":"0003","msg_queue_timestamp":"1713159174000","source_system_id":"TRUST","original_data_source":"SMART"},"body":{"train_id":"882N12M615","actual_timestamp":"1713162780000","loc_stanox":"87601","gbtt_timestamp":"1713162840000","planned_timestamp":"1713162840000","planned_event_type":"ARRIVAL","event_type":"ARRIVAL","event_source":"AUTOMATIC","correction_ind":"false","offroute_ind":"false","direction_ind":"DOWN","line_ind":"S","platform":" 7","route":"0","train_service_code":"24657005","division_code":"80","toc_id":"80","timetable_variation":"1","variation_status":"EARLY","next_report_stanox":"88412","next_report_run_time":"3","train_terminated":"false","delay_monitoring_point":"true","reporting_stanox":"87601","auto_expected":"true"}},{"header":{"msg_type":"0003","msg_queue_timestamp":"1713159174000","source_system_id":"TRUST","original_data_source":"SMART"},"body":{"train_id":"872B08M615","actual_timestamp":"1713162780000","loc_stanox":"87203","gbtt_timestamp":"1713162840000","planned_timestamp":"1713162840000","planned_event_type":"ARRIVAL","event_type":"ARRIVAL","event_source":"AUTOMATIC","correction_ind":"false","offroute_ind":"false","direction_ind":"DOWN","platform":" 3","route":"0","train_service_code":"24782000","division_code":"88","toc_id":"88","timetable_variation":"1","variation_status":"EARLY","next_report_stanox":"87230","next_report_run_time":"1","train_terminated":"false","delay_monitoring_point":"true","reporting_stanox":"87203","auto_expected":"true"}},{"header":{"msg_type":"0003","msg_queue_timestamp":"1713159174000","source_system_id":"TRUST","original_data_source":"SMART"},"body":{"train_id":"739W14M615","actual_timestamp":"1713162720000","loc_stanox":"52226","gbtt_timestamp":"1713162720000","planned_timestamp":"1713162750000","planned_event_type":"DEPARTURE","event_type":"DEPARTURE","event_source":"AUTOMATIC","correction_ind":"false","offroute_ind":"false","direction_ind":"DOWN","line_ind":"E","platform":" 8","route":"1","train_service_code":"21381901","division_code":"33","toc_id":"33","timetable_variation":"0","variation_status":"ON TIME","next_report_stanox":"50438","next_report_run_time":"2","train_terminated":"false","delay_monitoring_point":"true","reporting_stanox":"52226","auto_expected":"true"}},{"header":{"msg_type":"0003","msg_queue_timestamp":"1713159174000","source_system_id":"TRUST","original_data_source":"SMART"},"body":{"train_id":"311D69M615","actual_timestamp":"1713162780000","loc_stanox":"35321","gbtt_timestamp":"1713162720000","planned_timestamp":"1713162690000","planned_event_type":"ARRIVAL","event_type":"ARRIVAL","event_source":"AUTOMATIC","correction_ind":"false","offroute_ind":"false","direction_ind":"DOWN","platform":" 2","route":"0","train_service_code":"12366110","division_code":"23","toc_id":"23","timetable_variation":"2","variation_status":"LATE","next_report_stanox":"35325","next_report_run_time":"1","train_terminated":"false","delay_monitoring_point":"false","reporting_stanox":"00000","auto_expected":"true"}},{"header":{"msg_type":"0003","msg_queue_timestamp":"1713159174000","source_system_id":"TRUST","original_data_source":"SMART"},"body":{"train_id":"472H03M515","actual_timestamp":"1713162780000","loc_stanox":"52736","planned_timestamp":"1713162870000","planned_event_type":"ARRIVAL","event_type":"ARRIVAL","event_source":"AUTOMATIC","correction_ind":"false","offroute_ind":"false","route":"0","train_service_code":"21913000","division_code":"21","toc_id":"21","timetable_variation":"1","variation_status":"EARLY","next_report_stanox":"52739","next_report_run_time":"1","train_terminated":"false","delay_monitoring_point":"true","reporting_stanox":"52736","auto_expected":"true"}},{"header":{"msg_type":"0003","msg_queue_timestamp":"1713159174000","source_system_id":"TRUST","original_data_source":"SMART"},"body":{"train_id":"732G04M615","actual_timestamp":"1713162720000","loc_stanox":"73272","gbtt_timestamp":"1713162720000","planned_timestamp":"1713162750000","planned_event_type":"DEPARTURE","event_type":"DEPARTURE","event_source":"AUTOMATIC","correction_ind":"false","offroute_ind":"false","direction_ind":"DOWN","line_ind":"G","platform":" 1","route":"1","train_service_code":"25508006","division_code":"25","toc_id":"25","timetable_variation":"0","variation_status":"ON TIME","next_report_stanox":"73273","next_report_run_time":"2","train_terminated":"false","delay_monitoring_point":"false","reporting_stanox":"00000","auto_expected":"true"}},{"header":{"msg_type":"0003","msg_queue_timestamp":"1713159174000","source_system_id":"TRUST","original_data_source":"SMART"},"body":{"train_id":"522T09M615","actual_timestamp":"1713162720000","loc_stanox":"52739","gbtt_timestamp":"1713162720000","planned_timestamp":"1713162750000","planned_event_type":"DEPARTURE","event_type":"DEPARTURE","event_source":"AUTOMATIC","correction_ind":"false","offroute_ind":"false","direction_ind":"UP","line_ind":"S","platform":" 1","route":"3","train_service_code":"21235001","division_code":"30","toc_id":"30","timetable_variation":"0","variation_status":"ON TIME","next_report_stanox":"52741","next_report_run_time":"4","train_terminated":"false","delay_monitoring_point":"true","reporting_stanox":"52739","auto_expected":"true"}},{"header":{"msg_type":"0003","msg_queue_timestamp":"1713159174000","source_system_id":"TRUST","original_data_source":"SMART"},"body":{"train_id":"889H30M515","actual_timestamp":"1713162720000","loc_stanox":"73240","gbtt_timestamp":"1713162600000","planned_timestamp":"1713162630000","planned_event_type":"DEPARTURE","event_type":"DEPARTURE","event_source":"AUTOMATIC","correction_ind":"false","offroute_ind":"false","direction_ind":"DOWN","platform":" 4","route":"2","train_service_code":"21381901","division_code":"33","toc_id":"33","timetable_variation":"2","variation_status":"LATE","next_report_stanox":"73251","next_report_run_time":"2","train_terminated":"false","delay_monitoring_point":"false","reporting_stanox":"00000","auto_expected":"true"}}]