[{"header":{"msg_type":"0003","msg_queue_timestamp":"1713732850000","source_system_id":"TRUST","original_data_source":"SMART"},"body":{"train_id":"722J03M721","actual_timestamp":"1713736320000","loc_stanox":"51558","gbtt_timestamp":"1713736320000","planned_timestamp":"1713736320000","planned_event_type":"DEPARTURE","event_type":"DEPARTURE","event_source":"AUTOMATIC","correction_ind":"false","offroute_ind":"false","direction_ind":"DOWN","line_ind":"D","platform":" 2","route":"2","train_service_code":"21921000","division_code":"30","toc_id":"30","timetable_variation":"0","variation_status":"ON TIME","next_report_stanox":"51555","next_report_run_time":"2","train_terminated":"false","delay_monitoring_point":"true","reporting_stanox":"51558","auto_expected":"true"}},{"header":{"msg_type":"0003","msg_queue_timestamp":"1713732850000","source_system_id":"TRUST","original_data_source":"SMART"},"body":{"train_id":"722J03M721","actual_timestamp":"1713736500000","loc_stanox":"51555","gbtt_timestamp":"1713736500000","planned_timestamp":"1713736470000","planned_event_type":"ARRIVAL","event_type":"ARRIVAL","event_source":"AUTOMATIC","correction_ind":"false","offroute_ind":"false","direction_ind":"DOWN","platform":" 2","route":"0","train_service_code":"21921000","division_code":"30","toc_id":"30","timetable_variation":"1","variation_status":"LATE","next_report_stanox":"51553","next_report_run_time":"1","train_terminated":"false","delay_monitoring_point":"false","reporting_stanox":"00000","auto_expected":"true"}}]