[{"header":{"msg_type":"0003","msg_queue_timestamp":"1713151752000","source_system_id":"TRUST","original_data_source":"SMART"},"body":{"train_id":"702N00M415","actual_timestamp":"1713155280000","loc_stanox":"70215","gbtt_timestamp":"1713155160000","planned_timestamp":"1713155160000","planned_event_type":"DEPARTURE","event_type":"DEPARTURE","event_source":"AUTOMATIC","correction_ind":"false","offroute_ind":"false","direction_ind":"UP","line_ind":"S","platform":" 4","route":"2","train_service_code":"22209000","division_code":"29","toc_id":"29","timetable_variation":"2","variation_status":"LATE","next_report_stanox":"70261","next_report_run_time":"5","train_terminated":"false","delay_monitoring_point":"false","reporting_stanox":"00000","auto_expected":"true"}},{"header":{"msg_type":"0002","msg_queue_timestamp":"1713151753000","source_system_id":"TRUST","original_data_source":"TOPS","source_dev_id":"R252900"},"body":{"train_id":"234R61C315","division_code":"54","toc_id":"54","loc_stanox":"23451","canx_timestamp":"1713155340000","dep_timestamp":"1713153000000","canx_type":"AT ORIGIN","canx_reason_code":"FL","train_service_code":"51461580","train_file_address":"GG7"}},{"header":{"msg_type":"0003","msg_queue_timestamp":"1713151754000","source_system_id":"TRUST","original_data_source":"SMART"},"body":{"train_id":"496U071415","actual_timestamp":"1713155340000","loc_stanox":"49151","planned_timestamp":"1713159270000","planned_event_type":"DEPARTURE","event_type":"DEPARTURE","event_source":"AUTOMATIC","correction_ind":"false","offroute_ind":"false","direction_ind":"UP","line_ind":"U","platform":" 1","route":"1","train_service_code":"53693601","division_code":"39","toc_id":"39","timetable_variation":"65","variation_status":"EARLY","next_report_stanox":"49225","next_report_run_time":"4","train_terminated":"false","delay_monitoring_point":"false","train_file_address":"GHF","reporting_stanox":"00000","auto_expected":"true"}},{"header":{"msg_type":"0003","msg_queue_timestamp":"1713151755000","source_system_id":"TRUST","original_data_source":"SMART"},"body":{"train_id":"721S25MZ14","actual_timestamp":"1713155280000","loc_stanox":"05119","planned_timestamp":"1713155970000","planned_event_type":"DEPARTURE","event_type":"DEPARTURE","event_source":"AUTOMATIC","correction_ind":"false","offroute_ind":"false","direction_ind":"DOWN","platform":" 2","route":"1","train_service_code":"23558003","division_code":"35","toc_id":"35","timetable_variation":"11","variation_status":"EARLY","next_report_stanox":"05111","next_report_run_time":"6","train_terminated":"false","delay_monitoring_point":"true","train_file_address":"G55","reporting_stanox":"05119","auto_expected":"true"}}]