[{"header":{"msg_type":"0003","msg_queue_timestamp":"1713162536000","source_system_id":"TRUST","original_data_source":"SMART"},"body":{"train_id":"062H02M615","actual_timestamp":"1713166140000","loc_stanox":"07331","gbtt_timestamp":"1713165900000","planned_timestamp":"1713165900000","planned_event_type":"ARRIVAL","event_type":"ARRIVAL","event_source":"AUTOMATIC","correction_ind":"false","offroute_ind":"false","direction_ind":"UP","platform":" 2","route":"0","train_service_code":"13560015","division_code":"60","toc_id":"60","timetable_variation":"4","variation_status":"LATE","next_report_stanox":"07329","next_report_run_time":"1","train_terminated":"false","delay_monitoring_point":"true","reporting_stanox":"07331","auto_expected":"true"}},{"header":{"msg_type":"0003","msg_queue_timestamp":"1713162536000","source_system_id":"TRUST","original_data_source":"SMART"},"body":{"train_id":"072E55MA15","actual_timestamp":"1713166080000","loc_stanox":"06710","gbtt_timestamp":"1713166080000","planned_timestamp":"1713166110000","planned_event_type":"DEPARTURE","event_type":"DEPARTURE","event_source":"AUTOMATIC","correction_ind":"false","offroute_ind":"false","direction_ind":"DOWN","line_ind":"M","platform":" 2","route":"2","train_service_code":"13560015","division_code":"60","toc_id":"60","timetable_variation":"0","variation_status":"ON TIME","next_report_stanox":"06707","next_report_run_time":"2","train_terminated":"false","delay_monitoring_point":"false","reporting_stanox":"00000","auto_expected":"true"}},{"header":{"msg_type":"0003","msg_queue_timestamp":"1713162536000","source_system_id":"TRUST","original_data_source":"SMART"},"body":{"train_id":"042H41M615","actual_timestamp":"1713166140000","loc_stanox":"06399","gbtt_timestamp":"1713166200000","planned_timestamp":"1713166200000","planned_event_type":"ARRIVAL","event_type":"ARRIVAL","event_source":"AUTOMATIC","correction_ind":"false","offroute_ind":"false","direction_ind":"DOWN","platform":" 9","route":"0","train_service_code":"13560015","division_code":"60","toc_id":"60","timetable_variation":"1","variation_status":"EARLY","next_report_stanox":"06365","next_report_run_time":"3","train_terminated":"false","delay_monitoring_point":"true","reporting_stanox":"06399","auto_expected":"true"}},{"header":{"msg_type":"0003","msg_queue_timestamp":"1713162536000","source_system_id":"TRUST","original_data_source":"SMART"},"body":{"train_id":"899P04M515","actual_timestamp":"1713166140000","loc_stanox":"63216","planned_timestamp":"1713166050000","planned_event_type":"DEPARTURE","event_type":"DEPARTURE","event_source":"AUTOMATIC","correction_ind":"false","offroute_ind":"false","direction_ind":"DOWN","line_ind":"S","route":"2","train_service_code":"22761000","division_code":"88","toc_id":"88","timetable_variation":"2","variation_status":"LATE","next_report_stanox":"63214","next_report_run_time":"2","train_terminated":"false","delay_monitoring_point":"false","reporting_stanox":"00000","auto_expected":"true"}},{"header":{"msg_type":"0003","msg_queue_timestamp":"1713162536000","source_system_id":"TRUST","original_data_source":"SMART"},"body":{"train_id":"722C08MA15","actual_timestamp":"1713166080000","loc_stanox":"72005","gbtt_timestamp":"1713165960000","planned_timestamp":"1713165990000","planned_event_type":"DEPARTURE","event_type":"DEPARTURE","event_source":"AUTOMATIC","correction_ind":"false","offroute_ind":"false","direction_ind":"UP","platform":" 1","route":"2","train_service_code":"22216000","division_code":"30","toc_id":"30","timetable_variation":"2","variation_status":"LATE","next_report_stanox":"72006","next_report_run_time":"2","train_terminated":"false","delay_monitoring_point":"false","reporting_stanox":"00000","auto_expected":"true"}},{"header":{"msg_type":"0003","msg_queue_timestamp":"1713162536000","source_system_id":"TRUST","original_data_source":"SMART"},"body":{"train_id":"722C08MA15","actual_timestamp":"1713166200000","loc_stanox":"72006","gbtt_timestamp":"1713166080000","planned_timestamp":"1713166080000","planned_event_type":"ARRIVAL","event_type":"ARRIVAL","event_source":"AUTOMATIC","correction_ind":"false","offroute_ind":"false","direction_ind":"UP","platform":" 1","route":"0","train_service_code":"22216000","division_code":"30","toc_id":"30","timetable_variation":"2","variation_status":"LATE","next_report_stanox":"72017","next_report_run_time":"1","train_terminated":"false","delay_monitoring_point":"false","reporting_stanox":"00000","auto_expected":"true"}},{"header":{"msg_type":"0003","msg_queue_timestamp":"1713162536000","source_system_id":"TRUST","original_data_source":"SMART"},"body":{"train_id":"875H14M615","actual_timestamp":"1713166080000","loc_stanox":"87995","planned_timestamp":"1713166140000","planned_event_type":"DEPARTURE","event_type":"DEPARTURE","event_source":"AUTOMATIC","correction_ind":"false","offroute_ind":"false","direction_ind":"DOWN","platform":" 3","route":"1","train_service_code":"24788005","division_code":"88","toc_id":"88","timetable_variation":"1","variation_status":"EARLY","next_report_stanox":"88111","next_report_run_time":"1","train_terminated":"false","delay_monitoring_point":"true","reporting_stanox":"87995","auto_expected":"true"}},{"header":{"msg_type":"0003","msg_queue_timestamp":"1713162536000","source_system_id":"TRUST","original_data_source":"SMART"},"body":{"train_id":"879S06M615","actual_timestamp":"1713166140000","loc_stanox":"87701","gbtt_timestamp":"1713166260000","planned_timestamp":"1713166230000","planned_event_type":"ARRIVAL","event_type":"ARRIVAL","event_source":"AUTOMATIC","correction_ind":"false","offroute_ind":"false","direction_ind":"UP","platform":" 2","route":"0","train_service_code":"22721000","division_code":"88","toc_id":"88","timetable_variation":"1","variation_status":"EARLY","next_report_stanox":"87700","next_report_run_time":"2","train_terminated":"false","delay_monitoring_point":"true","reporting_stanox":"87701","auto_expected":"true"}},{"header":{"msg_type":"0003","msg_queue_timestamp":"1713162536000","source_system_id":"TRUST","original_data_source":"SMART"},"body":{"train_id":"421U02M515","actual_timestamp":"1713166140000","loc_stanox":"70261","gbtt_timestamp":"1713166140000","planned_timestamp":"1713166110000","planned_event_type":"ARRIVAL","event_type":"ARRIVAL","event_source":"AUTOMATIC","correction_ind":"false","offroute_ind":"false","direction_ind":"UP","line_ind":"4","platform":" 4","route":"0","train_service_code":"22330000","division_code":"29","toc_id":"29","timetable_variation":"1","variation_status":"LATE","next_report_stanox":"70306","next_report_run_time":"1","train_terminated":"false","delay_monitoring_point":"true","reporting_stanox":"70261","auto_expected":"true"}},{"header":{"msg_type":"0003","msg_queue_timestamp":"1713162536000","source_system_id":"TRUST","original_data_source":"SMART"},"body":{"train_id":"631R10MA15","actual_timestamp":"1713166200000","loc_stanox":"73503","gbtt_timestamp":"1713166260000","planned_timestamp":"1713166230000","planned_event_type":"ARRIVAL","event_type":"ARRIVAL","event_source":"AUTOMATIC","correction_ind":"false","offroute_ind":"false","direction_ind":"DOWN","line_ind":"2","platform":" 2","route":"0","train_service_code":"25530004","division_code":"74","toc_id":"74","timetable_variation":"0","variation_status":"ON TIME","next_report_stanox":"73505","next_report_run_time":"2","train_terminated":"false","delay_monitoring_point":"true","reporting_stanox":"73503","auto_expected":"true"}},{"header":{"msg_type":"0003","msg_queue_timestamp":"1713162536000","source_system_id":"TRUST","original_data_source":"SMART"},"body":{"train_id":"701C12MA15","actual_timestamp":"1713166200000","loc_stanox":"70353","gbtt_timestamp":"1713166140000","planned_timestamp":"1713166110000","planned_event_type":"ARRIVAL","event_type":"ARRIVAL","event_source":"AUTOMATIC","correction_ind":"false","offroute_ind":"false","direction_ind":"UP","platform":" 3","route":"0","train_service_code":"25210004","division_code":"74","toc_id":"74","timetable_variation":"2","variation_status":"LATE","next_report_stanox":"70358","next_report_run_time":"1","train_terminated":"false","delay_monitoring_point":"true","reporting_stanox":"70353","auto_expected":"true"}},{"header":{"msg_type":"0003","msg_queue_timestamp":"1713162537000","source_system_id":"TRUST","original_data_source":"SMART"},"body":{"train_id":"539Y11MA15","actual_timestamp":"1713166080000","loc_stanox":"54202","planned_timestamp":"1713166020000","planned_event_type":"DEPARTURE","event_type":"DEPARTURE","event_source":"AUTOMATIC","correction_ind":"false","offroute_ind":"false","direction_ind":"UP","line_ind":"1","platform":" 1","route":"1","train_service_code":"22723100","division_code":"88","toc_id":"88","timetable_variation":"1","variation_status":"LATE","next_report_stanox":"54238","next_report_run_time":"1","train_terminated":"false","delay_monitoring_point":"false","reporting_stanox":"00000","auto_expected":"true"}},{"header":{"msg_type":"0003","msg_queue_timestamp":"1713162537000","source_system_id":"TRUST","original_data_source":"SMART"},"body":{"train_id":"872L03M615","actual_timestamp":"1713166140000","loc_stanox":"52042","gbtt_timestamp":"1713166200000","planned_timestamp":"1713166170000","planned_event_type":"ARRIVAL","event_type":"ARRIVAL","event_source":"AUTOMATIC","correction_ind":"false","offroute_ind":"false","direction_ind":"DOWN","platform":" 2","route":"0","train_service_code":"22204000","division_code":"30","toc_id":"30","timetable_variation":"0","variation_status":"ON TIME","next_report_stanox":"52040","next_report_run_time":"1","train_terminated":"false","delay_monitoring_point":"false","reporting_stanox":"00000","auto_expected":"true"}},{"header":{"msg_type":"0006","msg_queue_timestamp":"1713162537000","source_system_id":"TRUST","original_data_source":"SDR","user_id":"#QGP9905","source_dev_id":"VNWK"},"body":{"train_id":"151G532A15","coo_timestamp":"1713166080000","loc_stanox":"12931","dep_timestamp":"1713168360000","train_service_code":"21791000","reason_code":"TH","division_code":"23","toc_id":"23"}},{"header":{"msg_type":"0003","msg_queue_timestamp":"1713162537000","source_system_id":"TRUST","original_data_source":"SMART"},"body":{"train_id":"501K27MA15","actual_timestamp":"1713166080000","loc_stanox":"50315","gbtt_timestamp":"1713166080000","planned_timestamp":"1713166110000","planned_event_type":"DEPARTURE","event_type":"DEPARTURE","event_source":"AUTOMATIC","correction_ind":"false","offroute_ind":"false","direction_ind":"UP","platform":" 1","route":"1","train_service_code":"25943001","division_code":"21","toc_id":"21","timetable_variation":"0","variation_status":"ON TIME","next_report_stanox":"50316","next_report_run_time":"2","train_terminated":"false","delay_monitoring_point":"false","reporting_stanox":"00000","auto_expected":"true"}},{"header":{"msg_type":"0003","msg_queue_timestamp":"1713162537000","source_system_id":"TRUST","original_data_source":"SMART"},"body":{"train_id":"739W34MA15","actual_timestamp":"1713166080000","loc_stanox":"52748","planned_timestamp":"1713166140000","planned_event_type":"DEPARTURE","event_type":"DEPARTURE","event_source":"AUTOMATIC","correction_ind":"false","offroute_ind":"false","direction_ind":"DOWN","route":"2","train_service_code":"21381901","division_code":"33","toc_id":"33","timetable_variation":"1","variation_status":"EARLY","next_report_stanox":"52226","next_report_run_time":"1","train_terminated":"false","delay_monitoring_point":"true","reporting_stanox":"52748","auto_expected":"true"}},{"header":{"msg_type":"0003","msg_queue_timestamp":"1713162537000","source_system_id":"TRUST","original_data_source":"SMART"},"body":{"train_id":"892D13MA15","actual_timestamp":"1713166080000","loc_stanox":"89109","gbtt_timestamp":"1713166080000","planned_timestamp":"1713166080000","planned_event_type":"DEPARTURE","event_type":"DEPARTURE","event_source":"AUTOMATIC","correction_ind":"false","offroute_ind":"false","direction_ind":"DOWN","platform":" 2","route":"2","train_service_code":"24607006","division_code":"80","toc_id":"80","timetable_variation":"0","variation_status":"ON TIME","next_report_stanox":"89111","next_report_run_time":"3","train_terminated":"false","delay_monitoring_point":"false","reporting_stanox":"00000","auto_expected":"true"}},{"header":{"msg_type":"0003","msg_queue_timestamp":"1713162538000","source_system_id":"TRUST","original_data_source":"SMART"},"body":{"train_id":"252N03M615","actual_timestamp":"1713166140000","loc_stanox":"17135","planned_timestamp":"1713166140000","planned_event_type":"DEPARTURE","event_type":"DEPARTURE","event_source":"AUTOMATIC","correction_ind":"false","offroute_ind":"false","direction_ind":"DOWN","line_ind":"C","route":"1","train_service_code":"11810920","division_code":"23","toc_id":"23","timetable_variation":"0","variation_status":"ON TIME","next_report_stanox":"17131","train_terminated":"false","delay_monitoring_point":"true","reporting_stanox":"17135","auto_expected":"true"}},{"header":{"msg_type":"0003","msg_queue_timestamp":"1713162538000","source_system_id":"TRUST","original_data_source":"SMART"},"body":{"train_id":"142N07M615","actual_timestamp":"1713166140000","loc_stanox":"12931","gbtt_timestamp":"1713166320000","planned_timestamp":"1713166230000","planned_event_type":"ARRIVAL","event_type":"ARRIVAL","event_source":"AUTOMATIC","correction_ind":"false","offroute_ind":"false","direction_ind":"UP","platform":" 7","route":"0","train_service_code":"11792920","division_code":"23","toc_id":"23","timetable_variation":"1","variation_status":"EARLY","next_report_stanox":"12932","next_report_run_time":"11","train_terminated":"false","delay_monitoring_point":"true","reporting_stanox":"12931","auto_expected":"true"}},{"header":{"msg_type":"0003","msg_queue_timestamp":"1713162538000","source_system_id":"TRUST","original_data_source":"SMART"},"body":{"train_id":"872R05M615","actual_timestamp":"1713166140000","loc_stanox":"87216","planned_timestamp":"1713166290000","planned_event_type":"DEPARTURE","event_type":"DEPARTURE","event_source":"AUTOMATIC","correction_ind":"false","offroute_ind":"false","direction_ind":"UP","platform":" 1","route":"2","train_service_code":"24671305","division_code":"84","toc_id":"84","timetable_variation":"2","variation_status":"EARLY","next_report_stanox":"87215","next_report_run_time":"1","train_terminated":"false","delay_monitoring_point":"false","reporting_stanox":"00000","auto_expected":"true"}},{"header":{"msg_type":"0003","msg_queue_timestamp":"1713162538000","source_system_id":"TRUST","original_data_source":"SMART"},"body":{"train_id":"871N92M615","actual_timestamp":"1713166080000","loc_stanox":"87103","gbtt_timestamp":"1713166140000","planned_timestamp":"1713166140000","planned_event_type":"DEPARTURE","event_type":"DEPARTURE","event_source":"AUTOMATIC","correction_ind":"false","offroute_ind":"false","direction_ind":"UP","platform":" 1","route":"2","train_service_code":"24672204","division_code":"84","toc_id":"84","timetable_variation":"1","variation_status":"EARLY","next_report_stanox":"87104","next_report_run_time":"3","train_terminated":"false","delay_monitoring_point":"true","reporting_stanox":"87103","auto_expected":"true"}},{"header":{"msg_type":"0003","msg_queue_timestamp":"1713162538000","source_system_id":"TRUST","original_data_source":"SMART"},"body":{"train_id":"692H29MA15","actual_timestamp":"1713166080000","loc_stanox":"65610","gbtt_timestamp":"1713166080000","planned_timestamp":"1713166080000","planned_event_type":"DEPARTURE","event_type":"DEPARTURE","event_source":"AUTOMATIC","correction_ind":"false","offroute_ind":"false","direction_ind":"DOWN","line_ind":"1","platform":" 1","route":"1","train_service_code":"12259320","division_code":"29","toc_id":"29","timetable_variation":"0","variation_status":"ON TIME","next_report_stanox":"65611","next_report_run_time":"2","train_terminated":"false","delay_monitoring_point":"false","reporting_stanox":"00000","auto_expected":"true"}},{"header":{"msg_type":"0003","msg_queue_timestamp":"1713162538000","source_system_id":"TRUST","original_data_source":"SMART"},"body":{"train_id":"692H29MA15","actual_timestamp":"1713166200000","loc_stanox":"65611","gbtt_timestamp":"1713166200000","planned_timestamp":"1713166200000","planned_event_type":"ARRIVAL","event_type":"ARRIVAL","event_source":"AUTOMATIC","correction_ind":"false","offroute_ind":"false","direction_ind":"DOWN","line_ind":"1","platform":" 1","route":"0","train_service_code":"12259320","division_code":"29","toc_id":"29","timetable_variation":"0","variation_status":"ON TIME","next_report_stanox":"65614","next_report_run_time":"1","train_terminated":"false","delay_monitoring_point":"true","reporting_stanox":"65611","auto_expected":"true"}},{"header":{"msg_type":"0003","msg_queue_timestamp":"1713162539000","source_system_id":"TRUST","original_data_source":"SMART"},"body":{"train_id":"042Y57M615","actual_timestamp":"1713166140000","loc_stanox":"04101","gbtt_timestamp":"1713166140000","planned_timestamp":"1713166140000","planned_event_type":"ARRIVAL","event_type":"ARRIVAL","event_source":"AUTOMATIC","correction_ind":"false","offroute_ind":"false","direction_ind":"UP","platform":" 1","route":"0","train_service_code":"13564825","division_code":"60","toc_id":"60","timetable_variation":"0","variation_status":"ON TIME","next_report_stanox":"04088","next_report_run_time":"1","train_terminated":"false","delay_monitoring_point":"false","reporting_stanox":"00000","auto_expected":"true"}},{"header":{"msg_type":"0003","msg_queue_timestamp":"1713162539000","source_system_id":"TRUST","original_data_source":"SMART"},"body":{"train_id":"182K04M615","actual_timestamp":"1713166080000","loc_stanox":"16514","planned_timestamp":"1713165570000","planned_event_type":"DEPARTURE","event_type":"DEPARTURE","event_source":"AUTOMATIC","correction_ind":"false","offroute_ind":"false","direction_ind":"DOWN","line_ind":"H","route":"2","train_service_code":"11868820","division_code":"23","toc_id":"23","timetable_variation":"9","variation_status":"LATE","next_report_stanox":"16515","next_report_run_time":"1","train_terminated":"false","delay_monitoring_point":"true","reporting_stanox":"16514","auto_expected":"true"}},{"header":{"msg_type":"0003","msg_queue_timestamp":"1713162539000","source_system_id":"TRUST","original_data_source":"SMART"},"body":{"train_id":"075J59MA15","actual_timestamp":"1713166140000","loc_stanox":"07301","gbtt_timestamp":"1713166140000","planned_timestamp":"1713166170000","planned_event_type":"DESTINATION","event_type":"ARRIVAL","event_source":"AUTOMATIC","correction_ind":"false","offroute_ind":"false","direction_ind":"UP","platform":" 1","route":"0","train_service_code":"13561015","division_code":"60","toc_id":"60","timetable_variation":"0","variation_status":"ON TIME","train_terminated":"true","delay_monitoring_point":"true","reporting_stanox":"07301","auto_expected":"true"}},{"header":{"msg_type":"0003","msg_queue_timestamp":"1713162539000","source_system_id":"TRUST","original_data_source":"SMART"},"body":{"train_id":"252N05MA15","actual_timestamp":"1713166080000","loc_stanox":"24799","gbtt_timestamp":"1713166080000","planned_timestamp":"1713166080000","planned_event_type":"DEPARTURE","event_type":"DEPARTURE","event_source":"AUTOMATIC","correction_ind":"false","offroute_ind":"false","direction_ind":"UP","line_ind":"T","platform":" 2","route":"1","train_service_code":"11810920","division_code":"23","toc_id":"23","timetable_variation":"0","variation_status":"ON TIME","next_report_stanox":"24701","next_report_run_time":"7","train_terminated":"false","delay_monitoring_point":"true","reporting_stanox":"24799","auto_expected":"true"}},{"header":{"msg_type":"0003","msg_queue_timestamp":"1713162539000","source_system_id":"TRUST","original_data_source":"SMART"},"body":{"train_id":"061R16MA15","actual_timestamp":"1713166080000","loc_stanox":"06457","gbtt_timestamp":"1713166080000","planned_timestamp":"1713166080000","planned_event_type":"DEPARTURE","event_type":"DEPARTURE","event_source":"AUTOMATIC","correction_ind":"false","offroute_ind":"false","direction_ind":"UP","platform":" 1","route":"2","train_service_code":"23548003","division_code":"60","toc_id":"60","timetable_variation":"0","variation_status":"ON TIME","next_report_stanox":"05024","next_report_run_time":"4","train_terminated":"false","delay_monitoring_point":"false","reporting_stanox":"00000","auto_expected":"true"}},{"header":{"msg_type":"0003","msg_queue_timestamp":"1713162539000","source_system_id":"TRUST","original_data_source":"SMART"},"body":{"train_id":"741P12M615","actual_timestamp":"1713166080000","loc_stanox":"73775","planned_timestamp":"1713166110000","planned_event_type":"DEPARTURE","event_type":"DEPARTURE","event_source":"AUTOMATIC","correction_ind":"false","offroute_ind":"false","direction_ind":"UP","line_ind":"U","route":"2","train_service_code":"25507005","division_code":"25","toc_id":"25","timetable_variation":"0","variation_status":"ON TIME","next_report_stanox":"73663","next_report_run_time":"1","train_terminated":"false","delay_monitoring_point":"true","reporting_stanox":"73775","auto_expected":"true"}},{"header":{"msg_type":"0003","msg_queue_timestamp":"1713162539000","source_system_id":"TRUST","original_data_source":"SMART"},"body":{"train_id":"741P12M615","actual_timestamp":"1713166140000","loc_stanox":"73770","planned_event_type":"ARRIVAL","event_type":"ARRIVAL","event_source":"AUTOMATIC","correction_ind":"false","offroute_ind":"true","train_service_code":"25507005","division_code":"25","toc_id":"25","timetable_variation":"0","variation_status":"OFF ROUTE","train_terminated":"false","delay_monitoring_point":"false"}},{"header":{"msg_type":"0003","msg_queue_timestamp":"1713162539000","source_system_id":"TRUST","original_data_source":"SMART"},"body":{"train_id":"382N04MA15","actual_timestamp":"1713166140000","loc_stanox":"38184","gbtt_timestamp":"1713166140000","planned_timestamp":"1713166140000","planned_event_type":"ARRIVAL","event_type":"ARRIVAL","event_source":"AUTOMATIC","correction_ind":"false","offroute_ind":"false","direction_ind":"UP","platform":" 1","route":"0","train_service_code":"12305012","division_code":"64","toc_id":"64","timetable_variation":"0","variation_status":"ON TIME","next_report_stanox":"38181","next_report_run_time":"1","train_terminated":"false","delay_monitoring_point":"false","reporting_stanox":"00000","auto_expected":"true"}},{"header":{"msg_type":"0003","msg_queue_timestamp":"1713162539000","source_system_id":"TRUST","original_data_source":"SMART"},"body":{"train_id":"402C03M615","actual_timestamp":"1713166140000","loc_stanox":"38201","gbtt_timestamp":"1713166020000","planned_timestamp":"1713165990000","planned_event_type":"ARRIVAL","event_type":"ARRIVAL","event_source":"AUTOMATIC","correction_ind":"false","offroute_ind":"false","direction_ind":"DOWN","platform":" 1","route":"0","train_service_code":"22306003","division_code":"64","toc_id":"64","timetable_variation":"3","variation_status":"LATE","next_report_stanox":"38208","next_report_run_time":"1","train_terminated":"false","delay_monitoring_point":"true","reporting_stanox":"38201","auto_expected":"true"}}]