[{"header":{"msg_type":"0003","msg_queue_timestamp":"1713124096000","source_system_id":"TRUST","original_data_source":"SMART"},"body":{"train_id":"631F50MY14","actual_timestamp":"1713127620000","loc_stanox":"59002","gbtt_timestamp":"1713127680000","planned_timestamp":"1713127680000","planned_event_type":"DEPARTURE","event_type":"DEPARTURE","event_source":"AUTOMATIC","correction_ind":"false","offroute_ind":"false","direction_ind":"DOWN","line_ind":"F","platform":" 1","route":"1","train_service_code":"22152000","division_code":"28","toc_id":"28","timetable_variation":"1","variation_status":"EARLY","next_report_stanox":"56650","next_report_run_time":"6","train_terminated":"false","delay_monitoring_point":"true","reporting_stanox":"59002","auto_expected":"true"}},{"header":{"msg_type":"0003","msg_queue_timestamp":"1713124096000","source_system_id":"TRUST","original_data_source":"SMART"},"body":{"train_id":"879T60MZ14","actual_timestamp":"1713127740000","loc_stanox":"87967","gbtt_timestamp":"1713127680000","planned_timestamp":"1713127680000","planned_event_type":"ARRIVAL","event_type":"ARRIVAL","event_source":"AUTOMATIC","correction_ind":"false","offroute_ind":"false","direction_ind":"UP","platform":" 3","route":"0","train_service_code":"22721000","division_code":"88","toc_id":"88","timetable_variation":"1","variation_status":"LATE","next_report_stanox":"87966","next_report_run_time":"1","train_terminated":"false","delay_monitoring_point":"true","reporting_stanox":"87967","auto_expected":"true"}},{"header":{"msg_type":"0003","msg_queue_timestamp":"1713124096000","source_system_id":"TRUST","original_data_source":"SMART"},"body":{"train_id":"631Y45MZ14","actual_timestamp":"1713127680000","loc_stanox":"63547","planned_timestamp":"1713127650000","planned_event_type":"DEPARTURE","event_type":"DEPARTURE","event_source":"AUTOMATIC","correction_ind":"false","offroute_ind":"false","direction_ind":"DOWN","line_ind":"F","route":"2","train_service_code":"22156000","division_code":"28","toc_id":"28","timetable_variation":"1","variation_status":"LATE","next_report_stanox":"63451","next_report_run_time":"2","train_terminated":"false","delay_monitoring_point":"false","reporting_stanox":"00000","auto_expected":"true"}},{"header":{"msg_type":"0003","msg_queue_timestamp":"1713124096000","source_system_id":"TRUST","original_data_source":"SMART"},"body":{"train_id":"861S35MY14","actual_timestamp":"1713127620000","loc_stanox":"88103","gbtt_timestamp":"1713127680000","planned_timestamp":"1713127710000","planned_event_type":"DEPARTURE","event_type":"DEPARTURE","event_source":"AUTOMATIC","correction_ind":"false","offroute_ind":"false","direction_ind":"UP","line_ind":"B","platform":" 2","route":"3","train_service_code":"24744000","division_code":"88","toc_id":"88","timetable_variation":"1","variation_status":"EARLY","next_report_stanox":"87980","next_report_run_time":"4","train_terminated":"false","delay_monitoring_point":"true","reporting_stanox":"88103","auto_expected":"true"}},{"header":{"msg_type":"0003","msg_queue_timestamp":"1713124096000","source_system_id":"TRUST","original_data_source":"SMART"},"body":{"train_id":"899Y58MY14","actual_timestamp":"1713127680000","loc_stanox":"87609","gbtt_timestamp":"1713127740000","planned_timestamp":"1713127740000","planned_event_type":"ARRIVAL","event_type":"ARRIVAL","event_source":"AUTOMATIC","correction_ind":"false","offroute_ind":"false","direction_ind":"UP","platform":" 3","route":"0","train_service_code":"22742000","division_code":"88","toc_id":"88","timetable_variation":"1","variation_status":"EARLY","next_report_stanox":"87604","next_report_run_time":"2","train_terminated":"false","delay_monitoring_point":"true","reporting_stanox":"87609","auto_expected":"true"}},{"header":{"msg_type":"0003","msg_queue_timestamp":"1713124096000","source_system_id":"TRUST","original_data_source":"SMART"},"body":{"train_id":"872U14MZ14","actual_timestamp":"1713127680000","loc_stanox":"87604","planned_timestamp":"1713127680000","planned_event_type":"DEPARTURE","event_type":"DEPARTURE","event_source":"AUTOMATIC","correction_ind":"false","offroute_ind":"false","direction_ind":"DOWN","route":"1","train_service_code":"24650005","division_code":"80","toc_id":"80","timetable_variation":"0","variation_status":"ON TIME","next_report_stanox":"87609","next_report_run_time":"1","train_terminated":"false","delay_monitoring_point":"false","reporting_stanox":"00000","auto_expected":"true"}},{"header":{"msg_type":"0003","msg_queue_timestamp":"1713124096000","source_system_id":"TRUST","original_data_source":"SMART"},"body":{"train_id":"771F29MU14","actual_timestamp":"1713127680000","loc_stanox":"86328","planned_timestamp":"1713127320000","planned_event_type":"DEPARTURE","event_type":"DEPARTURE","event_source":"AUTOMATIC","correction_ind":"false","offroute_ind":"false","direction_ind":"DOWN","route":"1","train_service_code":"25470001","division_code":"25","toc_id":"25","timetable_variation":"6","variation_status":"LATE","next_report_stanox":"86321","next_report_run_time":"1","train_terminated":"false","delay_monitoring_point":"false","reporting_stanox":"00000","auto_expected":"true"}},{"header":{"msg_type":"0003","msg_queue_timestamp":"1713124096000","source_system_id":"TRUST","original_data_source":"SMART"},"body":{"train_id":"771F29MU14","actual_timestamp":"1713127740000","loc_stanox":"86321","gbtt_timestamp":"1713127380000","planned_timestamp":"1713127380000","planned_event_type":"ARRIVAL","event_type":"ARRIVAL","event_source":"AUTOMATIC","correction_ind":"false","offroute_ind":"false","direction_ind":"DOWN","platform":" 3","route":"0","train_service_code":"25470001","division_code":"25","toc_id":"25","timetable_variation":"6","variation_status":"LATE","next_report_stanox":"86313","next_report_run_time":"1","train_terminated":"false","delay_monitoring_point":"true","reporting_stanox":"86321","auto_expected":"true"}},{"header":{"msg_type":"0003","msg_queue_timestamp":"1713124096000","source_system_id":"TRUST","original_data_source":"SMART"},"body":{"train_id":"061R26MZ14","actual_timestamp":"1713127740000","loc_stanox":"05109","gbtt_timestamp":"1713127740000","planned_timestamp":"1713127740000","planned_event_type":"ARRIVAL","event_type":"ARRIVAL","event_source":"AUTOMATIC","correction_ind":"false","offroute_ind":"false","direction_ind":"UP","platform":" 1","route":"0","train_service_code":"23548003","division_code":"60","toc_id":"60","timetable_variation":"0","variation_status":"ON TIME","next_report_stanox":"05111","next_report_run_time":"1","train_terminated":"false","delay_monitoring_point":"true","reporting_stanox":"05109","auto_expected":"true"}},{"header":{"msg_type":"0003","msg_queue_timestamp":"1713124096000","source_system_id":"TRUST","original_data_source":"SMART"},"body":{"train_id":"692G96MZ14","actual_timestamp":"1713127740000","loc_stanox":"69199","gbtt_timestamp":"1713127740000","planned_timestamp":"1713127740000","planned_event_type":"ARRIVAL","event_type":"ARRIVAL","event_source":"AUTOMATIC","correction_ind":"false","offroute_ind":"false","direction_ind":"UP","route":"0","train_service_code":"22328000","division_code":"29","toc_id":"29","timetable_variation":"0","variation_status":"ON TIME","next_report_stanox":"69113","next_report_run_time":"1","train_terminated":"false","delay_monitoring_point":"false","reporting_stanox":"00000","auto_expected":"true"}},{"header":{"msg_type":"0003","msg_queue_timestamp":"1713124097000","source_system_id":"TRUST","original_data_source":"SMART"},"body":{"train_id":"539S65MZ14","actual_timestamp":"1713127620000","loc_stanox":"53011","gbtt_timestamp":"1713127620000","planned_timestamp":"1713127620000","planned_event_type":"DEPARTURE","event_type":"DEPARTURE","event_source":"AUTOMATIC","correction_ind":"false","offroute_ind":"false","direction_ind":"UP","line_ind":"C","platform":" 1","route":"1","train_service_code":"22726100","division_code":"88","toc_id":"88","timetable_variation":"0","variation_status":"ON TIME","next_report_stanox":"53015","next_report_run_time":"4","train_terminated":"false","delay_monitoring_point":"false","reporting_stanox":"00000","auto_expected":"true"}},{"header":{"msg_type":"0003","msg_queue_timestamp":"1713124097000","source_system_id":"TRUST","original_data_source":"SMART"},"body":{"train_id":"532V65MZ14","actual_timestamp":"1713127740000","loc_stanox":"54011","gbtt_timestamp":"1713127740000","planned_timestamp":"1713127740000","planned_event_type":"ARRIVAL","event_type":"ARRIVAL","event_source":"AUTOMATIC","correction_ind":"false","offroute_ind":"false","direction_ind":"UP","platform":" 1","route":"0","train_service_code":"21723000","division_code":"88","toc_id":"88","timetable_variation":"0","variation_status":"ON TIME","next_report_stanox":"54021","next_report_run_time":"1","train_terminated":"false","delay_monitoring_point":"false","reporting_stanox":"00000","auto_expected":"true"}},{"header":{"msg_type":"0003","msg_queue_timestamp":"1713124098000","source_system_id":"TRUST","original_data_source":"SMART"},"body":{"train_id":"522O70MZ14","actual_timestamp":"1713127740000","loc_stanox":"51933","gbtt_timestamp":"1713127860000","planned_timestamp":"1713127830000","planned_event_type":"ARRIVAL","event_type":"ARRIVAL","event_source":"AUTOMATIC","correction_ind":"false","offroute_ind":"false","direction_ind":"DOWN","line_ind":"D","platform":" 2","route":"0","train_service_code":"21920000","division_code":"21","toc_id":"21","timetable_variation":"1","variation_status":"EARLY","next_report_stanox":"51937","next_report_run_time":"2","train_terminated":"false","delay_monitoring_point":"false","reporting_stanox":"00000","auto_expected":"true"}},{"header":{"msg_type":"0003","msg_queue_timestamp":"1713124098000","source_system_id":"TRUST","original_data_source":"SMART"},"body":{"train_id":"512J94MZ14","actual_timestamp":"1713127620000","loc_stanox":"51547","gbtt_timestamp":"1713127680000","planned_timestamp":"1713127680000","planned_event_type":"DEPARTURE","event_type":"DEPARTURE","event_source":"AUTOMATIC","correction_ind":"false","offroute_ind":"false","direction_ind":"UP","line_ind":"U","platform":" 1","route":"1","train_service_code":"21921000","division_code":"30","toc_id":"30","timetable_variation":"1","variation_status":"EARLY","next_report_stanox":"51551","next_report_run_time":"1","train_terminated":"false","delay_monitoring_point":"false","reporting_stanox":"00000","auto_expected":"true"}},{"header":{"msg_type":"0003","msg_queue_timestamp":"1713124098000","source_system_id":"TRUST","original_data_source":"SMART"},"body":{"train_id":"702H75MY14","actual_timestamp":"1713127740000","loc_stanox":"63006","gbtt_timestamp":"1713127800000","planned_timestamp":"1713127800000","planned_event_type":"ARRIVAL","event_type":"ARRIVAL","event_source":"AUTOMATIC","correction_ind":"false","offroute_ind":"false","direction_ind":"UP","platform":" 1","route":"0","train_service_code":"25211004","division_code":"74","toc_id":"74","timetable_variation":"1","variation_status":"EARLY","next_report_stanox":"63018","next_report_run_time":"2","train_terminated":"false","delay_monitoring_point":"false","reporting_stanox":"00000","auto_expected":"true"}},{"header":{"msg_type":"0003","msg_queue_timestamp":"1713124098000","source_system_id":"TRUST","original_data_source":"SMART"},"body":{"train_id":"739C62MZ14","actual_timestamp":"1713127680000","loc_stanox":"73112","gbtt_timestamp":"1713127680000","planned_timestamp":"1713127680000","planned_event_type":"DEPARTURE","event_type":"DEPARTURE","event_source":"AUTOMATIC","correction_ind":"false","offroute_ind":"false","direction_ind":"UP","route":"1","train_service_code":"21381901","division_code":"33","toc_id":"33","timetable_variation":"0","variation_status":"ON TIME","next_report_stanox":"73113","next_report_run_time":"1","train_terminated":"false","delay_monitoring_point":"false","reporting_stanox":"00000","auto_expected":"true"}},{"header":{"msg_type":"0003","msg_queue_timestamp":"1713124098000","source_system_id":"TRUST","original_data_source":"SMART"},"body":{"train_id":"512J94MZ14","actual_timestamp":"1713127740000","loc_stanox":"51551","gbtt_timestamp":"1713127800000","planned_timestamp":"1713127770000","planned_event_type":"ARRIVAL","event_type":"ARRIVAL","event_source":"AUTOMATIC","correction_ind":"false","offroute_ind":"false","direction_ind":"UP","line_ind":"U","platform":" 1","route":"0","train_service_code":"21921000","division_code":"30","toc_id":"30","timetable_variation":"0","variation_status":"ON TIME","next_report_stanox":"51553","next_report_run_time":"1","train_terminated":"false","delay_monitoring_point":"false","reporting_stanox":"00000","auto_expected":"true"}},{"header":{"msg_type":"0003","msg_queue_timestamp":"1713124098000","source_system_id":"TRUST","original_data_source":"SMART"},"body":{"train_id":"072N17MZ14","actual_timestamp":"1713127680000","loc_stanox":"07237","gbtt_timestamp":"1713127680000","planned_timestamp":"1713127680000","planned_event_type":"DEPARTURE","event_type":"DEPARTURE","event_source":"AUTOMATIC","correction_ind":"false","offroute_ind":"false","direction_ind":"DOWN","platform":" 1","route":"1","train_service_code":"13562015","division_code":"60","toc_id":"60","timetable_variation":"0","variation_status":"ON TIME","next_report_stanox":"07561","next_report_run_time":"5","train_terminated":"false","delay_monitoring_point":"true","reporting_stanox":"07237","auto_expected":"true"}},{"header":{"msg_type":"0003","msg_queue_timestamp":"1713124098000","source_system_id":"TRUST","original_data_source":"SMART"},"body":{"train_id":"305T831Z14","actual_timestamp":"1713127680000","loc_stanox":"30041","planned_timestamp":"1713126240000","planned_event_type":"DEPARTURE","event_type":"DEPARTURE","event_source":"AUTOMATIC","correction_ind":"false","offroute_ind":"false","direction_ind":"DOWN","platform":" 1","route":"2","train_service_code":"22974000","division_code":"23","toc_id":"23","timetable_variation":"24","variation_status":"LATE","next_report_stanox":"30040","next_report_run_time":"4","train_terminated":"false","delay_monitoring_point":"false","reporting_stanox":"00000","auto_expected":"true"}},{"header":{"msg_type":"0003","msg_queue_timestamp":"1713124098000","source_system_id":"TRUST","original_data_source":"SMART"},"body":{"train_id":"521R521Y14","actual_timestamp":"1713127680000","loc_stanox":"51004","gbtt_timestamp":"1713127680000","planned_timestamp":"1713127650000","planned_event_type":"ARRIVAL","event_type":"ARRIVAL","event_source":"AUTOMATIC","correction_ind":"false","offroute_ind":"false","direction_ind":"DOWN","platform":" 2","route":"0","train_service_code":"21936004","division_code":"79","toc_id":"79","timetable_variation":"1","variation_status":"LATE","next_report_stanox":"50499","next_report_run_time":"1","train_terminated":"false","delay_monitoring_point":"true","reporting_stanox":"51004","auto_expected":"true"}},{"header":{"msg_type":"0003","msg_queue_timestamp":"1713124098000","source_system_id":"TRUST","original_data_source":"SMART"},"body":{"train_id":"529C61MZ14","actual_timestamp":"1713127680000","loc_stanox":"52084","gbtt_timestamp":"1713127680000","planned_timestamp":"1713127680000","planned_event_type":"DEPARTURE","event_type":"DEPARTURE","event_source":"AUTOMATIC","correction_ind":"false","offroute_ind":"false","direction_ind":"DOWN","line_ind":"D","platform":" 6","route":"1","train_service_code":"22215003","division_code":"30","toc_id":"30","timetable_variation":"0","variation_status":"ON TIME","next_report_stanox":"52088","next_report_run_time":"1","train_terminated":"false","delay_monitoring_point":"true","reporting_stanox":"52084","auto_expected":"true"}},{"header":{"msg_type":"0003","msg_queue_timestamp":"1713124098000","source_system_id":"TRUST","original_data_source":"SMART"},"body":{"train_id":"481P67MZ14","actual_timestamp":"1713127740000","loc_stanox":"49302","gbtt_timestamp":"1713127800000","planned_timestamp":"1713127770000","planned_event_type":"ARRIVAL","event_type":"ARRIVAL","event_source":"AUTOMATIC","correction_ind":"false","offroute_ind":"false","direction_ind":"UP","platform":" 2","route":"0","train_service_code":"21781002","division_code":"21","toc_id":"21","timetable_variation":"0","variation_status":"ON TIME","next_report_stanox":"50049","next_report_run_time":"2","train_terminated":"false","delay_monitoring_point":"true","reporting_stanox":"49302","auto_expected":"true"}},{"header":{"msg_type":"0003","msg_queue_timestamp":"1713124098000","source_system_id":"TRUST","original_data_source":"SMART"},"body":{"train_id":"529A61MZ14","actual_timestamp":"1713127680000","loc_stanox":"52078","gbtt_timestamp":"1713127740000","planned_timestamp":"1713127710000","planned_event_type":"ARRIVAL","event_type":"ARRIVAL","event_source":"AUTOMATIC","correction_ind":"false","offroute_ind":"false","direction_ind":"DOWN","platform":" 2","route":"0","train_service_code":"22215003","division_code":"30","toc_id":"30","timetable_variation":"0","variation_status":"ON TIME","next_report_stanox":"52080","next_report_run_time":"1","train_terminated":"false","delay_monitoring_point":"false","reporting_stanox":"00000","auto_expected":"true"}},{"header":{"msg_type":"0003","msg_queue_timestamp":"1713124098000","source_system_id":"TRUST","original_data_source":"SMART"},"body":{"train_id":"881D42MY14","actual_timestamp":"1713127740000","loc_stanox":"88401","gbtt_timestamp":"1713127920000","planned_timestamp":"1713127920000","planned_event_type":"DESTINATION","event_type":"ARRIVAL","event_source":"AUTOMATIC","correction_ind":"false","offroute_ind":"false","direction_ind":"UP","platform":" 5","route":"0","train_service_code":"24657005","division_code":"80","toc_id":"80","timetable_variation":"3","variation_status":"EARLY","train_terminated":"true","delay_monitoring_point":"true","reporting_stanox":"88401","auto_expected":"true"}},{"header":{"msg_type":"0003","msg_queue_timestamp":"1713124098000","source_system_id":"TRUST","original_data_source":"SMART"},"body":{"train_id":"629R55MY14","actual_timestamp":"1713127680000","loc_stanox":"87245","gbtt_timestamp":"1713127680000","planned_timestamp":"1713127680000","planned_event_type":"DEPARTURE","event_type":"DEPARTURE","event_source":"AUTOMATIC","correction_ind":"false","offroute_ind":"false","direction_ind":"DOWN","platform":" 1","route":"2","train_service_code":"22720000","division_code":"88","toc_id":"88","timetable_variation":"0","variation_status":"ON TIME","next_report_stanox":"88400","next_report_run_time":"2","train_terminated":"false","delay_monitoring_point":"true","reporting_stanox":"87245","auto_expected":"true"}},{"header":{"msg_type":"0003","msg_queue_timestamp":"1713124098000","source_system_id":"TRUST","original_data_source":"SMART"},"body":{"train_id":"152N25MY14","actual_timestamp":"1713127680000","loc_stanox":"13239","planned_timestamp":"1713127860000","planned_event_type":"DEPARTURE","event_type":"DEPARTURE","event_source":"AUTOMATIC","correction_ind":"false","offroute_ind":"false","direction_ind":"UP","line_ind":"S","route":"1","train_service_code":"11792920","division_code":"23","toc_id":"23","timetable_variation":"3","variation_status":"EARLY","next_report_stanox":"12931","next_report_run_time":"2","train_terminated":"false","delay_monitoring_point":"false","reporting_stanox":"00000","auto_expected":"true"}},{"header":{"msg_type":"0003","msg_queue_timestamp":"1713124098000","source_system_id":"TRUST","original_data_source":"SMART"},"body":{"train_id":"881F65MZ14","actual_timestamp":"1713127680000","loc_stanox":"88249","planned_timestamp":"1713127680000","planned_event_type":"DEPARTURE","event_type":"DEPARTURE","event_source":"AUTOMATIC","correction_ind":"false","offroute_ind":"false","direction_ind":"UP","route":"1","train_service_code":"24746000","division_code":"88","toc_id":"88","timetable_variation":"0","variation_status":"ON TIME","next_report_stanox":"88252","next_report_run_time":"1","train_terminated":"false","delay_monitoring_point":"true","reporting_stanox":"88249","auto_expected":"true"}},{"header":{"msg_type":"0003","msg_queue_timestamp":"1713124099000","source_system_id":"TRUST","original_data_source":"SMART"},"body":{"train_id":"172C54MZ14","actual_timestamp":"1713127740000","loc_stanox":"17105","gbtt_timestamp":"1713127680000","planned_timestamp":"1713127650000","planned_event_type":"ARRIVAL","event_type":"ARRIVAL","event_source":"AUTOMATIC","correction_ind":"false","offroute_ind":"false","direction_ind":"DOWN","platform":" 2","route":"0","train_service_code":"11830920","division_code":"23","toc_id":"23","timetable_variation":"2","variation_status":"LATE","next_report_stanox":"17107","next_report_run_time":"1","train_terminated":"false","delay_monitoring_point":"true","reporting_stanox":"17105","auto_expected":"true"}},{"header":{"msg_type":"0003","msg_queue_timestamp":"1713124099000","source_system_id":"TRUST","original_data_source":"SMART"},"body":{"train_id":"442T61MZ14","actual_timestamp":"1713127680000","loc_stanox":"44030","planned_timestamp":"1713127680000","planned_event_type":"DEPARTURE","event_type":"DEPARTURE","event_source":"AUTOMATIC","correction_ind":"false","offroute_ind":"false","direction_ind":"UP","line_ind":"F","route":"1","train_service_code":"22277000","division_code":"28","toc_id":"28","timetable_variation":"0","variation_status":"ON TIME","next_report_stanox":"44038","next_report_run_time":"3","train_terminated":"false","delay_monitoring_point":"false","reporting_stanox":"00000","auto_expected":"true"}},{"header":{"msg_type":"0003","msg_queue_timestamp":"1713124099000","source_system_id":"TRUST","original_data_source":"SDR","user_id":"#QDP7001","source_dev_id":"V3EH"},"body":{"train_id":"731C90MU14","actual_timestamp":"1713127620000","loc_stanox":"84411","gbtt_timestamp":"1713127080000","planned_timestamp":"1713127050000","planned_event_type":"ARRIVAL","event_type":"ARRIVAL","event_source":"MANUAL","correction_ind":"false","offroute_ind":"false","route":"0","train_service_code":"25397003","division_code":"25","toc_id":"25","timetable_variation":"10","variation_status":"LATE","next_report_stanox":"84435","next_report_run_time":"1","train_terminated":"false","delay_monitoring_point":"true","reporting_stanox":"84411","auto_expected":"false"}},{"header":{"msg_type":"0003","msg_queue_timestamp":"1713124099000","source_system_id":"TRUST","original_data_source":"SMART"},"body":{"train_id":"072H01MY14","actual_timestamp":"1713127620000","loc_stanox":"06215","gbtt_timestamp":"1713127620000","planned_timestamp":"1713127620000","planned_event_type":"DEPARTURE","event_type":"DEPARTURE","event_source":"AUTOMATIC","correction_ind":"false","offroute_ind":"false","direction_ind":"DOWN","platform":" 2","route":"1","train_service_code":"13560015","division_code":"60","toc_id":"60","timetable_variation":"0","variation_status":"ON TIME","next_report_stanox":"06211","next_report_run_time":"2","train_terminated":"false","delay_monitoring_point":"false","reporting_stanox":"00000","auto_expected":"true"}},{"header":{"msg_type":"0003","msg_queue_timestamp":"1713124099000","source_system_id":"TRUST","original_data_source":"SMART"},"body":{"train_id":"072H01MY14","actual_timestamp":"1713127740000","loc_stanox":"06211","gbtt_timestamp":"1713127740000","planned_timestamp":"1713127740000","planned_event_type":"ARRIVAL","event_type":"ARRIVAL","event_source":"AUTOMATIC","correction_ind":"false","offroute_ind":"false","direction_ind":"DOWN","platform":" 1","route":"0","train_service_code":"13560015","division_code":"60","toc_id":"60","timetable_variation":"0","variation_status":"ON TIME","next_report_stanox":"06137","next_report_run_time":"2","train_terminated":"false","delay_monitoring_point":"true","reporting_stanox":"06211","auto_expected":"true"}}]