[{"header":{"msg_type":"0003","msg_queue_timestamp":"1713132061000","source_system_id":"TRUST","original_data_source":"SMART"},"body":{"train_id":"879T68M814","actual_timestamp":"1713135600000","loc_stanox":"87920","gbtt_timestamp":"1713135660000","planned_timestamp":"1713135690000","planned_event_type":"DEPARTURE","event_type":"DEPARTURE","event_source":"AUTOMATIC","correction_ind":"false","offroute_ind":"false","direction_ind":"UP","line_ind":"F","platform":" 4","route":"2","train_service_code":"22721000","division_code":"88","toc_id":"88","timetable_variation":"1","variation_status":"EARLY","next_report_stanox":"87911","next_report_run_time":"4","train_terminated":"false","delay_monitoring_point":"true","reporting_stanox":"87920","auto_expected":"true"}},{"header":{"msg_type":"0003","msg_queue_timestamp":"1713132061000","source_system_id":"TRUST","original_data_source":"SMART"},"body":{"train_id":"722N54M814","actual_timestamp":"1713135600000","loc_stanox":"72420","gbtt_timestamp":"1713135600000","planned_timestamp":"1713135630000","planned_event_type":"DEPARTURE","event_type":"DEPARTURE","event_source":"AUTOMATIC","correction_ind":"false","offroute_ind":"false","direction_ind":"UP","platform":" 2","route":"2","train_service_code":"22214000","division_code":"30","toc_id":"30","timetable_variation":"0","variation_status":"ON TIME","next_report_stanox":"72421","next_report_run_time":"3","train_terminated":"false","delay_monitoring_point":"false","reporting_stanox":"00000","auto_expected":"true"}},{"header":{"msg_type":"0003","msg_queue_timestamp":"1713132061000","source_system_id":"TRUST","original_data_source":"SMART"},"body":{"train_id":"522O78M814","actual_timestamp":"1713135660000","loc_stanox":"51914","gbtt_timestamp":"1713135780000","planned_timestamp":"1713135750000","planned_event_type":"ARRIVAL","event_type":"ARRIVAL","event_source":"AUTOMATIC","correction_ind":"false","offroute_ind":"false","direction_ind":"DOWN","platform":" 2","route":"0","train_service_code":"21920000","division_code":"21","toc_id":"21","timetable_variation":"1","variation_status":"EARLY","next_report_stanox":"51913","next_report_run_time":"2","train_terminated":"false","delay_monitoring_point":"true","reporting_stanox":"51914","auto_expected":"true"}},{"header":{"msg_type":"0003","msg_queue_timestamp":"1713132061000","source_system_id":"TRUST","original_data_source":"SMART"},"body":{"train_id":"502K651814","actual_timestamp":"1713135600000","loc_stanox":"50328","gbtt_timestamp":"1713135660000","planned_timestamp":"1713135660000","planned_event_type":"DEPARTURE","event_type":"DEPARTURE","event_source":"AUTOMATIC","correction_ind":"false","offroute_ind":"false","direction_ind":"UP","line_ind":"M","platform":" 2","route":"2","train_service_code":"21943001","division_code":"21","toc_id":"21","timetable_variation":"1","variation_status":"EARLY","next_report_stanox":"50334","next_report_run_time":"6","train_terminated":"false","delay_monitoring_point":"true","reporting_stanox":"50328","auto_expected":"true"}},{"header":{"msg_type":"0003","msg_queue_timestamp":"1713132061000","source_system_id":"TRUST","original_data_source":"SMART"},"body":{"train_id":"742K95M814","actual_timestamp":"1713135600000","loc_stanox":"74723","gbtt_timestamp":"1713135420000","planned_timestamp":"1713135420000","planned_event_type":"DEPARTURE","event_type":"DEPARTURE","event_source":"AUTOMATIC","correction_ind":"false","offroute_ind":"false","direction_ind":"UP","platform":" 2","route":"1","train_service_code":"25519007","division_code":"25","toc_id":"25","timetable_variation":"3","variation_status":"LATE","next_report_stanox":"74702","next_report_run_time":"7","train_terminated":"false","delay_monitoring_point":"false","reporting_stanox":"00000","auto_expected":"true"}},{"header":{"msg_type":"0003","msg_queue_timestamp":"1713132061000","source_system_id":"TRUST","original_data_source":"SMART"},"body":{"train_id":"571T761814","actual_timestamp":"1713135720000","loc_stanox":"66002","gbtt_timestamp":"1713135720000","planned_timestamp":"1713135690000","planned_event_type":"ARRIVAL","event_type":"ARRIVAL","event_source":"AUTOMATIC","correction_ind":"false","offroute_ind":"false","direction_ind":"DOWN","platform":" 4","route":"0","train_service_code":"22333000","division_code":"27","toc_id":"27","timetable_variation":"1","variation_status":"LATE","next_report_stanox":"66031","next_report_run_time":"1","train_terminated":"false","delay_monitoring_point":"false","reporting_stanox":"00000","auto_expected":"true"}},{"header":{"msg_type":"0003","msg_queue_timestamp":"1713132062000","source_system_id":"TRUST","original_data_source":"SDR","user_id":"#PEEBESC","source_dev_id":"V020"},"body":{"train_id":"650B01C914","actual_timestamp":"1713135480000","loc_stanox":"65700","gbtt_timestamp":"1713135720000","planned_timestamp":"1713135720000","planned_event_type":"DEPARTURE","event_type":"DEPARTURE","event_source":"MANUAL","correction_ind":"false","offroute_ind":"false","train_service_code":"56400020","division_code":"05","toc_id":"05","timetable_variation":"4","variation_status":"EARLY","next_report_stanox":"65675","next_report_run_time":"3","train_terminated":"false","delay_monitoring_point":"true","train_file_address":"G9X","reporting_stanox":"65700","auto_expected":"false"}},{"header":{"msg_type":"0003","msg_queue_timestamp":"1713132062000","source_system_id":"TRUST","original_data_source":"SMART"},"body":{"train_id":"655H69M814","actual_timestamp":"1713135660000","loc_stanox":"66421","planned_timestamp":"1713136080000","planned_event_type":"DEPARTURE","event_type":"DEPARTURE","event_source":"AUTOMATIC","correction_ind":"false","offroute_ind":"false","direction_ind":"UP","line_ind":"T","route":"4","train_service_code":"22185003","division_code":"27","toc_id":"27","timetable_variation":"7","variation_status":"EARLY","next_report_stanox":"66424","next_report_run_time":"4","train_terminated":"false","delay_monitoring_point":"false","reporting_stanox":"00000","auto_expected":"true"}},{"header":{"msg_type":"0003","msg_queue_timestamp":"1713132063000","source_system_id":"TRUST","original_data_source":"SMART"},"body":{"train_id":"352U68M814","actual_timestamp":"1713135600000","loc_stanox":"36072","gbtt_timestamp":"1713135600000","planned_timestamp":"1713135630000","planned_event_type":"DEPARTURE","event_type":"DEPARTURE","event_source":"AUTOMATIC","correction_ind":"false","offroute_ind":"false","direction_ind":"UP","platform":" 1","route":"2","train_service_code":"12302012","division_code":"64","toc_id":"64","timetable_variation":"0","variation_status":"ON TIME","next_report_stanox":"36075","next_report_run_time":"2","train_terminated":"false","delay_monitoring_point":"false","reporting_stanox":"00000","auto_expected":"true"}},{"header":{"msg_type":"0003","msg_queue_timestamp":"1713132063000","source_system_id":"TRUST","original_data_source":"SMART"},"body":{"train_id":"352U68M814","actual_timestamp":"1713135720000","loc_stanox":"36075","gbtt_timestamp":"1713135720000","planned_timestamp":"1713135720000","planned_event_type":"ARRIVAL","event_type":"ARRIVAL","event_source":"AUTOMATIC","correction_ind":"false","offroute_ind":"false","direction_ind":"UP","platform":" 1","route":"0","train_service_code":"12302012","division_code":"64","toc_id":"64","timetable_variation":"0","variation_status":"ON TIME","next_report_stanox":"36076","next_report_run_time":"1","train_terminated":"false","delay_monitoring_point":"false","reporting_stanox":"00000","auto_expected":"true"}},{"header":{"msg_type":"0003","msg_queue_timestamp":"1713132063000","source_system_id":"TRUST","original_data_source":"SMART"},"body":{"train_id":"402C57M814","actual_timestamp":"1713135660000","loc_stanox":"38210","gbtt_timestamp":"1713135660000","planned_timestamp":"1713135660000","planned_event_type":"ARRIVAL","event_type":"ARRIVAL","event_source":"AUTOMATIC","correction_ind":"false","offroute_ind":"false","direction_ind":"DOWN","platform":" 1","route":"0","train_service_code":"22306003","division_code":"64","toc_id":"64","timetable_variation":"0","variation_status":"ON TIME","next_report_stanox":"38214","next_report_run_time":"1","train_terminated":"false","delay_monitoring_point":"false","reporting_stanox":"00000","auto_expected":"true"}},{"header":{"msg_type":"0003","msg_queue_timestamp":"1713132063000","source_system_id":"TRUST","original_data_source":"SMART"},"body":{"train_id":"879D69M814","actual_timestamp":"1713135660000","loc_stanox":"87568","gbtt_timestamp":"1713135660000","planned_timestamp":"1713135630000","planned_event_type":"ARRIVAL","event_type":"ARRIVAL","event_source":"AUTOMATIC","correction_ind":"false","offroute_ind":"false","direction_ind":"UP","platform":" 4","route":"0","train_service_code":"22215003","division_code":"30","toc_id":"30","timetable_variation":"1","variation_status":"LATE","next_report_stanox":"87566","next_report_run_time":"1","train_terminated":"false","delay_monitoring_point":"true","reporting_stanox":"87568","auto_expected":"true"}},{"header":{"msg_type":"0003","msg_queue_timestamp":"1713132063000","source_system_id":"TRUST","original_data_source":"SMART"},"body":{"train_id":"402C57M814","actual_timestamp":"1713135600000","loc_stanox":"38208","gbtt_timestamp":"1713135540000","planned_timestamp":"1713135570000","planned_event_type":"DEPARTURE","event_type":"DEPARTURE","event_source":"AUTOMATIC","correction_ind":"false","offroute_ind":"false","direction_ind":"DOWN","platform":" 1","route":"2","train_service_code":"22306003","division_code":"64","toc_id":"64","timetable_variation":"1","variation_status":"LATE","next_report_stanox":"38210","next_report_run_time":"2","train_terminated":"false","delay_monitoring_point":"false","reporting_stanox":"00000","auto_expected":"true"}},{"header":{"msg_type":"0003","msg_queue_timestamp":"1713132063000","source_system_id":"TRUST","original_data_source":"SMART"},"body":{"train_id":"382N58M814","actual_timestamp":"1713135660000","loc_stanox":"38151","gbtt_timestamp":"1713135720000","planned_timestamp":"1713135690000","planned_event_type":"ARRIVAL","event_type":"ARRIVAL","event_source":"AUTOMATIC","correction_ind":"false","offroute_ind":"false","direction_ind":"DOWN","platform":" 3","route":"0","train_service_code":"12305012","division_code":"64","toc_id":"64","timetable_variation":"0","variation_status":"ON TIME","next_report_stanox":"38014","next_report_run_time":"1","train_terminated":"false","delay_monitoring_point":"true","reporting_stanox":"38151","auto_expected":"true"}},{"header":{"msg_type":"0003","msg_queue_timestamp":"1713132063000","source_system_id":"TRUST","original_data_source":"SMART"},"body":{"train_id":"532V73M814","actual_timestamp":"1713135660000","loc_stanox":"54203","gbtt_timestamp":"1713135660000","planned_timestamp":"1713135660000","planned_event_type":"ARRIVAL","event_type":"ARRIVAL","event_source":"AUTOMATIC","correction_ind":"false","offroute_ind":"false","direction_ind":"UP","platform":" 1","route":"0","train_service_code":"21723000","division_code":"88","toc_id":"88","timetable_variation":"0","variation_status":"ON TIME","next_report_stanox":"54202","next_report_run_time":"1","train_terminated":"false","delay_monitoring_point":"false","reporting_stanox":"00000","auto_expected":"true"}},{"header":{"msg_type":"0003","msg_queue_timestamp":"1713132063000","source_system_id":"TRUST","original_data_source":"SMART"},"body":{"train_id":"721S26M714","actual_timestamp":"1713135720000","loc_stanox":"54001","planned_timestamp":"1713135120000","planned_event_type":"ARRIVAL","event_type":"ARRIVAL","event_source":"AUTOMATIC","correction_ind":"false","offroute_ind":"false","route":"0","train_service_code":"23556003","division_code":"35","toc_id":"35","timetable_variation":"10","variation_status":"LATE","next_report_stanox":"53401","next_report_run_time":"1","train_terminated":"false","delay_monitoring_point":"true","train_file_address":"G5B","reporting_stanox":"54001","auto_expected":"true"}},{"header":{"msg_type":"0003","msg_queue_timestamp":"1713132063000","source_system_id":"TRUST","original_data_source":"SMART"},"body":{"train_id":"292J75M814","actual_timestamp":"1713135660000","loc_stanox":"31035","gbtt_timestamp":"1713135660000","planned_timestamp":"1713135630000","planned_event_type":"ARRIVAL","event_type":"ARRIVAL","event_source":"AUTOMATIC","correction_ind":"false","offroute_ind":"false","direction_ind":"UP","platform":" 1","route":"0","train_service_code":"12242110","division_code":"23","toc_id":"23","timetable_variation":"1","variation_status":"LATE","next_report_stanox":"31032","next_report_run_time":"1","train_terminated":"false","delay_monitoring_point":"false","reporting_stanox":"00000","auto_expected":"true"}},{"header":{"msg_type":"0003","msg_queue_timestamp":"1713132063000","source_system_id":"TRUST","original_data_source":"SMART"},"body":{"train_id":"471B35M814","actual_timestamp":"1713135720000","loc_stanox":"51931","gbtt_timestamp":"1713135780000","planned_timestamp":"1713135750000","planned_event_type":"ARRIVAL","event_type":"ARRIVAL","event_source":"AUTOMATIC","correction_ind":"false","offroute_ind":"false","direction_ind":"UP","platform":" 3","route":"0","train_service_code":"21911000","division_code":"21","toc_id":"21","timetable_variation":"0","variation_status":"ON TIME","next_report_stanox":"51935","next_report_run_time":"1","train_terminated":"false","delay_monitoring_point":"false","reporting_stanox":"00000","auto_expected":"true"}},{"header":{"msg_type":"0003","msg_queue_timestamp":"1713132064000","source_system_id":"TRUST","original_data_source":"SMART"},"body":{"train_id":"522K621814","actual_timestamp":"1713135660000","loc_stanox":"50324","gbtt_timestamp":"1713135780000","planned_timestamp":"1713135750000","planned_event_type":"ARRIVAL","event_type":"ARRIVAL","event_source":"AUTOMATIC","correction_ind":"false","offroute_ind":"false","direction_ind":"DOWN","line_ind":"D","platform":" 2","route":"0","train_service_code":"21943001","division_code":"21","toc_id":"21","timetable_variation":"1","variation_status":"EARLY","next_report_stanox":"50321","next_report_run_time":"2","train_terminated":"false","delay_monitoring_point":"true","reporting_stanox":"50324","auto_expected":"true"}},{"header":{"msg_type":"0003","msg_queue_timestamp":"1713132064000","source_system_id":"TRUST","original_data_source":"SMART"},"body":{"train_id":"881Y721714","actual_timestamp":"1713135720000","loc_stanox":"89351","gbtt_timestamp":"1713135720000","planned_timestamp":"1713135690000","planned_event_type":"ARRIVAL","event_type":"ARRIVAL","event_source":"AUTOMATIC","correction_ind":"false","offroute_ind":"false","direction_ind":"UP","platform":" 1","route":"0","train_service_code":"24602004","division_code":"80","toc_id":"80","timetable_variation":"1","variation_status":"LATE","next_report_stanox":"88491","next_report_run_time":"1","train_terminated":"false","delay_monitoring_point":"true","reporting_stanox":"89351","auto_expected":"true"}},{"header":{"msg_type":"0003","msg_queue_timestamp":"1713132064000","source_system_id":"TRUST","original_data_source":"SMART"},"body":{"train_id":"861S74M714","actual_timestamp":"1713135600000","loc_stanox":"87216","gbtt_timestamp":"1713135660000","planned_timestamp":"1713135660000","planned_event_type":"DEPARTURE","event_type":"DEPARTURE","event_source":"AUTOMATIC","correction_ind":"false","offroute_ind":"false","direction_ind":"UP","line_ind":"W","platform":" 2","route":"2","train_service_code":"24671205","division_code":"84","toc_id":"84","timetable_variation":"1","variation_status":"EARLY","next_report_stanox":"87215","next_report_run_time":"1","train_terminated":"false","delay_monitoring_point":"false","reporting_stanox":"00000","auto_expected":"true"}},{"header":{"msg_type":"0003","msg_queue_timestamp":"1713132064000","source_system_id":"TRUST","original_data_source":"SMART"},"body":{"train_id":"872D74M814","actual_timestamp":"1713135660000","loc_stanox":"87302","gbtt_timestamp":"1713135720000","planned_timestamp":"1713135720000","planned_event_type":"ARRIVAL","event_type":"ARRIVAL","event_source":"AUTOMATIC","correction_ind":"false","offroute_ind":"false","direction_ind":"UP","platform":" 1","route":"0","train_service_code":"24673705","division_code":"84","toc_id":"84","timetable_variation":"1","variation_status":"EARLY","next_report_stanox":"87301","next_report_run_time":"1","train_terminated":"false","delay_monitoring_point":"false","reporting_stanox":"00000","auto_expected":"true"}},{"header":{"msg_type":"0003","msg_queue_timestamp":"1713132064000","source_system_id":"TRUST","original_data_source":"SMART"},"body":{"train_id":"872H74M814","actual_timestamp":"1713135720000","loc_stanox":"87212","gbtt_timestamp":"1713135840000","planned_timestamp":"1713135840000","planned_event_type":"DESTINATION","event_type":"ARRIVAL","event_source":"AUTOMATIC","correction_ind":"false","offroute_ind":"false","direction_ind":"UP","platform":" 6","route":"0","train_service_code":"24673105","division_code":"84","toc_id":"84","timetable_variation":"2","variation_status":"EARLY","train_terminated":"true","delay_monitoring_point":"true","reporting_stanox":"87212","auto_expected":"true"}},{"header":{"msg_type":"0003","msg_queue_timestamp":"1713132064000","source_system_id":"TRUST","original_data_source":"SMART"},"body":{"train_id":"629T71M714","actual_timestamp":"1713135660000","loc_stanox":"87245","gbtt_timestamp":"1713135720000","planned_timestamp":"1713135720000","planned_event_type":"ARRIVAL","event_type":"ARRIVAL","event_source":"AUTOMATIC","correction_ind":"false","offroute_ind":"false","direction_ind":"DOWN","platform":" 1","route":"0","train_service_code":"22720000","division_code":"88","toc_id":"88","timetable_variation":"1","variation_status":"EARLY","next_report_stanox":"88400","next_report_run_time":"2","train_terminated":"false","delay_monitoring_point":"true","reporting_stanox":"87245","auto_expected":"true"}},{"header":{"msg_type":"0003","msg_queue_timestamp":"1713132064000","source_system_id":"TRUST","original_data_source":"SMART"},"body":{"train_id":"301B46M714","actual_timestamp":"1713135720000","loc_stanox":"18635","planned_timestamp":"1713135810000","planned_event_type":"DEPARTURE","event_type":"DEPARTURE","event_source":"AUTOMATIC","correction_ind":"false","offroute_ind":"false","direction_ind":"DOWN","line_ind":"H","route":"2","train_service_code":"21737000","division_code":"23","toc_id":"23","timetable_variation":"1","variation_status":"EARLY","next_report_stanox":"18641","next_report_run_time":"2","train_terminated":"false","delay_monitoring_point":"false","reporting_stanox":"00000","auto_expected":"true"}},{"header":{"msg_type":"0003","msg_queue_timestamp":"1713132064000","source_system_id":"TRUST","original_data_source":"SMART"},"body":{"train_id":"301B46M714","actual_timestamp":"1713135780000","loc_stanox":"18641","gbtt_timestamp":"1713135900000","planned_timestamp":"1713135900000","planned_event_type":"ARRIVAL","event_type":"ARRIVAL","event_source":"AUTOMATIC","correction_ind":"false","offroute_ind":"false","direction_ind":"DOWN","platform":" 2","route":"0","train_service_code":"21737000","division_code":"23","toc_id":"23","timetable_variation":"2","variation_status":"EARLY","next_report_stanox":"18635","next_report_run_time":"5","train_terminated":"false","delay_monitoring_point":"true","reporting_stanox":"18641","auto_expected":"true"}},{"header":{"msg_type":"0003","msg_queue_timestamp":"1713132065000","source_system_id":"TRUST","original_data_source":"SMART"},"body":{"train_id":"042V69M814","actual_timestamp":"1713135540000","loc_stanox":"04028","gbtt_timestamp":"1713135420000","planned_timestamp":"1713135420000","planned_event_type":"DEPARTURE","event_type":"DEPARTURE","event_source":"AUTOMATIC","correction_ind":"false","offroute_ind":"false","direction_ind":"DOWN","platform":" 2","route":"2","train_service_code":"13560015","division_code":"60","toc_id":"60","timetable_variation":"2","variation_status":"LATE","next_report_stanox":"04025","next_report_run_time":"3","train_terminated":"false","delay_monitoring_point":"false","reporting_stanox":"00000","auto_expected":"true"}},{"header":{"msg_type":"0003","msg_queue_timestamp":"1713132065000","source_system_id":"TRUST","original_data_source":"SMART"},"body":{"train_id":"032P18M814","actual_timestamp":"1713135600000","loc_stanox":"04039","gbtt_timestamp":"1713135480000","planned_timestamp":"1713135480000","planned_event_type":"DEPARTURE","event_type":"DEPARTURE","event_source":"AUTOMATIC","correction_ind":"false","offroute_ind":"false","direction_ind":"UP","platform":" 1","route":"2","train_service_code":"23576003","division_code":"60","toc_id":"60","timetable_variation":"2","variation_status":"LATE","next_report_stanox":"04221","next_report_run_time":"2","train_terminated":"false","delay_monitoring_point":"false","reporting_stanox":"00000","auto_expected":"true"}},{"header":{"msg_type":"0003","msg_queue_timestamp":"1713132065000","source_system_id":"TRUST","original_data_source":"SMART"},"body":{"train_id":"041R45M914","actual_timestamp":"1713135660000","loc_stanox":"04291","planned_timestamp":"1713135660000","planned_event_type":"DEPARTURE","event_type":"DEPARTURE","event_source":"AUTOMATIC","correction_ind":"false","offroute_ind":"false","direction_ind":"UP","line_ind":"S","route":"2","train_service_code":"23548003","division_code":"60","toc_id":"60","timetable_variation":"0","variation_status":"ON TIME","next_report_stanox":"04235","next_report_run_time":"2","train_terminated":"false","delay_monitoring_point":"false","reporting_stanox":"00000","auto_expected":"true"}},{"header":{"msg_type":"0003","msg_queue_timestamp":"1713132065000","source_system_id":"TRUST","original_data_source":"SMART"},"body":{"train_id":"862Z941814","actual_timestamp":"1713135660000","loc_stanox":"86334","planned_timestamp":"1713135630000","planned_event_type":"DEPARTURE","event_type":"DEPARTURE","event_source":"AUTOMATIC","correction_ind":"false","offroute_ind":"false","direction_ind":"UP","line_ind":"H","route":"2","train_service_code":"24621204","division_code":"84","toc_id":"84","timetable_variation":"1","variation_status":"LATE","next_report_stanox":"86339","next_report_run_time":"3","train_terminated":"false","delay_monitoring_point":"false","reporting_stanox":"00000","auto_expected":"true"}},{"header":{"msg_type":"0003","msg_queue_timestamp":"1713132065000","source_system_id":"TRUST","original_data_source":"SMART"},"body":{"train_id":"892C761814","actual_timestamp":"1713135720000","loc_stanox":"88477","planned_timestamp":"1713135720000","planned_event_type":"ARRIVAL","event_type":"ARRIVAL","event_source":"AUTOMATIC","correction_ind":"false","offroute_ind":"false","route":"0","train_service_code":"24605004","division_code":"80","toc_id":"80","timetable_variation":"0","variation_status":"ON TIME","next_report_stanox":"88476","next_report_run_time":"1","train_terminated":"false","delay_monitoring_point":"true","reporting_stanox":"88477","auto_expected":"true"}}]