[{"header":{"msg_type":"0003","msg_queue_timestamp":"1713133051000","source_system_id":"TRUST","original_data_source":"SMART"},"body":{"train_id":"882G69M814","actual_timestamp":"1713136620000","loc_stanox":"88224","planned_timestamp":"1713136590000","planned_event_type":"DEPARTURE","event_type":"DEPARTURE","event_source":"AUTOMATIC","correction_ind":"false","offroute_ind":"false","direction_ind":"DOWN","route":"2","train_service_code":"24743000","division_code":"88","toc_id":"88","timetable_variation":"1","variation_status":"LATE","next_report_stanox":"88221","next_report_run_time":"3","train_terminated":"false","delay_monitoring_point":"false","reporting_stanox":"00000","auto_expected":"true"}},{"header":{"msg_type":"0003","msg_queue_timestamp":"1713133051000","source_system_id":"TRUST","original_data_source":"SMART"},"body":{"train_id":"873M012914","actual_timestamp":"1713136620000","loc_stanox":"87911","planned_timestamp":"1713136590000","planned_event_type":"DEPARTURE","event_type":"DEPARTURE","event_source":"AUTOMATIC","correction_ind":"false","offroute_ind":"false","direction_ind":"UP","line_ind":"F","platform":" 4","route":"2","train_service_code":"22788002","division_code":"88","toc_id":"88","timetable_variation":"1","variation_status":"LATE","next_report_stanox":"87903","next_report_run_time":"4","train_terminated":"false","delay_monitoring_point":"true","reporting_stanox":"87911","auto_expected":"true"}},{"header":{"msg_type":"0003","msg_queue_timestamp":"1713133051000","source_system_id":"TRUST","original_data_source":"SMART"},"body":{"train_id":"899Y68M814","actual_timestamp":"1713136620000","loc_stanox":"88413","gbtt_timestamp":"1713136620000","planned_timestamp":"1713136620000","planned_event_type":"DEPARTURE","event_type":"DEPARTURE","event_source":"AUTOMATIC","correction_ind":"false","offroute_ind":"false","direction_ind":"UP","platform":" 1","route":"2","train_service_code":"22742000","division_code":"88","toc_id":"88","timetable_variation":"0","variation_status":"ON TIME","next_report_stanox":"87609","next_report_run_time":"2","train_terminated":"false","delay_monitoring_point":"true","reporting_stanox":"88413","auto_expected":"true"}},{"header":{"msg_type":"0003","msg_queue_timestamp":"1713133052000","source_system_id":"TRUST","original_data_source":"SMART"},"body":{"train_id":"361N87M914","actual_timestamp":"1713136620000","loc_stanox":"36056","planned_timestamp":"1713136620000","planned_event_type":"DEPARTURE","event_type":"DEPARTURE","event_source":"AUTOMATIC","correction_ind":"false","offroute_ind":"false","direction_ind":"UP","line_ind":"S","route":"1","train_service_code":"12249820","division_code":"23","toc_id":"23","timetable_variation":"0","variation_status":"ON TIME","next_report_stanox":"36170","next_report_run_time":"1","train_terminated":"false","delay_monitoring_point":"false","reporting_stanox":"00000","auto_expected":"true"}},{"header":{"msg_type":"0003","msg_queue_timestamp":"1713133052000","source_system_id":"TRUST","original_data_source":"SMART"},"body":{"train_id":"362O94M814","actual_timestamp":"1713136680000","loc_stanox":"33096","gbtt_timestamp":"1713136740000","planned_timestamp":"1713136740000","planned_event_type":"ARRIVAL","event_type":"ARRIVAL","event_source":"AUTOMATIC","correction_ind":"false","offroute_ind":"false","direction_ind":"UP","platform":" 1","route":"0","train_service_code":"12299820","division_code":"23","toc_id":"23","timetable_variation":"1","variation_status":"EARLY","next_report_stanox":"33095","next_report_run_time":"1","train_terminated":"false","delay_monitoring_point":"false","reporting_stanox":"00000","auto_expected":"true"}},{"header":{"msg_type":"0003","msg_queue_timestamp":"1713133052000","source_system_id":"TRUST","original_data_source":"SMART"},"body":{"train_id":"881H76M814","actual_timestamp":"1713136440000","loc_stanox":"89396","gbtt_timestamp":"1713136440000","planned_timestamp":"1713136470000","planned_event_type":"DEPARTURE","event_type":"DEPARTURE","event_source":"AUTOMATIC","correction_ind":"false","offroute_ind":"false","direction_ind":"UP","platform":" 1","route":"1","train_service_code":"24602004","division_code":"80","toc_id":"80","timetable_variation":"0","variation_status":"ON TIME","next_report_stanox":"89394","next_report_run_time":"3","train_terminated":"false","delay_monitoring_point":"true","reporting_stanox":"89396","auto_expected":"true"}},{"header":{"msg_type":"0003","msg_queue_timestamp":"1713133052000","source_system_id":"TRUST","original_data_source":"SMART"},"body":{"train_id":"881H76M814","actual_timestamp":"1713136620000","loc_stanox":"89394","gbtt_timestamp":"1713136680000","planned_timestamp":"1713136650000","planned_event_type":"ARRIVAL","event_type":"ARRIVAL","event_source":"AUTOMATIC","correction_ind":"false","offroute_ind":"false","direction_ind":"UP","platform":" 1","route":"0","train_service_code":"24602004","division_code":"80","toc_id":"80","timetable_variation":"0","variation_status":"ON TIME","next_report_stanox":"89393","next_report_run_time":"1","train_terminated":"false","delay_monitoring_point":"false","reporting_stanox":"00000","auto_expected":"true"}},{"header":{"msg_type":"0003","msg_queue_timestamp":"1713133052000","source_system_id":"TRUST","original_data_source":"SMART"},"body":{"train_id":"451P73M814","actual_timestamp":"1713136680000","loc_stanox":"45611","gbtt_timestamp":"1713136740000","planned_timestamp":"1713136710000","planned_event_type":"ARRIVAL","event_type":"ARRIVAL","event_source":"AUTOMATIC","correction_ind":"false","offroute_ind":"false","direction_ind":"UP","platform":" 1","route":"0","train_service_code":"22727100","division_code":"88","toc_id":"88","timetable_variation":"0","variation_status":"ON TIME","next_report_stanox":"53201","next_report_run_time":"1","train_terminated":"false","delay_monitoring_point":"false","reporting_stanox":"00000","auto_expected":"true"}},{"header":{"msg_type":"0003","msg_queue_timestamp":"1713133052000","source_system_id":"TRUST","original_data_source":"SMART"},"body":{"train_id":"175W791814","actual_timestamp":"1713136620000","loc_stanox":"18465","gbtt_timestamp":"1713136680000","planned_timestamp":"1713136680000","planned_event_type":"DEPARTURE","event_type":"DEPARTURE","event_source":"AUTOMATIC","correction_ind":"false","offroute_ind":"false","direction_ind":"DOWN","line_ind":"H","route":"2","train_service_code":"22974000","division_code":"23","toc_id":"23","timetable_variation":"1","variation_status":"EARLY","next_report_stanox":"18464","next_report_run_time":"2","train_terminated":"false","delay_monitoring_point":"false","reporting_stanox":"00000","auto_expected":"true"}},{"header":{"msg_type":"0003","msg_queue_timestamp":"1713133052000","source_system_id":"TRUST","original_data_source":"SMART"},"body":{"train_id":"175W791814","actual_timestamp":"1713136680000","loc_stanox":"18464","gbtt_timestamp":"1713136800000","planned_timestamp":"1713136800000","planned_event_type":"DESTINATION","event_type":"ARRIVAL","event_source":"AUTOMATIC","correction_ind":"false","offroute_ind":"false","direction_ind":"DOWN","platform":" 2","route":"0","train_service_code":"22974000","division_code":"23","toc_id":"23","timetable_variation":"2","variation_status":"EARLY","train_terminated":"true","delay_monitoring_point":"true","reporting_stanox":"18464","auto_expected":"true"}},{"header":{"msg_type":"0003","msg_queue_timestamp":"1713133052000","source_system_id":"TRUST","original_data_source":"SMART"},"body":{"train_id":"721S25MZ14","actual_timestamp":"1713136560000","loc_stanox":"44421","planned_timestamp":"1713136620000","planned_event_type":"DEPARTURE","event_type":"DEPARTURE","event_source":"AUTOMATIC","correction_ind":"false","offroute_ind":"false","direction_ind":"DOWN","line_ind":"M","platform":" 2","route":"2","train_service_code":"23558003","division_code":"35","toc_id":"35","timetable_variation":"1","variation_status":"EARLY","next_report_stanox":"44365","next_report_run_time":"8","train_terminated":"false","delay_monitoring_point":"true","train_file_address":"G55","reporting_stanox":"44421","auto_expected":"true"}},{"header":{"msg_type":"0003","msg_queue_timestamp":"1713133052000","source_system_id":"TRUST","original_data_source":"SMART"},"body":{"train_id":"631D61M714","actual_timestamp":"1713136620000","loc_stanox":"56601","planned_timestamp":"1713136530000","planned_event_type":"DEPARTURE","event_type":"DEPARTURE","event_source":"AUTOMATIC","correction_ind":"false","offroute_ind":"false","direction_ind":"DOWN","line_ind":"M","route":"1","train_service_code":"22154000","division_code":"28","toc_id":"28","timetable_variation":"2","variation_status":"LATE","next_report_stanox":"55212","next_report_run_time":"3","train_terminated":"false","delay_monitoring_point":"true","reporting_stanox":"56601","auto_expected":"true"}},{"header":{"msg_type":"0003","msg_queue_timestamp":"1713133053000","source_system_id":"TRUST","original_data_source":"SMART"},"body":{"train_id":"635F85M914","actual_timestamp":"1713136620000","loc_stanox":"63018","planned_timestamp":"1713136620000","planned_event_type":"DEPARTURE","event_type":"DEPARTURE","event_source":"AUTOMATIC","correction_ind":"false","offroute_ind":"false","direction_ind":"UP","line_ind":"M","route":"3","train_service_code":"25211004","division_code":"74","toc_id":"74","timetable_variation":"0","variation_status":"ON TIME","next_report_stanox":"63021","next_report_run_time":"9","train_terminated":"false","delay_monitoring_point":"true","reporting_stanox":"63018","auto_expected":"true"}},{"header":{"msg_type":"0003","msg_queue_timestamp":"1713133053000","source_system_id":"TRUST","original_data_source":"SMART"},"body":{"train_id":"632A72M814","actual_timestamp":"1713136560000","loc_stanox":"73451","gbtt_timestamp":"1713136440000","planned_timestamp":"1713136470000","planned_event_type":"DEPARTURE","event_type":"DEPARTURE","event_source":"AUTOMATIC","correction_ind":"false","offroute_ind":"false","direction_ind":"DOWN","platform":" 2","route":"2","train_service_code":"25211004","division_code":"74","toc_id":"74","timetable_variation":"2","variation_status":"LATE","next_report_stanox":"73499","next_report_run_time":"3","train_terminated":"false","delay_monitoring_point":"false","reporting_stanox":"00000","auto_expected":"true"}},{"header":{"msg_type":"0003","msg_queue_timestamp":"1713133053000","source_system_id":"TRUST","original_data_source":"SMART"},"body":{"train_id":"745B63M914","actual_timestamp":"1713136680000","loc_stanox":"74237","gbtt_timestamp":"1713136680000","planned_timestamp":"1713136710000","planned_event_type":"ARRIVAL","event_type":"ARRIVAL","event_source":"AUTOMATIC","correction_ind":"false","offroute_ind":"false","direction_ind":"DOWN","platform":"15","route":"0","train_service_code":"25509007","division_code":"25","toc_id":"25","timetable_variation":"0","variation_status":"ON TIME","next_report_stanox":"74252","next_report_run_time":"3","train_terminated":"false","delay_monitoring_point":"true","reporting_stanox":"74237","auto_expected":"true"}},{"header":{"msg_type":"0003","msg_queue_timestamp":"1713133053000","source_system_id":"TRUST","original_data_source":"SMART"},"body":{"train_id":"662G60M814","actual_timestamp":"1713136680000","loc_stanox":"66510","gbtt_timestamp":"1713136620000","planned_timestamp":"1713136620000","planned_event_type":"ARRIVAL","event_type":"ARRIVAL","event_source":"AUTOMATIC","correction_ind":"false","offroute_ind":"false","direction_ind":"UP","platform":" 1","route":"0","train_service_code":"12272820","division_code":"29","toc_id":"29","timetable_variation":"1","variation_status":"LATE","next_report_stanox":"66503","next_report_run_time":"1","train_terminated":"false","delay_monitoring_point":"true","reporting_stanox":"66510","auto_expected":"true"}},{"header":{"msg_type":"0003","msg_queue_timestamp":"1713133053000","source_system_id":"TRUST","original_data_source":"SMART"},"body":{"train_id":"662P58M814","actual_timestamp":"1713136560000","loc_stanox":"65608","gbtt_timestamp":"1713136620000","planned_timestamp":"1713136620000","planned_event_type":"DEPARTURE","event_type":"DEPARTURE","event_source":"AUTOMATIC","correction_ind":"false","offroute_ind":"false","direction_ind":"DOWN","platform":" 2","route":"2","train_service_code":"12272820","division_code":"29","toc_id":"29","timetable_variation":"1","variation_status":"EARLY","next_report_stanox":"65606","next_report_run_time":"2","train_terminated":"false","delay_monitoring_point":"false","reporting_stanox":"00000","auto_expected":"true"}},{"header":{"msg_type":"0003","msg_queue_timestamp":"1713133054000","source_system_id":"TRUST","original_data_source":"SMART"},"body":{"train_id":"655D78M914","actual_timestamp":"1713136680000","loc_stanox":"66291","planned_timestamp":"1713136770000","planned_event_type":"ARRIVAL","event_type":"ARRIVAL","event_source":"AUTOMATIC","correction_ind":"false","offroute_ind":"false","route":"0","train_service_code":"22185002","division_code":"27","toc_id":"27","timetable_variation":"1","variation_status":"EARLY","next_report_stanox":"66031","next_report_run_time":"1","train_terminated":"false","delay_monitoring_point":"false","reporting_stanox":"00000","auto_expected":"true"}},{"header":{"msg_type":"0003","msg_queue_timestamp":"1713133054000","source_system_id":"TRUST","original_data_source":"SMART"},"body":{"train_id":"042H87M714","actual_timestamp":"1713136620000","loc_stanox":"06215","gbtt_timestamp":"1713136620000","planned_timestamp":"1713136620000","planned_event_type":"DEPARTURE","event_type":"DEPARTURE","event_source":"AUTOMATIC","correction_ind":"false","offroute_ind":"false","direction_ind":"DOWN","platform":" 2","route":"1","train_service_code":"13560015","division_code":"60","toc_id":"60","timetable_variation":"0","variation_status":"ON TIME","next_report_stanox":"06211","next_report_run_time":"2","train_terminated":"false","delay_monitoring_point":"false","reporting_stanox":"00000","auto_expected":"true"}},{"header":{"msg_type":"0003","msg_queue_timestamp":"1713133054000","source_system_id":"TRUST","original_data_source":"SMART"},"body":{"train_id":"721H77M714","actual_timestamp":"1713136620000","loc_stanox":"70070","planned_timestamp":"1713136500000","planned_event_type":"DEPARTURE","event_type":"DEPARTURE","event_source":"AUTOMATIC","correction_ind":"false","offroute_ind":"false","direction_ind":"DOWN","line_ind":"N","route":"1","train_service_code":"22108001","division_code":"65","toc_id":"65","timetable_variation":"2","variation_status":"LATE","next_report_stanox":"70030","next_report_run_time":"1","train_terminated":"false","delay_monitoring_point":"false","reporting_stanox":"00000","auto_expected":"true"}},{"header":{"msg_type":"0003","msg_queue_timestamp":"1713133054000","source_system_id":"TRUST","original_data_source":"SMART"},"body":{"train_id":"042H87M714","actual_timestamp":"1713136740000","loc_stanox":"06211","gbtt_timestamp":"1713136740000","planned_timestamp":"1713136740000","planned_event_type":"ARRIVAL","event_type":"ARRIVAL","event_source":"AUTOMATIC","correction_ind":"false","offroute_ind":"false","direction_ind":"DOWN","platform":" 1","route":"0","train_service_code":"13560015","division_code":"60","toc_id":"60","timetable_variation":"0","variation_status":"ON TIME","next_report_stanox":"06137","next_report_run_time":"2","train_terminated":"false","delay_monitoring_point":"true","reporting_stanox":"06211","auto_expected":"true"}},{"header":{"msg_type":"0003","msg_queue_timestamp":"1713133054000","source_system_id":"TRUST","original_data_source":"SMART"},"body":{"train_id":"872U75M814","actual_timestamp":"1713136680000","loc_stanox":"87126","gbtt_timestamp":"1713136680000","planned_timestamp":"1713136650000","planned_event_type":"ARRIVAL","event_type":"ARRIVAL","event_source":"AUTOMATIC","correction_ind":"false","offroute_ind":"false","direction_ind":"DOWN","platform":" 2","route":"0","train_service_code":"24671105","division_code":"84","toc_id":"84","timetable_variation":"1","variation_status":"LATE","next_report_stanox":"87125","next_report_run_time":"1","train_terminated":"false","delay_monitoring_point":"false","reporting_stanox":"00000","auto_expected":"true"}},{"header":{"msg_type":"0003","msg_queue_timestamp":"1713133054000","source_system_id":"TRUST","original_data_source":"SMART"},"body":{"train_id":"879T64M714","actual_timestamp":"1713136620000","loc_stanox":"63201","gbtt_timestamp":"1713136380000","planned_timestamp":"1713136380000","planned_event_type":"DEPARTURE","event_type":"DEPARTURE","event_source":"AUTOMATIC","correction_ind":"false","offroute_ind":"false","direction_ind":"DOWN","line_ind":"S","platform":" 2","route":"1","train_service_code":"22721000","division_code":"88","toc_id":"88","timetable_variation":"4","variation_status":"LATE","next_report_stanox":"62423","next_report_run_time":"4","train_terminated":"false","delay_monitoring_point":"true","reporting_stanox":"63201","auto_expected":"true"}},{"header":{"msg_type":"0003","msg_queue_timestamp":"1713133054000","source_system_id":"TRUST","original_data_source":"SMART"},"body":{"train_id":"879T62MZ14","actual_timestamp":"1713136620000","loc_stanox":"62016","planned_timestamp":"1713136710000","planned_event_type":"DEPARTURE","event_type":"DEPARTURE","event_source":"AUTOMATIC","correction_ind":"false","offroute_ind":"false","direction_ind":"DOWN","line_ind":"S","route":"2","train_service_code":"22721000","division_code":"88","toc_id":"88","timetable_variation":"1","variation_status":"EARLY","next_report_stanox":"62011","next_report_run_time":"4","train_terminated":"false","delay_monitoring_point":"false","reporting_stanox":"00000","auto_expected":"true"}},{"header":{"msg_type":"0003","msg_queue_timestamp":"1713133055000","source_system_id":"TRUST","original_data_source":"SMART"},"body":{"train_id":"522H68M814","actual_timestamp":"1713136620000","loc_stanox":"47342","planned_timestamp":"1713136410000","planned_event_type":"DEPARTURE","event_type":"DEPARTURE","event_source":"AUTOMATIC","correction_ind":"false","offroute_ind":"false","direction_ind":"DOWN","line_ind":"D","platform":" 2","route":"1","train_service_code":"21913000","division_code":"21","toc_id":"21","timetable_variation":"4","variation_status":"LATE","next_report_stanox":"47339","next_report_run_time":"1","train_terminated":"false","delay_monitoring_point":"false","reporting_stanox":"00000","auto_expected":"true"}},{"header":{"msg_type":"0003","msg_queue_timestamp":"1713133055000","source_system_id":"TRUST","original_data_source":"SMART"},"body":{"train_id":"501K671814","actual_timestamp":"1713136680000","loc_stanox":"50401","planned_event_type":"ARRIVAL","event_type":"ARRIVAL","event_source":"AUTOMATIC","correction_ind":"false","offroute_ind":"true","train_service_code":"21943001","division_code":"21","toc_id":"21","timetable_variation":"0","variation_status":"OFF ROUTE","train_terminated":"false","delay_monitoring_point":"false"}},{"header":{"msg_type":"0003","msg_queue_timestamp":"1713133055000","source_system_id":"TRUST","original_data_source":"SMART"},"body":{"train_id":"882K66M914","actual_timestamp":"1713136620000","loc_stanox":"88313","gbtt_timestamp":"1713136620000","planned_timestamp":"1713136620000","planned_event_type":"DEPARTURE","event_type":"DEPARTURE","event_source":"AUTOMATIC","correction_ind":"false","offroute_ind":"false","direction_ind":"UP","platform":" 1","route":"1","train_service_code":"24653005","division_code":"80","toc_id":"80","timetable_variation":"0","variation_status":"ON TIME","next_report_stanox":"88311","next_report_run_time":"2","train_terminated":"false","delay_monitoring_point":"false","reporting_stanox":"00000","auto_expected":"true"}},{"header":{"msg_type":"0003","msg_queue_timestamp":"1713133055000","source_system_id":"TRUST","original_data_source":"SDR","user_id":"#QDP4315","source_dev_id":"VDEM"},"body":{"train_id":"731W77MZ14","actual_timestamp":"1713136560000","loc_stanox":"67116","gbtt_timestamp":"1713135600000","planned_timestamp":"1713135600000","planned_event_type":"DESTINATION","event_type":"ARRIVAL","event_source":"MANUAL","correction_ind":"false","offroute_ind":"false","route":"0","train_service_code":"25392003","division_code":"25","toc_id":"25","timetable_variation":"16","variation_status":"LATE","train_terminated":"true","delay_monitoring_point":"true","reporting_stanox":"67116","auto_expected":"false"}},{"header":{"msg_type":"0003","msg_queue_timestamp":"1713133056000","source_system_id":"TRUST","original_data_source":"SMART"},"body":{"train_id":"745C80M914","actual_timestamp":"1713136620000","loc_stanox":"87002","planned_timestamp":"1713136440000","planned_event_type":"DEPARTURE","event_type":"DEPARTURE","event_source":"AUTOMATIC","correction_ind":"false","offroute_ind":"false","direction_ind":"UP","platform":" 1","route":"1","train_service_code":"24676004","division_code":"84","toc_id":"84","timetable_variation":"3","variation_status":"LATE","next_report_stanox":"87004","next_report_run_time":"4","train_terminated":"false","delay_monitoring_point":"false","reporting_stanox":"00000","auto_expected":"true"}},{"header":{"msg_type":"0003","msg_queue_timestamp":"1713133056000","source_system_id":"TRUST","original_data_source":"SMART"},"body":{"train_id":"872M66M814","actual_timestamp":"1713136620000","loc_stanox":"88495","gbtt_timestamp":"1713136620000","planned_timestamp":"1713136620000","planned_event_type":"DEPARTURE","event_type":"DEPARTURE","event_source":"AUTOMATIC","correction_ind":"false","offroute_ind":"false","direction_ind":"DOWN","platform":" 2","route":"2","train_service_code":"24652005","division_code":"80","toc_id":"80","timetable_variation":"0","variation_status":"ON TIME","next_report_stanox":"89341","next_report_run_time":"2","train_terminated":"false","delay_monitoring_point":"false","reporting_stanox":"00000","auto_expected":"true"}},{"header":{"msg_type":"0003","msg_queue_timestamp":"1713133056000","source_system_id":"TRUST","original_data_source":"SMART"},"body":{"train_id":"731Y93M814","actual_timestamp":"1713136620000","loc_stanox":"73253","planned_event_type":"DEPARTURE","event_type":"DEPARTURE","event_source":"AUTOMATIC","correction_ind":"false","offroute_ind":"true","train_service_code":"25905000","division_code":"86","toc_id":"86","timetable_variation":"0","variation_status":"OFF ROUTE","train_terminated":"false","delay_monitoring_point":"false"}}]