[{"header":{"msg_type":"0003","msg_queue_timestamp":"1713111591000","source_system_id":"TRUST","original_data_source":"SMART"},"body":{"train_id":"782E16MR14","actual_timestamp":"1713115440000","loc_stanox":"78915","gbtt_timestamp":"1713115320000","planned_timestamp":"1713115290000","planned_event_type":"ARRIVAL","event_type":"ARRIVAL","event_source":"AUTOMATIC","correction_ind":"false","offroute_ind":"false","direction_ind":"DOWN","platform":" 1","route":"0","train_service_code":"25446000","division_code":"71","toc_id":"71","timetable_variation":"3","variation_status":"LATE","next_report_stanox":"78917","next_report_run_time":"1","train_terminated":"false","delay_monitoring_point":"false","reporting_stanox":"00000","auto_expected":"true"}},{"header":{"msg_type":"0003","msg_queue_timestamp":"1713111591000","source_system_id":"TRUST","original_data_source":"SMART"},"body":{"train_id":"152K03MU14","actual_timestamp":"1713115260000","loc_stanox":"15714","gbtt_timestamp":"1713115200000","planned_timestamp":"1713115200000","planned_event_type":"ARRIVAL","event_type":"ARRIVAL","event_source":"AUTOMATIC","correction_ind":"false","offroute_ind":"false","direction_ind":"DOWN","platform":" 2","route":"0","train_service_code":"21801000","division_code":"23","toc_id":"23","timetable_variation":"1","variation_status":"LATE","next_report_stanox":"15702","next_report_run_time":"1","train_terminated":"false","delay_monitoring_point":"false","reporting_stanox":"00000","auto_expected":"true"}},{"header":{"msg_type":"0003","msg_queue_timestamp":"1713111591000","source_system_id":"TRUST","original_data_source":"SMART"},"body":{"train_id":"541D21MS14","actual_timestamp":"1713115140000","loc_stanox":"44365","planned_timestamp":"1713115170000","planned_event_type":"DEPARTURE","event_type":"DEPARTURE","event_source":"AUTOMATIC","correction_ind":"false","offroute_ind":"false","direction_ind":"DOWN","line_ind":"M","route":"2","train_service_code":"21702001","division_code":"61","toc_id":"61","timetable_variation":"0","variation_status":"ON TIME","next_report_stanox":"44304","next_report_run_time":"5","train_terminated":"false","delay_monitoring_point":"false","reporting_stanox":"00000","auto_expected":"true"}},{"header":{"msg_type":"0003","msg_queue_timestamp":"1713111591000","source_system_id":"TRUST","original_data_source":"SMART"},"body":{"train_id":"401K54MT14","actual_timestamp":"1713115140000","loc_stanox":"42117","planned_timestamp":"1713114840000","planned_event_type":"DEPARTURE","event_type":"DEPARTURE","event_source":"AUTOMATIC","correction_ind":"false","offroute_ind":"false","direction_ind":"UP","route":"1","train_service_code":"22340000","division_code":"71","toc_id":"71","timetable_variation":"5","variation_status":"LATE","next_report_stanox":"42140","next_report_run_time":"4","train_terminated":"false","delay_monitoring_point":"false","reporting_stanox":"00000","auto_expected":"true"}},{"header":{"msg_type":"0003","msg_queue_timestamp":"1713111592000","source_system_id":"TRUST","original_data_source":"SMART"},"body":{"train_id":"731B59MT14","actual_timestamp":"1713115140000","loc_stanox":"74291","planned_timestamp":"1713114990000","planned_event_type":"DEPARTURE","event_type":"DEPARTURE","event_source":"AUTOMATIC","correction_ind":"false","offroute_ind":"false","direction_ind":"DOWN","line_ind":"D","platform":" 1","route":"1","train_service_code":"25375002","division_code":"25","toc_id":"25","timetable_variation":"3","variation_status":"LATE","next_report_stanox":"74313","next_report_run_time":"5","train_terminated":"false","delay_monitoring_point":"false","reporting_stanox":"00000","auto_expected":"true"}},{"header":{"msg_type":"0003","msg_queue_timestamp":"1713111592000","source_system_id":"TRUST","original_data_source":"SMART"},"body":{"train_id":"731C23MU14","actual_timestamp":"1713115260000","loc_stanox":"73822","planned_timestamp":"1713114720000","planned_event_type":"ARRIVAL","event_type":"ARRIVAL","event_source":"AUTOMATIC","correction_ind":"false","offroute_ind":"false","route":"0","train_service_code":"25370002","division_code":"25","toc_id":"25","timetable_variation":"9","variation_status":"LATE","next_report_stanox":"74005","next_report_run_time":"1","train_terminated":"false","delay_monitoring_point":"true","reporting_stanox":"73822","auto_expected":"true"}},{"header":{"msg_type":"0003","msg_queue_timestamp":"1713111592000","source_system_id":"TRUST","original_data_source":"SMART"},"body":{"train_id":"882D16MT14","actual_timestamp":"1713115200000","loc_stanox":"88447","planned_timestamp":"1713115170000","planned_event_type":"DEPARTURE","event_type":"DEPARTURE","event_source":"AUTOMATIC","correction_ind":"false","offroute_ind":"false","direction_ind":"UP","line_ind":"C","route":"4","train_service_code":"24657005","division_code":"80","toc_id":"80","timetable_variation":"1","variation_status":"LATE","next_report_stanox":"88415","next_report_run_time":"2","train_terminated":"false","delay_monitoring_point":"true","reporting_stanox":"88447","auto_expected":"true"}},{"header":{"msg_type":"0003","msg_queue_timestamp":"1713111592000","source_system_id":"TRUST","original_data_source":"SMART"},"body":{"train_id":"861T64MU14","actual_timestamp":"1713115200000","loc_stanox":"86313","gbtt_timestamp":"1713115200000","planned_timestamp":"1713115200000","planned_event_type":"ARRIVAL","event_type":"ARRIVAL","event_source":"AUTOMATIC","correction_ind":"false","offroute_ind":"false","direction_ind":"UP","platform":" 1","route":"0","train_service_code":"24631204","division_code":"84","toc_id":"84","timetable_variation":"0","variation_status":"ON TIME","next_report_stanox":"86321","next_report_run_time":"2","train_terminated":"false","delay_monitoring_point":"true","reporting_stanox":"86313","auto_expected":"true"}},{"header":{"msg_type":"0003","msg_queue_timestamp":"1713111593000","source_system_id":"TRUST","original_data_source":"SMART"},"body":{"train_id":"871U52MT14","actual_timestamp":"1713115140000","loc_stanox":"87216","planned_timestamp":"1713115260000","planned_event_type":"DEPARTURE","event_type":"DEPARTURE","event_source":"AUTOMATIC","correction_ind":"false","offroute_ind":"false","direction_ind":"UP","line_ind":"W","platform":" 2","route":"2","train_service_code":"24671105","division_code":"84","toc_id":"84","timetable_variation":"2","variation_status":"EARLY","next_report_stanox":"87215","next_report_run_time":"1","train_terminated":"false","delay_monitoring_point":"false","reporting_stanox":"00000","auto_expected":"true"}},{"header":{"msg_type":"0003","msg_queue_timestamp":"1713111593000","source_system_id":"TRUST","original_data_source":"GPS","user_id":"GPSI06"},"body":{"train_id":"742B40MU14","actual_timestamp":"1713115140000","loc_stanox":"74014","gbtt_timestamp":"1713115140000","planned_timestamp":"1713115140000","planned_event_type":"DEPARTURE","event_type":"DEPARTURE","event_source":"MANUAL","correction_ind":"false","offroute_ind":"false","train_service_code":"25509007","division_code":"25","toc_id":"25","timetable_variation":"0","variation_status":"ON TIME","next_report_stanox":"74016","next_report_run_time":"7","train_terminated":"false","delay_monitoring_point":"true","reporting_stanox":"74014","auto_expected":"false"}},{"header":{"msg_type":"0003","msg_queue_timestamp":"1713111593000","source_system_id":"TRUST","original_data_source":"GPS","user_id":"GPSN01"},"body":{"train_id":"152N17MQ14","actual_timestamp":"1713115140000","loc_stanox":"13321","gbtt_timestamp":"1713115200000","planned_timestamp":"1713115170000","planned_event_type":"ARRIVAL","event_type":"ARRIVAL","event_source":"MANUAL","correction_ind":"false","offroute_ind":"false","route":"0","train_service_code":"21800000","division_code":"23","toc_id":"23","timetable_variation":"0","variation_status":"ON TIME","next_report_stanox":"13319","next_report_run_time":"1","train_terminated":"false","delay_monitoring_point":"false","reporting_stanox":"00000"}},{"header":{"msg_type":"0003","msg_queue_timestamp":"1713111593000","source_system_id":"TRUST","original_data_source":"GPS","user_id":"GPSN01"},"body":{"train_id":"152D19MT14","actual_timestamp":"1713115140000","loc_stanox":"15625","gbtt_timestamp":"1713115020000","planned_timestamp":"1713115020000","planned_event_type":"DEPARTURE","event_type":"DEPARTURE","event_source":"MANUAL","correction_ind":"false","offroute_ind":"false","train_service_code":"21801000","division_code":"23","toc_id":"23","timetable_variation":"2","variation_status":"LATE","next_report_stanox":"15619","next_report_run_time":"3","train_terminated":"false","delay_monitoring_point":"false","reporting_stanox":"00000"}},{"header":{"msg_type":"0003","msg_queue_timestamp":"1713111593000","source_system_id":"TRUST","original_data_source":"GPS","user_id":"GPSN04"},"body":{"train_id":"382J76MS14","actual_timestamp":"1713115140000","loc_stanox":"41029","gbtt_timestamp":"1713115080000","planned_timestamp":"1713115170000","planned_event_type":"DEPARTURE","event_type":"DEPARTURE","event_source":"MANUAL","correction_ind":"false","offroute_ind":"false","train_service_code":"22342000","division_code":"71","toc_id":"71","timetable_variation":"0","variation_status":"ON TIME","next_report_stanox":"41031","next_report_run_time":"4","train_terminated":"false","delay_monitoring_point":"false","reporting_stanox":"00000"}},{"header":{"msg_type":"0003","msg_queue_timestamp":"1713111593000","source_system_id":"TRUST","original_data_source":"GPS","user_id":"GPSI07"},"body":{"train_id":"861T60MS14","actual_timestamp":"1713115140000","loc_stanox":"86084","gbtt_timestamp":"1713114960000","planned_timestamp":"1713114960000","planned_event_type":"ARRIVAL","event_type":"ARRIVAL","event_source":"MANUAL","correction_ind":"false","offroute_ind":"false","route":"0","train_service_code":"24631204","division_code":"84","toc_id":"84","timetable_variation":"3","variation_status":"LATE","next_report_stanox":"86083","next_report_run_time":"1","train_terminated":"false","delay_monitoring_point":"false","reporting_stanox":"00000"}},{"header":{"msg_type":"0003","msg_queue_timestamp":"1713111593000","source_system_id":"TRUST","original_data_source":"GPS","user_id":"GPSI06"},"body":{"train_id":"852F86MU14","actual_timestamp":"1713115140000","loc_stanox":"85513","gbtt_timestamp":"1713115080000","planned_timestamp":"1713115080000","planned_event_type":"DEPARTURE","event_type":"DEPARTURE","event_source":"MANUAL","correction_ind":"false","offroute_ind":"false","train_service_code":"25478001","division_code":"25","toc_id":"25","timetable_variation":"1","variation_status":"LATE","next_report_stanox":"85515","next_report_run_time":"2","train_terminated":"false","delay_monitoring_point":"false","reporting_stanox":"00000"}},{"header":{"msg_type":"0003","msg_queue_timestamp":"1713111593000","source_system_id":"TRUST","original_data_source":"GPS","user_id":"GPSN01"},"body":{"train_id":"342B19MT14","actual_timestamp":"1713115140000","loc_stanox":"32544","gbtt_timestamp":"1713115200000","planned_timestamp":"1713115200000","planned_event_type":"ARRIVAL","event_type":"ARRIVAL","event_source":"MANUAL","correction_ind":"false","offroute_ind":"false","route":"0","train_service_code":"12228820","division_code":"23","toc_id":"23","timetable_variation":"1","variation_status":"EARLY","next_report_stanox":"32543","next_report_run_time":"1","train_terminated":"false","delay_monitoring_point":"false","reporting_stanox":"00000"}},{"header":{"msg_type":"0003","msg_queue_timestamp":"1713111593000","source_system_id":"TRUST","original_data_source":"GPS","user_id":"GPSI06"},"body":{"train_id":"761P69MR14","actual_timestamp":"1713115140000","loc_stanox":"74451","gbtt_timestamp":"1713115080000","planned_timestamp":"1713115140000","planned_event_type":"DEPARTURE","event_type":"DEPARTURE","event_source":"MANUAL","correction_ind":"false","offroute_ind":"false","train_service_code":"25392003","division_code":"25","toc_id":"25","timetable_variation":"0","variation_status":"ON TIME","next_report_stanox":"74449","next_report_run_time":"5","train_terminated":"false","delay_monitoring_point":"false","reporting_stanox":"00000"}},{"header":{"msg_type":"0003","msg_queue_timestamp":"1713111593000","source_system_id":"TRUST","original_data_source":"GPS","user_id":"GPSN04"},"body":{"train_id":"792A18MR14","actual_timestamp":"1713115140000","loc_stanox":"78216","gbtt_timestamp":"1713114840000","planned_timestamp":"1713114840000","planned_event_type":"DEPARTURE","event_type":"DEPARTURE","event_source":"MANUAL","correction_ind":"false","offroute_ind":"false","train_service_code":"25439000","division_code":"71","toc_id":"71","timetable_variation":"5","variation_status":"LATE","next_report_stanox":"78215","next_report_run_time":"2","train_terminated":"false","delay_monitoring_point":"true","reporting_stanox":"78216","auto_expected":"true"}},{"header":{"msg_type":"0003","msg_queue_timestamp":"1713111593000","source_system_id":"TRUST","original_data_source":"GPS","user_id":"GPSN04"},"body":{"train_id":"642I22MR14","actual_timestamp":"1713115140000","loc_stanox":"64402","gbtt_timestamp":"1713115020000","planned_timestamp":"1713115110000","planned_event_type":"DEPARTURE","event_type":"DEPARTURE","event_source":"MANUAL","correction_ind":"false","offroute_ind":"false","train_service_code":"22335000","division_code":"71","toc_id":"71","timetable_variation":"1","variation_status":"LATE","next_report_stanox":"64411","next_report_run_time":"6","train_terminated":"false","delay_monitoring_point":"false","reporting_stanox":"00000"}},{"header":{"msg_type":"0003","msg_queue_timestamp":"1713111593000","source_system_id":"TRUST","original_data_source":"GPS","user_id":"GPSN01"},"body":{"train_id":"442P29MS14","actual_timestamp":"1713115140000","loc_stanox":"25824","gbtt_timestamp":"1713115200000","planned_timestamp":"1713115200000","planned_event_type":"ARRIVAL","event_type":"ARRIVAL","event_source":"MANUAL","correction_ind":"false","offroute_ind":"false","route":"0","train_service_code":"11804920","division_code":"23","toc_id":"23","timetable_variation":"1","variation_status":"EARLY","next_report_stanox":"25804","next_report_run_time":"2","train_terminated":"false","delay_monitoring_point":"false","reporting_stanox":"00000","auto_expected":"true"}},{"header":{"msg_type":"0003","msg_queue_timestamp":"1713111593000","source_system_id":"TRUST","original_data_source":"GPS","user_id":"GPSN01"},"body":{"train_id":"322B16MT14","actual_timestamp":"1713115140000","loc_stanox":"32543","gbtt_timestamp":"1713115140000","planned_timestamp":"1713115110000","planned_event_type":"ARRIVAL","event_type":"ARRIVAL","event_source":"MANUAL","correction_ind":"false","offroute_ind":"false","route":"0","train_service_code":"12228820","division_code":"23","toc_id":"23","timetable_variation":"1","variation_status":"LATE","next_report_stanox":"32544","next_report_run_time":"1","train_terminated":"false","delay_monitoring_point":"false","reporting_stanox":"00000"}},{"header":{"msg_type":"0003","msg_queue_timestamp":"1713111593000","source_system_id":"TRUST","original_data_source":"GPS","user_id":"GPSN01"},"body":{"train_id":"312N59MT14","actual_timestamp":"1713115140000","loc_stanox":"29175","gbtt_timestamp":"1713115140000","planned_timestamp":"1713115170000","planned_event_type":"DEPARTURE","event_type":"DEPARTURE","event_source":"MANUAL","correction_ind":"false","offroute_ind":"false","train_service_code":"12349820","division_code":"23","toc_id":"23","timetable_variation":"0","variation_status":"ON TIME","next_report_stanox":"29173","next_report_run_time":"6","train_terminated":"false","delay_monitoring_point":"false","reporting_stanox":"00000"}},{"header":{"msg_type":"0003","msg_queue_timestamp":"1713111593000","source_system_id":"TRUST","original_data_source":"SMART"},"body":{"train_id":"362A98MS14","actual_timestamp":"1713115140000","loc_stanox":"33102","planned_timestamp":"1713115350000","planned_event_type":"DEPARTURE","event_type":"DEPARTURE","event_source":"AUTOMATIC","correction_ind":"false","offroute_ind":"false","direction_ind":"UP","route":"1","train_service_code":"12298820","division_code":"23","toc_id":"23","timetable_variation":"3","variation_status":"EARLY","next_report_stanox":"33088","next_report_run_time":"1","train_terminated":"false","delay_monitoring_point":"false","reporting_stanox":"00000","auto_expected":"true"}},{"header":{"msg_type":"0003","msg_queue_timestamp":"1713111593000","source_system_id":"TRUST","original_data_source":"SMART"},"body":{"train_id":"361B86MS14","actual_timestamp":"1713115140000","loc_stanox":"32009","planned_timestamp":"1713115200000","planned_event_type":"DEPARTURE","event_type":"DEPARTURE","event_source":"AUTOMATIC","correction_ind":"false","offroute_ind":"false","direction_ind":"UP","line_ind":"S","route":"1","train_service_code":"11817020","division_code":"20","toc_id":"20","timetable_variation":"1","variation_status":"EARLY","next_report_stanox":"32515","next_report_run_time":"2","train_terminated":"false","delay_monitoring_point":"false","reporting_stanox":"00000","auto_expected":"true"}},{"header":{"msg_type":"0003","msg_queue_timestamp":"1713111594000","source_system_id":"TRUST","original_data_source":"SMART"},"body":{"train_id":"881D18MT14","actual_timestamp":"1713115140000","loc_stanox":"88462","gbtt_timestamp":"1713115020000","planned_timestamp":"1713115020000","planned_event_type":"DEPARTURE","event_type":"DEPARTURE","event_source":"AUTOMATIC","correction_ind":"false","offroute_ind":"false","direction_ind":"UP","platform":" 1","route":"1","train_service_code":"24657005","division_code":"80","toc_id":"80","timetable_variation":"2","variation_status":"LATE","next_report_stanox":"88461","next_report_run_time":"2","train_terminated":"false","delay_monitoring_point":"false","reporting_stanox":"00000","auto_expected":"true"}},{"header":{"msg_type":"0003","msg_queue_timestamp":"1713111594000","source_system_id":"TRUST","original_data_source":"SMART"},"body":{"train_id":"092N16MR14","actual_timestamp":"1713115080000","loc_stanox":"13515","gbtt_timestamp":"1713115020000","planned_timestamp":"1713115050000","planned_event_type":"DEPARTURE","event_type":"DEPARTURE","event_source":"AUTOMATIC","correction_ind":"false","offroute_ind":"false","direction_ind":"UP","line_ind":"C","platform":" 1","route":"1","train_service_code":"21793000","division_code":"23","toc_id":"23","timetable_variation":"1","variation_status":"LATE","next_report_stanox":"13526","next_report_run_time":"4","train_terminated":"false","delay_monitoring_point":"true","reporting_stanox":"13515","auto_expected":"true"}},{"header":{"msg_type":"0003","msg_queue_timestamp":"1713111594000","source_system_id":"TRUST","original_data_source":"SMART"},"body":{"train_id":"021E19MJ14","actual_timestamp":"1713115140000","loc_stanox":"23421","planned_timestamp":"1713115140000","planned_event_type":"DEPARTURE","event_type":"DEPARTURE","event_source":"AUTOMATIC","correction_ind":"false","offroute_ind":"false","direction_ind":"UP","line_ind":"F","route":"1","train_service_code":"21701001","division_code":"61","toc_id":"61","timetable_variation":"0","variation_status":"ON TIME","next_report_stanox":"23480","next_report_run_time":"2","train_terminated":"false","delay_monitoring_point":"true","reporting_stanox":"23421","auto_expected":"true"}},{"header":{"msg_type":"0003","msg_queue_timestamp":"1713111594000","source_system_id":"TRUST","original_data_source":"SMART"},"body":{"train_id":"652R35MU14","actual_timestamp":"1713115140000","loc_stanox":"65601","gbtt_timestamp":"1713115080000","planned_timestamp":"1713115110000","planned_event_type":"DEPARTURE","event_type":"DEPARTURE","event_source":"AUTOMATIC","correction_ind":"false","offroute_ind":"false","direction_ind":"UP","platform":" 2","route":"2","train_service_code":"22272000","division_code":"29","toc_id":"29","timetable_variation":"1","variation_status":"LATE","next_report_stanox":"65603","next_report_run_time":"3","train_terminated":"false","delay_monitoring_point":"true","reporting_stanox":"65601","auto_expected":"true"}},{"header":{"msg_type":"0003","msg_queue_timestamp":"1713111594000","source_system_id":"TRUST","original_data_source":"SMART"},"body":{"train_id":"191A95MS14","actual_timestamp":"1713115140000","loc_stanox":"23221","planned_timestamp":"1713115230000","planned_event_type":"DEPARTURE","event_type":"DEPARTURE","event_source":"AUTOMATIC","correction_ind":"false","offroute_ind":"false","direction_ind":"UP","line_ind":"M","route":"2","train_service_code":"21750001","division_code":"55","toc_id":"55","timetable_variation":"1","variation_status":"EARLY","next_report_stanox":"23421","next_report_run_time":"4","train_terminated":"false","delay_monitoring_point":"true","reporting_stanox":"23221","auto_expected":"true"}},{"header":{"msg_type":"0003","msg_queue_timestamp":"1713111594000","source_system_id":"TRUST","original_data_source":"SMART"},"body":{"train_id":"739W88MU14","actual_timestamp":"1713115140000","loc_stanox":"52085","gbtt_timestamp":"1713115200000","planned_timestamp":"1713115200000","planned_event_type":"ARRIVAL","event_type":"ARRIVAL","event_source":"AUTOMATIC","correction_ind":"false","offroute_ind":"false","direction_ind":"UP","route":"0","train_service_code":"21381202","division_code":"33","toc_id":"33","timetable_variation":"1","variation_status":"EARLY","next_report_stanox":"52206","next_report_run_time":"1","train_terminated":"false","delay_monitoring_point":"false","reporting_stanox":"00000","auto_expected":"true"}},{"header":{"msg_type":"0003","msg_queue_timestamp":"1713111594000","source_system_id":"TRUST","original_data_source":"SMART"},"body":{"train_id":"739U89MS14","actual_timestamp":"1713115140000","loc_stanox":"63636","gbtt_timestamp":"1713115140000","planned_timestamp":"1713115170000","planned_event_type":"DEPARTURE","event_type":"DEPARTURE","event_source":"AUTOMATIC","correction_ind":"false","offroute_ind":"false","direction_ind":"UP","route":"1","train_service_code":"21382001","division_code":"33","toc_id":"33","timetable_variation":"0","variation_status":"ON TIME","next_report_stanox":"52745","next_report_run_time":"2","train_terminated":"false","delay_monitoring_point":"false","reporting_stanox":"00000","auto_expected":"true"}},{"header":{"msg_type":"0003","msg_queue_timestamp":"1713111594000","source_system_id":"TRUST","original_data_source":"SMART"},"body":{"train_id":"522Y82MT14","actual_timestamp":"1713115200000","loc_stanox":"72273","planned_timestamp":"1713114960000","planned_event_type":"DEPARTURE","event_type":"DEPARTURE","event_source":"AUTOMATIC","correction_ind":"false","offroute_ind":"false","direction_ind":"DOWN","route":"2","train_service_code":"22214000","division_code":"30","toc_id":"30","timetable_variation":"4","variation_status":"LATE","next_report_stanox":"72275","next_report_run_time":"1","train_terminated":"false","delay_monitoring_point":"false","reporting_stanox":"00000","auto_expected":"true"}}]