[{"header":{"msg_type":"0003","msg_queue_timestamp":"1713559708000","source_system_id":"TRUST","original_data_source":"SMART"},"body":{"train_id":"492R33M719","actual_timestamp":"1713563280000","loc_stanox":"49225","planned_timestamp":"1713563400000","planned_event_type":"DEPARTURE","event_type":"DEPARTURE","event_source":"AUTOMATIC","correction_ind":"false","offroute_ind":"false","direction_ind":"UP","line_ind":"U","route":"1","train_service_code":"21893002","division_code":"21","toc_id":"21","timetable_variation":"2","variation_status":"EARLY","next_report_stanox":"49193","next_report_run_time":"1","train_terminated":"false","delay_monitoring_point":"false","reporting_stanox":"00000","auto_expected":"true"}},{"header":{"msg_type":"0003","msg_queue_timestamp":"1713559709000","source_system_id":"TRUST","original_data_source":"SMART"},"body":{"train_id":"522F30M719","actual_timestamp":"1713563280000","loc_stanox":"50423","planned_timestamp":"1713563310000","planned_event_type":"ARRIVAL","event_type":"ARRIVAL","event_source":"AUTOMATIC","correction_ind":"false","offroute_ind":"false","route":"0","train_service_code":"21939001","division_code":"21","toc_id":"21","timetable_variation":"0","variation_status":"ON TIME","next_report_stanox":"50401","next_report_run_time":"1","train_terminated":"false","delay_monitoring_point":"true","reporting_stanox":"50423","auto_expected":"true"}},{"header":{"msg_type":"0003","msg_queue_timestamp":"1713559709000","source_system_id":"TRUST","original_data_source":"SMART"},"body":{"train_id":"652W64M719","actual_timestamp":"1713563220000","loc_stanox":"65669","gbtt_timestamp":"1713563280000","planned_timestamp":"1713563280000","planned_event_type":"DEPARTURE","event_type":"DEPARTURE","event_source":"AUTOMATIC","correction_ind":"false","offroute_ind":"false","direction_ind":"UP","platform":" 1","route":"1","train_service_code":"12263310","division_code":"29","toc_id":"29","timetable_variation":"1","variation_status":"EARLY","next_report_stanox":"65667","next_report_run_time":"1","train_terminated":"false","delay_monitoring_point":"false","reporting_stanox":"00000","auto_expected":"true"}},{"header":{"msg_type":"0003","msg_queue_timestamp":"1713559709000","source_system_id":"TRUST","original_data_source":"SMART"},"body":{"train_id":"262D27MZ19","actual_timestamp":"1713563280000","loc_stanox":"55120","planned_timestamp":"1713563160000","planned_event_type":"DEPARTURE","event_type":"DEPARTURE","event_source":"AUTOMATIC","correction_ind":"false","offroute_ind":"false","direction_ind":"UP","line_ind":"M","route":"1","train_service_code":"12325021","division_code":"28","toc_id":"28","timetable_variation":"2","variation_status":"LATE","next_report_stanox":"55221","next_report_run_time":"2","train_terminated":"false","delay_monitoring_point":"true","reporting_stanox":"55120","auto_expected":"true"}},{"header":{"msg_type":"0003","msg_queue_timestamp":"1713559710000","source_system_id":"TRUST","original_data_source":"SMART"},"body":{"train_id":"541T66M719","actual_timestamp":"1713563340000","loc_stanox":"54001","planned_timestamp":"1713563370000","planned_event_type":"ARRIVAL","event_type":"ARRIVAL","event_source":"AUTOMATIC","correction_ind":"false","offroute_ind":"false","route":"0","train_service_code":"21725000","division_code":"88","toc_id":"88","timetable_variation":"0","variation_status":"ON TIME","next_report_stanox":"53401","next_report_run_time":"1","train_terminated":"false","delay_monitoring_point":"true","reporting_stanox":"54001","auto_expected":"true"}},{"header":{"msg_type":"0003","msg_queue_timestamp":"1713559710000","source_system_id":"TRUST","original_data_source":"SMART"},"body":{"train_id":"791L36MZ19","actual_timestamp":"1713563340000","loc_stanox":"81118","planned_timestamp":"1713563250000","planned_event_type":"ARRIVAL","event_type":"ARRIVAL","event_source":"AUTOMATIC","correction_ind":"false","offroute_ind":"false","route":"0","train_service_code":"25375002","division_code":"25","toc_id":"25","timetable_variation":"2","variation_status":"LATE","next_report_stanox":"81116","next_report_run_time":"1","train_terminated":"false","delay_monitoring_point":"true","reporting_stanox":"81118","auto_expected":"true"}},{"header":{"msg_type":"0003","msg_queue_timestamp":"1713559710000","source_system_id":"TRUST","original_data_source":"SDR","user_id":"#QGE7066","source_dev_id":"VDFB"},"body":{"train_id":"136D67CY19","actual_timestamp":"1713563280000","loc_stanox":"16591","planned_timestamp":"1713562710000","planned_event_type":"DEPARTURE","event_type":"DEPARTURE","event_source":"MANUAL","correction_ind":"false","offroute_ind":"false","train_service_code":"54761000","division_code":"54","toc_id":"54","timetable_variation":"10","variation_status":"LATE","next_report_stanox":"16514","next_report_run_time":"5","train_terminated":"false","delay_monitoring_point":"true","train_file_address":"MDZ","reporting_stanox":"16591","auto_expected":"true"}},{"header":{"msg_type":"0003","msg_queue_timestamp":"1713559710000","source_system_id":"TRUST","original_data_source":"SMART"},"body":{"train_id":"892W74M719","actual_timestamp":"1713563220000","loc_stanox":"89326","gbtt_timestamp":"1713563280000","planned_timestamp":"1713563310000","planned_event_type":"DEPARTURE","event_type":"DEPARTURE","event_source":"AUTOMATIC","correction_ind":"false","offroute_ind":"false","direction_ind":"UP","platform":" 1","route":"1","train_service_code":"24605004","division_code":"80","toc_id":"80","timetable_variation":"1","variation_status":"EARLY","next_report_stanox":"89328","next_report_run_time":"4","train_terminated":"false","delay_monitoring_point":"false","reporting_stanox":"00000","auto_expected":"true"}},{"header":{"msg_type":"0003","msg_queue_timestamp":"1713559710000","source_system_id":"TRUST","original_data_source":"SMART"},"body":{"train_id":"872N65M719","actual_timestamp":"1713563340000","loc_stanox":"87041","gbtt_timestamp":"1713563340000","planned_timestamp":"1713563340000","planned_event_type":"ARRIVAL","event_type":"ARRIVAL","event_source":"AUTOMATIC","correction_ind":"false","offroute_ind":"false","direction_ind":"DOWN","platform":" 2","route":"0","train_service_code":"24672404","division_code":"84","toc_id":"84","timetable_variation":"0","variation_status":"ON TIME","next_report_stanox":"87037","next_report_run_time":"1","train_terminated":"false","delay_monitoring_point":"true","reporting_stanox":"87041","auto_expected":"true"}},{"header":{"msg_type":"0003","msg_queue_timestamp":"1713559710000","source_system_id":"TRUST","original_data_source":"SMART"},"body":{"train_id":"722K65M719","actual_timestamp":"1713563280000","loc_stanox":"71040","gbtt_timestamp":"1713563040000","planned_timestamp":"1713563040000","planned_event_type":"DEPARTURE","event_type":"DEPARTURE","event_source":"AUTOMATIC","correction_ind":"false","offroute_ind":"false","direction_ind":"DOWN","line_ind":"S","route":"2","train_service_code":"22209000","division_code":"29","toc_id":"29","timetable_variation":"4","variation_status":"LATE","next_report_stanox":"71011","next_report_run_time":"7","train_terminated":"false","delay_monitoring_point":"true","reporting_stanox":"71040","auto_expected":"true"}},{"header":{"msg_type":"0003","msg_queue_timestamp":"1713559710000","source_system_id":"TRUST","original_data_source":"SMART"},"body":{"train_id":"529C64M719","actual_timestamp":"1713563220000","loc_stanox":"87629","gbtt_timestamp":"1713563220000","planned_timestamp":"1713563250000","planned_event_type":"DEPARTURE","event_type":"DEPARTURE","event_source":"AUTOMATIC","correction_ind":"false","offroute_ind":"false","direction_ind":"DOWN","line_ind":"S","platform":" 2","route":"2","train_service_code":"22215003","division_code":"30","toc_id":"30","timetable_variation":"0","variation_status":"ON TIME","next_report_stanox":"87628","next_report_run_time":"2","train_terminated":"false","delay_monitoring_point":"false","reporting_stanox":"00000","auto_expected":"true"}},{"header":{"msg_type":"0003","msg_queue_timestamp":"1713559710000","source_system_id":"TRUST","original_data_source":"SMART"},"body":{"train_id":"882V36M719","actual_timestamp":"1713563160000","loc_stanox":"88327","gbtt_timestamp":"1713563220000","planned_timestamp":"1713563220000","planned_event_type":"DEPARTURE","event_type":"DEPARTURE","event_source":"AUTOMATIC","correction_ind":"false","offroute_ind":"false","direction_ind":"DOWN","line_ind":"D","platform":" 2","route":"2","train_service_code":"24653005","division_code":"80","toc_id":"80","timetable_variation":"1","variation_status":"EARLY","next_report_stanox":"88329","next_report_run_time":"4","train_terminated":"false","delay_monitoring_point":"false","reporting_stanox":"00000","auto_expected":"true"}},{"header":{"msg_type":"0003","msg_queue_timestamp":"1713559710000","source_system_id":"TRUST","original_data_source":"SMART"},"body":{"train_id":"882V36M719","actual_timestamp":"1713563340000","loc_stanox":"88329","gbtt_timestamp":"1713563460000","planned_timestamp":"1713563460000","planned_event_type":"DESTINATION","event_type":"ARRIVAL","event_source":"AUTOMATIC","correction_ind":"false","offroute_ind":"false","direction_ind":"DOWN","platform":" 1","route":"0","train_service_code":"24653005","division_code":"80","toc_id":"80","timetable_variation":"2","variation_status":"EARLY","train_terminated":"true","delay_monitoring_point":"true","reporting_stanox":"88329","auto_expected":"true"}},{"header":{"msg_type":"0003","msg_queue_timestamp":"1713559710000","source_system_id":"TRUST","original_data_source":"SMART"},"body":{"train_id":"736O76CY19","actual_timestamp":"1713563280000","loc_stanox":"88451","planned_timestamp":"1713563280000","planned_event_type":"DEPARTURE","event_type":"DEPARTURE","event_source":"AUTOMATIC","correction_ind":"false","offroute_ind":"false","direction_ind":"DOWN","line_ind":"S","platform":" 4","route":"1","train_service_code":"51464580","division_code":"54","toc_id":"54","timetable_variation":"0","variation_status":"ON TIME","next_report_stanox":"88481","next_report_run_time":"6","train_terminated":"false","delay_monitoring_point":"true","train_file_address":"MJV","reporting_stanox":"88451","auto_expected":"true"}},{"header":{"msg_type":"0003","msg_queue_timestamp":"1713559710000","source_system_id":"TRUST","original_data_source":"SMART"},"body":{"train_id":"892F70M719","actual_timestamp":"1713563280000","loc_stanox":"88412","planned_timestamp":"1713563310000","planned_event_type":"DEPARTURE","event_type":"DEPARTURE","event_source":"AUTOMATIC","correction_ind":"false","offroute_ind":"false","direction_ind":"DOWN","route":"1","train_service_code":"24655005","division_code":"80","toc_id":"80","timetable_variation":"0","variation_status":"ON TIME","next_report_stanox":"87601","next_report_run_time":"3","train_terminated":"false","delay_monitoring_point":"false","reporting_stanox":"00000","auto_expected":"true"}},{"header":{"msg_type":"0003","msg_queue_timestamp":"1713559710000","source_system_id":"TRUST","original_data_source":"SMART"},"body":{"train_id":"882H22M719","actual_timestamp":"1713563280000","loc_stanox":"88402","gbtt_timestamp":"1713563340000","planned_timestamp":"1713563310000","planned_event_type":"ARRIVAL","event_type":"ARRIVAL","event_source":"AUTOMATIC","correction_ind":"false","offroute_ind":"false","direction_ind":"DOWN","platform":"C","route":"0","train_service_code":"24602004","division_code":"80","toc_id":"80","timetable_variation":"0","variation_status":"ON TIME","next_report_stanox":"88386","next_report_run_time":"1","train_terminated":"false","delay_monitoring_point":"false","reporting_stanox":"00000","auto_expected":"true"}},{"header":{"msg_type":"0003","msg_queue_timestamp":"1713559710000","source_system_id":"TRUST","original_data_source":"SMART"},"body":{"train_id":"872I64M719","actual_timestamp":"1713563280000","loc_stanox":"87219","gbtt_timestamp":"1713563280000","planned_timestamp":"1713563310000","planned_event_type":"DEPARTURE","event_type":"DEPARTURE","event_source":"AUTOMATIC","correction_ind":"false","offroute_ind":"false","direction_ind":"DOWN","line_ind":"S","platform":"15","route":"1","train_service_code":"24785000","division_code":"88","toc_id":"88","timetable_variation":"0","variation_status":"ON TIME","next_report_stanox":"87222","next_report_run_time":"4","train_terminated":"false","delay_monitoring_point":"true","reporting_stanox":"87219","auto_expected":"true"}}]