[{"header":{"msg_type":"0003","msg_queue_timestamp":"1713113601000","source_system_id":"TRUST","original_data_source":"SMART"},"body":{"train_id":"642G20MV14","actual_timestamp":"1713117120000","loc_stanox":"64813","gbtt_timestamp":"1713117180000","planned_timestamp":"1713117210000","planned_event_type":"DEPARTURE","event_type":"DEPARTURE","event_source":"AUTOMATIC","correction_ind":"false","offroute_ind":"false","direction_ind":"UP","platform":" 1","route":"2","train_service_code":"22266000","division_code":"29","toc_id":"29","timetable_variation":"1","variation_status":"EARLY","next_report_stanox":"64822","next_report_run_time":"5","train_terminated":"false","delay_monitoring_point":"true","reporting_stanox":"64813","auto_expected":"true"}},{"header":{"msg_type":"0003","msg_queue_timestamp":"1713113601000","source_system_id":"TRUST","original_data_source":"SMART"},"body":{"train_id":"072J12MV14","actual_timestamp":"1713117180000","loc_stanox":"07229","gbtt_timestamp":"1713117240000","planned_timestamp":"1713117240000","planned_event_type":"ARRIVAL","event_type":"ARRIVAL","event_source":"AUTOMATIC","correction_ind":"false","offroute_ind":"false","direction_ind":"UP","platform":" 1","route":"0","train_service_code":"13567015","division_code":"60","toc_id":"60","timetable_variation":"1","variation_status":"EARLY","next_report_stanox":"07228","next_report_run_time":"1","train_terminated":"false","delay_monitoring_point":"false","reporting_stanox":"00000","auto_expected":"true"}},{"header":{"msg_type":"0003","msg_queue_timestamp":"1713113601000","source_system_id":"TRUST","original_data_source":"SMART"},"body":{"train_id":"872H51MV14","actual_timestamp":"1713117120000","loc_stanox":"87214","gbtt_timestamp":"1713117120000","planned_timestamp":"1713117120000","planned_event_type":"DEPARTURE","event_type":"DEPARTURE","event_source":"AUTOMATIC","correction_ind":"false","offroute_ind":"false","direction_ind":"DOWN","platform":" 8","route":"1","train_service_code":"24673105","division_code":"84","toc_id":"84","timetable_variation":"0","variation_status":"ON TIME","next_report_stanox":"87219","next_report_run_time":"4","train_terminated":"false","delay_monitoring_point":"true","reporting_stanox":"87214","auto_expected":"true"}},{"header":{"msg_type":"0003","msg_queue_timestamp":"1713113601000","source_system_id":"TRUST","original_data_source":"SMART"},"body":{"train_id":"861S54MT14","actual_timestamp":"1713117240000","loc_stanox":"87153","gbtt_timestamp":"1713117300000","planned_timestamp":"1713117270000","planned_event_type":"ARRIVAL","event_type":"ARRIVAL","event_source":"AUTOMATIC","correction_ind":"false","offroute_ind":"false","direction_ind":"UP","line_ind":"F","platform":" 3","route":"0","train_service_code":"24671205","division_code":"84","toc_id":"84","timetable_variation":"0","variation_status":"ON TIME","next_report_stanox":"87219","next_report_run_time":"1","train_terminated":"false","delay_monitoring_point":"false","reporting_stanox":"00000","auto_expected":"true"}},{"header":{"msg_type":"0003","msg_queue_timestamp":"1713113601000","source_system_id":"TRUST","original_data_source":"SMART"},"body":{"train_id":"871W55MV14","actual_timestamp":"1713117180000","loc_stanox":"87177","planned_timestamp":"1713117420000","planned_event_type":"DEPARTURE","event_type":"DEPARTURE","event_source":"AUTOMATIC","correction_ind":"false","offroute_ind":"false","direction_ind":"DOWN","line_ind":"F","route":"1","train_service_code":"24620104","division_code":"84","toc_id":"84","timetable_variation":"4","variation_status":"EARLY","next_report_stanox":"86031","next_report_run_time":"8","train_terminated":"false","delay_monitoring_point":"false","reporting_stanox":"00000","auto_expected":"true"}},{"header":{"msg_type":"0003","msg_queue_timestamp":"1713113602000","source_system_id":"TRUST","original_data_source":"SMART"},"body":{"train_id":"321V63MS14","actual_timestamp":"1713117180000","loc_stanox":"66525","planned_timestamp":"1713117270000","planned_event_type":"DEPARTURE","event_type":"DEPARTURE","event_source":"AUTOMATIC","correction_ind":"false","offroute_ind":"false","direction_ind":"DOWN","platform":" 2","route":"1","train_service_code":"22180014","division_code":"27","toc_id":"27","timetable_variation":"1","variation_status":"EARLY","next_report_stanox":"67003","next_report_run_time":"3","train_terminated":"false","delay_monitoring_point":"true","reporting_stanox":"66525","auto_expected":"true"}},{"header":{"msg_type":"0003","msg_queue_timestamp":"1713113602000","source_system_id":"TRUST","original_data_source":"SMART"},"body":{"train_id":"441B87MT14","actual_timestamp":"1713117180000","loc_stanox":"45002","planned_timestamp":"1713117180000","planned_event_type":"DEPARTURE","event_type":"DEPARTURE","event_source":"AUTOMATIC","correction_ind":"false","offroute_ind":"false","direction_ind":"UP","line_ind":"S","route":"2","train_service_code":"21702001","division_code":"61","toc_id":"61","timetable_variation":"0","variation_status":"ON TIME","next_report_stanox":"45106","next_report_run_time":"8","train_terminated":"false","delay_monitoring_point":"true","reporting_stanox":"45002","auto_expected":"true"}},{"header":{"msg_type":"0003","msg_queue_timestamp":"1713113603000","source_system_id":"TRUST","original_data_source":"SMART"},"body":{"train_id":"685B13MV14","actual_timestamp":"1713117180000","loc_stanox":"68077","gbtt_timestamp":"1713117300000","planned_timestamp":"1713117300000","planned_event_type":"DEPARTURE","event_type":"DEPARTURE","event_source":"AUTOMATIC","correction_ind":"false","offroute_ind":"false","direction_ind":"DOWN","route":"1","train_service_code":"25390003","division_code":"25","toc_id":"25","timetable_variation":"2","variation_status":"EARLY","next_report_stanox":"68076","next_report_run_time":"2","train_terminated":"false","delay_monitoring_point":"false","reporting_stanox":"00000","auto_expected":"true"}},{"header":{"msg_type":"0003","msg_queue_timestamp":"1713113603000","source_system_id":"TRUST","original_data_source":"SMART"},"body":{"train_id":"685B13MV14","actual_timestamp":"1713117240000","loc_stanox":"68076","gbtt_timestamp":"1713117420000","planned_timestamp":"1713117420000","planned_event_type":"DESTINATION","event_type":"ARRIVAL","event_source":"AUTOMATIC","correction_ind":"false","offroute_ind":"false","direction_ind":"DOWN","platform":" 1","route":"0","train_service_code":"25390003","division_code":"25","toc_id":"25","timetable_variation":"3","variation_status":"EARLY","train_terminated":"true","delay_monitoring_point":"true","reporting_stanox":"68076","auto_expected":"true"}},{"header":{"msg_type":"0003","msg_queue_timestamp":"1713113603000","source_system_id":"TRUST","original_data_source":"SMART"},"body":{"train_id":"692D46MV14","actual_timestamp":"1713117180000","loc_stanox":"66438","planned_timestamp":"1713117120000","planned_event_type":"DEPARTURE","event_type":"DEPARTURE","event_source":"AUTOMATIC","correction_ind":"false","offroute_ind":"false","direction_ind":"DOWN","route":"1","train_service_code":"25530004","division_code":"74","toc_id":"74","timetable_variation":"1","variation_status":"LATE","next_report_stanox":"66453","next_report_run_time":"6","train_terminated":"false","delay_monitoring_point":"false","reporting_stanox":"00000","auto_expected":"true"}},{"header":{"msg_type":"0003","msg_queue_timestamp":"1713113603000","source_system_id":"TRUST","original_data_source":"SMART"},"body":{"train_id":"882P57MV14","actual_timestamp":"1713117120000","loc_stanox":"88403","gbtt_timestamp":"1713117180000","planned_timestamp":"1713117180000","planned_event_type":"DEPARTURE","event_type":"DEPARTURE","event_source":"AUTOMATIC","correction_ind":"false","offroute_ind":"false","direction_ind":"DOWN","line_ind":"D","platform":" 2","route":"1","train_service_code":"24659005","division_code":"80","toc_id":"80","timetable_variation":"1","variation_status":"EARLY","next_report_stanox":"88404","next_report_run_time":"2","train_terminated":"false","delay_monitoring_point":"true","reporting_stanox":"88403","auto_expected":"true"}},{"header":{"msg_type":"0003","msg_queue_timestamp":"1713113603000","source_system_id":"TRUST","original_data_source":"SMART"},"body":{"train_id":"881Y501T14","actual_timestamp":"1713117120000","loc_stanox":"88317","planned_timestamp":"1713117090000","planned_event_type":"DEPARTURE","event_type":"DEPARTURE","event_source":"AUTOMATIC","correction_ind":"false","offroute_ind":"false","direction_ind":"UP","platform":" 1","route":"2","train_service_code":"24602004","division_code":"80","toc_id":"80","timetable_variation":"1","variation_status":"LATE","next_report_stanox":"88310","next_report_run_time":"6","train_terminated":"false","delay_monitoring_point":"true","reporting_stanox":"88317","auto_expected":"true"}},{"header":{"msg_type":"0003","msg_queue_timestamp":"1713113603000","source_system_id":"TRUST","original_data_source":"SMART"},"body":{"train_id":"881Y421U14","actual_timestamp":"1713117180000","loc_stanox":"88317","planned_timestamp":"1713117360000","planned_event_type":"DEPARTURE","event_type":"DEPARTURE","event_source":"AUTOMATIC","correction_ind":"false","offroute_ind":"false","direction_ind":"UP","platform":" 1","route":"3","train_service_code":"24602004","division_code":"80","toc_id":"80","timetable_variation":"3","variation_status":"EARLY","next_report_stanox":"88315","next_report_run_time":"2","train_terminated":"false","delay_monitoring_point":"true","reporting_stanox":"88317","auto_expected":"true"}},{"header":{"msg_type":"0003","msg_queue_timestamp":"1713113603000","source_system_id":"TRUST","original_data_source":"SMART"},"body":{"train_id":"731Y71MU14","actual_timestamp":"1713117180000","loc_stanox":"73106","planned_timestamp":"1713116730000","planned_event_type":"DEPARTURE","event_type":"DEPARTURE","event_source":"AUTOMATIC","correction_ind":"false","offroute_ind":"false","direction_ind":"UP","route":"1","train_service_code":"25905000","division_code":"86","toc_id":"86","timetable_variation":"8","variation_status":"LATE","next_report_stanox":"73108","next_report_run_time":"2","train_terminated":"false","delay_monitoring_point":"true","reporting_stanox":"73106","auto_expected":"true"}},{"header":{"msg_type":"0003","msg_queue_timestamp":"1713113603000","source_system_id":"TRUST","original_data_source":"SMART"},"body":{"train_id":"321O22MO14","actual_timestamp":"1713117240000","loc_stanox":"74250","planned_timestamp":"1713117210000","planned_event_type":"ARRIVAL","event_type":"ARRIVAL","event_source":"AUTOMATIC","correction_ind":"false","offroute_ind":"false","route":"0","train_service_code":"22180014","division_code":"27","toc_id":"27","timetable_variation":"1","variation_status":"LATE","next_report_stanox":"74265","next_report_run_time":"1","train_terminated":"false","delay_monitoring_point":"false","reporting_stanox":"00000","auto_expected":"true"}},{"header":{"msg_type":"0003","msg_queue_timestamp":"1713113604000","source_system_id":"TRUST","original_data_source":"SMART"},"body":{"train_id":"872L36MV14","actual_timestamp":"1713117120000","loc_stanox":"72245","gbtt_timestamp":"1713116880000","planned_timestamp":"1713116910000","planned_event_type":"DEPARTURE","event_type":"DEPARTURE","event_source":"AUTOMATIC","correction_ind":"false","offroute_ind":"false","direction_ind":"DOWN","platform":" 2","route":"1","train_service_code":"22204000","division_code":"30","toc_id":"30","timetable_variation":"4","variation_status":"LATE","next_report_stanox":"72243","next_report_run_time":"2","train_terminated":"false","delay_monitoring_point":"false","reporting_stanox":"00000","auto_expected":"true"}},{"header":{"msg_type":"0003","msg_queue_timestamp":"1713113604000","source_system_id":"TRUST","original_data_source":"SDR","user_id":"#QGE7136","source_dev_id":"VJAU"},"body":{"train_id":"651L48MS14","actual_timestamp":"1713117120000","loc_stanox":"45006","planned_timestamp":"1713117090000","planned_event_type":"DEPARTURE","event_type":"DEPARTURE","event_source":"MANUAL","correction_ind":"false","offroute_ind":"false","train_service_code":"22268000","division_code":"27","toc_id":"27","timetable_variation":"1","variation_status":"LATE","next_report_stanox":"45008","next_report_run_time":"4","train_terminated":"false","delay_monitoring_point":"false","reporting_stanox":"00000"}},{"header":{"msg_type":"0003","msg_queue_timestamp":"1713113604000","source_system_id":"TRUST","original_data_source":"SMART"},"body":{"train_id":"872L36MV14","actual_timestamp":"1713117240000","loc_stanox":"72243","gbtt_timestamp":"1713117060000","planned_timestamp":"1713117030000","planned_event_type":"ARRIVAL","event_type":"ARRIVAL","event_source":"AUTOMATIC","correction_ind":"false","offroute_ind":"false","direction_ind":"DOWN","platform":" 4","route":"0","train_service_code":"22204000","division_code":"30","toc_id":"30","timetable_variation":"4","variation_status":"LATE","next_report_stanox":"72241","next_report_run_time":"1","train_terminated":"false","delay_monitoring_point":"false","reporting_stanox":"00000","auto_expected":"true"}},{"header":{"msg_type":"0003","msg_queue_timestamp":"1713113604000","source_system_id":"TRUST","original_data_source":"SMART"},"body":{"train_id":"362F47MV14","actual_timestamp":"1713117240000","loc_stanox":"36076","gbtt_timestamp":"1713117240000","planned_timestamp":"1713117210000","planned_event_type":"ARRIVAL","event_type":"ARRIVAL","event_source":"AUTOMATIC","correction_ind":"false","offroute_ind":"false","direction_ind":"UP","platform":" 1","route":"0","train_service_code":"12303012","division_code":"64","toc_id":"64","timetable_variation":"1","variation_status":"LATE","next_report_stanox":"36078","next_report_run_time":"1","train_terminated":"false","delay_monitoring_point":"true","reporting_stanox":"36076","auto_expected":"true"}},{"header":{"msg_type":"0003","msg_queue_timestamp":"1713113604000","source_system_id":"TRUST","original_data_source":"SMART"},"body":{"train_id":"382N47MV14","actual_timestamp":"1713117120000","loc_stanox":"38010","gbtt_timestamp":"1713117180000","planned_timestamp":"1713117180000","planned_event_type":"DEPARTURE","event_type":"DEPARTURE","event_source":"AUTOMATIC","correction_ind":"false","offroute_ind":"false","direction_ind":"UP","platform":" 1","route":"1","train_service_code":"12305012","division_code":"64","toc_id":"64","timetable_variation":"1","variation_status":"EARLY","next_report_stanox":"38018","next_report_run_time":"4","train_terminated":"false","delay_monitoring_point":"true","reporting_stanox":"38010","auto_expected":"true"}},{"header":{"msg_type":"0003","msg_queue_timestamp":"1713113604000","source_system_id":"TRUST","original_data_source":"SMART"},"body":{"train_id":"309M47MP14","actual_timestamp":"1713117180000","loc_stanox":"37011","planned_timestamp":"1713117210000","planned_event_type":"DEPARTURE","event_type":"DEPARTURE","event_source":"AUTOMATIC","correction_ind":"false","offroute_ind":"false","direction_ind":"UP","line_ind":"F","platform":" 1","route":"2","train_service_code":"22114001","division_code":"65","toc_id":"65","timetable_variation":"0","variation_status":"ON TIME","next_report_stanox":"42128","next_report_run_time":"5","train_terminated":"false","delay_monitoring_point":"true","reporting_stanox":"37011","auto_expected":"true"}},{"header":{"msg_type":"0003","msg_queue_timestamp":"1713113604000","source_system_id":"TRUST","original_data_source":"SMART"},"body":{"train_id":"572A57MV14","actual_timestamp":"1713117120000","loc_stanox":"57435","planned_timestamp":"1713117150000","planned_event_type":"DEPARTURE","event_type":"DEPARTURE","event_source":"AUTOMATIC","correction_ind":"false","offroute_ind":"false","direction_ind":"UP","line_ind":"M","platform":" 1","route":"1","train_service_code":"22275000","division_code":"28","toc_id":"28","timetable_variation":"0","variation_status":"ON TIME","next_report_stanox":"56598","next_report_run_time":"6","train_terminated":"false","delay_monitoring_point":"false","reporting_stanox":"00000","auto_expected":"true"}},{"header":{"msg_type":"0003","msg_queue_timestamp":"1713113604000","source_system_id":"TRUST","original_data_source":"SMART"},"body":{"train_id":"432I68MT14","actual_timestamp":"1713117180000","loc_stanox":"65625","planned_timestamp":"1713117120000","planned_event_type":"DEPARTURE","event_type":"DEPARTURE","event_source":"AUTOMATIC","correction_ind":"false","offroute_ind":"false","direction_ind":"UP","line_ind":"C","route":"2","train_service_code":"22263110","division_code":"29","toc_id":"29","timetable_variation":"1","variation_status":"LATE","next_report_stanox":"65627","train_terminated":"false","delay_monitoring_point":"false","reporting_stanox":"00000","auto_expected":"true"}},{"header":{"msg_type":"0003","msg_queue_timestamp":"1713113604000","source_system_id":"TRUST","original_data_source":"SMART"},"body":{"train_id":"692G90MV14","actual_timestamp":"1713117180000","loc_stanox":"69115","planned_timestamp":"1713117240000","planned_event_type":"DEPARTURE","event_type":"DEPARTURE","event_source":"AUTOMATIC","correction_ind":"false","offroute_ind":"false","direction_ind":"UP","route":"5","train_service_code":"22328000","division_code":"29","toc_id":"29","timetable_variation":"1","variation_status":"EARLY","next_report_stanox":"69202","next_report_run_time":"4","train_terminated":"false","delay_monitoring_point":"false","reporting_stanox":"00000","auto_expected":"true"}},{"header":{"msg_type":"0003","msg_queue_timestamp":"1713113604000","source_system_id":"TRUST","original_data_source":"SMART"},"body":{"train_id":"841S53MM14","actual_timestamp":"1713117180000","loc_stanox":"59321","planned_timestamp":"1713117360000","planned_event_type":"DEPARTURE","event_type":"DEPARTURE","event_source":"AUTOMATIC","correction_ind":"false","offroute_ind":"false","direction_ind":"DOWN","line_ind":"F","route":"1","train_service_code":"22180012","division_code":"27","toc_id":"27","timetable_variation":"3","variation_status":"EARLY","next_report_stanox":"59241","next_report_run_time":"6","train_terminated":"false","delay_monitoring_point":"true","reporting_stanox":"59321","auto_expected":"true"}},{"header":{"msg_type":"0003","msg_queue_timestamp":"1713113604000","source_system_id":"TRUST","original_data_source":"SMART"},"body":{"train_id":"845P21MV14","actual_timestamp":"1713117180000","loc_stanox":"84095","planned_timestamp":"1713117540000","planned_event_type":"DEPARTURE","event_type":"DEPARTURE","event_source":"AUTOMATIC","correction_ind":"false","offroute_ind":"false","direction_ind":"DOWN","line_ind":"L","route":"1","train_service_code":"25473001","division_code":"25","toc_id":"25","timetable_variation":"6","variation_status":"EARLY","next_report_stanox":"84096","next_report_run_time":"1","train_terminated":"false","delay_monitoring_point":"false","reporting_stanox":"00000","auto_expected":"true"}},{"header":{"msg_type":"0003","msg_queue_timestamp":"1713113605000","source_system_id":"TRUST","original_data_source":"SMART"},"body":{"train_id":"881F49MS14","actual_timestamp":"1713117180000","loc_stanox":"87920","planned_timestamp":"1713117150000","planned_event_type":"DEPARTURE","event_type":"DEPARTURE","event_source":"AUTOMATIC","correction_ind":"false","offroute_ind":"false","direction_ind":"UP","line_ind":"F","platform":" 4","route":"2","train_service_code":"24746000","division_code":"88","toc_id":"88","timetable_variation":"1","variation_status":"LATE","next_report_stanox":"87911","next_report_run_time":"4","train_terminated":"false","delay_monitoring_point":"true","reporting_stanox":"87920","auto_expected":"true"}},{"header":{"msg_type":"0003","msg_queue_timestamp":"1713113605000","source_system_id":"TRUST","original_data_source":"SMART"},"body":{"train_id":"872U02MV14","actual_timestamp":"1713117120000","loc_stanox":"88413","gbtt_timestamp":"1713117180000","planned_timestamp":"1713117180000","planned_event_type":"DEPARTURE","event_type":"DEPARTURE","event_source":"AUTOMATIC","correction_ind":"false","offroute_ind":"false","direction_ind":"DOWN","line_ind":"L","platform":" 2","route":"3","train_service_code":"24650005","division_code":"80","toc_id":"80","timetable_variation":"1","variation_status":"EARLY","next_report_stanox":"88390","next_report_run_time":"6","train_terminated":"false","delay_monitoring_point":"true","reporting_stanox":"88413","auto_expected":"true"}},{"header":{"msg_type":"0003","msg_queue_timestamp":"1713113605000","source_system_id":"TRUST","original_data_source":"SMART"},"body":{"train_id":"872C51MT14","actual_timestamp":"1713117120000","loc_stanox":"87004","gbtt_timestamp":"1713116940000","planned_timestamp":"1713116970000","planned_event_type":"DEPARTURE","event_type":"DEPARTURE","event_source":"AUTOMATIC","correction_ind":"false","offroute_ind":"false","direction_ind":"DOWN","line_ind":"R","platform":" 2","route":"1","train_service_code":"24672104","division_code":"84","toc_id":"84","timetable_variation":"3","variation_status":"LATE","next_report_stanox":"87003","next_report_run_time":"3","train_terminated":"false","delay_monitoring_point":"true","reporting_stanox":"87004","auto_expected":"true"}},{"header":{"msg_type":"0003","msg_queue_timestamp":"1713113605000","source_system_id":"TRUST","original_data_source":"SMART"},"body":{"train_id":"062R52MU14","actual_timestamp":"1713117180000","loc_stanox":"07275","gbtt_timestamp":"1713117120000","planned_timestamp":"1713117150000","planned_event_type":"DEPARTURE","event_type":"DEPARTURE","event_source":"AUTOMATIC","correction_ind":"false","offroute_ind":"false","direction_ind":"UP","platform":" 1","route":"2","train_service_code":"23563015","division_code":"60","toc_id":"60","timetable_variation":"1","variation_status":"LATE","next_report_stanox":"07253","next_report_run_time":"2","train_terminated":"false","delay_monitoring_point":"false","reporting_stanox":"00000","auto_expected":"true"}},{"header":{"msg_type":"0003","msg_queue_timestamp":"1713113605000","source_system_id":"TRUST","original_data_source":"SMART"},"body":{"train_id":"072S43MT14","actual_timestamp":"1713117180000","loc_stanox":"06136","gbtt_timestamp":"1713117180000","planned_timestamp":"1713117180000","planned_event_type":"DEPARTURE","event_type":"DEPARTURE","event_source":"AUTOMATIC","correction_ind":"false","offroute_ind":"false","direction_ind":"DOWN","platform":" 2","route":"1","train_service_code":"23563015","division_code":"60","toc_id":"60","timetable_variation":"0","variation_status":"ON TIME","next_report_stanox":"06134","next_report_run_time":"1","train_terminated":"false","delay_monitoring_point":"true","reporting_stanox":"06136","auto_expected":"true"}},{"header":{"msg_type":"0003","msg_queue_timestamp":"1713113605000","source_system_id":"TRUST","original_data_source":"SMART"},"body":{"train_id":"072S43MT14","actual_timestamp":"1713117240000","loc_stanox":"06134","gbtt_timestamp":"1713117240000","planned_timestamp":"1713117240000","planned_event_type":"ARRIVAL","event_type":"ARRIVAL","event_source":"AUTOMATIC","correction_ind":"false","offroute_ind":"false","direction_ind":"DOWN","route":"0","train_service_code":"23563015","division_code":"60","toc_id":"60","timetable_variation":"0","variation_status":"ON TIME","next_report_stanox":"06125","next_report_run_time":"1","train_terminated":"false","delay_monitoring_point":"true","reporting_stanox":"06134","auto_expected":"true"}}]