[{"header":{"msg_type":"0003","msg_queue_timestamp":"1713134356000","source_system_id":"TRUST","original_data_source":"SMART"},"body":{"train_id":"165K56M914","actual_timestamp":"1713137940000","loc_stanox":"16514","planned_timestamp":"1713138240000","planned_event_type":"DEPARTURE","event_type":"DEPARTURE","event_source":"AUTOMATIC","correction_ind":"false","offroute_ind":"false","direction_ind":"UP","line_ind":"H","route":"1","train_service_code":"22974000","division_code":"23","toc_id":"23","timetable_variation":"5","variation_status":"EARLY","next_report_stanox":"16591","next_report_run_time":"1","train_terminated":"false","delay_monitoring_point":"true","reporting_stanox":"16514","auto_expected":"true"}},{"header":{"msg_type":"0003","msg_queue_timestamp":"1713134356000","source_system_id":"TRUST","original_data_source":"SMART"},"body":{"train_id":"872V781914","actual_timestamp":"1713137880000","loc_stanox":"87249","planned_timestamp":"1713137940000","planned_event_type":"DEPARTURE","event_type":"DEPARTURE","event_source":"AUTOMATIC","correction_ind":"false","offroute_ind":"false","direction_ind":"DOWN","line_ind":"M","platform":" 3","route":"1","train_service_code":"24605004","division_code":"80","toc_id":"80","timetable_variation":"1","variation_status":"EARLY","next_report_stanox":"88314","next_report_run_time":"4","train_terminated":"false","delay_monitoring_point":"true","reporting_stanox":"87249","auto_expected":"true"}},{"header":{"msg_type":"0003","msg_queue_timestamp":"1713134356000","source_system_id":"TRUST","original_data_source":"SMART"},"body":{"train_id":"879H71M814","actual_timestamp":"1713137940000","loc_stanox":"52080","gbtt_timestamp":"1713137880000","planned_timestamp":"1713137850000","planned_event_type":"ARRIVAL","event_type":"ARRIVAL","event_source":"AUTOMATIC","correction_ind":"false","offroute_ind":"false","direction_ind":"UP","platform":" 1","route":"0","train_service_code":"22206000","division_code":"30","toc_id":"30","timetable_variation":"2","variation_status":"LATE","next_report_stanox":"52078","next_report_run_time":"1","train_terminated":"false","delay_monitoring_point":"false","reporting_stanox":"00000","auto_expected":"true"}},{"header":{"msg_type":"0003","msg_queue_timestamp":"1713134356000","source_system_id":"TRUST","original_data_source":"SMART"},"body":{"train_id":"062V53M914","actual_timestamp":"1713137880000","loc_stanox":"06600","gbtt_timestamp":"1713137940000","planned_timestamp":"1713137940000","planned_event_type":"DEPARTURE","event_type":"DEPARTURE","event_source":"AUTOMATIC","correction_ind":"false","offroute_ind":"false","direction_ind":"DOWN","platform":" 1","route":"1","train_service_code":"13560015","division_code":"60","toc_id":"60","timetable_variation":"1","variation_status":"EARLY","next_report_stanox":"06399","next_report_run_time":"1","train_terminated":"false","delay_monitoring_point":"false","reporting_stanox":"00000","auto_expected":"true"}},{"header":{"msg_type":"0003","msg_queue_timestamp":"1713134357000","source_system_id":"TRUST","original_data_source":"SMART"},"body":{"train_id":"875Y52M914","actual_timestamp":"1713137880000","loc_stanox":"87212","gbtt_timestamp":"1713138120000","planned_timestamp":"1713138120000","planned_event_type":"DEPARTURE","event_type":"DEPARTURE","event_source":"AUTOMATIC","correction_ind":"false","offroute_ind":"false","direction_ind":"DOWN","line_ind":"F","platform":" 4","route":"1","train_service_code":"24676004","division_code":"84","toc_id":"84","timetable_variation":"4","variation_status":"EARLY","next_report_stanox":"87286","next_report_run_time":"1","train_terminated":"false","delay_monitoring_point":"true","reporting_stanox":"87212","auto_expected":"true"}},{"header":{"msg_type":"0003","msg_queue_timestamp":"1713134357000","source_system_id":"TRUST","original_data_source":"SDR","user_id":"#QGM0637","source_dev_id":"SKHG"},"body":{"train_id":"635O71MY14","actual_timestamp":"1713123540000","loc_stanox":"63201","gbtt_timestamp":"1713123540000","planned_timestamp":"1713123540000","planned_event_type":"DEPARTURE","event_type":"DEPARTURE","event_source":"MANUAL","correction_ind":"false","offroute_ind":"false","train_service_code":"22788002","division_code":"88","toc_id":"88","timetable_variation":"0","variation_status":"ON TIME","next_report_stanox":"63202","next_report_run_time":"2","train_terminated":"false","delay_monitoring_point":"true","reporting_stanox":"63201","auto_expected":"true"}},{"header":{"msg_type":"0003","msg_queue_timestamp":"1713134357000","source_system_id":"TRUST","original_data_source":"SMART"},"body":{"train_id":"872G76M814","actual_timestamp":"1713137940000","loc_stanox":"87219","gbtt_timestamp":"1713137940000","planned_timestamp":"1713137940000","planned_event_type":"DEPARTURE","event_type":"DEPARTURE","event_source":"AUTOMATIC","correction_ind":"false","offroute_ind":"false","direction_ind":"UP","line_ind":"S","platform":"10","route":"7","train_service_code":"24673505","division_code":"84","toc_id":"84","timetable_variation":"0","variation_status":"ON TIME","next_report_stanox":"87214","next_report_run_time":"4","train_terminated":"false","delay_monitoring_point":"true","reporting_stanox":"87219","auto_expected":"true"}},{"header":{"msg_type":"0003","msg_queue_timestamp":"1713134357000","source_system_id":"TRUST","original_data_source":"SDR","user_id":"#QGM0637","source_dev_id":"SKHG"},"body":{"train_id":"635O71MY14","actual_timestamp":"1713124260000","loc_stanox":"63201","gbtt_timestamp":"1713124260000","planned_timestamp":"1713124260000","planned_event_type":"DESTINATION","event_type":"ARRIVAL","event_source":"MANUAL","correction_ind":"false","offroute_ind":"false","route":"0","train_service_code":"22788002","division_code":"88","toc_id":"88","timetable_variation":"0","variation_status":"ON TIME","train_terminated":"true","delay_monitoring_point":"true","reporting_stanox":"63201","auto_expected":"true"}},{"header":{"msg_type":"0003","msg_queue_timestamp":"1713134357000","source_system_id":"TRUST","original_data_source":"SMART"},"body":{"train_id":"872H78M914","actual_timestamp":"1713138000000","loc_stanox":"87169","gbtt_timestamp":"1713138000000","planned_timestamp":"1713138000000","planned_event_type":"ARRIVAL","event_type":"ARRIVAL","event_source":"AUTOMATIC","correction_ind":"false","offroute_ind":"false","direction_ind":"UP","platform":" 1","route":"0","train_service_code":"24673105","division_code":"84","toc_id":"84","timetable_variation":"0","variation_status":"ON TIME","next_report_stanox":"87271","next_report_run_time":"1","train_terminated":"false","delay_monitoring_point":"true","reporting_stanox":"87169","auto_expected":"true"}},{"header":{"msg_type":"0003","msg_queue_timestamp":"1713134357000","source_system_id":"TRUST","original_data_source":"SMART"},"body":{"train_id":"365Y14M914","actual_timestamp":"1713137940000","loc_stanox":"36170","planned_timestamp":"1713137820000","planned_event_type":"DEPARTURE","event_type":"DEPARTURE","event_source":"AUTOMATIC","correction_ind":"false","offroute_ind":"false","direction_ind":"UP","line_ind":"A","platform":" 3","route":"2","train_service_code":"12974820","division_code":"23","toc_id":"23","timetable_variation":"2","variation_status":"LATE","next_report_stanox":"36175","train_terminated":"false","delay_monitoring_point":"false","reporting_stanox":"00000","auto_expected":"true"}},{"header":{"msg_type":"0003","msg_queue_timestamp":"1713134357000","source_system_id":"TRUST","original_data_source":"SMART"},"body":{"train_id":"629W17M814","actual_timestamp":"1713137940000","loc_stanox":"63405","planned_timestamp":"1713137940000","planned_event_type":"DEPARTURE","event_type":"DEPARTURE","event_source":"AUTOMATIC","correction_ind":"false","offroute_ind":"false","direction_ind":"UP","line_ind":"S","platform":" 1","route":"1","train_service_code":"22720000","division_code":"88","toc_id":"88","timetable_variation":"0","variation_status":"ON TIME","next_report_stanox":"63451","next_report_run_time":"3","train_terminated":"false","delay_monitoring_point":"false","reporting_stanox":"00000","auto_expected":"true"}},{"header":{"msg_type":"0003","msg_queue_timestamp":"1713134358000","source_system_id":"TRUST","original_data_source":"SMART"},"body":{"train_id":"725J10M914","actual_timestamp":"1713137880000","loc_stanox":"63641","gbtt_timestamp":"1713137400000","planned_timestamp":"1713137400000","planned_event_type":"DEPARTURE","event_type":"DEPARTURE","event_source":"AUTOMATIC","correction_ind":"false","offroute_ind":"false","direction_ind":"UP","line_ind":"U","platform":" 1","route":"1","train_service_code":"21921000","division_code":"30","toc_id":"30","timetable_variation":"8","variation_status":"LATE","next_report_stanox":"63643","next_report_run_time":"2","train_terminated":"false","delay_monitoring_point":"false","reporting_stanox":"00000","auto_expected":"true"}},{"header":{"msg_type":"0003","msg_queue_timestamp":"1713134358000","source_system_id":"TRUST","original_data_source":"SMART"},"body":{"train_id":"871A69M814","actual_timestamp":"1713137940000","loc_stanox":"87603","planned_timestamp":"1713137730000","planned_event_type":"DEPARTURE","event_type":"DEPARTURE","event_source":"AUTOMATIC","correction_ind":"false","offroute_ind":"false","direction_ind":"UP","platform":" 4","route":"2","train_service_code":"24747000","division_code":"88","toc_id":"88","timetable_variation":"4","variation_status":"LATE","next_report_stanox":"87602","next_report_run_time":"1","train_terminated":"false","delay_monitoring_point":"true","reporting_stanox":"87603","auto_expected":"true"}},{"header":{"msg_type":"0003","msg_queue_timestamp":"1713134359000","source_system_id":"TRUST","original_data_source":"SMART"},"body":{"train_id":"742K97M914","actual_timestamp":"1713137940000","loc_stanox":"74265","planned_timestamp":"1713138030000","planned_event_type":"DEPARTURE","event_type":"DEPARTURE","event_source":"AUTOMATIC","correction_ind":"false","offroute_ind":"false","direction_ind":"UP","route":"2","train_service_code":"25519007","division_code":"25","toc_id":"25","timetable_variation":"1","variation_status":"EARLY","next_report_stanox":"74250","next_report_run_time":"1","train_terminated":"false","delay_monitoring_point":"true","reporting_stanox":"74265","auto_expected":"true"}},{"header":{"msg_type":"0003","msg_queue_timestamp":"1713134359000","source_system_id":"TRUST","original_data_source":"SMART"},"body":{"train_id":"862S89M814","actual_timestamp":"1713137880000","loc_stanox":"88103","gbtt_timestamp":"1713137940000","planned_timestamp":"1713137970000","planned_event_type":"DEPARTURE","event_type":"DEPARTURE","event_source":"AUTOMATIC","correction_ind":"false","offroute_ind":"false","direction_ind":"UP","line_ind":"B","platform":" 2","route":"3","train_service_code":"24744000","division_code":"88","toc_id":"88","timetable_variation":"1","variation_status":"EARLY","next_report_stanox":"87980","next_report_run_time":"4","train_terminated":"false","delay_monitoring_point":"true","reporting_stanox":"88103","auto_expected":"true"}},{"header":{"msg_type":"0003","msg_queue_timestamp":"1713134359000","source_system_id":"TRUST","original_data_source":"SMART"},"body":{"train_id":"629T71M714","actual_timestamp":"1713137940000","loc_stanox":"87903","planned_timestamp":"1713137580000","planned_event_type":"DEPARTURE","event_type":"DEPARTURE","event_source":"AUTOMATIC","correction_ind":"false","offroute_ind":"false","direction_ind":"DOWN","line_ind":"F","route":"1","train_service_code":"22720000","division_code":"88","toc_id":"88","timetable_variation":"6","variation_status":"LATE","next_report_stanox":"87911","next_report_run_time":"4","train_terminated":"false","delay_monitoring_point":"true","reporting_stanox":"87903","auto_expected":"true"}},{"header":{"msg_type":"0003","msg_queue_timestamp":"1713134359000","source_system_id":"TRUST","original_data_source":"SMART"},"body":{"train_id":"382N60M914","actual_timestamp":"1713137880000","loc_stanox":"38157","gbtt_timestamp":"1713137940000","planned_timestamp":"1713137940000","planned_event_type":"DEPARTURE","event_type":"DEPARTURE","event_source":"AUTOMATIC","correction_ind":"false","offroute_ind":"false","direction_ind":"UP","platform":" 1","route":"2","train_service_code":"12305012","division_code":"64","toc_id":"64","timetable_variation":"1","variation_status":"EARLY","next_report_stanox":"38185","next_report_run_time":"2","train_terminated":"false","delay_monitoring_point":"false","reporting_stanox":"00000","auto_expected":"true"}},{"header":{"msg_type":"0003","msg_queue_timestamp":"1713134360000","source_system_id":"TRUST","original_data_source":"GPS","user_id":"GPSI02"},"body":{"train_id":"032K16M814","actual_timestamp":"1713137940000","loc_stanox":"04201","gbtt_timestamp":"1713137820000","planned_timestamp":"1713137850000","planned_event_type":"DEPARTURE","event_type":"DEPARTURE","event_source":"MANUAL","correction_ind":"false","offroute_ind":"false","train_service_code":"23587003","division_code":"60","toc_id":"60","timetable_variation":"2","variation_status":"LATE","next_report_stanox":"04203","next_report_run_time":"1","train_terminated":"false","delay_monitoring_point":"false","reporting_stanox":"00000","auto_expected":"true"}},{"header":{"msg_type":"0003","msg_queue_timestamp":"1713134360000","source_system_id":"TRUST","original_data_source":"GPS","user_id":"GPSI07"},"body":{"train_id":"871T71M714","actual_timestamp":"1713137880000","loc_stanox":"86201","gbtt_timestamp":"1713137880000","planned_timestamp":"1713137880000","planned_event_type":"DEPARTURE","event_type":"DEPARTURE","event_source":"MANUAL","correction_ind":"false","offroute_ind":"false","train_service_code":"24629204","division_code":"84","toc_id":"84","timetable_variation":"0","variation_status":"ON TIME","next_report_stanox":"86202","next_report_run_time":"3","train_terminated":"false","delay_monitoring_point":"false","reporting_stanox":"00000"}},{"header":{"msg_type":"0003","msg_queue_timestamp":"1713134360000","source_system_id":"TRUST","original_data_source":"GPS","user_id":"GPSI07"},"body":{"train_id":"872U75M814","actual_timestamp":"1713137940000","loc_stanox":"87109","gbtt_timestamp":"1713137880000","planned_timestamp":"1713137910000","planned_event_type":"DEPARTURE","event_type":"DEPARTURE","event_source":"MANUAL","correction_ind":"false","offroute_ind":"false","train_service_code":"24671105","division_code":"84","toc_id":"84","timetable_variation":"1","variation_status":"LATE","next_report_stanox":"87110","next_report_run_time":"3","train_terminated":"false","delay_monitoring_point":"false","reporting_stanox":"00000","auto_expected":"true"}},{"header":{"msg_type":"0003","msg_queue_timestamp":"1713134360000","source_system_id":"TRUST","original_data_source":"SMART"},"body":{"train_id":"831L80MZ14","actual_timestamp":"1713138000000","loc_stanox":"87171","planned_timestamp":"1713138000000","planned_event_type":"ARRIVAL","event_type":"ARRIVAL","event_source":"AUTOMATIC","correction_ind":"false","offroute_ind":"false","route":"0","train_service_code":"24623104","division_code":"84","toc_id":"84","timetable_variation":"0","variation_status":"ON TIME","next_report_stanox":"87285","next_report_run_time":"1","train_terminated":"false","delay_monitoring_point":"true","reporting_stanox":"87171","auto_expected":"true"}},{"header":{"msg_type":"0003","msg_queue_timestamp":"1713134360000","source_system_id":"TRUST","original_data_source":"SMART"},"body":{"train_id":"872D71M814","actual_timestamp":"1713137880000","loc_stanox":"87068","gbtt_timestamp":"1713137880000","planned_timestamp":"1713137910000","planned_event_type":"DEPARTURE","event_type":"DEPARTURE","event_source":"AUTOMATIC","correction_ind":"false","offroute_ind":"false","direction_ind":"DOWN","platform":" 2","route":"2","train_service_code":"24673705","division_code":"84","toc_id":"84","timetable_variation":"0","variation_status":"ON TIME","next_report_stanox":"87052","next_report_run_time":"4","train_terminated":"false","delay_monitoring_point":"false","reporting_stanox":"00000","auto_expected":"true"}},{"header":{"msg_type":"0003","msg_queue_timestamp":"1713134360000","source_system_id":"TRUST","original_data_source":"SMART"},"body":{"train_id":"722Y55M714","actual_timestamp":"1713137940000","loc_stanox":"65625","planned_timestamp":"1713137880000","planned_event_type":"DEPARTURE","event_type":"DEPARTURE","event_source":"AUTOMATIC","correction_ind":"false","offroute_ind":"false","direction_ind":"DOWN","line_ind":"C","route":"1","train_service_code":"22209000","division_code":"29","toc_id":"29","timetable_variation":"1","variation_status":"LATE","next_report_stanox":"65630","next_report_run_time":"2","train_terminated":"false","delay_monitoring_point":"false","reporting_stanox":"00000","auto_expected":"true"}},{"header":{"msg_type":"0003","msg_queue_timestamp":"1713134360000","source_system_id":"TRUST","original_data_source":"SMART"},"body":{"train_id":"445P32M814","actual_timestamp":"1713138000000","loc_stanox":"25701","gbtt_timestamp":"1713138480000","planned_timestamp":"1713138480000","planned_event_type":"DESTINATION","event_type":"ARRIVAL","event_source":"AUTOMATIC","correction_ind":"false","offroute_ind":"false","direction_ind":"UP","platform":" 6","route":"0","train_service_code":"11804920","division_code":"23","toc_id":"23","timetable_variation":"8","variation_status":"EARLY","train_terminated":"true","delay_monitoring_point":"true","reporting_stanox":"25701","auto_expected":"true"}},{"header":{"msg_type":"0003","msg_queue_timestamp":"1713134360000","source_system_id":"TRUST","original_data_source":"SMART"},"body":{"train_id":"631F62M814","actual_timestamp":"1713137940000","loc_stanox":"57406","planned_timestamp":"1713137850000","planned_event_type":"DEPARTURE","event_type":"DEPARTURE","event_source":"AUTOMATIC","correction_ind":"false","offroute_ind":"false","direction_ind":"DOWN","line_ind":"M","route":"2","train_service_code":"22152000","division_code":"28","toc_id":"28","timetable_variation":"2","variation_status":"LATE","next_report_stanox":"57403","next_report_run_time":"1","train_terminated":"false","delay_monitoring_point":"false","reporting_stanox":"00000","auto_expected":"true"}},{"header":{"msg_type":"0003","msg_queue_timestamp":"1713134360000","source_system_id":"TRUST","original_data_source":"SMART"},"body":{"train_id":"162C55M914","actual_timestamp":"1713137820000","loc_stanox":"17103","gbtt_timestamp":"1713137880000","planned_timestamp":"1713137880000","planned_event_type":"DEPARTURE","event_type":"DEPARTURE","event_source":"AUTOMATIC","correction_ind":"false","offroute_ind":"false","direction_ind":"UP","line_ind":"H","platform":" 1","route":"1","train_service_code":"11830820","division_code":"23","toc_id":"23","timetable_variation":"1","variation_status":"EARLY","next_report_stanox":"17101","next_report_run_time":"1","train_terminated":"false","delay_monitoring_point":"false","reporting_stanox":"00000","auto_expected":"true"}},{"header":{"msg_type":"0003","msg_queue_timestamp":"1713134360000","source_system_id":"TRUST","original_data_source":"SMART"},"body":{"train_id":"162C55M914","actual_timestamp":"1713137940000","loc_stanox":"17101","gbtt_timestamp":"1713138000000","planned_timestamp":"1713137970000","planned_event_type":"ARRIVAL","event_type":"ARRIVAL","event_source":"AUTOMATIC","correction_ind":"false","offroute_ind":"false","direction_ind":"UP","platform":" 1","route":"0","train_service_code":"11830820","division_code":"23","toc_id":"23","timetable_variation":"0","variation_status":"ON TIME","next_report_stanox":"17136","next_report_run_time":"2","train_terminated":"false","delay_monitoring_point":"false","reporting_stanox":"00000","auto_expected":"true"}},{"header":{"msg_type":"0003","msg_queue_timestamp":"1713134360000","source_system_id":"TRUST","original_data_source":"SMART"},"body":{"train_id":"541R721914","actual_timestamp":"1713137940000","loc_stanox":"53104","gbtt_timestamp":"1713137820000","planned_timestamp":"1713137850000","planned_event_type":"DEPARTURE","event_type":"DEPARTURE","event_source":"AUTOMATIC","correction_ind":"false","offroute_ind":"false","direction_ind":"DOWN","line_ind":"C","platform":" 1","route":"1","train_service_code":"21725000","division_code":"88","toc_id":"88","timetable_variation":"2","variation_status":"LATE","next_report_stanox":"53004","next_report_run_time":"10","train_terminated":"false","delay_monitoring_point":"true","reporting_stanox":"53104","auto_expected":"true"}},{"header":{"msg_type":"0003","msg_queue_timestamp":"1713134360000","source_system_id":"TRUST","original_data_source":"SMART"},"body":{"train_id":"251W64M814","actual_timestamp":"1713137940000","loc_stanox":"19199","gbtt_timestamp":"1713138000000","planned_timestamp":"1713138000000","planned_event_type":"ARRIVAL","event_type":"ARRIVAL","event_source":"AUTOMATIC","correction_ind":"false","offroute_ind":"false","direction_ind":"DOWN","platform":" 1","route":"0","train_service_code":"11808920","division_code":"23","toc_id":"23","timetable_variation":"1","variation_status":"EARLY","next_report_stanox":"19195","next_report_run_time":"1","train_terminated":"false","delay_monitoring_point":"false","reporting_stanox":"00000","auto_expected":"true"}},{"header":{"msg_type":"0003","msg_queue_timestamp":"1713134361000","source_system_id":"TRUST","original_data_source":"SMART"},"body":{"train_id":"031V68MQ14","actual_timestamp":"1713137940000","loc_stanox":"84135","planned_timestamp":"1713138030000","planned_event_type":"DEPARTURE","event_type":"DEPARTURE","event_source":"AUTOMATIC","correction_ind":"false","offroute_ind":"false","direction_ind":"DOWN","line_ind":"D","route":"1","train_service_code":"22180008","division_code":"27","toc_id":"27","timetable_variation":"1","variation_status":"EARLY","next_report_stanox":"84139","next_report_run_time":"4","train_terminated":"false","delay_monitoring_point":"true","reporting_stanox":"84135","auto_expected":"true"}}]