[{"header":{"msg_type":"0003","msg_queue_timestamp":"1713559212000","source_system_id":"TRUST","original_data_source":"SMART"},"body":{"train_id":"651F72MZ19","actual_timestamp":"1713562860000","loc_stanox":"37011","gbtt_timestamp":"1713562800000","planned_timestamp":"1713562770000","planned_event_type":"ARRIVAL","event_type":"ARRIVAL","event_source":"AUTOMATIC","correction_ind":"false","offroute_ind":"false","direction_ind":"DOWN","line_ind":"F","platform":" 2","route":"0","train_service_code":"22300000","division_code":"29","toc_id":"29","timetable_variation":"2","variation_status":"LATE","next_report_stanox":"37005","next_report_run_time":"1","train_terminated":"false","delay_monitoring_point":"true","reporting_stanox":"37011","auto_expected":"true"}},{"header":{"msg_type":"0003","msg_queue_timestamp":"1713559212000","source_system_id":"TRUST","original_data_source":"SMART"},"body":{"train_id":"871H58MZ19","actual_timestamp":"1713562740000","loc_stanox":"87995","gbtt_timestamp":"1713562800000","planned_timestamp":"1713562830000","planned_event_type":"DEPARTURE","event_type":"DEPARTURE","event_source":"AUTOMATIC","correction_ind":"false","offroute_ind":"false","direction_ind":"DOWN","platform":" 3","route":"1","train_service_code":"24746000","division_code":"88","toc_id":"88","timetable_variation":"1","variation_status":"EARLY","next_report_stanox":"88111","next_report_run_time":"2","train_terminated":"false","delay_monitoring_point":"true","reporting_stanox":"87995","auto_expected":"true"}},{"header":{"msg_type":"0003","msg_queue_timestamp":"1713559212000","source_system_id":"TRUST","original_data_source":"SMART"},"body":{"train_id":"872F61NZ19","actual_timestamp":"1713562740000","loc_stanox":"87222","gbtt_timestamp":"1713562800000","planned_timestamp":"1713562830000","planned_event_type":"DEPARTURE","event_type":"DEPARTURE","event_source":"AUTOMATIC","correction_ind":"false","offroute_ind":"false","direction_ind":"UP","line_ind":"S","platform":" 2","route":"2","train_service_code":"24783000","division_code":"88","toc_id":"88","timetable_variation":"1","variation_status":"EARLY","next_report_stanox":"87220","next_report_run_time":"2","train_terminated":"false","delay_monitoring_point":"true","reporting_stanox":"87222","auto_expected":"true"}},{"header":{"msg_type":"0003","msg_queue_timestamp":"1713559212000","source_system_id":"TRUST","original_data_source":"SMART"},"body":{"train_id":"382N56M719","actual_timestamp":"1713562800000","loc_stanox":"38185","gbtt_timestamp":"1713562860000","planned_timestamp":"1713562860000","planned_event_type":"ARRIVAL","event_type":"ARRIVAL","event_source":"AUTOMATIC","correction_ind":"false","offroute_ind":"false","direction_ind":"UP","platform":" 1","route":"0","train_service_code":"12305012","division_code":"64","toc_id":"64","timetable_variation":"1","variation_status":"EARLY","next_report_stanox":"38184","next_report_run_time":"1","train_terminated":"false","delay_monitoring_point":"false","reporting_stanox":"00000","auto_expected":"true"}},{"header":{"msg_type":"0003","msg_queue_timestamp":"1713559212000","source_system_id":"TRUST","original_data_source":"SDR","user_id":"#QWP0075","source_dev_id":"VMC6"},"body":{"train_id":"771W65MX19","actual_timestamp":"1713557040000","loc_stanox":"76370","planned_timestamp":"1713556920000","planned_event_type":"DEPARTURE","event_type":"DEPARTURE","event_source":"MANUAL","correction_ind":"false","offroute_ind":"false","train_service_code":"25434000","division_code":"71","toc_id":"71","timetable_variation":"2","variation_status":"LATE","next_report_stanox":"76371","next_report_run_time":"2","train_terminated":"false","delay_monitoring_point":"true","reporting_stanox":"76370","auto_expected":"false"}},{"header":{"msg_type":"0003","msg_queue_timestamp":"1713559212000","source_system_id":"TRUST","original_data_source":"GPS","user_id":"GPSI06"},"body":{"train_id":"852N15M719","actual_timestamp":"1713562740000","loc_stanox":"85244","gbtt_timestamp":"1713562740000","planned_timestamp":"1713562800000","planned_event_type":"ARRIVAL","event_type":"ARRIVAL","event_source":"MANUAL","correction_ind":"false","offroute_ind":"false","route":"0","train_service_code":"25477001","division_code":"25","toc_id":"25","timetable_variation":"1","variation_status":"EARLY","next_report_stanox":"85233","next_report_run_time":"1","train_terminated":"false","delay_monitoring_point":"false","reporting_stanox":"00000"}},{"header":{"msg_type":"0003","msg_queue_timestamp":"1713559212000","source_system_id":"TRUST","original_data_source":"GPS","user_id":"GPSI06"},"body":{"train_id":"832B86MZ19","actual_timestamp":"1713562740000","loc_stanox":"83321","gbtt_timestamp":"1713562800000","planned_timestamp":"1713562800000","planned_event_type":"ARRIVAL","event_type":"ARRIVAL","event_source":"MANUAL","correction_ind":"false","offroute_ind":"false","route":"0","train_service_code":"25482001","division_code":"25","toc_id":"25","timetable_variation":"1","variation_status":"EARLY","next_report_stanox":"83319","next_report_run_time":"2","train_terminated":"false","delay_monitoring_point":"true","reporting_stanox":"83321","auto_expected":"true"}},{"header":{"msg_type":"0003","msg_queue_timestamp":"1713559212000","source_system_id":"TRUST","original_data_source":"GPS","user_id":"GPSN01"},"body":{"train_id":"322D57M719","actual_timestamp":"1713562800000","loc_stanox":"37224","gbtt_timestamp":"1713562740000","planned_timestamp":"1713562710000","planned_event_type":"ARRIVAL","event_type":"ARRIVAL","event_source":"MANUAL","correction_ind":"false","offroute_ind":"false","route":"0","train_service_code":"12229820","division_code":"23","toc_id":"23","timetable_variation":"2","variation_status":"LATE","next_report_stanox":"37223","next_report_run_time":"1","train_terminated":"false","delay_monitoring_point":"false","reporting_stanox":"00000"}},{"header":{"msg_type":"0003","msg_queue_timestamp":"1713559212000","source_system_id":"TRUST","original_data_source":"GPS","user_id":"GPSI07"},"body":{"train_id":"862B61MZ19","actual_timestamp":"1713562740000","loc_stanox":"86917","gbtt_timestamp":"1713562740000","planned_timestamp":"1713562770000","planned_event_type":"DEPARTURE","event_type":"DEPARTURE","event_source":"MANUAL","correction_ind":"false","offroute_ind":"false","train_service_code":"24620104","division_code":"84","toc_id":"84","timetable_variation":"0","variation_status":"ON TIME","next_report_stanox":"86921","next_report_run_time":"5","train_terminated":"false","delay_monitoring_point":"false","reporting_stanox":"00000","auto_expected":"true"}},{"header":{"msg_type":"0003","msg_queue_timestamp":"1713559212000","source_system_id":"TRUST","original_data_source":"SMART"},"body":{"train_id":"081K66M719","actual_timestamp":"1713562740000","loc_stanox":"08523","gbtt_timestamp":"1713562800000","planned_timestamp":"1713562830000","planned_event_type":"DEPARTURE","event_type":"DEPARTURE","event_source":"AUTOMATIC","correction_ind":"false","offroute_ind":"false","direction_ind":"UP","platform":" 1","route":"1","train_service_code":"13573015","division_code":"60","toc_id":"60","timetable_variation":"1","variation_status":"EARLY","next_report_stanox":"08521","next_report_run_time":"1","train_terminated":"false","delay_monitoring_point":"true","reporting_stanox":"00000","auto_expected":"true"}},{"header":{"msg_type":"0003","msg_queue_timestamp":"1713559213000","source_system_id":"TRUST","original_data_source":"SMART"},"body":{"train_id":"081K66M719","actual_timestamp":"1713562800000","loc_stanox":"08521","gbtt_timestamp":"1713562920000","planned_timestamp":"1713562890000","planned_event_type":"ARRIVAL","event_type":"ARRIVAL","event_source":"AUTOMATIC","correction_ind":"false","offroute_ind":"false","direction_ind":"UP","platform":" 1","route":"0","train_service_code":"13573015","division_code":"60","toc_id":"60","timetable_variation":"1","variation_status":"EARLY","next_report_stanox":"08519","next_report_run_time":"2","train_terminated":"false","delay_monitoring_point":"false","reporting_stanox":"00000","auto_expected":"true"}},{"header":{"msg_type":"0003","msg_queue_timestamp":"1713559213000","source_system_id":"TRUST","original_data_source":"SMART"},"body":{"train_id":"652O64MZ19","actual_timestamp":"1713562800000","loc_stanox":"66510","gbtt_timestamp":"1713562680000","planned_timestamp":"1713562680000","planned_event_type":"ARRIVAL","event_type":"ARRIVAL","event_source":"AUTOMATIC","correction_ind":"false","offroute_ind":"false","direction_ind":"DOWN","platform":" 4","route":"0","train_service_code":"22272000","division_code":"29","toc_id":"29","timetable_variation":"2","variation_status":"LATE","next_report_stanox":"66513","next_report_run_time":"1","train_terminated":"false","delay_monitoring_point":"true","reporting_stanox":"66510","auto_expected":"true"}},{"header":{"msg_type":"0003","msg_queue_timestamp":"1713559213000","source_system_id":"TRUST","original_data_source":"SMART"},"body":{"train_id":"551Y34M719","actual_timestamp":"1713562740000","loc_stanox":"56524","gbtt_timestamp":"1713562740000","planned_timestamp":"1713562740000","planned_event_type":"DEPARTURE","event_type":"DEPARTURE","event_source":"AUTOMATIC","correction_ind":"false","offroute_ind":"false","direction_ind":"DOWN","line_ind":"E","platform":" 1","route":"2","train_service_code":"21865000","division_code":"23","toc_id":"23","timetable_variation":"0","variation_status":"ON TIME","next_report_stanox":"56508","next_report_run_time":"4","train_terminated":"false","delay_monitoring_point":"false","reporting_stanox":"00000","auto_expected":"true"}},{"header":{"msg_type":"0003","msg_queue_timestamp":"1713559213000","source_system_id":"TRUST","original_data_source":"SMART"},"body":{"train_id":"321A81MZ19","actual_timestamp":"1713562800000","loc_stanox":"70030","planned_timestamp":"1713562710000","planned_event_type":"DEPARTURE","event_type":"DEPARTURE","event_source":"AUTOMATIC","correction_ind":"false","offroute_ind":"false","direction_ind":"UP","line_ind":"F","platform":" 4","route":"4","train_service_code":"22108001","division_code":"65","toc_id":"65","timetable_variation":"2","variation_status":"LATE","next_report_stanox":"70070","next_report_run_time":"1","train_terminated":"false","delay_monitoring_point":"true","reporting_stanox":"70030","auto_expected":"true"}},{"header":{"msg_type":"0003","msg_queue_timestamp":"1713559213000","source_system_id":"TRUST","original_data_source":"SMART"},"body":{"train_id":"782P97MZ19","actual_timestamp":"1713562800000","loc_stanox":"78410","gbtt_timestamp":"1713562860000","planned_timestamp":"1713562830000","planned_event_type":"ARRIVAL","event_type":"ARRIVAL","event_source":"AUTOMATIC","correction_ind":"false","offroute_ind":"false","direction_ind":"DOWN","line_ind":"D","platform":" 1","route":"0","train_service_code":"25441000","division_code":"71","toc_id":"71","timetable_variation":"0","variation_status":"ON TIME","next_report_stanox":"78420","next_report_run_time":"1","train_terminated":"false","delay_monitoring_point":"false","reporting_stanox":"00000","auto_expected":"true"}},{"header":{"msg_type":"0003","msg_queue_timestamp":"1713559213000","source_system_id":"TRUST","original_data_source":"SMART"},"body":{"train_id":"369E21M719","actual_timestamp":"1713562800000","loc_stanox":"31519","planned_timestamp":"1713562800000","planned_event_type":"ARRIVAL","event_type":"ARRIVAL","event_source":"AUTOMATIC","correction_ind":"false","offroute_ind":"false","route":"0","train_service_code":"21731000","division_code":"20","toc_id":"20","timetable_variation":"0","variation_status":"ON TIME","next_report_stanox":"31515","next_report_run_time":"1","train_terminated":"false","delay_monitoring_point":"false","reporting_stanox":"00000","auto_expected":"true"}},{"header":{"msg_type":"0003","msg_queue_timestamp":"1713559213000","source_system_id":"TRUST","original_data_source":"SMART"},"body":{"train_id":"541S31MY19","actual_timestamp":"1713562800000","loc_stanox":"13800","planned_timestamp":"1713562590000","planned_event_type":"DEPARTURE","event_type":"DEPARTURE","event_source":"AUTOMATIC","correction_ind":"false","offroute_ind":"false","direction_ind":"DOWN","line_ind":"F","route":"2","train_service_code":"21700001","division_code":"61","toc_id":"61","timetable_variation":"4","variation_status":"LATE","next_report_stanox":"13702","next_report_run_time":"5","train_terminated":"false","delay_monitoring_point":"false","reporting_stanox":"00000","auto_expected":"true"}},{"header":{"msg_type":"0001","msg_queue_timestamp":"1713559213000","source_system_id":"TRUST","original_data_source":"TSIA"},"body":{"train_id":"705Y77M819","toc_id":"29","schedule_wtt_id":"5Y77M","sched_origin_stanox":"70100","creation_timestamp":"1713562813000","origin_dep_timestamp":"1713566400000","train_uid":"C75662","schedule_start_date":"2023-12-11","schedule_end_date":"2024-05-31","schedule_source":"C","schedule_type":"O","d1266_record_number":"00000","tp_origin_timestamp":"2024-04-19","train_call_type":"AUTOMATIC","train_call_mode":"NORMAL","train_service_code":"22209001"}},{"header":{"msg_type":"0001","msg_queue_timestamp":"1713559214000","source_system_id":"TRUST","original_data_source":"TSIA"},"body":{"train_id":"735G80M819","toc_id":"33","schedule_wtt_id":"5G80M","sched_origin_stanox":"73216","creation_timestamp":"1713562813000","origin_dep_timestamp":"1713566400000","train_uid":"P08940","schedule_start_date":"2023-12-11","schedule_end_date":"2024-05-31","schedule_source":"C","schedule_type":"O","d1266_record_number":"00000","tp_origin_timestamp":"2024-04-19","train_call_type":"AUTOMATIC","train_call_mode":"NORMAL","train_service_code":"21381008"}},{"header":{"msg_type":"0003","msg_queue_timestamp":"1713559214000","source_system_id":"TRUST","original_data_source":"SMART"},"body":{"train_id":"152D59MZ19","actual_timestamp":"1713562740000","loc_stanox":"15702","gbtt_timestamp":"1713562740000","planned_timestamp":"1713562770000","planned_event_type":"DEPARTURE","event_type":"DEPARTURE","event_source":"AUTOMATIC","correction_ind":"false","offroute_ind":"false","direction_ind":"UP","line_ind":"M","platform":" 1","route":"1","train_service_code":"21801000","division_code":"23","toc_id":"23","timetable_variation":"0","variation_status":"ON TIME","next_report_stanox":"15714","next_report_run_time":"6","train_terminated":"false","delay_monitoring_point":"false","reporting_stanox":"00000","auto_expected":"true"}},{"header":{"msg_type":"0003","msg_queue_timestamp":"1713559214000","source_system_id":"TRUST","original_data_source":"SMART"},"body":{"train_id":"234L14CP19","actual_timestamp":"1713562740000","loc_stanox":"49145","planned_timestamp":"1713565380000","planned_event_type":"DEPARTURE","event_type":"DEPARTURE","event_source":"AUTOMATIC","correction_ind":"false","offroute_ind":"false","direction_ind":"DOWN","line_ind":"D","platform":" 2","route":"1","train_service_code":"55460180","division_code":"54","toc_id":"54","timetable_variation":"44","variation_status":"EARLY","next_report_stanox":"49153","next_report_run_time":"3","train_terminated":"false","delay_monitoring_point":"true","train_file_address":"M89","reporting_stanox":"49145","auto_expected":"true"}},{"header":{"msg_type":"0003","msg_queue_timestamp":"1713559214000","source_system_id":"TRUST","original_data_source":"SMART"},"body":{"train_id":"782M68MZ19","actual_timestamp":"1713562860000","loc_stanox":"78400","gbtt_timestamp":"1713562920000","planned_timestamp":"1713562860000","planned_event_type":"ARRIVAL","event_type":"ARRIVAL","event_source":"AUTOMATIC","correction_ind":"false","offroute_ind":"false","direction_ind":"UP","line_ind":"U","platform":" 2","route":"0","train_service_code":"25442000","division_code":"71","toc_id":"71","timetable_variation":"0","variation_status":"ON TIME","next_report_stanox":"78220","next_report_run_time":"1","train_terminated":"false","delay_monitoring_point":"true","reporting_stanox":"78400","auto_expected":"true"}},{"header":{"msg_type":"0003","msg_queue_timestamp":"1713559214000","source_system_id":"TRUST","original_data_source":"SMART"},"body":{"train_id":"459J69M719","actual_timestamp":"1713562740000","loc_stanox":"45201","gbtt_timestamp":"1713562800000","planned_timestamp":"1713562800000","planned_event_type":"DEPARTURE","event_type":"DEPARTURE","event_source":"AUTOMATIC","correction_ind":"false","offroute_ind":"false","direction_ind":"UP","line_ind":"S","platform":" 2","route":"2","train_service_code":"22727100","division_code":"88","toc_id":"88","timetable_variation":"1","variation_status":"EARLY","next_report_stanox":"45402","next_report_run_time":"7","train_terminated":"false","delay_monitoring_point":"true","reporting_stanox":"45201","auto_expected":"true"}},{"header":{"msg_type":"0001","msg_queue_timestamp":"1713559214000","source_system_id":"TRUST","original_data_source":"TSIA"},"body":{"train_id":"895N10M819","toc_id":"80","schedule_wtt_id":"5N10M","sched_origin_stanox":"89403","creation_timestamp":"1713562814000","origin_dep_timestamp":"1713566400000","train_uid":"W04715","schedule_start_date":"2024-04-15","schedule_end_date":"2024-04-19","schedule_source":"C","schedule_type":"P","d1266_record_number":"00000","tp_origin_timestamp":"2024-04-19","train_call_type":"AUTOMATIC","train_call_mode":"NORMAL","train_service_code":"24606004"}},{"header":{"msg_type":"0003","msg_queue_timestamp":"1713559214000","source_system_id":"TRUST","original_data_source":"SMART"},"body":{"train_id":"782E68M719","actual_timestamp":"1713562920000","loc_stanox":"78140","gbtt_timestamp":"1713562920000","planned_timestamp":"1713562920000","planned_event_type":"DEPARTURE","event_type":"DEPARTURE","event_source":"AUTOMATIC","correction_ind":"false","offroute_ind":"false","direction_ind":"DOWN","platform":" 1","route":"2","train_service_code":"25446000","division_code":"71","toc_id":"71","timetable_variation":"0","variation_status":"ON TIME","next_report_stanox":"78142","next_report_run_time":"2","train_terminated":"false","delay_monitoring_point":"false","reporting_stanox":"00000","auto_expected":"true"}},{"header":{"msg_type":"0001","msg_queue_timestamp":"1713559214000","source_system_id":"TRUST","original_data_source":"TSIA"},"body":{"train_id":"865P91M819","toc_id":"84","schedule_wtt_id":"5P91M","sched_origin_stanox":"86323","creation_timestamp":"1713562814000","origin_dep_timestamp":"1713566400000","train_uid":"Y05454","schedule_start_date":"2023-12-15","schedule_end_date":"2024-05-31","schedule_source":"C","schedule_type":"O","d1266_record_number":"00000","tp_origin_timestamp":"2024-04-19","train_call_type":"AUTOMATIC","train_call_mode":"NORMAL","train_service_code":"24676004"}},{"header":{"msg_type":"0003","msg_queue_timestamp":"1713559214000","source_system_id":"TRUST","original_data_source":"SMART"},"body":{"train_id":"872S69M719","actual_timestamp":"1713562860000","loc_stanox":"87149","gbtt_timestamp":"1713562920000","planned_timestamp":"1713562890000","planned_event_type":"ARRIVAL","event_type":"ARRIVAL","event_source":"AUTOMATIC","correction_ind":"false","offroute_ind":"false","direction_ind":"DOWN","line_ind":"F","platform":" 3","route":"0","train_service_code":"24671205","division_code":"84","toc_id":"84","timetable_variation":"0","variation_status":"ON TIME","next_report_stanox":"87150","next_report_run_time":"1","train_terminated":"false","delay_monitoring_point":"true","reporting_stanox":"87149","auto_expected":"true"}},{"header":{"msg_type":"0003","msg_queue_timestamp":"1713559214000","source_system_id":"TRUST","original_data_source":"SMART"},"body":{"train_id":"871A65MZ19","actual_timestamp":"1713562860000","loc_stanox":"87021","gbtt_timestamp":"1713562740000","planned_timestamp":"1713562740000","planned_event_type":"DESTINATION","event_type":"ARRIVAL","event_source":"AUTOMATIC","correction_ind":"false","offroute_ind":"false","direction_ind":"DOWN","platform":" 1","route":"0","train_service_code":"24632104","division_code":"84","toc_id":"84","timetable_variation":"2","variation_status":"LATE","train_terminated":"true","delay_monitoring_point":"true","reporting_stanox":"87021","auto_expected":"true"}},{"header":{"msg_type":"0003","msg_queue_timestamp":"1713559214000","source_system_id":"TRUST","original_data_source":"SMART"},"body":{"train_id":"321O68MU19","actual_timestamp":"1713562800000","loc_stanox":"86499","planned_timestamp":"1713562830000","planned_event_type":"DEPARTURE","event_type":"DEPARTURE","event_source":"AUTOMATIC","correction_ind":"false","offroute_ind":"false","direction_ind":"DOWN","line_ind":"F","platform":" 2","route":"1","train_service_code":"22180014","division_code":"27","toc_id":"27","timetable_variation":"0","variation_status":"ON TIME","next_report_stanox":"86513","next_report_run_time":"2","train_terminated":"false","delay_monitoring_point":"true","reporting_stanox":"86499","auto_expected":"true"}},{"header":{"msg_type":"0003","msg_queue_timestamp":"1713559214000","source_system_id":"TRUST","original_data_source":"SMART"},"body":{"train_id":"871D70M719","actual_timestamp":"1713562740000","loc_stanox":"87685","gbtt_timestamp":"1713562800000","planned_timestamp":"1713562830000","planned_event_type":"DEPARTURE","event_type":"DEPARTURE","event_source":"AUTOMATIC","correction_ind":"false","offroute_ind":"false","direction_ind":"UP","line_ind":"P","platform":" 1","route":"3","train_service_code":"24673305","division_code":"84","toc_id":"84","timetable_variation":"1","variation_status":"EARLY","next_report_stanox":"87683","next_report_run_time":"3","train_terminated":"false","delay_monitoring_point":"true","reporting_stanox":"87685","auto_expected":"true"}},{"header":{"msg_type":"0003","msg_queue_timestamp":"1713559215000","source_system_id":"TRUST","original_data_source":"SMART"},"body":{"train_id":"872M69M719","actual_timestamp":"1713562800000","loc_stanox":"87205","planned_timestamp":"1713562800000","planned_event_type":"DEPARTURE","event_type":"DEPARTURE","event_source":"AUTOMATIC","correction_ind":"false","offroute_ind":"false","direction_ind":"UP","line_ind":"D","route":"1","train_service_code":"24968000","division_code":"88","toc_id":"88","timetable_variation":"0","variation_status":"ON TIME","next_report_stanox":"72245","next_report_run_time":"2","train_terminated":"false","delay_monitoring_point":"true","reporting_stanox":"87205","auto_expected":"true"}},{"header":{"msg_type":"0003","msg_queue_timestamp":"1713559215000","source_system_id":"TRUST","original_data_source":"SMART"},"body":{"train_id":"639O75MZ19","actual_timestamp":"1713562740000","loc_stanox":"87246","gbtt_timestamp":"1713562800000","planned_timestamp":"1713562830000","planned_event_type":"DEPARTURE","event_type":"DEPARTURE","event_source":"AUTOMATIC","correction_ind":"false","offroute_ind":"false","direction_ind":"DOWN","platform":" 4","route":"2","train_service_code":"22728000","division_code":"88","toc_id":"88","timetable_variation":"1","variation_status":"EARLY","next_report_stanox":"87247","next_report_run_time":"5","train_terminated":"false","delay_monitoring_point":"false","reporting_stanox":"00000","auto_expected":"true"}}]