[{"header":{"msg_type":"0003","msg_queue_timestamp":"1713163106000","source_system_id":"TRUST","original_data_source":"SMART"},"body":{"train_id":"861F08MA15","actual_timestamp":"1713166740000","loc_stanox":"86301","gbtt_timestamp":"1713166620000","planned_timestamp":"1713166590000","planned_event_type":"ARRIVAL","event_type":"ARRIVAL","event_source":"AUTOMATIC","correction_ind":"false","offroute_ind":"false","direction_ind":"UP","platform":" 1","route":"0","train_service_code":"25470001","division_code":"25","toc_id":"25","timetable_variation":"3","variation_status":"LATE","next_report_stanox":"86241","next_report_run_time":"1","train_terminated":"false","delay_monitoring_point":"true","reporting_stanox":"86301","auto_expected":"true"}},{"header":{"msg_type":"0003","msg_queue_timestamp":"1713163106000","source_system_id":"TRUST","original_data_source":"SMART"},"body":{"train_id":"749U39M615","actual_timestamp":"1713166680000","loc_stanox":"52745","gbtt_timestamp":"1713166680000","planned_timestamp":"1713166680000","planned_event_type":"DEPARTURE","event_type":"DEPARTURE","event_source":"AUTOMATIC","correction_ind":"false","offroute_ind":"false","direction_ind":"UP","route":"1","train_service_code":"25381001","division_code":"33","toc_id":"33","timetable_variation":"0","variation_status":"ON TIME","next_report_stanox":"52085","next_report_run_time":"2","train_terminated":"false","delay_monitoring_point":"false","reporting_stanox":"00000","auto_expected":"true"}},{"header":{"msg_type":"0003","msg_queue_timestamp":"1713163106000","source_system_id":"TRUST","original_data_source":"SMART"},"body":{"train_id":"702Y07M615","actual_timestamp":"1713166620000","loc_stanox":"69213","gbtt_timestamp":"1713166200000","planned_timestamp":"1713166230000","planned_event_type":"DEPARTURE","event_type":"DEPARTURE","event_source":"AUTOMATIC","correction_ind":"false","offroute_ind":"false","direction_ind":"DOWN","line_ind":"2","platform":" 2","route":"1","train_service_code":"22259000","division_code":"29","toc_id":"29","timetable_variation":"7","variation_status":"LATE","next_report_stanox":"69215","next_report_run_time":"3","train_terminated":"false","delay_monitoring_point":"false","reporting_stanox":"00000","auto_expected":"true"}},{"header":{"msg_type":"0003","msg_queue_timestamp":"1713163106000","source_system_id":"TRUST","original_data_source":"SMART"},"body":{"train_id":"511B81MA15","actual_timestamp":"1713166680000","loc_stanox":"51019","gbtt_timestamp":"1713166680000","planned_timestamp":"1713166680000","planned_event_type":"DEPARTURE","event_type":"DEPARTURE","event_source":"AUTOMATIC","correction_ind":"false","offroute_ind":"false","direction_ind":"UP","line_ind":"U","platform":" 1","route":"1","train_service_code":"26936004","division_code":"79","toc_id":"79","timetable_variation":"0","variation_status":"ON TIME","next_report_stanox":"51301","next_report_run_time":"3","train_terminated":"false","delay_monitoring_point":"true","reporting_stanox":"51019","auto_expected":"true"}},{"header":{"msg_type":"0003","msg_queue_timestamp":"1713163106000","source_system_id":"TRUST","original_data_source":"SMART"},"body":{"train_id":"842C02M615","actual_timestamp":"1713166740000","loc_stanox":"85303","gbtt_timestamp":"1713166680000","planned_timestamp":"1713166650000","planned_event_type":"ARRIVAL","event_type":"ARRIVAL","event_source":"AUTOMATIC","correction_ind":"false","offroute_ind":"false","direction_ind":"DOWN","line_ind":"1","platform":" 1","route":"0","train_service_code":"25474001","division_code":"25","toc_id":"25","timetable_variation":"2","variation_status":"LATE","next_report_stanox":"85401","next_report_run_time":"1","train_terminated":"false","delay_monitoring_point":"false","reporting_stanox":"00000","auto_expected":"true"}},{"header":{"msg_type":"0003","msg_queue_timestamp":"1713163106000","source_system_id":"TRUST","original_data_source":"SMART"},"body":{"train_id":"471B09M615","actual_timestamp":"1713166740000","loc_stanox":"52741","gbtt_timestamp":"1713166860000","planned_timestamp":"1713166740000","planned_event_type":"DESTINATION","event_type":"ARRIVAL","event_source":"AUTOMATIC","correction_ind":"false","offroute_ind":"false","direction_ind":"UP","platform":" 2","route":"0","train_service_code":"25911000","division_code":"21","toc_id":"21","timetable_variation":"0","variation_status":"ON TIME","train_terminated":"true","delay_monitoring_point":"true","reporting_stanox":"52741","auto_expected":"true"}},{"header":{"msg_type":"0003","msg_queue_timestamp":"1713163106000","source_system_id":"TRUST","original_data_source":"SMART"},"body":{"train_id":"522T17MA15","actual_timestamp":"1713166680000","loc_stanox":"52739","gbtt_timestamp":"1713166620000","planned_timestamp":"1713166650000","planned_event_type":"DEPARTURE","event_type":"DEPARTURE","event_source":"AUTOMATIC","correction_ind":"false","offroute_ind":"false","direction_ind":"UP","line_ind":"S","platform":" 1","route":"3","train_service_code":"25235001","division_code":"30","toc_id":"30","timetable_variation":"1","variation_status":"LATE","next_report_stanox":"52741","next_report_run_time":"4","train_terminated":"false","delay_monitoring_point":"true","reporting_stanox":"52739","auto_expected":"true"}},{"header":{"msg_type":"0003","msg_queue_timestamp":"1713163106000","source_system_id":"TRUST","original_data_source":"SMART"},"body":{"train_id":"631D06M615","actual_timestamp":"1713166680000","loc_stanox":"56650","gbtt_timestamp":"1713166620000","planned_timestamp":"1713166620000","planned_event_type":"DEPARTURE","event_type":"DEPARTURE","event_source":"AUTOMATIC","correction_ind":"false","offroute_ind":"false","direction_ind":"DOWN","line_ind":"F","platform":" 1","route":"1","train_service_code":"22153000","division_code":"28","toc_id":"28","timetable_variation":"1","variation_status":"LATE","next_report_stanox":"56605","next_report_run_time":"1","train_terminated":"false","delay_monitoring_point":"false","reporting_stanox":"00000","auto_expected":"true"}},{"header":{"msg_type":"0003","msg_queue_timestamp":"1713163106000","source_system_id":"TRUST","original_data_source":"SMART"},"body":{"train_id":"739W26M615","actual_timestamp":"1713166620000","loc_stanox":"50331","gbtt_timestamp":"1713166620000","planned_timestamp":"1713166620000","planned_event_type":"DEPARTURE","event_type":"DEPARTURE","event_source":"AUTOMATIC","correction_ind":"false","offroute_ind":"false","direction_ind":"DOWN","platform":" 4","route":"1","train_service_code":"21381901","division_code":"33","toc_id":"33","timetable_variation":"0","variation_status":"ON TIME","next_report_stanox":"50328","next_report_run_time":"6","train_terminated":"false","delay_monitoring_point":"false","reporting_stanox":"00000","auto_expected":"true"}},{"header":{"msg_type":"0003","msg_queue_timestamp":"1713163106000","source_system_id":"TRUST","original_data_source":"SMART"},"body":{"train_id":"522H08MA15","actual_timestamp":"1713166740000","loc_stanox":"51931","gbtt_timestamp":"1713166800000","planned_timestamp":"1713166770000","planned_event_type":"ARRIVAL","event_type":"ARRIVAL","event_source":"AUTOMATIC","correction_ind":"false","offroute_ind":"false","direction_ind":"DOWN","platform":" 4","route":"0","train_service_code":"21913000","division_code":"21","toc_id":"21","timetable_variation":"0","variation_status":"ON TIME","next_report_stanox":"51914","next_report_run_time":"1","train_terminated":"false","delay_monitoring_point":"false","reporting_stanox":"00000","auto_expected":"true"}},{"header":{"msg_type":"0003","msg_queue_timestamp":"1713163106000","source_system_id":"TRUST","original_data_source":"SMART"},"body":{"train_id":"032G16MA15","actual_timestamp":"1713166740000","loc_stanox":"03319","gbtt_timestamp":"1713166740000","planned_timestamp":"1713166740000","planned_event_type":"ARRIVAL","event_type":"ARRIVAL","event_source":"AUTOMATIC","correction_ind":"false","offroute_ind":"false","direction_ind":"UP","platform":" 1","route":"0","train_service_code":"23587103","division_code":"60","toc_id":"60","timetable_variation":"0","variation_status":"ON TIME","next_report_stanox":"03321","next_report_run_time":"2","train_terminated":"false","delay_monitoring_point":"false","reporting_stanox":"00000","auto_expected":"true"}},{"header":{"msg_type":"0003","msg_queue_timestamp":"1713163106000","source_system_id":"TRUST","original_data_source":"SMART"},"body":{"train_id":"352U05M615","actual_timestamp":"1713166620000","loc_stanox":"36084","gbtt_timestamp":"1713166440000","planned_timestamp":"1713166470000","planned_event_type":"DEPARTURE","event_type":"DEPARTURE","event_source":"AUTOMATIC","correction_ind":"false","offroute_ind":"false","direction_ind":"UP","platform":" 1","route":"2","train_service_code":"12302012","division_code":"64","toc_id":"64","timetable_variation":"3","variation_status":"LATE","next_report_stanox":"36086","next_report_run_time":"2","train_terminated":"false","delay_monitoring_point":"false","reporting_stanox":"00000","auto_expected":"true"}},{"header":{"msg_type":"0003","msg_queue_timestamp":"1713163106000","source_system_id":"TRUST","original_data_source":"SMART"},"body":{"train_id":"352U05M615","actual_timestamp":"1713166800000","loc_stanox":"36086","gbtt_timestamp":"1713166620000","planned_timestamp":"1713166590000","planned_event_type":"ARRIVAL","event_type":"ARRIVAL","event_source":"AUTOMATIC","correction_ind":"false","offroute_ind":"false","direction_ind":"UP","line_ind":"1","platform":" 1","route":"0","train_service_code":"12302012","division_code":"64","toc_id":"64","timetable_variation":"4","variation_status":"LATE","next_report_stanox":"36088","next_report_run_time":"1","train_terminated":"false","delay_monitoring_point":"true","reporting_stanox":"36086","auto_expected":"true"}},{"header":{"msg_type":"0003","msg_queue_timestamp":"1713163106000","source_system_id":"TRUST","original_data_source":"SMART"},"body":{"train_id":"721S37M515","actual_timestamp":"1713166680000","loc_stanox":"37011","planned_timestamp":"1713166380000","planned_event_type":"DEPARTURE","event_type":"DEPARTURE","event_source":"AUTOMATIC","correction_ind":"false","offroute_ind":"false","direction_ind":"DOWN","platform":" 2","route":"1","train_service_code":"22112001","division_code":"65","toc_id":"65","timetable_variation":"5","variation_status":"LATE","next_report_stanox":"37003","next_report_run_time":"3","train_terminated":"false","delay_monitoring_point":"true","reporting_stanox":"37011","auto_expected":"true"}},{"header":{"msg_type":"0003","msg_queue_timestamp":"1713163106000","source_system_id":"TRUST","original_data_source":"SMART"},"body":{"train_id":"072F07MA15","actual_timestamp":"1713166680000","loc_stanox":"07411","gbtt_timestamp":"1713166680000","planned_timestamp":"1713166680000","planned_event_type":"ARRIVAL","event_type":"ARRIVAL","event_source":"AUTOMATIC","correction_ind":"false","offroute_ind":"false","direction_ind":"DOWN","platform":" 1","route":"0","train_service_code":"23563015","division_code":"60","toc_id":"60","timetable_variation":"0","variation_status":"ON TIME","next_report_stanox":"07278","next_report_run_time":"1","train_terminated":"false","delay_monitoring_point":"false","reporting_stanox":"00000","auto_expected":"true"}},{"header":{"msg_type":"0003","msg_queue_timestamp":"1713163107000","source_system_id":"TRUST","original_data_source":"SMART"},"body":{"train_id":"865B25MB15","actual_timestamp":"1713166740000","loc_stanox":"86927","planned_timestamp":"1713167160000","planned_event_type":"ARRIVAL","event_type":"ARRIVAL","event_source":"AUTOMATIC","correction_ind":"false","offroute_ind":"false","route":"0","train_service_code":"24676004","division_code":"84","toc_id":"84","timetable_variation":"7","variation_status":"EARLY","next_report_stanox":"86935","next_report_run_time":"7","train_terminated":"false","delay_monitoring_point":"true","reporting_stanox":"86927","auto_expected":"true"}},{"header":{"msg_type":"0003","msg_queue_timestamp":"1713163107000","source_system_id":"TRUST","original_data_source":"SMART"},"body":{"train_id":"881H93MA15","actual_timestamp":"1713166620000","loc_stanox":"89392","gbtt_timestamp":"1713166680000","planned_timestamp":"1713166680000","planned_event_type":"DEPARTURE","event_type":"DEPARTURE","event_source":"AUTOMATIC","correction_ind":"false","offroute_ind":"false","direction_ind":"UP","platform":" 1","route":"2","train_service_code":"24602000","division_code":"80","toc_id":"80","timetable_variation":"1","variation_status":"EARLY","next_report_stanox":"89376","next_report_run_time":"5","train_terminated":"false","delay_monitoring_point":"true","reporting_stanox":"89392","auto_expected":"true"}},{"header":{"msg_type":"0003","msg_queue_timestamp":"1713163107000","source_system_id":"TRUST","original_data_source":"SMART"},"body":{"train_id":"362K05MB15","actual_timestamp":"1713166680000","loc_stanox":"36078","gbtt_timestamp":"1713166620000","planned_timestamp":"1713166620000","planned_event_type":"ARRIVAL","event_type":"ARRIVAL","event_source":"AUTOMATIC","correction_ind":"false","offroute_ind":"false","direction_ind":"DOWN","platform":" 2","route":"0","train_service_code":"12303012","division_code":"64","toc_id":"64","timetable_variation":"1","variation_status":"LATE","next_report_stanox":"36076","next_report_run_time":"1","train_terminated":"false","delay_monitoring_point":"false","reporting_stanox":"00000","auto_expected":"true"}},{"header":{"msg_type":"0003","msg_queue_timestamp":"1713163107000","source_system_id":"TRUST","original_data_source":"SMART"},"body":{"train_id":"631J12MB15","actual_timestamp":"1713166680000","loc_stanox":"63621","planned_timestamp":"1713166740000","planned_event_type":"DEPARTURE","event_type":"DEPARTURE","event_source":"AUTOMATIC","correction_ind":"false","offroute_ind":"false","direction_ind":"DOWN","line_ind":"D","route":"1","train_service_code":"24647004","division_code":"80","toc_id":"80","timetable_variation":"1","variation_status":"EARLY","next_report_stanox":"52217","next_report_run_time":"3","train_terminated":"false","delay_monitoring_point":"true","reporting_stanox":"63621","auto_expected":"true"}},{"header":{"msg_type":"0003","msg_queue_timestamp":"1713163107000","source_system_id":"TRUST","original_data_source":"SMART"},"body":{"train_id":"662U08M615","actual_timestamp":"1713166740000","loc_stanox":"65603","gbtt_timestamp":"1713166560000","planned_timestamp":"1713166530000","planned_event_type":"ARRIVAL","event_type":"ARRIVAL","event_source":"AUTOMATIC","correction_ind":"false","offroute_ind":"false","direction_ind":"DOWN","platform":" 1","route":"0","train_service_code":"12272820","division_code":"29","toc_id":"29","timetable_variation":"4","variation_status":"LATE","next_report_stanox":"65601","next_report_run_time":"1","train_terminated":"false","delay_monitoring_point":"false","reporting_stanox":"00000","auto_expected":"true"}},{"header":{"msg_type":"0003","msg_queue_timestamp":"1713163107000","source_system_id":"TRUST","original_data_source":"SMART"},"body":{"train_id":"739U53MB15","actual_timestamp":"1713166680000","loc_stanox":"73784","planned_timestamp":"1713166740000","planned_event_type":"DEPARTURE","event_type":"DEPARTURE","event_source":"AUTOMATIC","correction_ind":"false","offroute_ind":"false","direction_ind":"UP","line_ind":"U","route":"1","train_service_code":"25381202","division_code":"33","toc_id":"33","timetable_variation":"1","variation_status":"EARLY","next_report_stanox":"73799","train_terminated":"false","delay_monitoring_point":"true","reporting_stanox":"73784","auto_expected":"true"}},{"header":{"msg_type":"0003","msg_queue_timestamp":"1713163107000","source_system_id":"TRUST","original_data_source":"SMART"},"body":{"train_id":"042M21MA15","actual_timestamp":"1713166680000","loc_stanox":"06710","planned_timestamp":"1713166710000","planned_event_type":"DEPARTURE","event_type":"DEPARTURE","event_source":"AUTOMATIC","correction_ind":"false","offroute_ind":"false","direction_ind":"DOWN","line_ind":"M","platform":" 2","route":"2","train_service_code":"13560015","division_code":"60","toc_id":"60","timetable_variation":"0","variation_status":"ON TIME","next_report_stanox":"06707","next_report_run_time":"2","train_terminated":"false","delay_monitoring_point":"false","reporting_stanox":"00000","auto_expected":"true"}},{"header":{"msg_type":"0003","msg_queue_timestamp":"1713163107000","source_system_id":"TRUST","original_data_source":"SMART"},"body":{"train_id":"871R10MB15","actual_timestamp":"1713166680000","loc_stanox":"87201","gbtt_timestamp":"1713166680000","planned_timestamp":"1713166680000","planned_event_type":"DEPARTURE","event_type":"DEPARTURE","event_source":"AUTOMATIC","correction_ind":"false","offroute_ind":"false","direction_ind":"DOWN","platform":"19","route":"1","train_service_code":"24745000","division_code":"88","toc_id":"88","timetable_variation":"0","variation_status":"ON TIME","next_report_stanox":"87199","next_report_run_time":"2","train_terminated":"false","delay_monitoring_point":"true","reporting_stanox":"87201","auto_expected":"true"}},{"header":{"msg_type":"0003","msg_queue_timestamp":"1713163107000","source_system_id":"TRUST","original_data_source":"SMART"},"body":{"train_id":"172V07MB15","actual_timestamp":"1713166740000","loc_stanox":"17054","gbtt_timestamp":"1713166740000","planned_timestamp":"1713166740000","planned_event_type":"ARRIVAL","event_type":"ARRIVAL","event_source":"AUTOMATIC","correction_ind":"false","offroute_ind":"false","direction_ind":"UP","platform":" 2","route":"0","train_service_code":"11819020","division_code":"23","toc_id":"23","timetable_variation":"0","variation_status":"ON TIME","next_report_stanox":"17045","next_report_run_time":"1","train_terminated":"false","delay_monitoring_point":"false","reporting_stanox":"00000","auto_expected":"true"}},{"header":{"msg_type":"0003","msg_queue_timestamp":"1713163107000","source_system_id":"TRUST","original_data_source":"SMART"},"body":{"train_id":"751G01M615","actual_timestamp":"1713166680000","loc_stanox":"68076","gbtt_timestamp":"1713166500000","planned_timestamp":"1713166500000","planned_event_type":"DEPARTURE","event_type":"DEPARTURE","event_source":"AUTOMATIC","correction_ind":"false","offroute_ind":"false","direction_ind":"UP","platform":" 2","route":"2","train_service_code":"25390003","division_code":"25","toc_id":"25","timetable_variation":"3","variation_status":"LATE","next_report_stanox":"68071","next_report_run_time":"5","train_terminated":"false","delay_monitoring_point":"true","reporting_stanox":"68076","auto_expected":"true"}},{"header":{"msg_type":"0003","msg_queue_timestamp":"1713163107000","source_system_id":"TRUST","original_data_source":"SMART"},"body":{"train_id":"172I06MA15","actual_timestamp":"1713166680000","loc_stanox":"18442","planned_timestamp":"1713166740000","planned_event_type":"DEPARTURE","event_type":"DEPARTURE","event_source":"AUTOMATIC","correction_ind":"false","offroute_ind":"false","direction_ind":"UP","line_ind":"S","route":"2","train_service_code":"11874020","division_code":"23","toc_id":"23","timetable_variation":"1","variation_status":"EARLY","next_report_stanox":"18441","next_report_run_time":"2","train_terminated":"false","delay_monitoring_point":"false","reporting_stanox":"00000","auto_expected":"true"}},{"header":{"msg_type":"0003","msg_queue_timestamp":"1713163108000","source_system_id":"TRUST","original_data_source":"SMART"},"body":{"train_id":"892F16MB15","actual_timestamp":"1713166740000","loc_stanox":"89342","gbtt_timestamp":"1713166740000","planned_timestamp":"1713166710000","planned_event_type":"ARRIVAL","event_type":"ARRIVAL","event_source":"AUTOMATIC","correction_ind":"false","offroute_ind":"false","direction_ind":"UP","platform":" 1","route":"0","train_service_code":"24655000","division_code":"80","toc_id":"80","timetable_variation":"1","variation_status":"LATE","next_report_stanox":"89341","next_report_run_time":"1","train_terminated":"false","delay_monitoring_point":"false","reporting_stanox":"00000","auto_expected":"true"}},{"header":{"msg_type":"0003","msg_queue_timestamp":"1713163108000","source_system_id":"TRUST","original_data_source":"SMART"},"body":{"train_id":"749U55MA15","actual_timestamp":"1713166740000","loc_stanox":"73816","gbtt_timestamp":"1713166800000","planned_timestamp":"1713166770000","planned_event_type":"ARRIVAL","event_type":"ARRIVAL","event_source":"AUTOMATIC","correction_ind":"false","offroute_ind":"false","direction_ind":"UP","line_ind":"U","platform":" 4","route":"0","train_service_code":"25381001","division_code":"33","toc_id":"33","timetable_variation":"0","variation_status":"ON TIME","next_report_stanox":"73810","next_report_run_time":"1","train_terminated":"false","delay_monitoring_point":"false","reporting_stanox":"00000","auto_expected":"true"}},{"header":{"msg_type":"0003","msg_queue_timestamp":"1713163108000","source_system_id":"TRUST","original_data_source":"SMART"},"body":{"train_id":"731D14MA15","actual_timestamp":"1713166680000","loc_stanox":"74023","planned_timestamp":"1713166740000","planned_event_type":"ARRIVAL","event_type":"ARRIVAL","event_source":"AUTOMATIC","correction_ind":"false","offroute_ind":"false","route":"0","train_service_code":"25507005","division_code":"25","toc_id":"25","timetable_variation":"1","variation_status":"EARLY","next_report_stanox":"74233","next_report_run_time":"1","train_terminated":"false","delay_monitoring_point":"true","reporting_stanox":"74023","auto_expected":"true"}},{"header":{"msg_type":"0003","msg_queue_timestamp":"1713163108000","source_system_id":"TRUST","original_data_source":"SMART"},"body":{"train_id":"325H92MA15","actual_timestamp":"1713166680000","loc_stanox":"32541","gbtt_timestamp":"1713166740000","planned_timestamp":"1713166740000","planned_event_type":"DEPARTURE","event_type":"DEPARTURE","event_source":"AUTOMATIC","correction_ind":"false","offroute_ind":"false","direction_ind":"DOWN","platform":" 1","route":"2","train_service_code":"12228110","division_code":"23","toc_id":"23","timetable_variation":"1","variation_status":"EARLY","next_report_stanox":"32587","next_report_run_time":"2","train_terminated":"false","delay_monitoring_point":"true","reporting_stanox":"32541","auto_expected":"true"}},{"header":{"msg_type":"0003","msg_queue_timestamp":"1713163108000","source_system_id":"TRUST","original_data_source":"SMART"},"body":{"train_id":"111M71M615","actual_timestamp":"1713166740000","loc_stanox":"36605","planned_timestamp":"1713166800000","planned_event_type":"ARRIVAL","event_type":"ARRIVAL","event_source":"AUTOMATIC","correction_ind":"false","offroute_ind":"false","route":"0","train_service_code":"21730001","division_code":"20","toc_id":"20","timetable_variation":"1","variation_status":"EARLY","next_report_stanox":"36603","next_report_run_time":"1","train_terminated":"false","delay_monitoring_point":"true","reporting_stanox":"36605","auto_expected":"true"}},{"header":{"msg_type":"0003","msg_queue_timestamp":"1713163108000","source_system_id":"TRUST","original_data_source":"SMART"},"body":{"train_id":"872C11M615","actual_timestamp":"1713166680000","loc_stanox":"87104","gbtt_timestamp":"1713166680000","planned_timestamp":"1713166680000","planned_event_type":"ARRIVAL","event_type":"ARRIVAL","event_source":"AUTOMATIC","correction_ind":"false","offroute_ind":"false","direction_ind":"DOWN","platform":" 2","route":"0","train_service_code":"24672104","division_code":"84","toc_id":"84","timetable_variation":"0","variation_status":"ON TIME","next_report_stanox":"87103","next_report_run_time":"1","train_terminated":"false","delay_monitoring_point":"false","reporting_stanox":"00000","auto_expected":"true"}}]