[{"header":{"msg_type":"0001","msg_queue_timestamp":"1713743138000","source_system_id":"TRUST","original_data_source":"TSIA"},"body":{"train_id":"874Q011322","toc_id":"42","schedule_wtt_id":"4Q011","sched_origin_stanox":"87247","creation_timestamp":"1713746738000","origin_dep_timestamp":"1713757500000","train_uid":"U08060","schedule_start_date":"2024-04-22","schedule_end_date":"2024-04-22","schedule_source":"C","schedule_type":"N","d1266_record_number":"00000","tp_origin_timestamp":"2024-04-22","train_call_type":"AUTOMATIC","train_call_mode":"NORMAL","train_service_code":"53693803"}},{"header":{"msg_type":"0003","msg_queue_timestamp":"1713743138000","source_system_id":"TRUST","original_data_source":"SMART"},"body":{"train_id":"871H70M921","actual_timestamp":"1713746760000","loc_stanox":"87994","gbtt_timestamp":"1713746820000","planned_timestamp":"1713746790000","planned_event_type":"ARRIVAL","event_type":"ARRIVAL","event_source":"AUTOMATIC","correction_ind":"false","offroute_ind":"false","direction_ind":"DOWN","platform":" 2","route":"0","train_service_code":"24746000","division_code":"88","toc_id":"88","timetable_variation":"0","variation_status":"ON TIME","next_report_stanox":"87995","next_report_run_time":"1","train_terminated":"false","delay_monitoring_point":"false","reporting_stanox":"00000","auto_expected":"true"}}]