[{"header":{"msg_type":"0003","msg_queue_timestamp":"1713128256000","source_system_id":"TRUST","original_data_source":"SMART"},"body":{"train_id":"733Y011714","actual_timestamp":"1713131820000","loc_stanox":"72282","gbtt_timestamp":"1713131580000","planned_timestamp":"1713131580000","planned_event_type":"DESTINATION","event_type":"ARRIVAL","event_source":"AUTOMATIC","correction_ind":"false","offroute_ind":"false","direction_ind":"DOWN","route":"0","train_service_code":"21383208","division_code":"33","toc_id":"33","timetable_variation":"4","variation_status":"LATE","train_terminated":"true","delay_monitoring_point":"true","reporting_stanox":"72282","auto_expected":"true"}},{"header":{"msg_type":"0003","msg_queue_timestamp":"1713128256000","source_system_id":"TRUST","original_data_source":"TOPS","source_dev_id":"QA42159"},"body":{"train_id":"796M39CR14","actual_timestamp":"1713131640000","loc_stanox":"42159","gbtt_timestamp":"1713131760000","planned_timestamp":"1713131760000","planned_event_type":"DESTINATION","event_type":"ARRIVAL","event_source":"MANUAL","correction_ind":"false","offroute_ind":"false","route":"0","train_service_code":"57622970","division_code":"09","toc_id":"09","timetable_variation":"2","variation_status":"EARLY","train_terminated":"true","delay_monitoring_point":"true","train_file_address":"G29","reporting_stanox":"42159","auto_expected":"false"}},{"header":{"msg_type":"0003","msg_queue_timestamp":"1713128256000","source_system_id":"TRUST","original_data_source":"SMART"},"body":{"train_id":"892A72M714","actual_timestamp":"1713131820000","loc_stanox":"89406","gbtt_timestamp":"1713131040000","planned_timestamp":"1713131040000","planned_event_type":"DEPARTURE","event_type":"DEPARTURE","event_source":"AUTOMATIC","correction_ind":"false","offroute_ind":"false","direction_ind":"UP","platform":" 1","route":"1","train_service_code":"24606004","division_code":"80","toc_id":"80","timetable_variation":"13","variation_status":"LATE","next_report_stanox":"89405","next_report_run_time":"3","train_terminated":"false","delay_monitoring_point":"false","reporting_stanox":"00000","auto_expected":"true"}},{"header":{"msg_type":"0003","msg_queue_timestamp":"1713128256000","source_system_id":"TRUST","original_data_source":"SDR","user_id":"#QDP0109","source_dev_id":"SMT9"},"body":{"train_id":"832T30MY14","actual_timestamp":"1713130260000","loc_stanox":"83631","gbtt_timestamp":"1713130380000","planned_timestamp":"1713130380000","planned_event_type":"DESTINATION","event_type":"ARRIVAL","event_source":"MANUAL","correction_ind":"false","offroute_ind":"false","route":"0","train_service_code":"25482001","division_code":"25","toc_id":"25","timetable_variation":"2","variation_status":"EARLY","train_terminated":"true","delay_monitoring_point":"true","reporting_stanox":"83631","auto_expected":"false"}},{"header":{"msg_type":"0003","msg_queue_timestamp":"1713128257000","source_system_id":"TRUST","original_data_source":"SMART"},"body":{"train_id":"529G66M714","actual_timestamp":"1713131820000","loc_stanox":"52082","gbtt_timestamp":"1713131820000","planned_timestamp":"1713131820000","planned_event_type":"ARRIVAL","event_type":"ARRIVAL","event_source":"AUTOMATIC","correction_ind":"false","offroute_ind":"false","direction_ind":"DOWN","platform":" 2","route":"0","train_service_code":"22218000","division_code":"30","toc_id":"30","timetable_variation":"0","variation_status":"ON TIME","next_report_stanox":"52084","next_report_run_time":"1","train_terminated":"false","delay_monitoring_point":"false","reporting_stanox":"00000","auto_expected":"true"}},{"header":{"msg_type":"0003","msg_queue_timestamp":"1713128257000","source_system_id":"TRUST","original_data_source":"SMART"},"body":{"train_id":"881G65M714","actual_timestamp":"1713131880000","loc_stanox":"88246","gbtt_timestamp":"1713131820000","planned_timestamp":"1713131820000","planned_event_type":"ARRIVAL","event_type":"ARRIVAL","event_source":"AUTOMATIC","correction_ind":"false","offroute_ind":"false","direction_ind":"UP","platform":" 1","route":"0","train_service_code":"24743000","division_code":"88","toc_id":"88","timetable_variation":"1","variation_status":"LATE","next_report_stanox":"88242","next_report_run_time":"1","train_terminated":"false","delay_monitoring_point":"false","reporting_stanox":"00000","auto_expected":"true"}},{"header":{"msg_type":"0003","msg_queue_timestamp":"1713128257000","source_system_id":"TRUST","original_data_source":"SMART"},"body":{"train_id":"639P65M714","actual_timestamp":"1713131820000","loc_stanox":"88433","gbtt_timestamp":"1713131820000","planned_timestamp":"1713131850000","planned_event_type":"DEPARTURE","event_type":"DEPARTURE","event_source":"AUTOMATIC","correction_ind":"false","offroute_ind":"false","direction_ind":"DOWN","platform":" 1","route":"2","train_service_code":"22728000","division_code":"88","toc_id":"88","timetable_variation":"0","variation_status":"ON TIME","next_report_stanox":"88435","next_report_run_time":"3","train_terminated":"false","delay_monitoring_point":"false","reporting_stanox":"00000","auto_expected":"true"}},{"header":{"msg_type":"0003","msg_queue_timestamp":"1713128257000","source_system_id":"TRUST","original_data_source":"SMART"},"body":{"train_id":"879B64M714","actual_timestamp":"1713131880000","loc_stanox":"52088","gbtt_timestamp":"1713131880000","planned_timestamp":"1713131880000","planned_event_type":"ARRIVAL","event_type":"ARRIVAL","event_source":"AUTOMATIC","correction_ind":"false","offroute_ind":"false","direction_ind":"UP","platform":" 1","route":"0","train_service_code":"22215003","division_code":"30","toc_id":"30","timetable_variation":"0","variation_status":"ON TIME","next_report_stanox":"52084","next_report_run_time":"1","train_terminated":"false","delay_monitoring_point":"false","reporting_stanox":"00000","auto_expected":"true"}},{"header":{"msg_type":"0003","msg_queue_timestamp":"1713128257000","source_system_id":"TRUST","original_data_source":"SMART"},"body":{"train_id":"871C62MZ14","actual_timestamp":"1713131940000","loc_stanox":"87954","gbtt_timestamp":"1713131400000","planned_timestamp":"1713131400000","planned_event_type":"ARRIVAL","event_type":"ARRIVAL","event_source":"AUTOMATIC","correction_ind":"false","offroute_ind":"false","direction_ind":"DOWN","platform":" 2","route":"0","train_service_code":"24748000","division_code":"88","toc_id":"88","timetable_variation":"9","variation_status":"LATE","next_report_stanox":"87957","next_report_run_time":"1","train_terminated":"false","delay_monitoring_point":"true","reporting_stanox":"87954","auto_expected":"true"}},{"header":{"msg_type":"0003","msg_queue_timestamp":"1713128257000","source_system_id":"TRUST","original_data_source":"SMART"},"body":{"train_id":"471K90MZ14","actual_timestamp":"1713131820000","loc_stanox":"48502","planned_timestamp":"1713131670000","planned_event_type":"DEPARTURE","event_type":"DEPARTURE","event_source":"AUTOMATIC","correction_ind":"false","offroute_ind":"false","direction_ind":"DOWN","line_ind":"D","route":"2","train_service_code":"21899002","division_code":"21","toc_id":"21","timetable_variation":"3","variation_status":"LATE","next_report_stanox":"48309","next_report_run_time":"6","train_terminated":"false","delay_monitoring_point":"false","reporting_stanox":"00000","auto_expected":"true"}},{"header":{"msg_type":"0003","msg_queue_timestamp":"1713128257000","source_system_id":"TRUST","original_data_source":"SMART"},"body":{"train_id":"492A29M714","actual_timestamp":"1713131880000","loc_stanox":"49409","gbtt_timestamp":"1713131940000","planned_timestamp":"1713131940000","planned_event_type":"ARRIVAL","event_type":"ARRIVAL","event_source":"AUTOMATIC","correction_ind":"false","offroute_ind":"false","direction_ind":"UP","platform":" 2","route":"0","train_service_code":"21939001","division_code":"21","toc_id":"21","timetable_variation":"1","variation_status":"EARLY","next_report_stanox":"49401","next_report_run_time":"1","train_terminated":"false","delay_monitoring_point":"true","reporting_stanox":"49409","auto_expected":"true"}},{"header":{"msg_type":"0003","msg_queue_timestamp":"1713128257000","source_system_id":"TRUST","original_data_source":"SMART"},"body":{"train_id":"512J02M714","actual_timestamp":"1713131820000","loc_stanox":"51558","gbtt_timestamp":"1713131880000","planned_timestamp":"1713131880000","planned_event_type":"ARRIVAL","event_type":"ARRIVAL","event_source":"AUTOMATIC","correction_ind":"false","offroute_ind":"false","direction_ind":"UP","line_ind":"U","platform":" 1","route":"0","train_service_code":"21921000","division_code":"30","toc_id":"30","timetable_variation":"1","variation_status":"EARLY","next_report_stanox":"51561","next_report_run_time":"1","train_terminated":"false","delay_monitoring_point":"true","reporting_stanox":"51558","auto_expected":"true"}},{"header":{"msg_type":"0003","msg_queue_timestamp":"1713128257000","source_system_id":"TRUST","original_data_source":"SMART"},"body":{"train_id":"531R631714","actual_timestamp":"1713131880000","loc_stanox":"54001","planned_timestamp":"1713131910000","planned_event_type":"ARRIVAL","event_type":"ARRIVAL","event_source":"AUTOMATIC","correction_ind":"false","offroute_ind":"false","route":"0","train_service_code":"21725000","division_code":"88","toc_id":"88","timetable_variation":"0","variation_status":"ON TIME","next_report_stanox":"54103","next_report_run_time":"1","train_terminated":"false","delay_monitoring_point":"true","reporting_stanox":"54001","auto_expected":"true"}},{"header":{"msg_type":"0003","msg_queue_timestamp":"1713128257000","source_system_id":"TRUST","original_data_source":"SMART"},"body":{"train_id":"735Z863714","actual_timestamp":"1713131760000","loc_stanox":"74291","planned_timestamp":"1713132660000","planned_event_type":"DEPARTURE","event_type":"DEPARTURE","event_source":"AUTOMATIC","correction_ind":"false","offroute_ind":"false","direction_ind":"DOWN","line_ind":"D","platform":" 1","route":"1","train_service_code":"25375002","division_code":"25","toc_id":"25","timetable_variation":"15","variation_status":"EARLY","next_report_stanox":"74313","next_report_run_time":"7","train_terminated":"false","delay_monitoring_point":"false","reporting_stanox":"00000","auto_expected":"true"}},{"header":{"msg_type":"0003","msg_queue_timestamp":"1713128258000","source_system_id":"TRUST","original_data_source":"SMART"},"body":{"train_id":"655B66M714","actual_timestamp":"1713131820000","loc_stanox":"65039","planned_timestamp":"1713131640000","planned_event_type":"DEPARTURE","event_type":"DEPARTURE","event_source":"AUTOMATIC","correction_ind":"false","offroute_ind":"false","direction_ind":"UP","line_ind":"W","route":"1","train_service_code":"22112002","division_code":"65","toc_id":"65","timetable_variation":"3","variation_status":"LATE","next_report_stanox":"65041","next_report_run_time":"3","train_terminated":"false","delay_monitoring_point":"false","reporting_stanox":"00000","auto_expected":"true"}},{"header":{"msg_type":"0003","msg_queue_timestamp":"1713128258000","source_system_id":"TRUST","original_data_source":"SMART"},"body":{"train_id":"361G69MZ14","actual_timestamp":"1713131880000","loc_stanox":"65043","gbtt_timestamp":"1713131760000","planned_timestamp":"1713131760000","planned_event_type":"ARRIVAL","event_type":"ARRIVAL","event_source":"AUTOMATIC","correction_ind":"false","offroute_ind":"false","direction_ind":"UP","platform":" 3","route":"0","train_service_code":"22300000","division_code":"29","toc_id":"29","timetable_variation":"2","variation_status":"LATE","next_report_stanox":"65811","next_report_run_time":"1","train_terminated":"false","delay_monitoring_point":"true","reporting_stanox":"65043","auto_expected":"true"}},{"header":{"msg_type":"0003","msg_queue_timestamp":"1713128258000","source_system_id":"TRUST","original_data_source":"SMART"},"body":{"train_id":"362S64M714","actual_timestamp":"1713131880000","loc_stanox":"36076","gbtt_timestamp":"1713131940000","planned_timestamp":"1713131910000","planned_event_type":"ARRIVAL","event_type":"ARRIVAL","event_source":"AUTOMATIC","correction_ind":"false","offroute_ind":"false","direction_ind":"DOWN","platform":" 2","route":"0","train_service_code":"12301012","division_code":"64","toc_id":"64","timetable_variation":"0","variation_status":"ON TIME","next_report_stanox":"36075","next_report_run_time":"1","train_terminated":"false","delay_monitoring_point":"true","reporting_stanox":"36076","auto_expected":"true"}},{"header":{"msg_type":"0003","msg_queue_timestamp":"1713128258000","source_system_id":"TRUST","original_data_source":"SMART"},"body":{"train_id":"552A70M714","actual_timestamp":"1713131880000","loc_stanox":"57114","gbtt_timestamp":"1713132000000","planned_timestamp":"1713132000000","planned_event_type":"ARRIVAL","event_type":"ARRIVAL","event_source":"AUTOMATIC","correction_ind":"false","offroute_ind":"false","direction_ind":"DOWN","platform":" 2","route":"0","train_service_code":"22275000","division_code":"28","toc_id":"28","timetable_variation":"2","variation_status":"EARLY","next_report_stanox":"57111","next_report_run_time":"2","train_terminated":"false","delay_monitoring_point":"false","reporting_stanox":"00000","auto_expected":"true"}},{"header":{"msg_type":"0003","msg_queue_timestamp":"1713128258000","source_system_id":"TRUST","original_data_source":"SMART"},"body":{"train_id":"436J732714","actual_timestamp":"1713131820000","loc_stanox":"69021","planned_timestamp":"1713132180000","planned_event_type":"DEPARTURE","event_type":"DEPARTURE","event_source":"AUTOMATIC","correction_ind":"false","offroute_ind":"false","direction_ind":"UP","line_ind":"S","platform":" 5","route":"3","train_service_code":"53693803","division_code":"42","toc_id":"42","timetable_variation":"6","variation_status":"EARLY","next_report_stanox":"70029","next_report_run_time":"14","train_terminated":"false","delay_monitoring_point":"true","train_file_address":"G66","reporting_stanox":"69021","auto_expected":"true"}},{"header":{"msg_type":"0003","msg_queue_timestamp":"1713128258000","source_system_id":"TRUST","original_data_source":"SMART"},"body":{"train_id":"151P88MY14","actual_timestamp":"1713131820000","loc_stanox":"18438","gbtt_timestamp":"1713131820000","planned_timestamp":"1713131820000","planned_event_type":"DEPARTURE","event_type":"DEPARTURE","event_source":"AUTOMATIC","correction_ind":"false","offroute_ind":"false","direction_ind":"UP","line_ind":"F","platform":" 2","route":"2","train_service_code":"21734000","division_code":"20","toc_id":"20","timetable_variation":"0","variation_status":"ON TIME","next_report_stanox":"18440","next_report_run_time":"2","train_terminated":"false","delay_monitoring_point":"true","reporting_stanox":"18438","auto_expected":"true"}},{"header":{"msg_type":"0003","msg_queue_timestamp":"1713128258000","source_system_id":"TRUST","original_data_source":"SMART"},"body":{"train_id":"722I31M714","actual_timestamp":"1713131880000","loc_stanox":"72033","gbtt_timestamp":"1713131760000","planned_timestamp":"1713131760000","planned_event_type":"ARRIVAL","event_type":"ARRIVAL","event_source":"AUTOMATIC","correction_ind":"false","offroute_ind":"false","direction_ind":"DOWN","platform":" 2","route":"0","train_service_code":"24680004","division_code":"91","toc_id":"91","timetable_variation":"2","variation_status":"LATE","next_report_stanox":"72031","next_report_run_time":"1","train_terminated":"false","delay_monitoring_point":"false","reporting_stanox":"00000","auto_expected":"true"}},{"header":{"msg_type":"0003","msg_queue_timestamp":"1713128258000","source_system_id":"TRUST","original_data_source":"SDR","user_id":"#QDP0109","source_dev_id":"SMT9"},"body":{"train_id":"832F29M714","actual_timestamp":"1713131640000","loc_stanox":"83631","gbtt_timestamp":"1713131640000","planned_timestamp":"1713131640000","planned_event_type":"DEPARTURE","event_type":"DEPARTURE","event_source":"MANUAL","correction_ind":"false","offroute_ind":"false","train_service_code":"25462001","division_code":"25","toc_id":"25","timetable_variation":"0","variation_status":"ON TIME","next_report_stanox":"83628","next_report_run_time":"4","train_terminated":"false","delay_monitoring_point":"true","reporting_stanox":"83631","auto_expected":"false"}},{"header":{"msg_type":"0003","msg_queue_timestamp":"1713128258000","source_system_id":"TRUST","original_data_source":"SMART"},"body":{"train_id":"129M22M714","actual_timestamp":"1713131820000","loc_stanox":"12931","gbtt_timestamp":"1713131820000","planned_timestamp":"1713131820000","planned_event_type":"DEPARTURE","event_type":"DEPARTURE","event_source":"AUTOMATIC","correction_ind":"false","offroute_ind":"false","direction_ind":"UP","line_ind":"S","platform":" 8","route":"1","train_service_code":"21731000","division_code":"20","toc_id":"20","timetable_variation":"0","variation_status":"ON TIME","next_report_stanox":"12932","next_report_run_time":"2","train_terminated":"false","delay_monitoring_point":"true","reporting_stanox":"12931","auto_expected":"true"}},{"header":{"msg_type":"0003","msg_queue_timestamp":"1713128258000","source_system_id":"TRUST","original_data_source":"SMART"},"body":{"train_id":"072L35M714","actual_timestamp":"1713131880000","loc_stanox":"06351","gbtt_timestamp":"1713131940000","planned_timestamp":"1713131910000","planned_event_type":"ARRIVAL","event_type":"ARRIVAL","event_source":"AUTOMATIC","correction_ind":"false","offroute_ind":"false","direction_ind":"DOWN","platform":" 2","route":"0","train_service_code":"23563015","division_code":"60","toc_id":"60","timetable_variation":"0","variation_status":"ON TIME","next_report_stanox":"06350","next_report_run_time":"1","train_terminated":"false","delay_monitoring_point":"false","reporting_stanox":"00000","auto_expected":"true"}},{"header":{"msg_type":"0003","msg_queue_timestamp":"1713128258000","source_system_id":"TRUST","original_data_source":"SMART"},"body":{"train_id":"062H82M714","actual_timestamp":"1713131820000","loc_stanox":"06217","gbtt_timestamp":"1713131700000","planned_timestamp":"1713131730000","planned_event_type":"DEPARTURE","event_type":"DEPARTURE","event_source":"AUTOMATIC","correction_ind":"false","offroute_ind":"false","direction_ind":"UP","platform":" 1","route":"2","train_service_code":"13560015","division_code":"60","toc_id":"60","timetable_variation":"2","variation_status":"LATE","next_report_stanox":"06219","next_report_run_time":"2","train_terminated":"false","delay_monitoring_point":"false","reporting_stanox":"00000","auto_expected":"true"}},{"header":{"msg_type":"0003","msg_queue_timestamp":"1713128258000","source_system_id":"TRUST","original_data_source":"SMART"},"body":{"train_id":"062H82M714","actual_timestamp":"1713131880000","loc_stanox":"06219","gbtt_timestamp":"1713131880000","planned_timestamp":"1713131850000","planned_event_type":"ARRIVAL","event_type":"ARRIVAL","event_source":"AUTOMATIC","correction_ind":"false","offroute_ind":"false","direction_ind":"UP","platform":" 1","route":"0","train_service_code":"13560015","division_code":"60","toc_id":"60","timetable_variation":"1","variation_status":"LATE","next_report_stanox":"06221","next_report_run_time":"1","train_terminated":"false","delay_monitoring_point":"false","reporting_stanox":"00000","auto_expected":"true"}},{"header":{"msg_type":"0003","msg_queue_timestamp":"1713128260000","source_system_id":"TRUST","original_data_source":"SMART"},"body":{"train_id":"511D631714","actual_timestamp":"1713131820000","loc_stanox":"51011","gbtt_timestamp":"1713131820000","planned_timestamp":"1713131820000","planned_event_type":"DEPARTURE","event_type":"DEPARTURE","event_source":"AUTOMATIC","correction_ind":"false","offroute_ind":"false","direction_ind":"UP","line_ind":"U","platform":" 1","route":"1","train_service_code":"21936004","division_code":"79","toc_id":"79","timetable_variation":"0","variation_status":"ON TIME","next_report_stanox":"51013","next_report_run_time":"2","train_terminated":"false","delay_monitoring_point":"true","reporting_stanox":"51011","auto_expected":"true"}},{"header":{"msg_type":"0003","msg_queue_timestamp":"1713128260000","source_system_id":"TRUST","original_data_source":"SMART"},"body":{"train_id":"511R631Z14","actual_timestamp":"1713131820000","loc_stanox":"51402","gbtt_timestamp":"1713131820000","planned_timestamp":"1713131820000","planned_event_type":"DEPARTURE","event_type":"DEPARTURE","event_source":"AUTOMATIC","correction_ind":"false","offroute_ind":"false","direction_ind":"UP","line_ind":"U","platform":" 1","route":"1","train_service_code":"21936004","division_code":"79","toc_id":"79","timetable_variation":"0","variation_status":"ON TIME","next_report_stanox":"51505","next_report_run_time":"1","train_terminated":"false","delay_monitoring_point":"true","reporting_stanox":"51402","auto_expected":"true"}},{"header":{"msg_type":"0003","msg_queue_timestamp":"1713128260000","source_system_id":"TRUST","original_data_source":"SMART"},"body":{"train_id":"521K601714","actual_timestamp":"1713131880000","loc_stanox":"50328","gbtt_timestamp":"1713132000000","planned_timestamp":"1713132000000","planned_event_type":"ARRIVAL","event_type":"ARRIVAL","event_source":"AUTOMATIC","correction_ind":"false","offroute_ind":"false","direction_ind":"DOWN","platform":" 3","route":"0","train_service_code":"21943001","division_code":"21","toc_id":"21","timetable_variation":"2","variation_status":"EARLY","next_report_stanox":"50251","next_report_run_time":"2","train_terminated":"false","delay_monitoring_point":"true","reporting_stanox":"50328","auto_expected":"true"}},{"header":{"msg_type":"0003","msg_queue_timestamp":"1713128260000","source_system_id":"TRUST","original_data_source":"SMART"},"body":{"train_id":"749U87MZ14","actual_timestamp":"1713131820000","loc_stanox":"73253","gbtt_timestamp":"1713131340000","planned_timestamp":"1713131340000","planned_event_type":"DEPARTURE","event_type":"DEPARTURE","event_source":"AUTOMATIC","correction_ind":"false","offroute_ind":"false","direction_ind":"UP","line_ind":"R","platform":" 4","route":"3","train_service_code":"21381001","division_code":"33","toc_id":"33","timetable_variation":"8","variation_status":"LATE","next_report_stanox":"73251","next_report_run_time":"1","train_terminated":"false","delay_monitoring_point":"true","reporting_stanox":"73253","auto_expected":"true"}},{"header":{"msg_type":"0003","msg_queue_timestamp":"1713128260000","source_system_id":"TRUST","original_data_source":"SMART"},"body":{"train_id":"522K561Z14","actual_timestamp":"1713131940000","loc_stanox":"50311","gbtt_timestamp":"1713131760000","planned_timestamp":"1713131760000","planned_event_type":"DESTINATION","event_type":"ARRIVAL","event_source":"AUTOMATIC","correction_ind":"false","offroute_ind":"false","direction_ind":"DOWN","platform":" 3","route":"0","train_service_code":"21943001","division_code":"21","toc_id":"21","timetable_variation":"3","variation_status":"LATE","train_terminated":"true","delay_monitoring_point":"true","reporting_stanox":"50311","auto_expected":"true"}}]