[{"header":{"msg_type":"0003","msg_queue_timestamp":"1713144131000","source_system_id":"TRUST","original_data_source":"SMART"},"body":{"train_id":"654Q031914","actual_timestamp":"1713147720000","loc_stanox":"66293","planned_timestamp":"1713154260000","planned_event_type":"DEPARTURE","event_type":"DEPARTURE","event_source":"AUTOMATIC","correction_ind":"false","offroute_ind":"false","direction_ind":"DOWN","line_ind":"D","route":"2","train_service_code":"53693803","division_code":"42","toc_id":"42","timetable_variation":"109","variation_status":"EARLY","next_report_stanox":"66327","next_report_run_time":"22","train_terminated":"false","delay_monitoring_point":"false","train_file_address":"G6Q","reporting_stanox":"00000","auto_expected":"true"}},{"header":{"msg_type":"0003","msg_queue_timestamp":"1713144135000","source_system_id":"TRUST","original_data_source":"SMART"},"body":{"train_id":"161P04M115","actual_timestamp":"1713147660000","loc_stanox":"18058","planned_timestamp":"1713147420000","planned_event_type":"DEPARTURE","event_type":"DEPARTURE","event_source":"AUTOMATIC","correction_ind":"false","offroute_ind":"false","direction_ind":"UP","line_ind":"F","platform":" 2","route":"3","train_service_code":"21734000","division_code":"20","toc_id":"20","timetable_variation":"4","variation_status":"LATE","next_report_stanox":"18414","next_report_run_time":"3","train_terminated":"false","delay_monitoring_point":"true","reporting_stanox":"18058","auto_expected":"true"}}]