[{"header":{"msg_type":"0003","msg_queue_timestamp":"1713124813000","source_system_id":"TRUST","original_data_source":"SMART"},"body":{"train_id":"892C721714","actual_timestamp":"1713128400000","loc_stanox":"89428","gbtt_timestamp":"1713128400000","planned_timestamp":"1713128400000","planned_event_type":"DEPARTURE","event_type":"DEPARTURE","event_source":"AUTOMATIC","correction_ind":"false","offroute_ind":"false","direction_ind":"UP","line_ind":"H","platform":" 2","route":"2","train_service_code":"24605004","division_code":"80","toc_id":"80","timetable_variation":"0","variation_status":"ON TIME","next_report_stanox":"89321","next_report_run_time":"6","train_terminated":"false","delay_monitoring_point":"true","reporting_stanox":"89428","auto_expected":"true"}},{"header":{"msg_type":"0003","msg_queue_timestamp":"1713124813000","source_system_id":"TRUST","original_data_source":"SMART"},"body":{"train_id":"471B23M714","actual_timestamp":"1713128340000","loc_stanox":"47344","gbtt_timestamp":"1713128400000","planned_timestamp":"1713128400000","planned_event_type":"DEPARTURE","event_type":"DEPARTURE","event_source":"AUTOMATIC","correction_ind":"false","offroute_ind":"false","direction_ind":"UP","line_ind":"D","platform":" 3","route":"1","train_service_code":"21911000","division_code":"21","toc_id":"21","timetable_variation":"1","variation_status":"EARLY","next_report_stanox":"47347","next_report_run_time":"1","train_terminated":"false","delay_monitoring_point":"true","reporting_stanox":"47344","auto_expected":"true"}},{"header":{"msg_type":"0003","msg_queue_timestamp":"1713124814000","source_system_id":"TRUST","original_data_source":"SMART"},"body":{"train_id":"352U60MZ14","actual_timestamp":"1713128340000","loc_stanox":"36071","gbtt_timestamp":"1713128340000","planned_timestamp":"1713128340000","planned_event_type":"DEPARTURE","event_type":"DEPARTURE","event_source":"AUTOMATIC","correction_ind":"false","offroute_ind":"false","direction_ind":"UP","platform":" 1","route":"1","train_service_code":"12302012","division_code":"64","toc_id":"64","timetable_variation":"0","variation_status":"ON TIME","next_report_stanox":"36072","next_report_run_time":"1","train_terminated":"false","delay_monitoring_point":"false","reporting_stanox":"00000","auto_expected":"true"}},{"header":{"msg_type":"0003","msg_queue_timestamp":"1713124814000","source_system_id":"TRUST","original_data_source":"SMART"},"body":{"train_id":"739U67MY14","actual_timestamp":"1713128400000","loc_stanox":"73113","gbtt_timestamp":"1713128460000","planned_timestamp":"1713128430000","planned_event_type":"ARRIVAL","event_type":"ARRIVAL","event_source":"AUTOMATIC","correction_ind":"false","offroute_ind":"false","direction_ind":"UP","route":"0","train_service_code":"21382001","division_code":"33","toc_id":"33","timetable_variation":"0","variation_status":"ON TIME","next_report_stanox":"63636","next_report_run_time":"1","train_terminated":"false","delay_monitoring_point":"false","reporting_stanox":"00000","auto_expected":"true"}},{"header":{"msg_type":"0003","msg_queue_timestamp":"1713124814000","source_system_id":"TRUST","original_data_source":"SMART"},"body":{"train_id":"352U60MZ14","actual_timestamp":"1713128400000","loc_stanox":"36072","gbtt_timestamp":"1713128400000","planned_timestamp":"1713128400000","planned_event_type":"ARRIVAL","event_type":"ARRIVAL","event_source":"AUTOMATIC","correction_ind":"false","offroute_ind":"false","direction_ind":"UP","platform":" 1","route":"0","train_service_code":"12302012","division_code":"64","toc_id":"64","timetable_variation":"0","variation_status":"ON TIME","next_report_stanox":"36075","next_report_run_time":"1","train_terminated":"false","delay_monitoring_point":"false","reporting_stanox":"00000","auto_expected":"true"}},{"header":{"msg_type":"0003","msg_queue_timestamp":"1713124814000","source_system_id":"TRUST","original_data_source":"SMART"},"body":{"train_id":"221B91MW14","actual_timestamp":"1713128340000","loc_stanox":"32534","gbtt_timestamp":"1713128340000","planned_timestamp":"1713128370000","planned_event_type":"DEPARTURE","event_type":"DEPARTURE","event_source":"AUTOMATIC","correction_ind":"false","offroute_ind":"false","direction_ind":"DOWN","line_ind":"S","platform":" 4","route":"2","train_service_code":"11817020","division_code":"20","toc_id":"20","timetable_variation":"0","variation_status":"ON TIME","next_report_stanox":"32525","next_report_run_time":"2","train_terminated":"false","delay_monitoring_point":"true","reporting_stanox":"32534","auto_expected":"true"}},{"header":{"msg_type":"0003","msg_queue_timestamp":"1713124814000","source_system_id":"TRUST","original_data_source":"SMART"},"body":{"train_id":"731C90MU14","actual_timestamp":"1713128340000","loc_stanox":"85011","gbtt_timestamp":"1713127860000","planned_timestamp":"1713127920000","planned_event_type":"DEPARTURE","event_type":"DEPARTURE","event_source":"AUTOMATIC","correction_ind":"false","offroute_ind":"false","direction_ind":"DOWN","line_ind":"1","platform":" 1","route":"2","train_service_code":"25397003","division_code":"25","toc_id":"25","timetable_variation":"7","variation_status":"LATE","next_report_stanox":"85101","next_report_run_time":"4","train_terminated":"false","delay_monitoring_point":"false","reporting_stanox":"00000","auto_expected":"true"}},{"header":{"msg_type":"0003","msg_queue_timestamp":"1713124814000","source_system_id":"TRUST","original_data_source":"SMART"},"body":{"train_id":"451P63MY14","actual_timestamp":"1713128520000","loc_stanox":"54311","gbtt_timestamp":"1713128520000","planned_timestamp":"1713128520000","planned_event_type":"DESTINATION","event_type":"ARRIVAL","event_source":"AUTOMATIC","correction_ind":"false","offroute_ind":"false","direction_ind":"UP","platform":" 8","route":"0","train_service_code":"22727100","division_code":"88","toc_id":"88","timetable_variation":"0","variation_status":"ON TIME","train_terminated":"true","delay_monitoring_point":"true","reporting_stanox":"54311","auto_expected":"true"}},{"header":{"msg_type":"0003","msg_queue_timestamp":"1713124814000","source_system_id":"TRUST","original_data_source":"SMART"},"body":{"train_id":"471H271714","actual_timestamp":"1713128340000","loc_stanox":"47214","gbtt_timestamp":"1713128400000","planned_timestamp":"1713128400000","planned_event_type":"DEPARTURE","event_type":"DEPARTURE","event_source":"AUTOMATIC","correction_ind":"false","offroute_ind":"false","direction_ind":"UP","line_ind":"1","platform":" 3","train_service_code":"21913000","division_code":"21","toc_id":"21","timetable_variation":"1","variation_status":"EARLY","next_report_stanox":"47213","next_report_run_time":"2","train_terminated":"false","delay_monitoring_point":"true","reporting_stanox":"00000","auto_expected":"true"}},{"header":{"msg_type":"0003","msg_queue_timestamp":"1713124814000","source_system_id":"TRUST","original_data_source":"SMART"},"body":{"train_id":"882N40MZ14","actual_timestamp":"1713128340000","loc_stanox":"87601","gbtt_timestamp":"1713128400000","planned_timestamp":"1713128400000","planned_event_type":"DEPARTURE","event_type":"DEPARTURE","event_source":"AUTOMATIC","correction_ind":"false","offroute_ind":"false","direction_ind":"DOWN","line_ind":"S","platform":" 6","route":"1","train_service_code":"24657005","division_code":"80","toc_id":"80","timetable_variation":"1","variation_status":"EARLY","next_report_stanox":"88412","next_report_run_time":"2","train_terminated":"false","delay_monitoring_point":"true","reporting_stanox":"87601","auto_expected":"true"}},{"header":{"msg_type":"0003","msg_queue_timestamp":"1713124815000","source_system_id":"TRUST","original_data_source":"SMART"},"body":{"train_id":"632A65MZ14","actual_timestamp":"1713128460000","loc_stanox":"63006","gbtt_timestamp":"1713128520000","planned_timestamp":"1713128490000","planned_event_type":"ARRIVAL","event_type":"ARRIVAL","event_source":"AUTOMATIC","correction_ind":"false","offroute_ind":"false","direction_ind":"DOWN","platform":" 2","route":"0","train_service_code":"25211004","division_code":"74","toc_id":"74","timetable_variation":"0","variation_status":"ON TIME","next_report_stanox":"63003","next_report_run_time":"1","train_terminated":"false","delay_monitoring_point":"false","reporting_stanox":"00000","auto_expected":"true"}},{"header":{"msg_type":"0003","msg_queue_timestamp":"1713124815000","source_system_id":"TRUST","original_data_source":"SMART"},"body":{"train_id":"899P60MY14","actual_timestamp":"1713128400000","loc_stanox":"88400","planned_timestamp":"1713128430000","planned_event_type":"DEPARTURE","event_type":"DEPARTURE","event_source":"AUTOMATIC","correction_ind":"false","offroute_ind":"false","direction_ind":"UP","route":"1","train_service_code":"22761000","division_code":"88","toc_id":"88","timetable_variation":"0","variation_status":"ON TIME","next_report_stanox":"88395","next_report_run_time":"3","train_terminated":"false","delay_monitoring_point":"false","reporting_stanox":"00000","auto_expected":"true"}},{"header":{"msg_type":"0003","msg_queue_timestamp":"1713124815000","source_system_id":"TRUST","original_data_source":"SMART"},"body":{"train_id":"722C63M714","actual_timestamp":"1713128340000","loc_stanox":"72000","gbtt_timestamp":"1713128400000","planned_timestamp":"1713128400000","planned_event_type":"DEPARTURE","event_type":"DEPARTURE","event_source":"AUTOMATIC","correction_ind":"false","offroute_ind":"false","direction_ind":"UP","platform":" 4","route":"1","train_service_code":"22216000","division_code":"30","toc_id":"30","timetable_variation":"1","variation_status":"EARLY","next_report_stanox":"72002","next_report_run_time":"2","train_terminated":"false","delay_monitoring_point":"true","reporting_stanox":"72000","auto_expected":"true"}},{"header":{"msg_type":"0003","msg_queue_timestamp":"1713124815000","source_system_id":"TRUST","original_data_source":"SMART"},"body":{"train_id":"722C60MZ14","actual_timestamp":"1713128400000","loc_stanox":"72315","planned_timestamp":"1713128430000","planned_event_type":"DEPARTURE","event_type":"DEPARTURE","event_source":"AUTOMATIC","correction_ind":"false","offroute_ind":"false","direction_ind":"UP","line_ind":"B","platform":"B","route":"2","train_service_code":"22216000","division_code":"30","toc_id":"30","timetable_variation":"0","variation_status":"ON TIME","next_report_stanox":"72316","next_report_run_time":"1","train_terminated":"false","delay_monitoring_point":"false","reporting_stanox":"00000","auto_expected":"true"}},{"header":{"msg_type":"0003","msg_queue_timestamp":"1713124815000","source_system_id":"TRUST","original_data_source":"SMART"},"body":{"train_id":"879R64MY14","actual_timestamp":"1713128400000","loc_stanox":"87245","gbtt_timestamp":"1713128220000","planned_timestamp":"1713128220000","planned_event_type":"DEPARTURE","event_type":"DEPARTURE","event_source":"AUTOMATIC","correction_ind":"false","offroute_ind":"false","direction_ind":"UP","platform":" 2","route":"1","train_service_code":"22729000","division_code":"88","toc_id":"88","timetable_variation":"3","variation_status":"LATE","next_report_stanox":"87244","next_report_run_time":"1","train_terminated":"false","delay_monitoring_point":"true","reporting_stanox":"87245","auto_expected":"true"}},{"header":{"msg_type":"0003","msg_queue_timestamp":"1713124815000","source_system_id":"TRUST","original_data_source":"SMART"},"body":{"train_id":"872Y48MZ14","actual_timestamp":"1713128340000","loc_stanox":"72242","gbtt_timestamp":"1713128220000","planned_timestamp":"1713128220000","planned_event_type":"DEPARTURE","event_type":"DEPARTURE","event_source":"AUTOMATIC","correction_ind":"false","offroute_ind":"false","direction_ind":"DOWN","line_ind":"U","platform":" 2","route":"2","train_service_code":"22204000","division_code":"30","toc_id":"30","timetable_variation":"2","variation_status":"LATE","next_report_stanox":"72238","next_report_run_time":"2","train_terminated":"false","delay_monitoring_point":"false","reporting_stanox":"00000","auto_expected":"true"}},{"header":{"msg_type":"0003","msg_queue_timestamp":"1713124815000","source_system_id":"TRUST","original_data_source":"SMART"},"body":{"train_id":"872Y48MZ14","actual_timestamp":"1713128460000","loc_stanox":"72238","planned_timestamp":"1713128370000","planned_event_type":"ARRIVAL","event_type":"ARRIVAL","event_source":"AUTOMATIC","correction_ind":"false","offroute_ind":"false","route":"0","train_service_code":"22204000","division_code":"30","toc_id":"30","timetable_variation":"2","variation_status":"LATE","next_report_stanox":"72237","next_report_run_time":"1","train_terminated":"false","delay_monitoring_point":"false","reporting_stanox":"00000","auto_expected":"true"}},{"header":{"msg_type":"0003","msg_queue_timestamp":"1713124815000","source_system_id":"TRUST","original_data_source":"SMART"},"body":{"train_id":"615U38MZ14","actual_timestamp":"1713128340000","loc_stanox":"61009","gbtt_timestamp":"1713128160000","planned_timestamp":"1713128160000","planned_event_type":"DEPARTURE","event_type":"DEPARTURE","event_source":"AUTOMATIC","correction_ind":"false","offroute_ind":"false","direction_ind":"DOWN","line_ind":"S","platform":" 2","route":"1","train_service_code":"22156000","division_code":"28","toc_id":"28","timetable_variation":"3","variation_status":"LATE","next_report_stanox":"61006","next_report_run_time":"2","train_terminated":"false","delay_monitoring_point":"true","reporting_stanox":"61009","auto_expected":"true"}},{"header":{"msg_type":"0003","msg_queue_timestamp":"1713124815000","source_system_id":"TRUST","original_data_source":"SMART"},"body":{"train_id":"221B93MY14","actual_timestamp":"1713128460000","loc_stanox":"25316","gbtt_timestamp":"1713128520000","planned_timestamp":"1713128520000","planned_event_type":"ARRIVAL","event_type":"ARRIVAL","event_source":"AUTOMATIC","correction_ind":"false","offroute_ind":"false","direction_ind":"UP","platform":" 1","route":"0","train_service_code":"11817020","division_code":"20","toc_id":"20","timetable_variation":"1","variation_status":"EARLY","next_report_stanox":"25319","next_report_run_time":"2","train_terminated":"false","delay_monitoring_point":"true","reporting_stanox":"25316","auto_expected":"true"}},{"header":{"msg_type":"0003","msg_queue_timestamp":"1713124815000","source_system_id":"TRUST","original_data_source":"SMART"},"body":{"train_id":"165D26M714","actual_timestamp":"1713128400000","loc_stanox":"18076","planned_timestamp":"1713133350000","planned_event_type":"DEPARTURE","event_type":"DEPARTURE","event_source":"AUTOMATIC","correction_ind":"false","offroute_ind":"false","direction_ind":"UP","line_ind":"D","route":"1","train_service_code":"21704001","division_code":"61","toc_id":"61","timetable_variation":"82","variation_status":"EARLY","next_report_stanox":"23120","next_report_run_time":"3","train_terminated":"false","delay_monitoring_point":"true","reporting_stanox":"18076","auto_expected":"true"}},{"header":{"msg_type":"0003","msg_queue_timestamp":"1713124815000","source_system_id":"TRUST","original_data_source":"SMART"},"body":{"train_id":"072K33M714","actual_timestamp":"1713128340000","loc_stanox":"07257","gbtt_timestamp":"1713128400000","planned_timestamp":"1713128400000","planned_event_type":"DEPARTURE","event_type":"DEPARTURE","event_source":"AUTOMATIC","correction_ind":"false","offroute_ind":"false","direction_ind":"UP","platform":"15","route":"1","train_service_code":"13573015","division_code":"60","toc_id":"60","timetable_variation":"1","variation_status":"EARLY","next_report_stanox":"07246","next_report_run_time":"2","train_terminated":"false","delay_monitoring_point":"true","reporting_stanox":"07257","auto_expected":"true"}},{"header":{"msg_type":"0003","msg_queue_timestamp":"1713124815000","source_system_id":"TRUST","original_data_source":"SMART"},"body":{"train_id":"662U83MZ14","actual_timestamp":"1713128460000","loc_stanox":"66437","gbtt_timestamp":"1713128460000","planned_timestamp":"1713128430000","planned_event_type":"ARRIVAL","event_type":"ARRIVAL","event_source":"AUTOMATIC","correction_ind":"false","offroute_ind":"false","direction_ind":"UP","platform":" 2","route":"0","train_service_code":"25530004","division_code":"74","toc_id":"74","timetable_variation":"1","variation_status":"LATE","next_report_stanox":"69300","next_report_run_time":"1","train_terminated":"false","delay_monitoring_point":"false","reporting_stanox":"00000","auto_expected":"true"}}]