[{"header":{"msg_type":"0003","msg_queue_timestamp":"1713716816000","source_system_id":"TRUST","original_data_source":"SMART"},"body":{"train_id":"721F28MR21","actual_timestamp":"1713720360000","loc_stanox":"42140","gbtt_timestamp":"1713720360000","planned_timestamp":"1713720360000","planned_event_type":"DEPARTURE","event_type":"DEPARTURE","event_source":"AUTOMATIC","correction_ind":"false","offroute_ind":"false","direction_ind":"DOWN","line_ind":"F","platform":" 6","route":"6","train_service_code":"22109001","division_code":"65","toc_id":"65","timetable_variation":"0","variation_status":"ON TIME","next_report_stanox":"42128","next_report_run_time":"2","train_terminated":"false","delay_monitoring_point":"true","reporting_stanox":"42140","auto_expected":"true"}},{"header":{"msg_type":"0003","msg_queue_timestamp":"1713716816000","source_system_id":"TRUST","original_data_source":"SMART"},"body":{"train_id":"092N16MR21","actual_timestamp":"1713720420000","loc_stanox":"12932","planned_timestamp":"1713720210000","planned_event_type":"DEPARTURE","event_type":"DEPARTURE","event_source":"AUTOMATIC","correction_ind":"false","offroute_ind":"false","direction_ind":"DOWN","line_ind":"S","route":"2","train_service_code":"21793000","division_code":"23","toc_id":"23","timetable_variation":"4","variation_status":"LATE","next_report_stanox":"12931","next_report_run_time":"3","train_terminated":"false","delay_monitoring_point":"true","reporting_stanox":"12932","auto_expected":"true"}},{"header":{"msg_type":"0003","msg_queue_timestamp":"1713716816000","source_system_id":"TRUST","original_data_source":"SMART"},"body":{"train_id":"171A41MT21","actual_timestamp":"1713720420000","loc_stanox":"23480","planned_timestamp":"1713720330000","planned_event_type":"DEPARTURE","event_type":"DEPARTURE","event_source":"AUTOMATIC","correction_ind":"false","offroute_ind":"false","direction_ind":"UP","line_ind":"M","route":"2","train_service_code":"21702001","division_code":"61","toc_id":"61","timetable_variation":"2","variation_status":"LATE","next_report_stanox":"23491","next_report_run_time":"7","train_terminated":"false","delay_monitoring_point":"true","reporting_stanox":"23480","auto_expected":"true"}},{"header":{"msg_type":"0003","msg_queue_timestamp":"1713716816000","source_system_id":"TRUST","original_data_source":"SMART"},"body":{"train_id":"851A94MQ21","actual_timestamp":"1713720420000","loc_stanox":"84067","planned_timestamp":"1713720450000","planned_event_type":"ARRIVAL","event_type":"ARRIVAL","event_source":"AUTOMATIC","correction_ind":"false","offroute_ind":"false","route":"0","train_service_code":"25397003","division_code":"25","toc_id":"25","timetable_variation":"0","variation_status":"ON TIME","next_report_stanox":"84060","next_report_run_time":"1","train_terminated":"false","delay_monitoring_point":"false","reporting_stanox":"00000","auto_expected":"true"}},{"header":{"msg_type":"0003","msg_queue_timestamp":"1713716816000","source_system_id":"TRUST","original_data_source":"SMART"},"body":{"train_id":"071A22MU21","actual_timestamp":"1713720360000","loc_stanox":"07224","gbtt_timestamp":"1713720240000","planned_timestamp":"1713720240000","planned_event_type":"DEPARTURE","event_type":"DEPARTURE","event_source":"AUTOMATIC","correction_ind":"false","offroute_ind":"false","direction_ind":"UP","platform":" 2","route":"2","train_service_code":"13568015","division_code":"60","toc_id":"60","timetable_variation":"2","variation_status":"LATE","next_report_stanox":"07222","next_report_run_time":"9","train_terminated":"false","delay_monitoring_point":"true","reporting_stanox":"07224","auto_expected":"true"}},{"header":{"msg_type":"0003","msg_queue_timestamp":"1713716817000","source_system_id":"TRUST","original_data_source":"SMART"},"body":{"train_id":"812C98MT21","actual_timestamp":"1713720480000","loc_stanox":"82085","gbtt_timestamp":"1713720480000","planned_timestamp":"1713720480000","planned_event_type":"ARRIVAL","event_type":"ARRIVAL","event_source":"AUTOMATIC","correction_ind":"false","offroute_ind":"false","direction_ind":"UP","platform":" 2","route":"0","train_service_code":"25471001","division_code":"25","toc_id":"25","timetable_variation":"0","variation_status":"ON TIME","next_report_stanox":"82086","next_report_run_time":"1","train_terminated":"false","delay_monitoring_point":"false","reporting_stanox":"00000","auto_expected":"true"}},{"header":{"msg_type":"0003","msg_queue_timestamp":"1713716817000","source_system_id":"TRUST","original_data_source":"SMART"},"body":{"train_id":"171J23MS21","actual_timestamp":"1713720360000","loc_stanox":"31134","planned_timestamp":"1713720390000","planned_event_type":"DEPARTURE","event_type":"DEPARTURE","event_source":"AUTOMATIC","correction_ind":"false","offroute_ind":"false","direction_ind":"UP","route":"1","train_service_code":"11871821","division_code":"23","toc_id":"23","timetable_variation":"0","variation_status":"ON TIME","next_report_stanox":"31304","next_report_run_time":"4","train_terminated":"false","delay_monitoring_point":"false","reporting_stanox":"00000","auto_expected":"true"}},{"header":{"msg_type":"0003","msg_queue_timestamp":"1713716817000","source_system_id":"TRUST","original_data_source":"SMART"},"body":{"train_id":"321K29MU21","actual_timestamp":"1713720360000","loc_stanox":"32050","planned_timestamp":"1713720210000","planned_event_type":"DEPARTURE","event_type":"DEPARTURE","event_source":"AUTOMATIC","correction_ind":"false","offroute_ind":"false","direction_ind":"UP","line_ind":"M","platform":" 1","route":"2","train_service_code":"21733000","division_code":"20","toc_id":"20","timetable_variation":"3","variation_status":"LATE","next_report_stanox":"32210","next_report_run_time":"4","train_terminated":"false","delay_monitoring_point":"true","reporting_stanox":"32050","auto_expected":"true"}},{"header":{"msg_type":"0003","msg_queue_timestamp":"1713716817000","source_system_id":"TRUST","original_data_source":"SMART"},"body":{"train_id":"505C29MU21","actual_timestamp":"1713720420000","loc_stanox":"50334","gbtt_timestamp":"1713720420000","planned_timestamp":"1713720420000","planned_event_type":"DESTINATION","event_type":"ARRIVAL","event_source":"AUTOMATIC","correction_ind":"false","offroute_ind":"false","direction_ind":"UP","platform":" 3","route":"0","train_service_code":"21381008","division_code":"33","toc_id":"33","timetable_variation":"0","variation_status":"ON TIME","train_terminated":"true","delay_monitoring_point":"true","reporting_stanox":"50334","auto_expected":"true"}},{"header":{"msg_type":"0003","msg_queue_timestamp":"1713716817000","source_system_id":"TRUST","original_data_source":"SMART"},"body":{"train_id":"512U61MU21","actual_timestamp":"1713720360000","loc_stanox":"51947","gbtt_timestamp":"1713720360000","planned_timestamp":"1713720360000","planned_event_type":"DEPARTURE","event_type":"DEPARTURE","event_source":"AUTOMATIC","correction_ind":"false","offroute_ind":"false","direction_ind":"UP","line_ind":"U","platform":" 1","route":"1","train_service_code":"21234001","division_code":"30","toc_id":"30","timetable_variation":"0","variation_status":"ON TIME","next_report_stanox":"51948","next_report_run_time":"1","train_terminated":"false","delay_monitoring_point":"false","reporting_stanox":"00000","auto_expected":"true"}},{"header":{"msg_type":"0003","msg_queue_timestamp":"1713716817000","source_system_id":"TRUST","original_data_source":"SMART"},"body":{"train_id":"512U61MU21","actual_timestamp":"1713720420000","loc_stanox":"51948","planned_timestamp":"1713720420000","planned_event_type":"DEPARTURE","event_type":"DEPARTURE","event_source":"AUTOMATIC","correction_ind":"false","offroute_ind":"false","direction_ind":"UP","line_ind":"U","route":"2","train_service_code":"21234001","division_code":"30","toc_id":"30","timetable_variation":"0","variation_status":"ON TIME","next_report_stanox":"51949","next_report_run_time":"1","train_terminated":"false","delay_monitoring_point":"true","reporting_stanox":"51948","auto_expected":"true"}},{"header":{"msg_type":"0003","msg_queue_timestamp":"1713716817000","source_system_id":"TRUST","original_data_source":"SMART"},"body":{"train_id":"872L32MT21","actual_timestamp":"1713720420000","loc_stanox":"52058","gbtt_timestamp":"1713720420000","planned_timestamp":"1713720420000","planned_event_type":"ARRIVAL","event_type":"ARRIVAL","event_source":"AUTOMATIC","correction_ind":"false","offroute_ind":"false","direction_ind":"DOWN","platform":" 3","route":"0","train_service_code":"22204000","division_code":"30","toc_id":"30","timetable_variation":"0","variation_status":"ON TIME","next_report_stanox":"73823","next_report_run_time":"1","train_terminated":"false","delay_monitoring_point":"false","reporting_stanox":"00000","auto_expected":"true"}},{"header":{"msg_type":"0003","msg_queue_timestamp":"1713716817000","source_system_id":"TRUST","original_data_source":"SDR","user_id":"#QDP5266","source_dev_id":"V4BE"},"body":{"train_id":"731W47MP21","actual_timestamp":"1713720360000","loc_stanox":"67205","planned_timestamp":"1713719340000","planned_event_type":"DEPARTURE","event_type":"DEPARTURE","event_source":"MANUAL","correction_ind":"false","offroute_ind":"false","train_service_code":"25392003","division_code":"25","toc_id":"25","timetable_variation":"17","variation_status":"LATE","next_report_stanox":"67209","next_report_run_time":"2","train_terminated":"false","delay_monitoring_point":"false","reporting_stanox":"00000"}},{"header":{"msg_type":"0003","msg_queue_timestamp":"1713716818000","source_system_id":"TRUST","original_data_source":"SMART"},"body":{"train_id":"422H48MU21","actual_timestamp":"1713720360000","loc_stanox":"42012","gbtt_timestamp":"1713720120000","planned_timestamp":"1713720120000","planned_event_type":"DEPARTURE","event_type":"DEPARTURE","event_source":"AUTOMATIC","correction_ind":"false","offroute_ind":"false","direction_ind":"DOWN","platform":" 3","route":"1","train_service_code":"12232820","division_code":"23","toc_id":"23","timetable_variation":"4","variation_status":"LATE","next_report_stanox":"42004","next_report_run_time":"4","train_terminated":"false","delay_monitoring_point":"true","reporting_stanox":"42012","auto_expected":"true"}},{"header":{"msg_type":"0003","msg_queue_timestamp":"1713716819000","source_system_id":"TRUST","original_data_source":"SMART"},"body":{"train_id":"761P63MO21","actual_timestamp":"1713720360000","loc_stanox":"73663","planned_timestamp":"1713720180000","planned_event_type":"DEPARTURE","event_type":"DEPARTURE","event_source":"AUTOMATIC","correction_ind":"false","offroute_ind":"false","direction_ind":"UP","platform":" 2","route":"2","train_service_code":"25392003","division_code":"25","toc_id":"25","timetable_variation":"3","variation_status":"LATE","next_report_stanox":"73251","next_report_run_time":"1","train_terminated":"false","delay_monitoring_point":"true","reporting_stanox":"73663","auto_expected":"true"}},{"header":{"msg_type":"0003","msg_queue_timestamp":"1713716819000","source_system_id":"TRUST","original_data_source":"SMART"},"body":{"train_id":"631R51MU21","actual_timestamp":"1713720480000","loc_stanox":"73505","planned_timestamp":"1713720480000","planned_event_type":"ARRIVAL","event_type":"ARRIVAL","event_source":"AUTOMATIC","correction_ind":"false","offroute_ind":"false","route":"0","train_service_code":"25530004","division_code":"74","toc_id":"74","timetable_variation":"0","variation_status":"ON TIME","next_report_stanox":"73508","next_report_run_time":"1","train_terminated":"false","delay_monitoring_point":"false","reporting_stanox":"00000","auto_expected":"true"}},{"header":{"msg_type":"0003","msg_queue_timestamp":"1713716819000","source_system_id":"TRUST","original_data_source":"SMART"},"body":{"train_id":"722D96MU21","actual_timestamp":"1713720360000","loc_stanox":"72272","gbtt_timestamp":"1713720360000","planned_timestamp":"1713720390000","planned_event_type":"DEPARTURE","event_type":"DEPARTURE","event_source":"AUTOMATIC","correction_ind":"false","offroute_ind":"false","direction_ind":"DOWN","platform":" 2","route":"1","train_service_code":"22216000","division_code":"30","toc_id":"30","timetable_variation":"0","variation_status":"ON TIME","next_report_stanox":"72277","next_report_run_time":"2","train_terminated":"false","delay_monitoring_point":"false","reporting_stanox":"00000","auto_expected":"true"}},{"header":{"msg_type":"0003","msg_queue_timestamp":"1713716819000","source_system_id":"TRUST","original_data_source":"SMART"},"body":{"train_id":"722J36MT21","actual_timestamp":"1713720360000","loc_stanox":"72033","gbtt_timestamp":"1713720360000","planned_timestamp":"1713720390000","planned_event_type":"DEPARTURE","event_type":"DEPARTURE","event_source":"AUTOMATIC","correction_ind":"false","offroute_ind":"false","direction_ind":"DOWN","platform":" 2","route":"1","train_service_code":"24680004","division_code":"91","toc_id":"91","timetable_variation":"0","variation_status":"ON TIME","next_report_stanox":"72031","next_report_run_time":"2","train_terminated":"false","delay_monitoring_point":"false","reporting_stanox":"00000","auto_expected":"true"}},{"header":{"msg_type":"0003","msg_queue_timestamp":"1713716819000","source_system_id":"TRUST","original_data_source":"SMART"},"body":{"train_id":"862S341T21","actual_timestamp":"1713720480000","loc_stanox":"86353","gbtt_timestamp":"1713720540000","planned_timestamp":"1713720510000","planned_event_type":"ARRIVAL","event_type":"ARRIVAL","event_source":"AUTOMATIC","correction_ind":"false","offroute_ind":"false","direction_ind":"DOWN","platform":" 2","route":"0","train_service_code":"24748000","division_code":"88","toc_id":"88","timetable_variation":"0","variation_status":"ON TIME","next_report_stanox":"86343","next_report_run_time":"1","train_terminated":"false","delay_monitoring_point":"false","reporting_stanox":"00000","auto_expected":"true"}},{"header":{"msg_type":"0003","msg_queue_timestamp":"1713716819000","source_system_id":"TRUST","original_data_source":"SMART"},"body":{"train_id":"529G47MU21","actual_timestamp":"1713720420000","loc_stanox":"87572","gbtt_timestamp":"1713720240000","planned_timestamp":"1713720210000","planned_event_type":"ARRIVAL","event_type":"ARRIVAL","event_source":"AUTOMATIC","correction_ind":"false","offroute_ind":"false","direction_ind":"DOWN","platform":" 2","route":"0","train_service_code":"22218000","division_code":"30","toc_id":"30","timetable_variation":"4","variation_status":"LATE","next_report_stanox":"87574","next_report_run_time":"1","train_terminated":"false","delay_monitoring_point":"false","reporting_stanox":"00000","auto_expected":"true"}},{"header":{"msg_type":"0003","msg_queue_timestamp":"1713716819000","source_system_id":"TRUST","original_data_source":"SMART"},"body":{"train_id":"642G18MT21","actual_timestamp":"1713720480000","loc_stanox":"65043","gbtt_timestamp":"1713720660000","planned_timestamp":"1713720660000","planned_event_type":"ARRIVAL","event_type":"ARRIVAL","event_source":"AUTOMATIC","correction_ind":"false","offroute_ind":"false","direction_ind":"UP","platform":" 3","route":"0","train_service_code":"22266000","division_code":"29","toc_id":"29","timetable_variation":"3","variation_status":"EARLY","next_report_stanox":"65811","next_report_run_time":"5","train_terminated":"false","delay_monitoring_point":"true","reporting_stanox":"65043","auto_expected":"true"}},{"header":{"msg_type":"0003","msg_queue_timestamp":"1713716819000","source_system_id":"TRUST","original_data_source":"SMART"},"body":{"train_id":"529E47MU21","actual_timestamp":"1713720420000","loc_stanox":"52090","gbtt_timestamp":"1713720360000","planned_timestamp":"1713720330000","planned_event_type":"ARRIVAL","event_type":"ARRIVAL","event_source":"AUTOMATIC","correction_ind":"false","offroute_ind":"false","direction_ind":"DOWN","platform":" 2","route":"0","train_service_code":"22218000","division_code":"30","toc_id":"30","timetable_variation":"2","variation_status":"LATE","next_report_stanox":"87566","next_report_run_time":"1","train_terminated":"false","delay_monitoring_point":"false","reporting_stanox":"00000","auto_expected":"true"}},{"header":{"msg_type":"0003","msg_queue_timestamp":"1713716819000","source_system_id":"TRUST","original_data_source":"SMART"},"body":{"train_id":"361L14MR21","actual_timestamp":"1713720420000","loc_stanox":"25710","planned_timestamp":"1713720360000","planned_event_type":"DEPARTURE","event_type":"DEPARTURE","event_source":"AUTOMATIC","correction_ind":"false","offroute_ind":"false","direction_ind":"UP","line_ind":"S","route":"1","train_service_code":"22269000","division_code":"28","toc_id":"28","timetable_variation":"1","variation_status":"LATE","next_report_stanox":"25708","train_terminated":"false","delay_monitoring_point":"true","reporting_stanox":"25710","auto_expected":"true"}},{"header":{"msg_type":"0003","msg_queue_timestamp":"1713716819000","source_system_id":"TRUST","original_data_source":"SMART"},"body":{"train_id":"252S89MU21","actual_timestamp":"1713720360000","loc_stanox":"25704","gbtt_timestamp":"1713720060000","planned_timestamp":"1713720090000","planned_event_type":"DEPARTURE","event_type":"DEPARTURE","event_source":"AUTOMATIC","correction_ind":"false","offroute_ind":"false","direction_ind":"DOWN","line_ind":"M","platform":" 1","route":"2","train_service_code":"12226820","division_code":"23","toc_id":"23","timetable_variation":"5","variation_status":"LATE","next_report_stanox":"25708","next_report_run_time":"1","train_terminated":"false","delay_monitoring_point":"false","reporting_stanox":"00000","auto_expected":"true"}},{"header":{"msg_type":"0003","msg_queue_timestamp":"1713716819000","source_system_id":"TRUST","original_data_source":"SMART"},"body":{"train_id":"252S89MU21","actual_timestamp":"1713720480000","loc_stanox":"25710","planned_timestamp":"1713720240000","planned_event_type":"DEPARTURE","event_type":"DEPARTURE","event_source":"AUTOMATIC","correction_ind":"false","offroute_ind":"false","direction_ind":"DOWN","line_ind":"M","route":"3","train_service_code":"12226820","division_code":"23","toc_id":"23","timetable_variation":"4","variation_status":"LATE","next_report_stanox":"34022","next_report_run_time":"4","train_terminated":"false","delay_monitoring_point":"true","reporting_stanox":"25710","auto_expected":"true"}},{"header":{"msg_type":"0003","msg_queue_timestamp":"1713716820000","source_system_id":"TRUST","original_data_source":"SMART"},"body":{"train_id":"321P79MP21","actual_timestamp":"1713720420000","loc_stanox":"15229","planned_timestamp":"1713720270000","planned_event_type":"DEPARTURE","event_type":"DEPARTURE","event_source":"AUTOMATIC","correction_ind":"false","offroute_ind":"false","direction_ind":"DOWN","line_ind":"M","route":"2","train_service_code":"21734000","division_code":"20","toc_id":"20","timetable_variation":"3","variation_status":"LATE","next_report_stanox":"15319","next_report_run_time":"1","train_terminated":"false","delay_monitoring_point":"false","reporting_stanox":"00000","auto_expected":"true"}},{"header":{"msg_type":"0003","msg_queue_timestamp":"1713716820000","source_system_id":"TRUST","original_data_source":"SMART"},"body":{"train_id":"872N31MT21","actual_timestamp":"1713720360000","loc_stanox":"52046","gbtt_timestamp":"1713720360000","planned_timestamp":"1713720390000","planned_event_type":"DEPARTURE","event_type":"DEPARTURE","event_source":"AUTOMATIC","correction_ind":"false","offroute_ind":"false","direction_ind":"DOWN","line_ind":"D","platform":" 2","route":"2","train_service_code":"22214000","division_code":"30","toc_id":"30","timetable_variation":"0","variation_status":"ON TIME","next_report_stanox":"52045","next_report_run_time":"1","train_terminated":"false","delay_monitoring_point":"false","reporting_stanox":"00000","auto_expected":"true"}},{"header":{"msg_type":"0003","msg_queue_timestamp":"1713716820000","source_system_id":"TRUST","original_data_source":"SMART"},"body":{"train_id":"541S24MS21","actual_timestamp":"1713720420000","loc_stanox":"23221","planned_timestamp":"1713720510000","planned_event_type":"DEPARTURE","event_type":"DEPARTURE","event_source":"AUTOMATIC","correction_ind":"false","offroute_ind":"false","direction_ind":"DOWN","line_ind":"M","route":"1","train_service_code":"21700001","division_code":"61","toc_id":"61","timetable_variation":"1","variation_status":"EARLY","next_report_stanox":"16480","next_report_run_time":"5","train_terminated":"false","delay_monitoring_point":"true","reporting_stanox":"23221","auto_expected":"true"}},{"header":{"msg_type":"0003","msg_queue_timestamp":"1713716820000","source_system_id":"TRUST","original_data_source":"SMART"},"body":{"train_id":"721H71MT21","actual_timestamp":"1713720480000","loc_stanox":"70030","planned_timestamp":"1713720000000","planned_event_type":"ARRIVAL","event_type":"ARRIVAL","event_source":"AUTOMATIC","correction_ind":"false","offroute_ind":"false","route":"0","train_service_code":"22108001","division_code":"65","toc_id":"65","timetable_variation":"8","variation_status":"LATE","next_report_stanox":"70029","next_report_run_time":"1","train_terminated":"false","delay_monitoring_point":"true","reporting_stanox":"70030","auto_expected":"true"}},{"header":{"msg_type":"0003","msg_queue_timestamp":"1713716820000","source_system_id":"TRUST","original_data_source":"SMART"},"body":{"train_id":"152D16MS21","actual_timestamp":"1713720420000","loc_stanox":"15449","gbtt_timestamp":"1713720120000","planned_timestamp":"1713720060000","planned_event_type":"ARRIVAL","event_type":"ARRIVAL","event_source":"AUTOMATIC","correction_ind":"false","offroute_ind":"false","direction_ind":"DOWN","platform":" 2","route":"0","train_service_code":"21801000","division_code":"23","toc_id":"23","timetable_variation":"6","variation_status":"LATE","next_report_stanox":"15619","next_report_run_time":"1","train_terminated":"false","delay_monitoring_point":"true","reporting_stanox":"15449","auto_expected":"true"}},{"header":{"msg_type":"0003","msg_queue_timestamp":"1713716820000","source_system_id":"TRUST","original_data_source":"SMART"},"body":{"train_id":"522O56MU21","actual_timestamp":"1713720360000","loc_stanox":"51931","gbtt_timestamp":"1713720360000","planned_timestamp":"1713720390000","planned_event_type":"DEPARTURE","event_type":"DEPARTURE","event_source":"AUTOMATIC","correction_ind":"false","offroute_ind":"false","direction_ind":"DOWN","line_ind":"D","platform":" 4","route":"2","train_service_code":"21920000","division_code":"21","toc_id":"21","timetable_variation":"0","variation_status":"ON TIME","next_report_stanox":"51918","next_report_run_time":"4","train_terminated":"false","delay_monitoring_point":"false","reporting_stanox":"00000","auto_expected":"true"}},{"header":{"msg_type":"0003","msg_queue_timestamp":"1713716820000","source_system_id":"TRUST","original_data_source":"SMART"},"body":{"train_id":"301M14MN21","actual_timestamp":"1713720360000","loc_stanox":"70029","planned_timestamp":"1713720240000","planned_event_type":"DEPARTURE","event_type":"DEPARTURE","event_source":"AUTOMATIC","correction_ind":"false","offroute_ind":"false","direction_ind":"UP","line_ind":"F","route":"3","train_service_code":"22112001","division_code":"65","toc_id":"65","timetable_variation":"2","variation_status":"LATE","next_report_stanox":"70030","next_report_run_time":"1","train_terminated":"false","delay_monitoring_point":"false","reporting_stanox":"00000","auto_expected":"true"}}]