[{"header":{"msg_type":"0003","msg_queue_timestamp":"1713164495000","source_system_id":"TRUST","original_data_source":"SMART"},"body":{"train_id":"471B13MA15","actual_timestamp":"1713168060000","loc_stanox":"51938","planned_timestamp":"1713167790000","planned_event_type":"DEPARTURE","event_type":"DEPARTURE","event_source":"AUTOMATIC","correction_ind":"false","offroute_ind":"false","direction_ind":"UP","line_ind":"U","route":"1","train_service_code":"25911000","division_code":"21","toc_id":"21","timetable_variation":"5","variation_status":"LATE","next_report_stanox":"52736","next_report_run_time":"4","train_terminated":"false","delay_monitoring_point":"false","reporting_stanox":"00000","auto_expected":"true"}},{"header":{"msg_type":"0003","msg_queue_timestamp":"1713164495000","source_system_id":"TRUST","original_data_source":"SMART"},"body":{"train_id":"472H11MA15","actual_timestamp":"1713168120000","loc_stanox":"47521","gbtt_timestamp":"1713168120000","planned_timestamp":"1713168120000","planned_event_type":"ARRIVAL","event_type":"ARRIVAL","event_source":"AUTOMATIC","correction_ind":"false","offroute_ind":"false","direction_ind":"UP","platform":" 1","route":"0","train_service_code":"25913000","division_code":"21","toc_id":"21","timetable_variation":"0","variation_status":"ON TIME","next_report_stanox":"47603","next_report_run_time":"1","train_terminated":"false","delay_monitoring_point":"false","reporting_stanox":"00000","auto_expected":"true"}},{"header":{"msg_type":"0003","msg_queue_timestamp":"1713164495000","source_system_id":"TRUST","original_data_source":"SMART"},"body":{"train_id":"512D11MB15","actual_timestamp":"1713168060000","loc_stanox":"51944","gbtt_timestamp":"1713168000000","planned_timestamp":"1713168030000","planned_event_type":"DEPARTURE","event_type":"DEPARTURE","event_source":"AUTOMATIC","correction_ind":"false","offroute_ind":"false","direction_ind":"UP","line_ind":"U","platform":" 1","route":"1","train_service_code":"25234001","division_code":"30","toc_id":"30","timetable_variation":"1","variation_status":"LATE","next_report_stanox":"51948","next_report_run_time":"2","train_terminated":"false","delay_monitoring_point":"false","reporting_stanox":"00000","auto_expected":"true"}},{"header":{"msg_type":"0003","msg_queue_timestamp":"1713164495000","source_system_id":"TRUST","original_data_source":"SMART"},"body":{"train_id":"872K14MB15","actual_timestamp":"1713168060000","loc_stanox":"88476","planned_timestamp":"1713168210000","planned_event_type":"DEPARTURE","event_type":"DEPARTURE","event_source":"AUTOMATIC","correction_ind":"false","offroute_ind":"false","direction_ind":"DOWN","line_ind":"S","route":"1","train_service_code":"24604004","division_code":"80","toc_id":"80","timetable_variation":"2","variation_status":"EARLY","next_report_stanox":"88477","next_report_run_time":"2","train_terminated":"false","delay_monitoring_point":"true","reporting_stanox":"88476","auto_expected":"true"}},{"header":{"msg_type":"0003","msg_queue_timestamp":"1713164495000","source_system_id":"TRUST","original_data_source":"SMART"},"body":{"train_id":"509Y91MB15","actual_timestamp":"1713168060000","loc_stanox":"50334","gbtt_timestamp":"1713168060000","planned_timestamp":"1713168060000","planned_event_type":"DEPARTURE","event_type":"DEPARTURE","event_source":"AUTOMATIC","correction_ind":"false","offroute_ind":"false","direction_ind":"UP","line_ind":"E","platform":" 3","route":"1","train_service_code":"25381001","division_code":"33","toc_id":"33","timetable_variation":"0","variation_status":"ON TIME","next_report_stanox":"50401","next_report_run_time":"2","train_terminated":"false","delay_monitoring_point":"true","reporting_stanox":"50334","auto_expected":"true"}},{"header":{"msg_type":"0003","msg_queue_timestamp":"1713164495000","source_system_id":"TRUST","original_data_source":"SMART"},"body":{"train_id":"862S03MB15","actual_timestamp":"1713168120000","loc_stanox":"86424","gbtt_timestamp":"1713168180000","planned_timestamp":"1713168180000","planned_event_type":"ARRIVAL","event_type":"ARRIVAL","event_source":"AUTOMATIC","correction_ind":"false","offroute_ind":"false","direction_ind":"UP","platform":" 1","route":"0","train_service_code":"24744000","division_code":"88","toc_id":"88","timetable_variation":"1","variation_status":"EARLY","next_report_stanox":"86451","next_report_run_time":"2","train_terminated":"false","delay_monitoring_point":"true","reporting_stanox":"86424","auto_expected":"true"}},{"header":{"msg_type":"0003","msg_queue_timestamp":"1713164495000","source_system_id":"TRUST","original_data_source":"SMART"},"body":{"train_id":"509Y95MB15","actual_timestamp":"1713168120000","loc_stanox":"50331","gbtt_timestamp":"1713168120000","planned_timestamp":"1713168090000","planned_event_type":"ARRIVAL","event_type":"ARRIVAL","event_source":"AUTOMATIC","correction_ind":"false","offroute_ind":"false","direction_ind":"UP","platform":" 3","route":"0","train_service_code":"25381001","division_code":"33","toc_id":"33","timetable_variation":"1","variation_status":"LATE","next_report_stanox":"50333","next_report_run_time":"1","train_terminated":"false","delay_monitoring_point":"false","reporting_stanox":"00000","auto_expected":"true"}},{"header":{"msg_type":"0003","msg_queue_timestamp":"1713164495000","source_system_id":"TRUST","original_data_source":"SMART"},"body":{"train_id":"811L98M615","actual_timestamp":"1713168060000","loc_stanox":"66510","planned_timestamp":"1713168060000","planned_event_type":"DEPARTURE","event_type":"DEPARTURE","event_source":"AUTOMATIC","correction_ind":"false","offroute_ind":"false","direction_ind":"UP","platform":" 1","route":"2","train_service_code":"22333000","division_code":"27","toc_id":"27","timetable_variation":"0","variation_status":"ON TIME","next_report_stanox":"66502","next_report_run_time":"5","train_terminated":"false","delay_monitoring_point":"true","reporting_stanox":"66510","auto_expected":"true"}},{"header":{"msg_type":"0003","msg_queue_timestamp":"1713164496000","source_system_id":"TRUST","original_data_source":"SMART"},"body":{"train_id":"871P11MB15","actual_timestamp":"1713168060000","loc_stanox":"87701","gbtt_timestamp":"1713167940000","planned_timestamp":"1713167940000","planned_event_type":"DEPARTURE","event_type":"DEPARTURE","event_source":"AUTOMATIC","correction_ind":"false","offroute_ind":"false","direction_ind":"DOWN","line_ind":"S","platform":" 6","route":"1","train_service_code":"24786000","division_code":"88","toc_id":"88","timetable_variation":"2","variation_status":"LATE","next_report_stanox":"87704","next_report_run_time":"2","train_terminated":"false","delay_monitoring_point":"true","reporting_stanox":"87701","auto_expected":"true"}},{"header":{"msg_type":"0003","msg_queue_timestamp":"1713164496000","source_system_id":"TRUST","original_data_source":"SMART"},"body":{"train_id":"871H08MB15","actual_timestamp":"1713168120000","loc_stanox":"87701","gbtt_timestamp":"1713168180000","planned_timestamp":"1713168150000","planned_event_type":"ARRIVAL","event_type":"ARRIVAL","event_source":"AUTOMATIC","correction_ind":"false","offroute_ind":"false","direction_ind":"DOWN","platform":" 3","route":"0","train_service_code":"24746000","division_code":"88","toc_id":"88","timetable_variation":"0","variation_status":"ON TIME","next_report_stanox":"87801","next_report_run_time":"2","train_terminated":"false","delay_monitoring_point":"true","reporting_stanox":"87701","auto_expected":"true"}},{"header":{"msg_type":"0003","msg_queue_timestamp":"1713164496000","source_system_id":"TRUST","original_data_source":"SMART"},"body":{"train_id":"592L57M615","actual_timestamp":"1713168060000","loc_stanox":"55511","planned_timestamp":"1713167880000","planned_event_type":"DEPARTURE","event_type":"DEPARTURE","event_source":"AUTOMATIC","correction_ind":"false","offroute_ind":"false","direction_ind":"DOWN","line_ind":"N","route":"2","train_service_code":"22321000","division_code":"28","toc_id":"28","timetable_variation":"3","variation_status":"LATE","next_report_stanox":"44302","next_report_run_time":"4","train_terminated":"false","delay_monitoring_point":"false","reporting_stanox":"00000","auto_expected":"true"}}]