[{"header":{"msg_type":"0003","msg_queue_timestamp":"1713735866000","source_system_id":"TRUST","original_data_source":"SMART"},"body":{"train_id":"872J69M821","actual_timestamp":"1713739380000","loc_stanox":"87631","gbtt_timestamp":"1713739440000","planned_timestamp":"1713739440000","planned_event_type":"DEPARTURE","event_type":"DEPARTURE","event_source":"AUTOMATIC","correction_ind":"false","offroute_ind":"false","direction_ind":"DOWN","platform":" 1","route":"1","train_service_code":"24787000","division_code":"88","toc_id":"88","timetable_variation":"1","variation_status":"EARLY","next_report_stanox":"87633","next_report_run_time":"2","train_terminated":"false","delay_monitoring_point":"false","reporting_stanox":"00000","auto_expected":"true"}},{"header":{"msg_type":"0002","msg_queue_timestamp":"1713735866000","source_system_id":"TRUST","original_data_source":"SDR","user_id":"#QRP9107","source_dev_id":"VLR0"},"body":{"train_id":"323S50CZ21","division_code":"05","toc_id":"05","loc_stanox":"32534","canx_timestamp":"1713739440000","dep_timestamp":"1713730440000","canx_type":"AT ORIGIN","canx_reason_code":"FL","train_service_code":"95998501","train_file_address":"NVK"}},{"header":{"msg_type":"0003","msg_queue_timestamp":"1713735866000","source_system_id":"TRUST","original_data_source":"SMART"},"body":{"train_id":"872K38M821","actual_timestamp":"1713739500000","loc_stanox":"88486","gbtt_timestamp":"1713739560000","planned_timestamp":"1713739530000","planned_event_type":"ARRIVAL","event_type":"ARRIVAL","event_source":"AUTOMATIC","correction_ind":"false","offroute_ind":"false","direction_ind":"DOWN","platform":" 4","route":"0","train_service_code":"24604004","division_code":"80","toc_id":"80","timetable_variation":"0","variation_status":"ON TIME","next_report_stanox":"88480","next_report_run_time":"1","train_terminated":"false","delay_monitoring_point":"true","reporting_stanox":"88486","auto_expected":"true"}},{"header":{"msg_type":"0003","msg_queue_timestamp":"1713735866000","source_system_id":"TRUST","original_data_source":"SMART"},"body":{"train_id":"529E68M821","actual_timestamp":"1713739440000","loc_stanox":"52090","gbtt_timestamp":"1713739260000","planned_timestamp":"1713739260000","planned_event_type":"DEPARTURE","event_type":"DEPARTURE","event_source":"AUTOMATIC","correction_ind":"false","offroute_ind":"false","direction_ind":"DOWN","platform":" 2","route":"2","train_service_code":"22218000","division_code":"30","toc_id":"30","timetable_variation":"3","variation_status":"LATE","next_report_stanox":"87566","next_report_run_time":"1","train_terminated":"false","delay_monitoring_point":"false","reporting_stanox":"00000","auto_expected":"true"}},{"header":{"msg_type":"0003","msg_queue_timestamp":"1713735866000","source_system_id":"TRUST","original_data_source":"SMART"},"body":{"train_id":"402C57M821","actual_timestamp":"1713739440000","loc_stanox":"38183","gbtt_timestamp":"1713739500000","planned_timestamp":"1713739470000","planned_event_type":"ARRIVAL","event_type":"ARRIVAL","event_source":"AUTOMATIC","correction_ind":"false","offroute_ind":"false","direction_ind":"UP","platform":" 3","route":"0","train_service_code":"22306003","division_code":"64","toc_id":"64","timetable_variation":"0","variation_status":"ON TIME","next_report_stanox":"38184","next_report_run_time":"1","train_terminated":"false","delay_monitoring_point":"true","reporting_stanox":"38183","auto_expected":"true"}},{"header":{"msg_type":"0003","msg_queue_timestamp":"1713735867000","source_system_id":"TRUST","original_data_source":"SMART"},"body":{"train_id":"871B82M821","actual_timestamp":"1713739380000","loc_stanox":"87219","gbtt_timestamp":"1713739320000","planned_timestamp":"1713739320000","planned_event_type":"DEPARTURE","event_type":"DEPARTURE","event_source":"AUTOMATIC","correction_ind":"false","offroute_ind":"false","direction_ind":"DOWN","line_ind":"F","platform":"13","route":"1","train_service_code":"24748000","division_code":"88","toc_id":"88","timetable_variation":"1","variation_status":"LATE","next_report_stanox":"87222","next_report_run_time":"2","train_terminated":"false","delay_monitoring_point":"true","reporting_stanox":"87219","auto_expected":"true"}},{"header":{"msg_type":"0003","msg_queue_timestamp":"1713735867000","source_system_id":"TRUST","original_data_source":"SMART"},"body":{"train_id":"872J71M821","actual_timestamp":"1713739440000","loc_stanox":"87601","gbtt_timestamp":"1713739440000","planned_timestamp":"1713739440000","planned_event_type":"DEPARTURE","event_type":"DEPARTURE","event_source":"AUTOMATIC","correction_ind":"false","offroute_ind":"false","direction_ind":"DOWN","platform":"14","route":"1","train_service_code":"24787000","division_code":"88","toc_id":"88","timetable_variation":"0","variation_status":"ON TIME","next_report_stanox":"87591","next_report_run_time":"2","train_terminated":"false","delay_monitoring_point":"true","reporting_stanox":"87601","auto_expected":"true"}},{"header":{"msg_type":"0003","msg_queue_timestamp":"1713735867000","source_system_id":"TRUST","original_data_source":"SMART"},"body":{"train_id":"502K63M721","actual_timestamp":"1713739440000","loc_stanox":"52226","gbtt_timestamp":"1713739680000","planned_timestamp":"1713739710000","planned_event_type":"DEPARTURE","event_type":"DEPARTURE","event_source":"AUTOMATIC","correction_ind":"false","offroute_ind":"false","direction_ind":"UP","line_ind":"M","platform":" 9","route":"2","train_service_code":"21943001","division_code":"21","toc_id":"21","timetable_variation":"4","variation_status":"EARLY","next_report_stanox":"52701","next_report_run_time":"3","train_terminated":"false","delay_monitoring_point":"true","reporting_stanox":"52226","auto_expected":"true"}},{"header":{"msg_type":"0003","msg_queue_timestamp":"1713735867000","source_system_id":"TRUST","original_data_source":"SMART"},"body":{"train_id":"851A98MV21","actual_timestamp":"1713739380000","loc_stanox":"74803","gbtt_timestamp":"1713738900000","planned_timestamp":"1713738900000","planned_event_type":"DEPARTURE","event_type":"DEPARTURE","event_source":"AUTOMATIC","correction_ind":"false","offroute_ind":"false","direction_ind":"UP","platform":" 2","route":"2","train_service_code":"25397003","division_code":"25","toc_id":"25","timetable_variation":"8","variation_status":"LATE","next_report_stanox":"74702","next_report_run_time":"7","train_terminated":"false","delay_monitoring_point":"true","reporting_stanox":"74803","auto_expected":"true"}},{"header":{"msg_type":"0003","msg_queue_timestamp":"1713735867000","source_system_id":"TRUST","original_data_source":"SMART"},"body":{"train_id":"739W94M721","actual_timestamp":"1713739440000","loc_stanox":"50435","gbtt_timestamp":"1713739500000","planned_timestamp":"1713739500000","planned_event_type":"ARRIVAL","event_type":"ARRIVAL","event_source":"AUTOMATIC","correction_ind":"false","offroute_ind":"false","direction_ind":"DOWN","platform":" 2","route":"0","train_service_code":"21381901","division_code":"33","toc_id":"33","timetable_variation":"1","variation_status":"EARLY","next_report_stanox":"50434","next_report_run_time":"1","train_terminated":"false","delay_monitoring_point":"false","reporting_stanox":"00000","auto_expected":"true"}},{"header":{"msg_type":"0003","msg_queue_timestamp":"1713735867000","source_system_id":"TRUST","original_data_source":"SMART"},"body":{"train_id":"512D21M821","actual_timestamp":"1713739440000","loc_stanox":"51949","gbtt_timestamp":"1713739380000","planned_timestamp":"1713739410000","planned_event_type":"DEPARTURE","event_type":"DEPARTURE","event_source":"AUTOMATIC","correction_ind":"false","offroute_ind":"false","direction_ind":"UP","line_ind":"U","platform":" 1","route":"1","train_service_code":"21234001","division_code":"30","toc_id":"30","timetable_variation":"1","variation_status":"LATE","next_report_stanox":"51950","next_report_run_time":"2","train_terminated":"false","delay_monitoring_point":"false","reporting_stanox":"00000","auto_expected":"true"}},{"header":{"msg_type":"0001","msg_queue_timestamp":"1713735867000","source_system_id":"TRUST","original_data_source":"TSIA"},"body":{"train_id":"466J851522","toc_id":"42","schedule_wtt_id":"6J851","sched_origin_stanox":"46301","creation_timestamp":"1713739467000","origin_dep_timestamp":"1713762300000","train_uid":"U07267","schedule_start_date":"2024-04-22","schedule_end_date":"2024-04-22","schedule_source":"C","schedule_type":"N","d1266_record_number":"00000","tp_origin_timestamp":"2024-04-22","train_call_type":"MANUAL","train_call_mode":"NORMAL","train_service_code":"53693803"}},{"header":{"msg_type":"0001","msg_queue_timestamp":"1713735868000","source_system_id":"TRUST","original_data_source":"TSIA"},"body":{"train_id":"156N48C821","toc_id":"05","schedule_wtt_id":"6N48C","sched_origin_stanox":"15400","creation_timestamp":"1713739468000","origin_dep_timestamp":"1713738780000","train_uid":"H05003","schedule_start_date":"2023-12-10","schedule_end_date":"2024-05-26","schedule_source":"C","schedule_type":"O","d1266_record_number":"00000","tp_origin_timestamp":"2024-04-21","train_call_type":"MANUAL","train_call_mode":"NORMAL","train_service_code":"51426930"}},{"header":{"msg_type":"0003","msg_queue_timestamp":"1713735868000","source_system_id":"TRUST","original_data_source":"SMART"},"body":{"train_id":"422H43M821","actual_timestamp":"1713739500000","loc_stanox":"32568","gbtt_timestamp":"1713739380000","planned_timestamp":"1713739350000","planned_event_type":"ARRIVAL","event_type":"ARRIVAL","event_source":"AUTOMATIC","correction_ind":"false","offroute_ind":"false","direction_ind":"DOWN","platform":" 3","route":"0","train_service_code":"12232820","division_code":"23","toc_id":"23","timetable_variation":"3","variation_status":"LATE","next_report_stanox":"32566","next_report_run_time":"1","train_terminated":"false","delay_monitoring_point":"true","reporting_stanox":"32568","auto_expected":"true"}},{"header":{"msg_type":"0003","msg_queue_timestamp":"1713735869000","source_system_id":"TRUST","original_data_source":"SMART"},"body":{"train_id":"529G69M821","actual_timestamp":"1713739440000","loc_stanox":"52084","gbtt_timestamp":"1713739440000","planned_timestamp":"1713739440000","planned_event_type":"ARRIVAL","event_type":"ARRIVAL","event_source":"AUTOMATIC","correction_ind":"false","offroute_ind":"false","direction_ind":"DOWN","line_ind":"D","platform":" 6","route":"0","train_service_code":"22218000","division_code":"30","toc_id":"30","timetable_variation":"0","variation_status":"ON TIME","next_report_stanox":"52088","next_report_run_time":"1","train_terminated":"false","delay_monitoring_point":"true","reporting_stanox":"52084","auto_expected":"true"}},{"header":{"msg_type":"0003","msg_queue_timestamp":"1713735869000","source_system_id":"TRUST","original_data_source":"SMART"},"body":{"train_id":"162C53M721","actual_timestamp":"1713739380000","loc_stanox":"17105","gbtt_timestamp":"1713739380000","planned_timestamp":"1713739410000","planned_event_type":"DEPARTURE","event_type":"DEPARTURE","event_source":"AUTOMATIC","correction_ind":"false","offroute_ind":"false","direction_ind":"UP","line_ind":"H","platform":" 1","route":"1","train_service_code":"11830920","division_code":"23","toc_id":"23","timetable_variation":"0","variation_status":"ON TIME","next_report_stanox":"17103","next_report_run_time":"4","train_terminated":"false","delay_monitoring_point":"true","reporting_stanox":"17105","auto_expected":"true"}},{"header":{"msg_type":"0003","msg_queue_timestamp":"1713735869000","source_system_id":"TRUST","original_data_source":"SMART"},"body":{"train_id":"771F39M821","actual_timestamp":"1713739380000","loc_stanox":"76401","gbtt_timestamp":"1713739440000","planned_timestamp":"1713739440000","planned_event_type":"DEPARTURE","event_type":"DEPARTURE","event_source":"AUTOMATIC","correction_ind":"false","offroute_ind":"false","direction_ind":"UP","platform":" 4","route":"3","train_service_code":"25471001","division_code":"25","toc_id":"25","timetable_variation":"1","variation_status":"EARLY","next_report_stanox":"76398","next_report_run_time":"1","train_terminated":"false","delay_monitoring_point":"true","reporting_stanox":"76401","auto_expected":"true"}},{"header":{"msg_type":"0003","msg_queue_timestamp":"1713735869000","source_system_id":"TRUST","original_data_source":"SMART"},"body":{"train_id":"062E86M821","actual_timestamp":"1713739080000","loc_stanox":"06121","gbtt_timestamp":"1713739140000","planned_timestamp":"1713739140000","planned_event_type":"DEPARTURE","event_type":"DEPARTURE","event_source":"AUTOMATIC","correction_ind":"false","offroute_ind":"false","direction_ind":"UP","platform":" 1","route":"2","train_service_code":"13560015","division_code":"60","toc_id":"60","timetable_variation":"1","variation_status":"EARLY","next_report_stanox":"06123","next_report_run_time":"2","train_terminated":"false","delay_monitoring_point":"true","reporting_stanox":"06121","auto_expected":"true"}},{"header":{"msg_type":"0003","msg_queue_timestamp":"1713735869000","source_system_id":"TRUST","original_data_source":"SMART"},"body":{"train_id":"062E86M821","actual_timestamp":"1713739440000","loc_stanox":"06125","gbtt_timestamp":"1713739440000","planned_timestamp":"1713739440000","planned_event_type":"DEPARTURE","event_type":"DEPARTURE","event_source":"AUTOMATIC","correction_ind":"false","offroute_ind":"false","direction_ind":"UP","platform":" 1","route":"1","train_service_code":"13560015","division_code":"60","toc_id":"60","timetable_variation":"0","variation_status":"ON TIME","next_report_stanox":"06134","next_report_run_time":"2","train_terminated":"false","delay_monitoring_point":"false","reporting_stanox":"00000","auto_expected":"true"}},{"header":{"msg_type":"0003","msg_queue_timestamp":"1713735869000","source_system_id":"TRUST","original_data_source":"SMART"},"body":{"train_id":"195H061Z21","actual_timestamp":"1713739440000","loc_stanox":"53248","planned_timestamp":"1713740820000","planned_event_type":"DEPARTURE","event_type":"DEPARTURE","event_source":"AUTOMATIC","correction_ind":"false","offroute_ind":"false","direction_ind":"UP","line_ind":"H","platform":" 2","route":"2","train_service_code":"21750001","division_code":"55","toc_id":"55","timetable_variation":"23","variation_status":"EARLY","next_report_stanox":"53309","next_report_run_time":"6","train_terminated":"false","delay_monitoring_point":"true","reporting_stanox":"53248","auto_expected":"true"}},{"header":{"msg_type":"0003","msg_queue_timestamp":"1713735870000","source_system_id":"TRUST","original_data_source":"SMART"},"body":{"train_id":"631L66M721","actual_timestamp":"1713739440000","loc_stanox":"89462","gbtt_timestamp":"1713739020000","planned_timestamp":"1713739050000","planned_event_type":"DEPARTURE","event_type":"DEPARTURE","event_source":"AUTOMATIC","correction_ind":"false","offroute_ind":"false","direction_ind":"DOWN","platform":" 2","route":"2","train_service_code":"24647004","division_code":"80","toc_id":"80","timetable_variation":"7","variation_status":"LATE","next_report_stanox":"89444","next_report_run_time":"6","train_terminated":"false","delay_monitoring_point":"false","reporting_stanox":"00000","auto_expected":"true"}},{"header":{"msg_type":"0003","msg_queue_timestamp":"1713735870000","source_system_id":"TRUST","original_data_source":"SMART"},"body":{"train_id":"871B71M821","actual_timestamp":"1713739440000","loc_stanox":"86042","planned_timestamp":"1713739500000","planned_event_type":"DEPARTURE","event_type":"DEPARTURE","event_source":"AUTOMATIC","correction_ind":"false","offroute_ind":"false","direction_ind":"DOWN","platform":"F","route":"1","train_service_code":"24620204","division_code":"84","toc_id":"84","timetable_variation":"1","variation_status":"EARLY","next_report_stanox":"86066","next_report_run_time":"10","train_terminated":"false","delay_monitoring_point":"true","reporting_stanox":"86042","auto_expected":"true"}},{"header":{"msg_type":"0003","msg_queue_timestamp":"1713735870000","source_system_id":"TRUST","original_data_source":"SMART"},"body":{"train_id":"871W71M721","actual_timestamp":"1713739440000","loc_stanox":"86083","gbtt_timestamp":"1713739440000","planned_timestamp":"1713739440000","planned_event_type":"DEPARTURE","event_type":"DEPARTURE","event_source":"AUTOMATIC","correction_ind":"false","offroute_ind":"false","direction_ind":"DOWN","line_ind":"M","platform":" 2","route":"1","train_service_code":"24620104","division_code":"84","toc_id":"84","timetable_variation":"0","variation_status":"ON TIME","next_report_stanox":"86051","next_report_run_time":"3","train_terminated":"false","delay_monitoring_point":"true","reporting_stanox":"86083","auto_expected":"true"}},{"header":{"msg_type":"0003","msg_queue_timestamp":"1713735870000","source_system_id":"TRUST","original_data_source":"SMART"},"body":{"train_id":"422U46MZ21","actual_timestamp":"1713739440000","loc_stanox":"71009","planned_timestamp":"1713739470000","planned_event_type":"DEPARTURE","event_type":"DEPARTURE","event_source":"AUTOMATIC","correction_ind":"false","offroute_ind":"false","direction_ind":"UP","line_ind":"F","route":"2","train_service_code":"22330000","division_code":"29","toc_id":"29","timetable_variation":"0","variation_status":"ON TIME","next_report_stanox":"71011","next_report_run_time":"1","train_terminated":"false","delay_monitoring_point":"true","reporting_stanox":"71009","auto_expected":"true"}},{"header":{"msg_type":"0003","msg_queue_timestamp":"1713735870000","source_system_id":"TRUST","original_data_source":"SMART"},"body":{"train_id":"652R57M821","actual_timestamp":"1713739380000","loc_stanox":"65343","gbtt_timestamp":"1713739380000","planned_timestamp":"1713739410000","planned_event_type":"DEPARTURE","event_type":"DEPARTURE","event_source":"AUTOMATIC","correction_ind":"false","offroute_ind":"false","direction_ind":"UP","platform":" 1","route":"2","train_service_code":"22272000","division_code":"29","toc_id":"29","timetable_variation":"0","variation_status":"ON TIME","next_report_stanox":"65345","next_report_run_time":"2","train_terminated":"false","delay_monitoring_point":"false","reporting_stanox":"00000","auto_expected":"true"}},{"header":{"msg_type":"0003","msg_queue_timestamp":"1713735870000","source_system_id":"TRUST","original_data_source":"SMART"},"body":{"train_id":"652R57M821","actual_timestamp":"1713739500000","loc_stanox":"65345","gbtt_timestamp":"1713739500000","planned_timestamp":"1713739500000","planned_event_type":"ARRIVAL","event_type":"ARRIVAL","event_source":"AUTOMATIC","correction_ind":"false","offroute_ind":"false","direction_ind":"UP","platform":" 1","route":"0","train_service_code":"22272000","division_code":"29","toc_id":"29","timetable_variation":"0","variation_status":"ON TIME","next_report_stanox":"65601","next_report_run_time":"1","train_terminated":"false","delay_monitoring_point":"false","reporting_stanox":"00000","auto_expected":"true"}}]