[{"header":{"msg_type":"0003","msg_queue_timestamp":"1713164080000","source_system_id":"TRUST","original_data_source":"SMART"},"body":{"train_id":"551B13M615","actual_timestamp":"1713167640000","loc_stanox":"62001","planned_timestamp":"1713167280000","planned_event_type":"DEPARTURE","event_type":"DEPARTURE","event_source":"AUTOMATIC","correction_ind":"false","offroute_ind":"false","direction_ind":"UP","line_ind":"F","route":"2","train_service_code":"22153000","division_code":"28","toc_id":"28","timetable_variation":"6","variation_status":"LATE","next_report_stanox":"62008","next_report_run_time":"4","train_terminated":"false","delay_monitoring_point":"true","reporting_stanox":"62001","auto_expected":"true"}},{"header":{"msg_type":"0003","msg_queue_timestamp":"1713164080000","source_system_id":"TRUST","original_data_source":"SMART"},"body":{"train_id":"652R09MA15","actual_timestamp":"1713167640000","loc_stanox":"66502","gbtt_timestamp":"1713167580000","planned_timestamp":"1713167610000","planned_event_type":"DEPARTURE","event_type":"DEPARTURE","event_source":"AUTOMATIC","correction_ind":"false","offroute_ind":"false","direction_ind":"DOWN","line_ind":"1","platform":" 2","route":"2","train_service_code":"12272320","division_code":"29","toc_id":"29","timetable_variation":"1","variation_status":"LATE","next_report_stanox":"66503","next_report_run_time":"2","train_terminated":"false","delay_monitoring_point":"true","reporting_stanox":"66502","auto_expected":"true"}},{"header":{"msg_type":"0003","msg_queue_timestamp":"1713164080000","source_system_id":"TRUST","original_data_source":"SMART"},"body":{"train_id":"889R46M615","actual_timestamp":"1713167700000","loc_stanox":"74001","gbtt_timestamp":"1713167640000","planned_timestamp":"1713167610000","planned_event_type":"ARRIVAL","event_type":"ARRIVAL","event_source":"AUTOMATIC","correction_ind":"false","offroute_ind":"false","direction_ind":"DOWN","line_ind":"D","platform":" 3","route":"0","train_service_code":"21381901","division_code":"33","toc_id":"33","timetable_variation":"2","variation_status":"LATE","next_report_stanox":"74005","next_report_run_time":"1","train_terminated":"false","delay_monitoring_point":"false","reporting_stanox":"00000","auto_expected":"true"}},{"header":{"msg_type":"0003","msg_queue_timestamp":"1713164080000","source_system_id":"TRUST","original_data_source":"SMART"},"body":{"train_id":"735A50MB15","actual_timestamp":"1713167760000","loc_stanox":"74005","planned_timestamp":"1713167700000","planned_event_type":"ARRIVAL","event_type":"ARRIVAL","event_source":"AUTOMATIC","correction_ind":"false","offroute_ind":"false","route":"0","train_service_code":"25396002","division_code":"25","toc_id":"25","timetable_variation":"1","variation_status":"LATE","next_report_stanox":"74021","next_report_run_time":"1","train_terminated":"false","delay_monitoring_point":"true","reporting_stanox":"74005","auto_expected":"true"}},{"header":{"msg_type":"0003","msg_queue_timestamp":"1713164080000","source_system_id":"TRUST","original_data_source":"SMART"},"body":{"train_id":"732N12MB15","actual_timestamp":"1713167700000","loc_stanox":"73822","gbtt_timestamp":"1713167640000","planned_timestamp":"1713167610000","planned_event_type":"ARRIVAL","event_type":"ARRIVAL","event_source":"AUTOMATIC","correction_ind":"false","offroute_ind":"false","direction_ind":"DOWN","line_ind":"D","platform":" 4","route":"0","train_service_code":"25506005","division_code":"25","toc_id":"25","timetable_variation":"2","variation_status":"LATE","next_report_stanox":"74005","next_report_run_time":"1","train_terminated":"false","delay_monitoring_point":"true","reporting_stanox":"73822","auto_expected":"true"}},{"header":{"msg_type":"0003","msg_queue_timestamp":"1713164080000","source_system_id":"TRUST","original_data_source":"SMART"},"body":{"train_id":"675P022615","actual_timestamp":"1713167700000","loc_stanox":"74233","planned_timestamp":"1713167850000","planned_event_type":"DEPARTURE","event_type":"DEPARTURE","event_source":"AUTOMATIC","correction_ind":"false","offroute_ind":"false","direction_ind":"UP","route":"1","train_service_code":"25392003","division_code":"25","toc_id":"25","timetable_variation":"2","variation_status":"EARLY","next_report_stanox":"74023","next_report_run_time":"4","train_terminated":"false","delay_monitoring_point":"false","reporting_stanox":"00000","auto_expected":"true"}},{"header":{"msg_type":"0003","msg_queue_timestamp":"1713164080000","source_system_id":"TRUST","original_data_source":"SMART"},"body":{"train_id":"731D14MA15","actual_timestamp":"1713167580000","loc_stanox":"74291","planned_timestamp":"1713167700000","planned_event_type":"DEPARTURE","event_type":"DEPARTURE","event_source":"AUTOMATIC","correction_ind":"false","offroute_ind":"false","direction_ind":"DOWN","line_ind":"D","platform":" 1","route":"1","train_service_code":"25507005","division_code":"25","toc_id":"25","timetable_variation":"2","variation_status":"EARLY","next_report_stanox":"74320","next_report_run_time":"6","train_terminated":"false","delay_monitoring_point":"false","reporting_stanox":"00000","auto_expected":"true"}},{"header":{"msg_type":"0003","msg_queue_timestamp":"1713164080000","source_system_id":"TRUST","original_data_source":"SMART"},"body":{"train_id":"861C09M615","actual_timestamp":"1713167700000","loc_stanox":"87801","planned_timestamp":"1713167640000","planned_event_type":"ARRIVAL","event_type":"ARRIVAL","event_source":"AUTOMATIC","correction_ind":"false","offroute_ind":"false","route":"0","train_service_code":"24748000","division_code":"88","toc_id":"88","timetable_variation":"1","variation_status":"LATE","next_report_stanox":"87701","next_report_run_time":"1","train_terminated":"false","delay_monitoring_point":"true","reporting_stanox":"87801","auto_expected":"true"}},{"header":{"msg_type":"0003","msg_queue_timestamp":"1713164080000","source_system_id":"TRUST","original_data_source":"SMART"},"body":{"train_id":"529G10MB15","actual_timestamp":"1713167640000","loc_stanox":"52080","gbtt_timestamp":"1713167580000","planned_timestamp":"1713167580000","planned_event_type":"DEPARTURE","event_type":"DEPARTURE","event_source":"AUTOMATIC","correction_ind":"false","offroute_ind":"false","direction_ind":"DOWN","platform":" 2","route":"1","train_service_code":"22218000","division_code":"30","toc_id":"30","timetable_variation":"1","variation_status":"LATE","next_report_stanox":"52082","next_report_run_time":"2","train_terminated":"false","delay_monitoring_point":"false","reporting_stanox":"00000","auto_expected":"true"}},{"header":{"msg_type":"0003","msg_queue_timestamp":"1713164080000","source_system_id":"TRUST","original_data_source":"SMART"},"body":{"train_id":"723W50MB15","actual_timestamp":"1713167640000","loc_stanox":"73003","gbtt_timestamp":"1713167700000","planned_timestamp":"1713167700000","planned_event_type":"DESTINATION","event_type":"ARRIVAL","event_source":"AUTOMATIC","correction_ind":"false","offroute_ind":"false","direction_ind":"UP","route":"0","train_service_code":"21383208","division_code":"33","toc_id":"33","timetable_variation":"1","variation_status":"EARLY","train_terminated":"true","delay_monitoring_point":"true","reporting_stanox":"73003","auto_expected":"true"}},{"header":{"msg_type":"0003","msg_queue_timestamp":"1713164080000","source_system_id":"TRUST","original_data_source":"SMART"},"body":{"train_id":"522T21MB15","actual_timestamp":"1713167640000","loc_stanox":"52733","gbtt_timestamp":"1713167640000","planned_timestamp":"1713167640000","planned_event_type":"DEPARTURE","event_type":"DEPARTURE","event_source":"AUTOMATIC","correction_ind":"false","offroute_ind":"false","direction_ind":"UP","line_ind":"U","platform":" 1","route":"2","train_service_code":"25235001","division_code":"30","toc_id":"30","timetable_variation":"0","variation_status":"ON TIME","next_report_stanox":"52734","next_report_run_time":"1","train_terminated":"false","delay_monitoring_point":"true","reporting_stanox":"52733","auto_expected":"true"}},{"header":{"msg_type":"0003","msg_queue_timestamp":"1713164080000","source_system_id":"TRUST","original_data_source":"SMART"},"body":{"train_id":"501K33MB15","actual_timestamp":"1713167700000","loc_stanox":"50315","gbtt_timestamp":"1713167700000","planned_timestamp":"1713167700000","planned_event_type":"ARRIVAL","event_type":"ARRIVAL","event_source":"AUTOMATIC","correction_ind":"false","offroute_ind":"false","direction_ind":"UP","platform":" 1","route":"0","train_service_code":"25943001","division_code":"21","toc_id":"21","timetable_variation":"0","variation_status":"ON TIME","next_report_stanox":"50316","next_report_run_time":"1","train_terminated":"false","delay_monitoring_point":"false","reporting_stanox":"00000","auto_expected":"true"}},{"header":{"msg_type":"0003","msg_queue_timestamp":"1713164080000","source_system_id":"TRUST","original_data_source":"SMART"},"body":{"train_id":"541D02M615","actual_timestamp":"1713167700000","loc_stanox":"44304","planned_timestamp":"1713167760000","planned_event_type":"ARRIVAL","event_type":"ARRIVAL","event_source":"AUTOMATIC","correction_ind":"false","offroute_ind":"false","route":"0","train_service_code":"21702001","division_code":"61","toc_id":"61","timetable_variation":"1","variation_status":"EARLY","next_report_stanox":"44301","next_report_run_time":"1","train_terminated":"false","delay_monitoring_point":"true","reporting_stanox":"44304","auto_expected":"true"}},{"header":{"msg_type":"0003","msg_queue_timestamp":"1713164080000","source_system_id":"TRUST","original_data_source":"SMART"},"body":{"train_id":"222P02MB15","actual_timestamp":"1713167640000","loc_stanox":"22075","gbtt_timestamp":"1713167580000","planned_timestamp":"1713167610000","planned_event_type":"DEPARTURE","event_type":"DEPARTURE","event_source":"AUTOMATIC","correction_ind":"false","offroute_ind":"false","direction_ind":"DOWN","line_ind":"M","platform":" 2","route":"2","train_service_code":"11825820","division_code":"23","toc_id":"23","timetable_variation":"1","variation_status":"LATE","next_report_stanox":"23003","next_report_run_time":"6","train_terminated":"false","delay_monitoring_point":"false","reporting_stanox":"00000","auto_expected":"true"}}]