[{"header":{"msg_type":"0003","msg_queue_timestamp":"1713156809000","source_system_id":"TRUST","original_data_source":"SMART"},"body":{"train_id":"782K00M515","actual_timestamp":"1713160380000","loc_stanox":"78451","gbtt_timestamp":"1713160200000","planned_timestamp":"1713160230000","planned_event_type":"DEPARTURE","event_type":"DEPARTURE","event_source":"AUTOMATIC","correction_ind":"false","offroute_ind":"false","direction_ind":"UP","line_ind":"U","platform":" 5","route":"2","train_service_code":"25442000","division_code":"71","toc_id":"71","timetable_variation":"3","variation_status":"LATE","next_report_stanox":"78393","next_report_run_time":"3","train_terminated":"false","delay_monitoring_point":"true","reporting_stanox":"78451","auto_expected":"true"}},{"header":{"msg_type":"0003","msg_queue_timestamp":"1713156810000","source_system_id":"TRUST","original_data_source":"SMART"},"body":{"train_id":"352U01M515","actual_timestamp":"1713160380000","loc_stanox":"36064","gbtt_timestamp":"1713160320000","planned_timestamp":"1713160350000","planned_event_type":"DEPARTURE","event_type":"DEPARTURE","event_source":"AUTOMATIC","correction_ind":"false","offroute_ind":"false","direction_ind":"UP","platform":" 1","route":"1","train_service_code":"12302012","division_code":"64","toc_id":"64","timetable_variation":"1","variation_status":"LATE","next_report_stanox":"36065","next_report_run_time":"3","train_terminated":"false","delay_monitoring_point":"false","reporting_stanox":"00000","auto_expected":"true"}},{"header":{"msg_type":"0003","msg_queue_timestamp":"1713156810000","source_system_id":"TRUST","original_data_source":"SMART"},"body":{"train_id":"352U01M515","actual_timestamp":"1713160560000","loc_stanox":"36065","gbtt_timestamp":"1713160560000","planned_timestamp":"1713160530000","planned_event_type":"ARRIVAL","event_type":"ARRIVAL","event_source":"AUTOMATIC","correction_ind":"false","offroute_ind":"false","direction_ind":"UP","platform":" 1","route":"0","train_service_code":"12302012","division_code":"64","toc_id":"64","timetable_variation":"1","variation_status":"LATE","next_report_stanox":"36066","next_report_run_time":"1","train_terminated":"false","delay_monitoring_point":"false","reporting_stanox":"00000","auto_expected":"true"}},{"header":{"msg_type":"0003","msg_queue_timestamp":"1713156810000","source_system_id":"TRUST","original_data_source":"SMART"},"body":{"train_id":"385S02M515","actual_timestamp":"1713160380000","loc_stanox":"36083","planned_timestamp":"1713160320000","planned_event_type":"DEPARTURE","event_type":"DEPARTURE","event_source":"AUTOMATIC","correction_ind":"false","offroute_ind":"false","direction_ind":"DOWN","line_ind":"D","route":"2","train_service_code":"12301012","division_code":"64","toc_id":"64","timetable_variation":"1","variation_status":"LATE","next_report_stanox":"36080","next_report_run_time":"2","train_terminated":"false","delay_monitoring_point":"false","reporting_stanox":"00000","auto_expected":"true"}},{"header":{"msg_type":"0003","msg_queue_timestamp":"1713156810000","source_system_id":"TRUST","original_data_source":"SMART"},"body":{"train_id":"872R90M515","actual_timestamp":"1713160440000","loc_stanox":"87153","gbtt_timestamp":"1713160500000","planned_timestamp":"1713160500000","planned_event_type":"ARRIVAL","event_type":"ARRIVAL","event_source":"AUTOMATIC","correction_ind":"false","offroute_ind":"false","direction_ind":"UP","line_ind":"S","platform":" 4","route":"0","train_service_code":"24671305","division_code":"84","toc_id":"84","timetable_variation":"1","variation_status":"EARLY","next_report_stanox":"87219","next_report_run_time":"1","train_terminated":"false","delay_monitoring_point":"false","reporting_stanox":"00000","auto_expected":"true"}},{"header":{"msg_type":"0003","msg_queue_timestamp":"1713156811000","source_system_id":"TRUST","original_data_source":"SMART"},"body":{"train_id":"525D04M515","actual_timestamp":"1713160500000","loc_stanox":"52741","gbtt_timestamp":"1713160620000","planned_timestamp":"1713160620000","planned_event_type":"DESTINATION","event_type":"ARRIVAL","event_source":"AUTOMATIC","correction_ind":"false","offroute_ind":"false","direction_ind":"UP","platform":" 5","route":"0","train_service_code":"21252001","division_code":"30","toc_id":"30","timetable_variation":"2","variation_status":"EARLY","train_terminated":"true","delay_monitoring_point":"true","reporting_stanox":"52741","auto_expected":"true"}}]