[{"header":{"msg_type":"0003","msg_queue_timestamp":"1713109496000","source_system_id":"TRUST","original_data_source":"SMART"},"body":{"train_id":"321V17MN14","actual_timestamp":"1713113100000","loc_stanox":"76398","planned_timestamp":"1713112710000","planned_event_type":"DEPARTURE","event_type":"DEPARTURE","event_source":"AUTOMATIC","correction_ind":"false","offroute_ind":"false","direction_ind":"DOWN","route":"1","train_service_code":"25434000","division_code":"71","toc_id":"71","timetable_variation":"7","variation_status":"LATE","next_report_stanox":"76401","next_report_run_time":"1","train_terminated":"false","delay_monitoring_point":"false","reporting_stanox":"00000","auto_expected":"true"}},{"header":{"msg_type":"0003","msg_queue_timestamp":"1713109496000","source_system_id":"TRUST","original_data_source":"SMART"},"body":{"train_id":"801L74MO14","actual_timestamp":"1713113040000","loc_stanox":"76089","planned_timestamp":"1713112920000","planned_event_type":"DEPARTURE","event_type":"DEPARTURE","event_source":"AUTOMATIC","correction_ind":"false","offroute_ind":"false","direction_ind":"UP","line_ind":"U","route":"2","train_service_code":"25375002","division_code":"25","toc_id":"25","timetable_variation":"2","variation_status":"LATE","next_report_stanox":"76091","next_report_run_time":"3","train_terminated":"false","delay_monitoring_point":"false","reporting_stanox":"00000","auto_expected":"true"}},{"header":{"msg_type":"0003","msg_queue_timestamp":"1713109496000","source_system_id":"TRUST","original_data_source":"SMART"},"body":{"train_id":"882T09MR14","actual_timestamp":"1713113100000","loc_stanox":"88409","planned_timestamp":"1713113130000","planned_event_type":"DEPARTURE","event_type":"DEPARTURE","event_source":"AUTOMATIC","correction_ind":"false","offroute_ind":"false","direction_ind":"UP","line_ind":"3","route":"3","train_service_code":"24650005","division_code":"80","toc_id":"80","timetable_variation":"0","variation_status":"ON TIME","next_report_stanox":"87577","next_report_run_time":"1","train_terminated":"false","delay_monitoring_point":"true","reporting_stanox":"88409","auto_expected":"true"}},{"header":{"msg_type":"0003","msg_queue_timestamp":"1713109496000","source_system_id":"TRUST","original_data_source":"SMART"},"body":{"train_id":"062L36MR14","actual_timestamp":"1713113040000","loc_stanox":"07411","gbtt_timestamp":"1713112680000","planned_timestamp":"1713112680000","planned_event_type":"DEPARTURE","event_type":"DEPARTURE","event_source":"AUTOMATIC","correction_ind":"false","offroute_ind":"false","direction_ind":"UP","platform":" 2","route":"2","train_service_code":"23563015","division_code":"60","toc_id":"60","timetable_variation":"6","variation_status":"LATE","next_report_stanox":"07413","next_report_run_time":"1","train_terminated":"false","delay_monitoring_point":"false","reporting_stanox":"00000","auto_expected":"true"}},{"header":{"msg_type":"0003","msg_queue_timestamp":"1713109497000","source_system_id":"TRUST","original_data_source":"SMART"},"body":{"train_id":"751A21MR14","actual_timestamp":"1713113040000","loc_stanox":"73822","gbtt_timestamp":"1713112920000","planned_timestamp":"1713112950000","planned_event_type":"DEPARTURE","event_type":"DEPARTURE","event_source":"AUTOMATIC","correction_ind":"false","offroute_ind":"false","direction_ind":"UP","line_ind":"U","platform":" 5","route":"2","train_service_code":"25370002","division_code":"25","toc_id":"25","timetable_variation":"2","variation_status":"LATE","next_report_stanox":"73819","next_report_run_time":"2","train_terminated":"false","delay_monitoring_point":"true","reporting_stanox":"73822","auto_expected":"true"}},{"header":{"msg_type":"0003","msg_queue_timestamp":"1713109497000","source_system_id":"TRUST","original_data_source":"SMART"},"body":{"train_id":"742K75MT14","actual_timestamp":"1713113160000","loc_stanox":"74815","gbtt_timestamp":"1713113220000","planned_timestamp":"1713113190000","planned_event_type":"ARRIVAL","event_type":"ARRIVAL","event_source":"AUTOMATIC","correction_ind":"false","offroute_ind":"false","direction_ind":"UP","platform":" 1","route":"0","train_service_code":"25519007","division_code":"25","toc_id":"25","timetable_variation":"0","variation_status":"ON TIME","next_report_stanox":"74805","next_report_run_time":"1","train_terminated":"false","delay_monitoring_point":"false","reporting_stanox":"00000","auto_expected":"true"}},{"header":{"msg_type":"0003","msg_queue_timestamp":"1713109497000","source_system_id":"TRUST","original_data_source":"SMART"},"body":{"train_id":"502K411S14","actual_timestamp":"1713113040000","loc_stanox":"50324","gbtt_timestamp":"1713113040000","planned_timestamp":"1713113040000","planned_event_type":"DEPARTURE","event_type":"DEPARTURE","event_source":"AUTOMATIC","correction_ind":"false","offroute_ind":"false","direction_ind":"UP","line_ind":"U","platform":" 3","route":"2","train_service_code":"21943001","division_code":"21","toc_id":"21","timetable_variation":"0","variation_status":"ON TIME","next_report_stanox":"50327","next_report_run_time":"5","train_terminated":"false","delay_monitoring_point":"true","reporting_stanox":"50324","auto_expected":"true"}},{"header":{"msg_type":"0003","msg_queue_timestamp":"1713109497000","source_system_id":"TRUST","original_data_source":"SMART"},"body":{"train_id":"041R89MT14","actual_timestamp":"1713113100000","loc_stanox":"05119","gbtt_timestamp":"1713113220000","planned_timestamp":"1713113190000","planned_event_type":"ARRIVAL","event_type":"ARRIVAL","event_source":"AUTOMATIC","correction_ind":"false","offroute_ind":"false","direction_ind":"DOWN","platform":" 2","route":"0","train_service_code":"23548003","division_code":"60","toc_id":"60","timetable_variation":"1","variation_status":"EARLY","next_report_stanox":"05111","next_report_run_time":"2","train_terminated":"false","delay_monitoring_point":"true","reporting_stanox":"05119","auto_expected":"true"}},{"header":{"msg_type":"0003","msg_queue_timestamp":"1713109497000","source_system_id":"TRUST","original_data_source":"SMART"},"body":{"train_id":"879B42MS14","actual_timestamp":"1713113100000","loc_stanox":"52051","gbtt_timestamp":"1713113220000","planned_timestamp":"1713113160000","planned_event_type":"DESTINATION","event_type":"ARRIVAL","event_source":"AUTOMATIC","correction_ind":"false","offroute_ind":"false","direction_ind":"UP","platform":" 2","route":"0","train_service_code":"22215003","division_code":"30","toc_id":"30","timetable_variation":"1","variation_status":"EARLY","train_terminated":"true","delay_monitoring_point":"true","reporting_stanox":"52051","auto_expected":"true"}},{"header":{"msg_type":"0003","msg_queue_timestamp":"1713109497000","source_system_id":"TRUST","original_data_source":"SMART"},"body":{"train_id":"651Y30MQ14","actual_timestamp":"1713113040000","loc_stanox":"70321","gbtt_timestamp":"1713113040000","planned_timestamp":"1713113070000","planned_event_type":"DEPARTURE","event_type":"DEPARTURE","event_source":"AUTOMATIC","correction_ind":"false","offroute_ind":"false","direction_ind":"UP","line_ind":"S","platform":" 4","route":"2","train_service_code":"12259320","division_code":"29","toc_id":"29","timetable_variation":"0","variation_status":"ON TIME","next_report_stanox":"70320","next_report_run_time":"4","train_terminated":"false","delay_monitoring_point":"false","reporting_stanox":"00000","auto_expected":"true"}},{"header":{"msg_type":"0003","msg_queue_timestamp":"1713109497000","source_system_id":"TRUST","original_data_source":"SMART"},"body":{"train_id":"631F29MS14","actual_timestamp":"1713113040000","loc_stanox":"61100","planned_timestamp":"1713112920000","planned_event_type":"DEPARTURE","event_type":"DEPARTURE","event_source":"AUTOMATIC","correction_ind":"false","offroute_ind":"false","direction_ind":"DOWN","line_ind":"F","platform":" 1","route":"1","train_service_code":"22150000","division_code":"28","toc_id":"28","timetable_variation":"2","variation_status":"LATE","next_report_stanox":"61011","next_report_run_time":"1","train_terminated":"false","delay_monitoring_point":"true","reporting_stanox":"61100","auto_expected":"true"}},{"header":{"msg_type":"0003","msg_queue_timestamp":"1713109498000","source_system_id":"TRUST","original_data_source":"SMART"},"body":{"train_id":"171D74MT14","actual_timestamp":"1713113100000","loc_stanox":"17135","planned_timestamp":"1713113070000","planned_event_type":"DEPARTURE","event_type":"DEPARTURE","event_source":"AUTOMATIC","correction_ind":"false","offroute_ind":"false","direction_ind":"UP","line_ind":"D","route":"3","train_service_code":"11871821","division_code":"23","toc_id":"23","timetable_variation":"1","variation_status":"LATE","next_report_stanox":"17151","next_report_run_time":"1","train_terminated":"false","delay_monitoring_point":"true","reporting_stanox":"17135","auto_expected":"true"}},{"header":{"msg_type":"0003","msg_queue_timestamp":"1713109498000","source_system_id":"TRUST","original_data_source":"SMART"},"body":{"train_id":"361P31MP14","actual_timestamp":"1713113100000","loc_stanox":"17117","planned_timestamp":"1713113100000","planned_event_type":"DEPARTURE","event_type":"DEPARTURE","event_source":"AUTOMATIC","correction_ind":"false","offroute_ind":"false","direction_ind":"DOWN","line_ind":"H","route":"2","train_service_code":"21731000","division_code":"20","toc_id":"20","timetable_variation":"0","variation_status":"ON TIME","next_report_stanox":"17112","next_report_run_time":"2","train_terminated":"false","delay_monitoring_point":"false","reporting_stanox":"00000","auto_expected":"true"}},{"header":{"msg_type":"0003","msg_queue_timestamp":"1713109498000","source_system_id":"TRUST","original_data_source":"SMART"},"body":{"train_id":"722I06MS14","actual_timestamp":"1713113040000","loc_stanox":"72272","gbtt_timestamp":"1713113040000","planned_timestamp":"1713113070000","planned_event_type":"DEPARTURE","event_type":"DEPARTURE","event_source":"AUTOMATIC","correction_ind":"false","offroute_ind":"false","direction_ind":"DOWN","platform":" 2","route":"1","train_service_code":"24680004","division_code":"91","toc_id":"91","timetable_variation":"0","variation_status":"ON TIME","next_report_stanox":"72277","next_report_run_time":"3","train_terminated":"false","delay_monitoring_point":"false","reporting_stanox":"00000","auto_expected":"true"}},{"header":{"msg_type":"0003","msg_queue_timestamp":"1713109498000","source_system_id":"TRUST","original_data_source":"SMART"},"body":{"train_id":"361L13MP14","actual_timestamp":"1713113040000","loc_stanox":"25701","gbtt_timestamp":"1713112980000","planned_timestamp":"1713112980000","planned_event_type":"DEPARTURE","event_type":"DEPARTURE","event_source":"AUTOMATIC","correction_ind":"false","offroute_ind":"false","direction_ind":"UP","line_ind":"M","platform":" 7","route":"2","train_service_code":"22269000","division_code":"28","toc_id":"28","timetable_variation":"1","variation_status":"LATE","next_report_stanox":"25705","next_report_run_time":"5","train_terminated":"false","delay_monitoring_point":"true","reporting_stanox":"25701","auto_expected":"true"}},{"header":{"msg_type":"0003","msg_queue_timestamp":"1713109498000","source_system_id":"TRUST","original_data_source":"SMART"},"body":{"train_id":"632Z351T14","actual_timestamp":"1713113100000","loc_stanox":"63018","planned_timestamp":"1713113100000","planned_event_type":"DEPARTURE","event_type":"DEPARTURE","event_source":"AUTOMATIC","correction_ind":"false","offroute_ind":"false","direction_ind":"DOWN","line_ind":"H","route":"2","train_service_code":"25210004","division_code":"74","toc_id":"74","timetable_variation":"0","variation_status":"ON TIME","next_report_stanox":"70381","next_report_run_time":"7","train_terminated":"false","delay_monitoring_point":"true","reporting_stanox":"63018","auto_expected":"true"}},{"header":{"msg_type":"0003","msg_queue_timestamp":"1713109498000","source_system_id":"TRUST","original_data_source":"SMART"},"body":{"train_id":"871S47MR14","actual_timestamp":"1713113040000","loc_stanox":"87107","gbtt_timestamp":"1713113100000","planned_timestamp":"1713113100000","planned_event_type":"DEPARTURE","event_type":"DEPARTURE","event_source":"AUTOMATIC","correction_ind":"false","offroute_ind":"false","direction_ind":"DOWN","platform":" 2","route":"2","train_service_code":"24671205","division_code":"84","toc_id":"84","timetable_variation":"1","variation_status":"EARLY","next_report_stanox":"87106","next_report_run_time":"4","train_terminated":"false","delay_monitoring_point":"false","reporting_stanox":"00000","auto_expected":"true"}},{"header":{"msg_type":"0003","msg_queue_timestamp":"1713109499000","source_system_id":"TRUST","original_data_source":"SMART"},"body":{"train_id":"152D17MR14","actual_timestamp":"1713113040000","loc_stanox":"15701","gbtt_timestamp":"1713112440000","planned_timestamp":"1713112470000","planned_event_type":"DEPARTURE","event_type":"DEPARTURE","event_source":"AUTOMATIC","correction_ind":"false","offroute_ind":"false","direction_ind":"UP","line_ind":"S","platform":" 1","route":"3","train_service_code":"21801000","division_code":"23","toc_id":"23","timetable_variation":"10","variation_status":"LATE","next_report_stanox":"15702","next_report_run_time":"2","train_terminated":"false","delay_monitoring_point":"true","reporting_stanox":"15701","auto_expected":"true"}},{"header":{"msg_type":"0003","msg_queue_timestamp":"1713109499000","source_system_id":"TRUST","original_data_source":"SMART"},"body":{"train_id":"471T40MQ14","actual_timestamp":"1713113040000","loc_stanox":"46255","gbtt_timestamp":"1713112680000","planned_timestamp":"1713112710000","planned_event_type":"DEPARTURE","event_type":"DEPARTURE","event_source":"AUTOMATIC","correction_ind":"false","offroute_ind":"false","direction_ind":"DOWN","line_ind":"D","platform":" 2","route":"1","train_service_code":"21725000","division_code":"88","toc_id":"88","timetable_variation":"6","variation_status":"LATE","next_report_stanox":"46252","next_report_run_time":"5","train_terminated":"false","delay_monitoring_point":"true","reporting_stanox":"46255","auto_expected":"true"}},{"header":{"msg_type":"0003","msg_queue_timestamp":"1713109499000","source_system_id":"TRUST","original_data_source":"SMART"},"body":{"train_id":"311P77MN14","actual_timestamp":"1713113100000","loc_stanox":"15319","planned_timestamp":"1713112380000","planned_event_type":"DEPARTURE","event_type":"DEPARTURE","event_source":"AUTOMATIC","correction_ind":"false","offroute_ind":"false","direction_ind":"DOWN","line_ind":"M","route":"2","train_service_code":"21734000","division_code":"20","toc_id":"20","timetable_variation":"12","variation_status":"LATE","next_report_stanox":"15316","next_report_run_time":"2","train_terminated":"false","delay_monitoring_point":"true","reporting_stanox":"15319","auto_expected":"true"}},{"header":{"msg_type":"0003","msg_queue_timestamp":"1713109499000","source_system_id":"TRUST","original_data_source":"SMART"},"body":{"train_id":"742K72MT14","actual_timestamp":"1713113100000","loc_stanox":"74249","gbtt_timestamp":"1713113100000","planned_timestamp":"1713113070000","planned_event_type":"ARRIVAL","event_type":"ARRIVAL","event_source":"AUTOMATIC","correction_ind":"false","offroute_ind":"false","direction_ind":"DOWN","platform":" 1","route":"0","train_service_code":"25519007","division_code":"25","toc_id":"25","timetable_variation":"1","variation_status":"LATE","next_report_stanox":"74265","next_report_run_time":"1","train_terminated":"false","delay_monitoring_point":"false","reporting_stanox":"00000","auto_expected":"true"}},{"header":{"msg_type":"0003","msg_queue_timestamp":"1713109499000","source_system_id":"TRUST","original_data_source":"SMART"},"body":{"train_id":"722J61MS14","actual_timestamp":"1713113100000","loc_stanox":"51551","gbtt_timestamp":"1713113100000","planned_timestamp":"1713113070000","planned_event_type":"ARRIVAL","event_type":"ARRIVAL","event_source":"AUTOMATIC","correction_ind":"false","offroute_ind":"false","direction_ind":"DOWN","line_ind":"D","platform":" 2","route":"0","train_service_code":"21921000","division_code":"30","toc_id":"30","timetable_variation":"1","variation_status":"LATE","next_report_stanox":"51547","next_report_run_time":"1","train_terminated":"false","delay_monitoring_point":"false","reporting_stanox":"00000","auto_expected":"true"}},{"header":{"msg_type":"0003","msg_queue_timestamp":"1713109499000","source_system_id":"TRUST","original_data_source":"SMART"},"body":{"train_id":"742K72MT14","actual_timestamp":"1713113100000","loc_stanox":"74250","planned_timestamp":"1713113040000","planned_event_type":"DEPARTURE","event_type":"DEPARTURE","event_source":"AUTOMATIC","correction_ind":"false","offroute_ind":"false","direction_ind":"DOWN","line_ind":"W","route":"3","train_service_code":"25519007","division_code":"25","toc_id":"25","timetable_variation":"1","variation_status":"LATE","next_report_stanox":"74249","train_terminated":"false","delay_monitoring_point":"false","reporting_stanox":"00000","auto_expected":"true"}},{"header":{"msg_type":"0003","msg_queue_timestamp":"1713109500000","source_system_id":"TRUST","original_data_source":"SMART"},"body":{"train_id":"772G56MS14","actual_timestamp":"1713113040000","loc_stanox":"76401","gbtt_timestamp":"1713112980000","planned_timestamp":"1713113010000","planned_event_type":"DEPARTURE","event_type":"DEPARTURE","event_source":"AUTOMATIC","correction_ind":"false","offroute_ind":"false","direction_ind":"UP","platform":" 3","route":"3","train_service_code":"25429000","division_code":"71","toc_id":"71","timetable_variation":"1","variation_status":"LATE","next_report_stanox":"76398","next_report_run_time":"1","train_terminated":"false","delay_monitoring_point":"true","reporting_stanox":"76401","auto_expected":"true"}},{"header":{"msg_type":"0003","msg_queue_timestamp":"1713109500000","source_system_id":"TRUST","original_data_source":"SMART"},"body":{"train_id":"772K16MT14","actual_timestamp":"1713113100000","loc_stanox":"78451","gbtt_timestamp":"1713113100000","planned_timestamp":"1713113010000","planned_event_type":"ARRIVAL","event_type":"ARRIVAL","event_source":"AUTOMATIC","correction_ind":"false","offroute_ind":"false","direction_ind":"UP","line_ind":"U","platform":" 4","route":"0","train_service_code":"25448000","division_code":"71","toc_id":"71","timetable_variation":"2","variation_status":"LATE","next_report_stanox":"78393","next_report_run_time":"1","train_terminated":"false","delay_monitoring_point":"true","reporting_stanox":"78451","auto_expected":"true"}},{"header":{"msg_type":"0003","msg_queue_timestamp":"1713109500000","source_system_id":"TRUST","original_data_source":"SMART"},"body":{"train_id":"529A45MT14","actual_timestamp":"1713113040000","loc_stanox":"52049","gbtt_timestamp":"1713113040000","planned_timestamp":"1713113040000","planned_event_type":"DEPARTURE","event_type":"DEPARTURE","event_source":"AUTOMATIC","correction_ind":"false","offroute_ind":"false","direction_ind":"DOWN","platform":" 2","route":"1","train_service_code":"22215003","division_code":"30","toc_id":"30","timetable_variation":"0","variation_status":"ON TIME","next_report_stanox":"87660","train_terminated":"false","delay_monitoring_point":"false","reporting_stanox":"00000","auto_expected":"true"}},{"header":{"msg_type":"0003","msg_queue_timestamp":"1713109501000","source_system_id":"TRUST","original_data_source":"SMART"},"body":{"train_id":"721H27MP14","actual_timestamp":"1713113040000","loc_stanox":"43031","planned_timestamp":"1713112410000","planned_event_type":"DEPARTURE","event_type":"DEPARTURE","event_source":"AUTOMATIC","correction_ind":"false","offroute_ind":"false","direction_ind":"DOWN","line_ind":"2","platform":" 2","route":"1","train_service_code":"22108001","division_code":"65","toc_id":"65","timetable_variation":"11","variation_status":"LATE","next_report_stanox":"43013","next_report_run_time":"3","train_terminated":"false","delay_monitoring_point":"true","reporting_stanox":"43031","auto_expected":"true"}},{"header":{"msg_type":"0003","msg_queue_timestamp":"1713109501000","source_system_id":"TRUST","original_data_source":"SMART"},"body":{"train_id":"071K69MT14","actual_timestamp":"1713113040000","loc_stanox":"07105","gbtt_timestamp":"1713113040000","planned_timestamp":"1713113040000","planned_event_type":"DEPARTURE","event_type":"DEPARTURE","event_source":"AUTOMATIC","correction_ind":"false","offroute_ind":"false","direction_ind":"DOWN","platform":" 2","route":"1","train_service_code":"13573015","division_code":"60","toc_id":"60","timetable_variation":"0","variation_status":"ON TIME","next_report_stanox":"07101","next_report_run_time":"5","train_terminated":"false","delay_monitoring_point":"false","reporting_stanox":"00000","auto_expected":"true"}}]