[{"header":{"msg_type":"0003","msg_queue_timestamp":"1713122766000","source_system_id":"TRUST","original_data_source":"SMART"},"body":{"train_id":"551B55MY14","actual_timestamp":"1713126360000","loc_stanox":"59022","planned_timestamp":"1713126360000","planned_event_type":"DEPARTURE","event_type":"DEPARTURE","event_source":"AUTOMATIC","correction_ind":"false","offroute_ind":"false","direction_ind":"UP","line_ind":"F","route":"2","train_service_code":"22154000","division_code":"28","toc_id":"28","timetable_variation":"0","variation_status":"ON TIME","next_report_stanox":"59241","next_report_run_time":"4","train_terminated":"false","delay_monitoring_point":"true","reporting_stanox":"59022","auto_expected":"true"}},{"header":{"msg_type":"0003","msg_queue_timestamp":"1713122766000","source_system_id":"TRUST","original_data_source":"SMART"},"body":{"train_id":"745C50MZ14","actual_timestamp":"1713126300000","loc_stanox":"74237","gbtt_timestamp":"1713126480000","planned_timestamp":"1713126480000","planned_event_type":"DEPARTURE","event_type":"DEPARTURE","event_source":"AUTOMATIC","correction_ind":"false","offroute_ind":"false","direction_ind":"UP","platform":"15","route":"2","train_service_code":"25396002","division_code":"25","toc_id":"25","timetable_variation":"3","variation_status":"EARLY","next_report_stanox":"74233","next_report_run_time":"2","train_terminated":"false","delay_monitoring_point":"true","reporting_stanox":"74237","auto_expected":"true"}},{"header":{"msg_type":"0003","msg_queue_timestamp":"1713122766000","source_system_id":"TRUST","original_data_source":"SMART"},"body":{"train_id":"552A66MZ14","actual_timestamp":"1713126300000","loc_stanox":"55247","gbtt_timestamp":"1713126240000","planned_timestamp":"1713126240000","planned_event_type":"DEPARTURE","event_type":"DEPARTURE","event_source":"AUTOMATIC","correction_ind":"false","offroute_ind":"false","direction_ind":"UP","line_ind":"D","platform":" 5","route":"1","train_service_code":"22275000","division_code":"28","toc_id":"28","timetable_variation":"1","variation_status":"LATE","next_report_stanox":"55221","next_report_run_time":"2","train_terminated":"false","delay_monitoring_point":"true","reporting_stanox":"55247","auto_expected":"true"}},{"header":{"msg_type":"0003","msg_queue_timestamp":"1713122766000","source_system_id":"TRUST","original_data_source":"SMART"},"body":{"train_id":"042V67MZ14","actual_timestamp":"1713126360000","loc_stanox":"04028","gbtt_timestamp":"1713126480000","planned_timestamp":"1713126480000","planned_event_type":"ARRIVAL","event_type":"ARRIVAL","event_source":"AUTOMATIC","correction_ind":"false","offroute_ind":"false","direction_ind":"DOWN","platform":" 2","route":"0","train_service_code":"13560015","division_code":"60","toc_id":"60","timetable_variation":"2","variation_status":"EARLY","next_report_stanox":"04025","next_report_run_time":"2","train_terminated":"false","delay_monitoring_point":"false","reporting_stanox":"00000","auto_expected":"true"}},{"header":{"msg_type":"0003","msg_queue_timestamp":"1713122766000","source_system_id":"TRUST","original_data_source":"SMART"},"body":{"train_id":"481M80MR14","actual_timestamp":"1713126360000","loc_stanox":"32534","gbtt_timestamp":"1713126240000","planned_timestamp":"1713126210000","planned_event_type":"ARRIVAL","event_type":"ARRIVAL","event_source":"AUTOMATIC","correction_ind":"false","offroute_ind":"false","direction_ind":"DOWN","platform":" 3","route":"0","train_service_code":"22269000","division_code":"28","toc_id":"28","timetable_variation":"3","variation_status":"LATE","next_report_stanox":"32525","next_report_run_time":"3","train_terminated":"false","delay_monitoring_point":"true","reporting_stanox":"32534","auto_expected":"true"}},{"header":{"msg_type":"0003","msg_queue_timestamp":"1713122766000","source_system_id":"TRUST","original_data_source":"SMART"},"body":{"train_id":"731C88MS14","actual_timestamp":"1713126300000","loc_stanox":"85501","gbtt_timestamp":"1713126360000","planned_timestamp":"1713126390000","planned_event_type":"DEPARTURE","event_type":"DEPARTURE","event_source":"AUTOMATIC","correction_ind":"false","offroute_ind":"false","direction_ind":"DOWN","line_ind":"2","platform":" 2","route":"1","train_service_code":"25397003","division_code":"25","toc_id":"25","timetable_variation":"1","variation_status":"EARLY","next_report_stanox":"85505","next_report_run_time":"1","train_terminated":"false","delay_monitoring_point":"true","reporting_stanox":"85501","auto_expected":"true"}},{"header":{"msg_type":"0003","msg_queue_timestamp":"1713122766000","source_system_id":"TRUST","original_data_source":"SMART"},"body":{"train_id":"861C57MX14","actual_timestamp":"1713126360000","loc_stanox":"87603","planned_timestamp":"1713125730000","planned_event_type":"ARRIVAL","event_type":"ARRIVAL","event_source":"AUTOMATIC","correction_ind":"false","offroute_ind":"false","route":"0","train_service_code":"24748000","division_code":"88","toc_id":"88","timetable_variation":"11","variation_status":"LATE","next_report_stanox":"87602","next_report_run_time":"1","train_terminated":"false","delay_monitoring_point":"true","reporting_stanox":"87603","auto_expected":"true"}},{"header":{"msg_type":"0003","msg_queue_timestamp":"1713122766000","source_system_id":"TRUST","original_data_source":"SMART"},"body":{"train_id":"631R61MZ14","actual_timestamp":"1713126300000","loc_stanox":"73503","gbtt_timestamp":"1713126300000","planned_timestamp":"1713126300000","planned_event_type":"DEPARTURE","event_type":"DEPARTURE","event_source":"AUTOMATIC","correction_ind":"false","offroute_ind":"false","direction_ind":"DOWN","platform":" 2","route":"1","train_service_code":"25530004","division_code":"74","toc_id":"74","timetable_variation":"0","variation_status":"ON TIME","next_report_stanox":"73505","next_report_run_time":"5","train_terminated":"false","delay_monitoring_point":"true","reporting_stanox":"73503","auto_expected":"true"}},{"header":{"msg_type":"0003","msg_queue_timestamp":"1713122766000","source_system_id":"TRUST","original_data_source":"SMART"},"body":{"train_id":"722A06MZ14","actual_timestamp":"1713126300000","loc_stanox":"72272","gbtt_timestamp":"1713126360000","planned_timestamp":"1713126360000","planned_event_type":"DEPARTURE","event_type":"DEPARTURE","event_source":"AUTOMATIC","correction_ind":"false","offroute_ind":"false","direction_ind":"UP","platform":" 1","route":"2","train_service_code":"24680004","division_code":"91","toc_id":"91","timetable_variation":"1","variation_status":"EARLY","next_report_stanox":"72309","next_report_run_time":"2","train_terminated":"false","delay_monitoring_point":"false","reporting_stanox":"00000","auto_expected":"true"}},{"header":{"msg_type":"0003","msg_queue_timestamp":"1713122766000","source_system_id":"TRUST","original_data_source":"SMART"},"body":{"train_id":"572A67MY14","actual_timestamp":"1713126300000","loc_stanox":"56596","gbtt_timestamp":"1713126240000","planned_timestamp":"1713126240000","planned_event_type":"DEPARTURE","event_type":"DEPARTURE","event_source":"AUTOMATIC","correction_ind":"false","offroute_ind":"false","direction_ind":"UP","line_ind":"M","platform":" 1","route":"2","train_service_code":"22323000","division_code":"28","toc_id":"28","timetable_variation":"1","variation_status":"LATE","next_report_stanox":"56598","next_report_run_time":"1","train_terminated":"false","delay_monitoring_point":"false","reporting_stanox":"00000","auto_expected":"true"}},{"header":{"msg_type":"0003","msg_queue_timestamp":"1713122766000","source_system_id":"TRUST","original_data_source":"SMART"},"body":{"train_id":"072F59MZ14","actual_timestamp":"1713126300000","loc_stanox":"07476","gbtt_timestamp":"1713126180000","planned_timestamp":"1713126210000","planned_event_type":"DEPARTURE","event_type":"DEPARTURE","event_source":"AUTOMATIC","correction_ind":"false","offroute_ind":"false","direction_ind":"DOWN","platform":" 1","route":"2","train_service_code":"23563015","division_code":"60","toc_id":"60","timetable_variation":"2","variation_status":"LATE","next_report_stanox":"07478","next_report_run_time":"3","train_terminated":"false","delay_monitoring_point":"false","reporting_stanox":"00000","auto_expected":"true"}},{"header":{"msg_type":"0003","msg_queue_timestamp":"1713122766000","source_system_id":"TRUST","original_data_source":"SMART"},"body":{"train_id":"541R601Z14","actual_timestamp":"1713126360000","loc_stanox":"53233","planned_timestamp":"1713126330000","planned_event_type":"DEPARTURE","event_type":"DEPARTURE","event_source":"AUTOMATIC","correction_ind":"false","offroute_ind":"false","direction_ind":"DOWN","line_ind":"M","route":"2","train_service_code":"21725000","division_code":"88","toc_id":"88","timetable_variation":"1","variation_status":"LATE","next_report_stanox":"53231","next_report_run_time":"2","train_terminated":"false","delay_monitoring_point":"false","reporting_stanox":"00000","auto_expected":"true"}},{"header":{"msg_type":"0003","msg_queue_timestamp":"1713122766000","source_system_id":"TRUST","original_data_source":"SMART"},"body":{"train_id":"152D25MY14","actual_timestamp":"1713126360000","loc_stanox":"15415","planned_timestamp":"1713126330000","planned_event_type":"DEPARTURE","event_type":"DEPARTURE","event_source":"AUTOMATIC","correction_ind":"false","offroute_ind":"false","direction_ind":"UP","line_ind":"M","route":"1","train_service_code":"21801000","division_code":"23","toc_id":"23","timetable_variation":"1","variation_status":"LATE","next_report_stanox":"15316","next_report_run_time":"3","train_terminated":"false","delay_monitoring_point":"false","reporting_stanox":"00000","auto_expected":"true"}},{"header":{"msg_type":"0003","msg_queue_timestamp":"1713122767000","source_system_id":"TRUST","original_data_source":"GPS","user_id":"GPSI07"},"body":{"train_id":"871U64MY14","actual_timestamp":"1713126300000","loc_stanox":"87286","planned_timestamp":"1713126420000","planned_event_type":"DEPARTURE","event_type":"DEPARTURE","event_source":"MANUAL","correction_ind":"false","offroute_ind":"false","train_service_code":"24671105","division_code":"84","toc_id":"84","timetable_variation":"2","variation_status":"EARLY","next_report_stanox":"87212","next_report_run_time":"2","train_terminated":"false","delay_monitoring_point":"false","reporting_stanox":"00000"}},{"header":{"msg_type":"0003","msg_queue_timestamp":"1713122767000","source_system_id":"TRUST","original_data_source":"GPS","user_id":"GPSN01"},"body":{"train_id":"322B22MY14","actual_timestamp":"1713126300000","loc_stanox":"32544","gbtt_timestamp":"1713126240000","planned_timestamp":"1713126270000","planned_event_type":"DEPARTURE","event_type":"DEPARTURE","event_source":"MANUAL","correction_ind":"false","offroute_ind":"false","train_service_code":"12228820","division_code":"23","toc_id":"23","timetable_variation":"1","variation_status":"LATE","next_report_stanox":"32545","next_report_run_time":"3","train_terminated":"false","delay_monitoring_point":"false","reporting_stanox":"00000"}},{"header":{"msg_type":"0003","msg_queue_timestamp":"1713122767000","source_system_id":"TRUST","original_data_source":"GPS","user_id":"GPSI07"},"body":{"train_id":"862R76MZ14","actual_timestamp":"1713126300000","loc_stanox":"86107","gbtt_timestamp":"1713126360000","planned_timestamp":"1713126330000","planned_event_type":"ARRIVAL","event_type":"ARRIVAL","event_source":"MANUAL","correction_ind":"false","offroute_ind":"false","route":"0","train_service_code":"24629404","division_code":"84","toc_id":"84","timetable_variation":"0","variation_status":"ON TIME","next_report_stanox":"86101","next_report_run_time":"1","train_terminated":"false","delay_monitoring_point":"false","reporting_stanox":"00000","auto_expected":"true"}},{"header":{"msg_type":"0003","msg_queue_timestamp":"1713122767000","source_system_id":"TRUST","original_data_source":"GPS","user_id":"GPSN01"},"body":{"train_id":"342B25MY14","actual_timestamp":"1713126300000","loc_stanox":"32543","gbtt_timestamp":"1713126180000","planned_timestamp":"1713126180000","planned_event_type":"DEPARTURE","event_type":"DEPARTURE","event_source":"MANUAL","correction_ind":"false","offroute_ind":"false","train_service_code":"12228820","division_code":"23","toc_id":"23","timetable_variation":"2","variation_status":"LATE","next_report_stanox":"32542","next_report_run_time":"3","train_terminated":"false","delay_monitoring_point":"false","reporting_stanox":"00000"}},{"header":{"msg_type":"0003","msg_queue_timestamp":"1713122767000","source_system_id":"TRUST","original_data_source":"GPS","user_id":"GPSI02"},"body":{"train_id":"042T85MY14","actual_timestamp":"1713126300000","loc_stanox":"04709","gbtt_timestamp":"1713126240000","planned_timestamp":"1713126210000","planned_event_type":"ARRIVAL","event_type":"ARRIVAL","event_source":"MANUAL","correction_ind":"false","offroute_ind":"false","route":"0","train_service_code":"23586003","division_code":"60","toc_id":"60","timetable_variation":"2","variation_status":"LATE","next_report_stanox":"04707","next_report_run_time":"1","train_terminated":"false","delay_monitoring_point":"false","reporting_stanox":"00000","auto_expected":"true"}},{"header":{"msg_type":"0003","msg_queue_timestamp":"1713122767000","source_system_id":"TRUST","original_data_source":"TOPS","source_dev_id":"X123430"},"body":{"train_id":"230D66CY14","actual_timestamp":"1713124140000","loc_stanox":"23432","gbtt_timestamp":"1713124440000","planned_timestamp":"1713124440000","planned_event_type":"DEPARTURE","event_type":"DEPARTURE","event_source":"MANUAL","correction_ind":"false","offroute_ind":"false","train_service_code":"53790125","division_code":"05","toc_id":"05","timetable_variation":"5","variation_status":"EARLY","next_report_stanox":"23443","next_report_run_time":"8","train_terminated":"false","delay_monitoring_point":"true","train_file_address":"G7G","reporting_stanox":"23432","auto_expected":"false"}},{"header":{"msg_type":"0003","msg_queue_timestamp":"1713122767000","source_system_id":"TRUST","original_data_source":"GPS","user_id":"GPSN01"},"body":{"train_id":"152N23MW14","actual_timestamp":"1713126360000","loc_stanox":"13319","gbtt_timestamp":"1713126360000","planned_timestamp":"1713126360000","planned_event_type":"ARRIVAL","event_type":"ARRIVAL","event_source":"MANUAL","correction_ind":"false","offroute_ind":"false","route":"0","train_service_code":"21800000","division_code":"23","toc_id":"23","timetable_variation":"0","variation_status":"ON TIME","next_report_stanox":"13318","next_report_run_time":"1","train_terminated":"false","delay_monitoring_point":"false","reporting_stanox":"00000"}},{"header":{"msg_type":"0003","msg_queue_timestamp":"1713122767000","source_system_id":"TRUST","original_data_source":"GPS","user_id":"GPSN04"},"body":{"train_id":"415D78MZ14","actual_timestamp":"1713126300000","loc_stanox":"40238","planned_timestamp":"1713126630000","planned_event_type":"DEPARTURE","event_type":"DEPARTURE","event_source":"MANUAL","correction_ind":"false","offroute_ind":"false","train_service_code":"25450000","division_code":"71","toc_id":"71","timetable_variation":"5","variation_status":"EARLY","next_report_stanox":"40320","next_report_run_time":"4","train_terminated":"false","delay_monitoring_point":"false","reporting_stanox":"00000"}},{"header":{"msg_type":"0002","msg_queue_timestamp":"1713122767000","source_system_id":"TRUST","original_data_source":"TOPS","source_dev_id":"X123430"},"body":{"train_id":"180R55CT14","division_code":"05","toc_id":"05","loc_stanox":"18018","canx_timestamp":"1713126360000","dep_timestamp":"1713113100000","canx_type":"AT ORIGIN","canx_reason_code":"FL","train_service_code":"55303021","train_file_address":"G4Z"}},{"header":{"msg_type":"0003","msg_queue_timestamp":"1713122767000","source_system_id":"TRUST","original_data_source":"SMART"},"body":{"train_id":"872P68MX14","actual_timestamp":"1713126300000","loc_stanox":"87169","planned_timestamp":"1713126420000","planned_event_type":"DEPARTURE","event_type":"DEPARTURE","event_source":"AUTOMATIC","correction_ind":"false","offroute_ind":"false","direction_ind":"UP","line_ind":"F","platform":" 2","route":"2","train_service_code":"24621204","division_code":"84","toc_id":"84","timetable_variation":"2","variation_status":"EARLY","next_report_stanox":"87261","next_report_run_time":"2","train_terminated":"false","delay_monitoring_point":"true","reporting_stanox":"87169","auto_expected":"true"}},{"header":{"msg_type":"0003","msg_queue_timestamp":"1713122768000","source_system_id":"TRUST","original_data_source":"SMART"},"body":{"train_id":"072L33MZ14","actual_timestamp":"1713126360000","loc_stanox":"07416","gbtt_timestamp":"1713126420000","planned_timestamp":"1713126420000","planned_event_type":"ARRIVAL","event_type":"ARRIVAL","event_source":"AUTOMATIC","correction_ind":"false","offroute_ind":"false","direction_ind":"DOWN","platform":" 1","route":"0","train_service_code":"23563015","division_code":"60","toc_id":"60","timetable_variation":"1","variation_status":"EARLY","next_report_stanox":"07413","next_report_run_time":"3","train_terminated":"false","delay_monitoring_point":"true","reporting_stanox":"07416","auto_expected":"true"}},{"header":{"msg_type":"0003","msg_queue_timestamp":"1713122768000","source_system_id":"TRUST","original_data_source":"SMART"},"body":{"train_id":"522O66MY14","actual_timestamp":"1713126300000","loc_stanox":"51707","gbtt_timestamp":"1713126360000","planned_timestamp":"1713126360000","planned_event_type":"DEPARTURE","event_type":"DEPARTURE","event_source":"AUTOMATIC","correction_ind":"false","offroute_ind":"false","direction_ind":"DOWN","line_ind":"D","platform":" 1","route":"2","train_service_code":"21920000","division_code":"21","toc_id":"21","timetable_variation":"1","variation_status":"EARLY","next_report_stanox":"51702","next_report_run_time":"6","train_terminated":"false","delay_monitoring_point":"false","reporting_stanox":"00000","auto_expected":"true"}},{"header":{"msg_type":"0003","msg_queue_timestamp":"1713122768000","source_system_id":"TRUST","original_data_source":"SMART"},"body":{"train_id":"522O68MZ14","actual_timestamp":"1713126300000","loc_stanox":"51931","gbtt_timestamp":"1713126360000","planned_timestamp":"1713126390000","planned_event_type":"DEPARTURE","event_type":"DEPARTURE","event_source":"AUTOMATIC","correction_ind":"false","offroute_ind":"false","direction_ind":"DOWN","line_ind":"D","platform":" 4","route":"2","train_service_code":"21920000","division_code":"21","toc_id":"21","timetable_variation":"1","variation_status":"EARLY","next_report_stanox":"51918","next_report_run_time":"4","train_terminated":"false","delay_monitoring_point":"false","reporting_stanox":"00000","auto_expected":"true"}},{"header":{"msg_type":"0003","msg_queue_timestamp":"1713122768000","source_system_id":"TRUST","original_data_source":"SMART"},"body":{"train_id":"361L13MP14","actual_timestamp":"1713126360000","loc_stanox":"48236","planned_timestamp":"1713126060000","planned_event_type":"DEPARTURE","event_type":"DEPARTURE","event_source":"AUTOMATIC","correction_ind":"false","offroute_ind":"false","direction_ind":"DOWN","line_ind":"3","route":"2","train_service_code":"22269000","division_code":"28","toc_id":"28","timetable_variation":"5","variation_status":"LATE","next_report_stanox":"48231","next_report_run_time":"1","train_terminated":"false","delay_monitoring_point":"false","reporting_stanox":"00000","auto_expected":"true"}},{"header":{"msg_type":"0003","msg_queue_timestamp":"1713122768000","source_system_id":"TRUST","original_data_source":"SMART"},"body":{"train_id":"879B58MZ14","actual_timestamp":"1713126360000","loc_stanox":"52090","gbtt_timestamp":"1713126360000","planned_timestamp":"1713126360000","planned_event_type":"ARRIVAL","event_type":"ARRIVAL","event_source":"AUTOMATIC","correction_ind":"false","offroute_ind":"false","direction_ind":"UP","platform":" 1","route":"0","train_service_code":"22215003","division_code":"30","toc_id":"30","timetable_variation":"0","variation_status":"ON TIME","next_report_stanox":"52088","next_report_run_time":"1","train_terminated":"false","delay_monitoring_point":"false","reporting_stanox":"00000","auto_expected":"true"}},{"header":{"msg_type":"0003","msg_queue_timestamp":"1713122768000","source_system_id":"TRUST","original_data_source":"SMART"},"body":{"train_id":"361L13MP14","actual_timestamp":"1713126420000","loc_stanox":"48231","gbtt_timestamp":"1713126240000","planned_timestamp":"1713126120000","planned_event_type":"DESTINATION","event_type":"ARRIVAL","event_source":"AUTOMATIC","correction_ind":"false","offroute_ind":"false","direction_ind":"DOWN","platform":" 3","route":"0","train_service_code":"22269000","division_code":"28","toc_id":"28","timetable_variation":"5","variation_status":"LATE","train_terminated":"true","delay_monitoring_point":"true","reporting_stanox":"48231","auto_expected":"true"}},{"header":{"msg_type":"0003","msg_queue_timestamp":"1713122768000","source_system_id":"TRUST","original_data_source":"SMART"},"body":{"train_id":"511D531Y14","actual_timestamp":"1713126360000","loc_stanox":"52705","gbtt_timestamp":"1713126420000","planned_timestamp":"1713126390000","planned_event_type":"ARRIVAL","event_type":"ARRIVAL","event_source":"AUTOMATIC","correction_ind":"false","offroute_ind":"false","direction_ind":"UP","platform":" 1","route":"0","train_service_code":"21936004","division_code":"79","toc_id":"79","timetable_variation":"0","variation_status":"ON TIME","next_report_stanox":"52707","next_report_run_time":"1","train_terminated":"false","delay_monitoring_point":"true","reporting_stanox":"52705","auto_expected":"true"}},{"header":{"msg_type":"0003","msg_queue_timestamp":"1713122768000","source_system_id":"TRUST","original_data_source":"SMART"},"body":{"train_id":"481P67MZ14","actual_timestamp":"1713126420000","loc_stanox":"49014","gbtt_timestamp":"1713126480000","planned_timestamp":"1713126480000","planned_event_type":"ARRIVAL","event_type":"ARRIVAL","event_source":"AUTOMATIC","correction_ind":"false","offroute_ind":"false","direction_ind":"UP","platform":" 1","route":"0","train_service_code":"21781002","division_code":"21","toc_id":"21","timetable_variation":"1","variation_status":"EARLY","next_report_stanox":"49226","next_report_run_time":"2","train_terminated":"false","delay_monitoring_point":"true","reporting_stanox":"49014","auto_expected":"true"}},{"header":{"msg_type":"0003","msg_queue_timestamp":"1713122768000","source_system_id":"TRUST","original_data_source":"SMART"},"body":{"train_id":"522Y95MY14","actual_timestamp":"1713126360000","loc_stanox":"72415","gbtt_timestamp":"1713126360000","planned_timestamp":"1713126390000","planned_event_type":"DEPARTURE","event_type":"DEPARTURE","event_source":"AUTOMATIC","correction_ind":"false","offroute_ind":"false","direction_ind":"DOWN","platform":" 1","route":"2","train_service_code":"22214000","division_code":"30","toc_id":"30","timetable_variation":"0","variation_status":"ON TIME","next_report_stanox":"72414","next_report_run_time":"1","train_terminated":"false","delay_monitoring_point":"false","reporting_stanox":"00000","auto_expected":"true"}}]