[{"header":{"msg_type":"0003","msg_queue_timestamp":"1713113860000","source_system_id":"TRUST","original_data_source":"SMART"},"body":{"train_id":"871U56MV14","actual_timestamp":"1713117420000","loc_stanox":"87126","gbtt_timestamp":"1713117420000","planned_timestamp":"1713117450000","planned_event_type":"DEPARTURE","event_type":"DEPARTURE","event_source":"AUTOMATIC","correction_ind":"false","offroute_ind":"false","direction_ind":"UP","platform":" 1","route":"1","train_service_code":"24671105","division_code":"84","toc_id":"84","timetable_variation":"0","variation_status":"ON TIME","next_report_stanox":"87119","next_report_run_time":"2","train_terminated":"false","delay_monitoring_point":"false","reporting_stanox":"00000","auto_expected":"true"}},{"header":{"msg_type":"0003","msg_queue_timestamp":"1713113860000","source_system_id":"TRUST","original_data_source":"SMART"},"body":{"train_id":"772C81MQ14","actual_timestamp":"1713117420000","loc_stanox":"83607","gbtt_timestamp":"1713116760000","planned_timestamp":"1713116760000","planned_event_type":"DEPARTURE","event_type":"DEPARTURE","event_source":"AUTOMATIC","correction_ind":"false","offroute_ind":"false","direction_ind":"DOWN","line_ind":"1","platform":" 1","route":"1","train_service_code":"25460001","division_code":"25","toc_id":"25","timetable_variation":"11","variation_status":"LATE","next_report_stanox":"83624","next_report_run_time":"6","train_terminated":"false","delay_monitoring_point":"false","reporting_stanox":"00000","auto_expected":"true"}},{"header":{"msg_type":"0003","msg_queue_timestamp":"1713113860000","source_system_id":"TRUST","original_data_source":"SMART"},"body":{"train_id":"601H26MV14","actual_timestamp":"1713117420000","loc_stanox":"61100","gbtt_timestamp":"1713117360000","planned_timestamp":"1713117390000","planned_event_type":"DEPARTURE","event_type":"DEPARTURE","event_source":"AUTOMATIC","correction_ind":"false","offroute_ind":"false","direction_ind":"UP","line_ind":"F","platform":" 4","route":"2","train_service_code":"22156000","division_code":"28","toc_id":"28","timetable_variation":"1","variation_status":"LATE","next_report_stanox":"61109","next_report_run_time":"1","train_terminated":"false","delay_monitoring_point":"true","reporting_stanox":"61100","auto_expected":"true"}},{"header":{"msg_type":"0003","msg_queue_timestamp":"1713113861000","source_system_id":"TRUST","original_data_source":"SMART"},"body":{"train_id":"321V61MQ14","actual_timestamp":"1713117420000","loc_stanox":"81305","planned_timestamp":"1713117420000","planned_event_type":"DEPARTURE","event_type":"DEPARTURE","event_source":"AUTOMATIC","correction_ind":"false","offroute_ind":"false","direction_ind":"DOWN","line_ind":"1","platform":" 1","route":"2","train_service_code":"22180014","division_code":"27","toc_id":"27","timetable_variation":"0","variation_status":"ON TIME","next_report_stanox":"81304","next_report_run_time":"1","train_terminated":"false","delay_monitoring_point":"true","reporting_stanox":"81305","auto_expected":"true"}},{"header":{"msg_type":"0003","msg_queue_timestamp":"1713113861000","source_system_id":"TRUST","original_data_source":"SMART"},"body":{"train_id":"601H26MV14","actual_timestamp":"1713117420000","loc_stanox":"61109","planned_timestamp":"1713117450000","planned_event_type":"DEPARTURE","event_type":"DEPARTURE","event_source":"AUTOMATIC","correction_ind":"false","offroute_ind":"false","direction_ind":"UP","line_ind":"F","route":"2","train_service_code":"22156000","division_code":"28","toc_id":"28","timetable_variation":"0","variation_status":"ON TIME","next_report_stanox":"62001","next_report_run_time":"6","train_terminated":"false","delay_monitoring_point":"false","reporting_stanox":"00000","auto_expected":"true"}},{"header":{"msg_type":"0001","msg_queue_timestamp":"1713113861000","source_system_id":"TRUST","original_data_source":"TSIA"},"body":{"train_id":"311P09MX14","toc_id":"20","schedule_wtt_id":"1P09M","sched_origin_stanox":"31510","creation_timestamp":"1713117460000","origin_dep_timestamp":"1713121020000","train_uid":"C12316","schedule_start_date":"2024-04-14","schedule_end_date":"2024-04-14","schedule_source":"C","schedule_type":"P","d1266_record_number":"00000","tp_origin_timestamp":"2024-04-14","train_call_type":"AUTOMATIC","train_call_mode":"NORMAL","train_service_code":"21734000"}},{"header":{"msg_type":"0001","msg_queue_timestamp":"1713113861000","source_system_id":"TRUST","original_data_source":"TSIA"},"body":{"train_id":"571K09MX14","toc_id":"28","schedule_wtt_id":"1K09M","sched_origin_stanox":"57471","creation_timestamp":"1713117461000","origin_dep_timestamp":"1713121020000","train_uid":"C25544","schedule_start_date":"2024-04-14","schedule_end_date":"2024-04-14","schedule_source":"C","schedule_type":"P","d1266_record_number":"00000","tp_origin_timestamp":"2024-04-14","train_call_type":"AUTOMATIC","train_call_mode":"NORMAL","train_service_code":"22320000"}},{"header":{"msg_type":"0001","msg_queue_timestamp":"1713113861000","source_system_id":"TRUST","original_data_source":"TSIA"},"body":{"train_id":"731Y77MX14","toc_id":"86","schedule_wtt_id":"1Y77M","sched_origin_stanox":"73767","creation_timestamp":"1713117461000","origin_dep_timestamp":"1713121020000","train_uid":"C39870","schedule_start_date":"2024-04-14","schedule_end_date":"2024-04-14","schedule_source":"C","schedule_type":"P","d1266_record_number":"00000","tp_origin_timestamp":"2024-04-14","train_call_type":"AUTOMATIC","train_call_mode":"NORMAL","train_service_code":"25905000"}}]