[{"header":{"msg_type":"0003","msg_queue_timestamp":"1713736296000","source_system_id":"TRUST","original_data_source":"SMART"},"body":{"train_id":"652W68M821","actual_timestamp":"1713739860000","loc_stanox":"65651","gbtt_timestamp":"1713739860000","planned_timestamp":"1713739890000","planned_event_type":"DEPARTURE","event_type":"DEPARTURE","event_source":"AUTOMATIC","correction_ind":"false","offroute_ind":"false","direction_ind":"UP","platform":" 2","route":"3","train_service_code":"12263310","division_code":"29","toc_id":"29","timetable_variation":"0","variation_status":"ON TIME","next_report_stanox":"65642","next_report_run_time":"2","train_terminated":"false","delay_monitoring_point":"true","reporting_stanox":"65651","auto_expected":"true"}},{"header":{"msg_type":"0003","msg_queue_timestamp":"1713736296000","source_system_id":"TRUST","original_data_source":"SMART"},"body":{"train_id":"541S30MX21","actual_timestamp":"1713739860000","loc_stanox":"04840","planned_timestamp":"1713739650000","planned_event_type":"DEPARTURE","event_type":"DEPARTURE","event_source":"AUTOMATIC","correction_ind":"false","offroute_ind":"false","direction_ind":"DOWN","route":"2","train_service_code":"21700001","division_code":"61","toc_id":"61","timetable_variation":"4","variation_status":"LATE","next_report_stanox":"04827","next_report_run_time":"2","train_terminated":"false","delay_monitoring_point":"false","reporting_stanox":"00000","auto_expected":"true"}},{"header":{"msg_type":"0003","msg_queue_timestamp":"1713736296000","source_system_id":"TRUST","original_data_source":"SMART"},"body":{"train_id":"045T94M821","actual_timestamp":"1713739860000","loc_stanox":"04291","planned_timestamp":"1713740040000","planned_event_type":"DEPARTURE","event_type":"DEPARTURE","event_source":"AUTOMATIC","correction_ind":"false","offroute_ind":"false","direction_ind":"UP","line_ind":"Z","route":"1","train_service_code":"23586003","division_code":"60","toc_id":"60","timetable_variation":"3","variation_status":"EARLY","next_report_stanox":"04303","next_report_run_time":"2","train_terminated":"false","delay_monitoring_point":"false","reporting_stanox":"00000","auto_expected":"true"}},{"header":{"msg_type":"0003","msg_queue_timestamp":"1713736296000","source_system_id":"TRUST","original_data_source":"SMART"},"body":{"train_id":"522N04M821","actual_timestamp":"1713739860000","loc_stanox":"72415","gbtt_timestamp":"1713739860000","planned_timestamp":"1713739890000","planned_event_type":"DEPARTURE","event_type":"DEPARTURE","event_source":"AUTOMATIC","correction_ind":"false","offroute_ind":"false","direction_ind":"DOWN","platform":" 1","route":"2","train_service_code":"22214000","division_code":"30","toc_id":"30","timetable_variation":"0","variation_status":"ON TIME","next_report_stanox":"72414","next_report_run_time":"1","train_terminated":"false","delay_monitoring_point":"false","reporting_stanox":"00000","auto_expected":"true"}},{"header":{"msg_type":"0003","msg_queue_timestamp":"1713736296000","source_system_id":"TRUST","original_data_source":"SMART"},"body":{"train_id":"521B44M821","actual_timestamp":"1713739860000","loc_stanox":"51937","planned_timestamp":"1713739770000","planned_event_type":"DEPARTURE","event_type":"DEPARTURE","event_source":"AUTOMATIC","correction_ind":"false","offroute_ind":"false","direction_ind":"DOWN","line_ind":"D","route":"3","train_service_code":"21911000","division_code":"21","toc_id":"21","timetable_variation":"2","variation_status":"LATE","next_report_stanox":"51935","next_report_run_time":"1","train_terminated":"false","delay_monitoring_point":"true","reporting_stanox":"51937","auto_expected":"true"}},{"header":{"msg_type":"0003","msg_queue_timestamp":"1713736297000","source_system_id":"TRUST","original_data_source":"SMART"},"body":{"train_id":"721F39M721","actual_timestamp":"1713739860000","loc_stanox":"70030","planned_timestamp":"1713739770000","planned_event_type":"DEPARTURE","event_type":"DEPARTURE","event_source":"AUTOMATIC","correction_ind":"false","offroute_ind":"false","direction_ind":"DOWN","line_ind":"F","platform":"F","route":"2","train_service_code":"22109001","division_code":"65","toc_id":"65","timetable_variation":"2","variation_status":"LATE","next_report_stanox":"70029","next_report_run_time":"1","train_terminated":"false","delay_monitoring_point":"true","reporting_stanox":"70030","auto_expected":"true"}},{"header":{"msg_type":"0003","msg_queue_timestamp":"1713736297000","source_system_id":"TRUST","original_data_source":"SMART"},"body":{"train_id":"049M21MY21","actual_timestamp":"1713739920000","loc_stanox":"17112","planned_timestamp":"1713738990000","planned_event_type":"ARRIVAL","event_type":"ARRIVAL","event_source":"AUTOMATIC","correction_ind":"false","offroute_ind":"false","route":"0","train_service_code":"21731000","division_code":"20","toc_id":"20","timetable_variation":"16","variation_status":"LATE","next_report_stanox":"17117","next_report_run_time":"1","train_terminated":"false","delay_monitoring_point":"true","reporting_stanox":"17112","auto_expected":"true"}},{"header":{"msg_type":"0003","msg_queue_timestamp":"1713736297000","source_system_id":"TRUST","original_data_source":"SMART"},"body":{"train_id":"092H39M821","actual_timestamp":"1713739860000","loc_stanox":"17136","planned_timestamp":"1713739740000","planned_event_type":"DEPARTURE","event_type":"DEPARTURE","event_source":"AUTOMATIC","correction_ind":"false","offroute_ind":"false","direction_ind":"UP","line_ind":"H","route":"2","train_service_code":"11870820","division_code":"23","toc_id":"23","timetable_variation":"2","variation_status":"LATE","next_report_stanox":"17131","next_report_run_time":"1","train_terminated":"false","delay_monitoring_point":"true","reporting_stanox":"17136","auto_expected":"true"}},{"header":{"msg_type":"0003","msg_queue_timestamp":"1713736297000","source_system_id":"TRUST","original_data_source":"SMART"},"body":{"train_id":"692G01M821","actual_timestamp":"1713739860000","loc_stanox":"69308","planned_timestamp":"1713739830000","planned_event_type":"DEPARTURE","event_type":"DEPARTURE","event_source":"AUTOMATIC","correction_ind":"false","offroute_ind":"false","direction_ind":"DOWN","route":"1","train_service_code":"22255000","division_code":"29","toc_id":"29","timetable_variation":"1","variation_status":"LATE","next_report_stanox":"69202","next_report_run_time":"4","train_terminated":"false","delay_monitoring_point":"false","reporting_stanox":"00000","auto_expected":"true"}},{"header":{"msg_type":"0003","msg_queue_timestamp":"1713736298000","source_system_id":"TRUST","original_data_source":"SMART"},"body":{"train_id":"321P93M721","actual_timestamp":"1713739920000","loc_stanox":"18438","gbtt_timestamp":"1713739980000","planned_timestamp":"1713739980000","planned_event_type":"ARRIVAL","event_type":"ARRIVAL","event_source":"AUTOMATIC","correction_ind":"false","offroute_ind":"false","direction_ind":"DOWN","platform":" 1","route":"0","train_service_code":"21734000","division_code":"20","toc_id":"20","timetable_variation":"1","variation_status":"EARLY","next_report_stanox":"17145","next_report_run_time":"2","train_terminated":"false","delay_monitoring_point":"true","reporting_stanox":"18438","auto_expected":"true"}},{"header":{"msg_type":"0003","msg_queue_timestamp":"1713736298000","source_system_id":"TRUST","original_data_source":"SMART"},"body":{"train_id":"332O75M821","actual_timestamp":"1713739920000","loc_stanox":"33095","gbtt_timestamp":"1713739980000","planned_timestamp":"1713739950000","planned_event_type":"ARRIVAL","event_type":"ARRIVAL","event_source":"AUTOMATIC","correction_ind":"false","offroute_ind":"false","direction_ind":"DOWN","platform":" 2","route":"0","train_service_code":"12236820","division_code":"23","toc_id":"23","timetable_variation":"0","variation_status":"ON TIME","next_report_stanox":"33096","next_report_run_time":"1","train_terminated":"false","delay_monitoring_point":"false","reporting_stanox":"00000","auto_expected":"true"}},{"header":{"msg_type":"0003","msg_queue_timestamp":"1713736299000","source_system_id":"TRUST","original_data_source":"SMART"},"body":{"train_id":"812E60M821","actual_timestamp":"1713739920000","loc_stanox":"81109","gbtt_timestamp":"1713739980000","planned_timestamp":"1713739980000","planned_event_type":"ARRIVAL","event_type":"ARRIVAL","event_source":"AUTOMATIC","correction_ind":"false","offroute_ind":"false","direction_ind":"UP","line_ind":"3","platform":" 3","route":"0","train_service_code":"25484001","division_code":"25","toc_id":"25","timetable_variation":"1","variation_status":"EARLY","next_report_stanox":"81107","next_report_run_time":"2","train_terminated":"false","delay_monitoring_point":"true","reporting_stanox":"81109","auto_expected":"true"}},{"header":{"msg_type":"0001","msg_queue_timestamp":"1713736299000","source_system_id":"TRUST","original_data_source":"TSIA"},"body":{"train_id":"882N64M921","toc_id":"80","schedule_wtt_id":"2N64M","sched_origin_stanox":"88401","creation_timestamp":"1713739899000","origin_dep_timestamp":"1713743460000","train_uid":"W02873","schedule_start_date":"2023-12-10","schedule_end_date":"2024-05-26","schedule_source":"C","schedule_type":"O","d1266_record_number":"00000","tp_origin_timestamp":"2024-04-21","train_call_type":"AUTOMATIC","train_call_mode":"NORMAL","train_service_code":"24657005"}},{"header":{"msg_type":"0003","msg_queue_timestamp":"1713736299000","source_system_id":"TRUST","original_data_source":"SMART"},"body":{"train_id":"352U68M821","actual_timestamp":"1713739860000","loc_stanox":"36068","gbtt_timestamp":"1713739860000","planned_timestamp":"1713739890000","planned_event_type":"DEPARTURE","event_type":"DEPARTURE","event_source":"AUTOMATIC","correction_ind":"false","offroute_ind":"false","direction_ind":"UP","platform":" 1","route":"2","train_service_code":"12302012","division_code":"64","toc_id":"64","timetable_variation":"0","variation_status":"ON TIME","next_report_stanox":"36069","next_report_run_time":"2","train_terminated":"false","delay_monitoring_point":"false","reporting_stanox":"00000","auto_expected":"true"}},{"header":{"msg_type":"0003","msg_queue_timestamp":"1713736299000","source_system_id":"TRUST","original_data_source":"SMART"},"body":{"train_id":"532V73M821","actual_timestamp":"1713739860000","loc_stanox":"54011","gbtt_timestamp":"1713739800000","planned_timestamp":"1713739800000","planned_event_type":"DEPARTURE","event_type":"DEPARTURE","event_source":"AUTOMATIC","correction_ind":"false","offroute_ind":"false","direction_ind":"UP","line_ind":"S","platform":" 1","route":"2","train_service_code":"21723000","division_code":"88","toc_id":"88","timetable_variation":"1","variation_status":"LATE","next_report_stanox":"54021","next_report_run_time":"1","train_terminated":"false","delay_monitoring_point":"false","reporting_stanox":"00000","auto_expected":"true"}},{"header":{"msg_type":"0003","msg_queue_timestamp":"1713736299000","source_system_id":"TRUST","original_data_source":"SMART"},"body":{"train_id":"532V73M821","actual_timestamp":"1713739920000","loc_stanox":"54021","gbtt_timestamp":"1713739920000","planned_timestamp":"1713739890000","planned_event_type":"ARRIVAL","event_type":"ARRIVAL","event_source":"AUTOMATIC","correction_ind":"false","offroute_ind":"false","direction_ind":"UP","platform":" 1","route":"0","train_service_code":"21723000","division_code":"88","toc_id":"88","timetable_variation":"1","variation_status":"LATE","next_report_stanox":"54031","next_report_run_time":"1","train_terminated":"false","delay_monitoring_point":"false","reporting_stanox":"00000","auto_expected":"true"}},{"header":{"msg_type":"0003","msg_queue_timestamp":"1713736299000","source_system_id":"TRUST","original_data_source":"SMART"},"body":{"train_id":"171A52MZ21","actual_timestamp":"1713739860000","loc_stanox":"53233","planned_timestamp":"1713739860000","planned_event_type":"DEPARTURE","event_type":"DEPARTURE","event_source":"AUTOMATIC","correction_ind":"false","offroute_ind":"false","direction_ind":"UP","line_ind":"F","route":"1","train_service_code":"21702001","division_code":"61","toc_id":"61","timetable_variation":"0","variation_status":"ON TIME","next_report_stanox":"53401","train_terminated":"false","delay_monitoring_point":"false","reporting_stanox":"00000","auto_expected":"true"}},{"header":{"msg_type":"0003","msg_queue_timestamp":"1713736299000","source_system_id":"TRUST","original_data_source":"SMART"},"body":{"train_id":"891L71M721","actual_timestamp":"1713739860000","loc_stanox":"63621","planned_timestamp":"1713739890000","planned_event_type":"DEPARTURE","event_type":"DEPARTURE","event_source":"AUTOMATIC","correction_ind":"false","offroute_ind":"false","direction_ind":"UP","line_ind":"U","route":"5","train_service_code":"24647005","division_code":"80","toc_id":"80","timetable_variation":"0","variation_status":"ON TIME","next_report_stanox":"63631","next_report_run_time":"3","train_terminated":"false","delay_monitoring_point":"true","reporting_stanox":"63621","auto_expected":"true"}},{"header":{"msg_type":"0003","msg_queue_timestamp":"1713736299000","source_system_id":"TRUST","original_data_source":"SMART"},"body":{"train_id":"629G731821","actual_timestamp":"1713739920000","loc_stanox":"62422","gbtt_timestamp":"1713739980000","planned_timestamp":"1713739950000","planned_event_type":"ARRIVAL","event_type":"ARRIVAL","event_source":"AUTOMATIC","correction_ind":"false","offroute_ind":"false","direction_ind":"UP","platform":" 1","route":"0","train_service_code":"22720000","division_code":"88","toc_id":"88","timetable_variation":"0","variation_status":"ON TIME","next_report_stanox":"62423","next_report_run_time":"1","train_terminated":"false","delay_monitoring_point":"false","reporting_stanox":"00000","auto_expected":"true"}},{"header":{"msg_type":"0003","msg_queue_timestamp":"1713736299000","source_system_id":"TRUST","original_data_source":"SMART"},"body":{"train_id":"881H76M821","actual_timestamp":"1713739860000","loc_stanox":"88285","gbtt_timestamp":"1713739860000","planned_timestamp":"1713739860000","planned_event_type":"DEPARTURE","event_type":"DEPARTURE","event_source":"AUTOMATIC","correction_ind":"false","offroute_ind":"false","direction_ind":"UP","platform":" 4","route":"2","train_service_code":"24602004","division_code":"80","toc_id":"80","timetable_variation":"0","variation_status":"ON TIME","next_report_stanox":"88283","next_report_run_time":"2","train_terminated":"false","delay_monitoring_point":"true","reporting_stanox":"88285","auto_expected":"true"}},{"header":{"msg_type":"0003","msg_queue_timestamp":"1713736299000","source_system_id":"TRUST","original_data_source":"SMART"},"body":{"train_id":"722N63M821","actual_timestamp":"1713739920000","loc_stanox":"71040","gbtt_timestamp":"1713739920000","planned_timestamp":"1713739890000","planned_event_type":"ARRIVAL","event_type":"ARRIVAL","event_source":"AUTOMATIC","correction_ind":"false","offroute_ind":"false","direction_ind":"DOWN","platform":" 6","route":"0","train_service_code":"22209000","division_code":"29","toc_id":"29","timetable_variation":"1","variation_status":"LATE","next_report_stanox":"71022","next_report_run_time":"1","train_terminated":"false","delay_monitoring_point":"true","reporting_stanox":"71040","auto_expected":"true"}},{"header":{"msg_type":"0003","msg_queue_timestamp":"1713736299000","source_system_id":"TRUST","original_data_source":"SMART"},"body":{"train_id":"881H76M821","actual_timestamp":"1713739980000","loc_stanox":"88283","gbtt_timestamp":"1713740040000","planned_timestamp":"1713740010000","planned_event_type":"ARRIVAL","event_type":"ARRIVAL","event_source":"AUTOMATIC","correction_ind":"false","offroute_ind":"false","direction_ind":"UP","platform":" 1","route":"0","train_service_code":"24602004","division_code":"80","toc_id":"80","timetable_variation":"0","variation_status":"ON TIME","next_report_stanox":"88284","next_report_run_time":"1","train_terminated":"false","delay_monitoring_point":"false","reporting_stanox":"00000","auto_expected":"true"}},{"header":{"msg_type":"0003","msg_queue_timestamp":"1713736299000","source_system_id":"TRUST","original_data_source":"SMART"},"body":{"train_id":"882T35M821","actual_timestamp":"1713739860000","loc_stanox":"88602","gbtt_timestamp":"1713739620000","planned_timestamp":"1713739650000","planned_event_type":"DEPARTURE","event_type":"DEPARTURE","event_source":"AUTOMATIC","correction_ind":"false","offroute_ind":"false","direction_ind":"UP","platform":" 1","route":"1","train_service_code":"24650005","division_code":"80","toc_id":"80","timetable_variation":"4","variation_status":"LATE","next_report_stanox":"88601","next_report_run_time":"3","train_terminated":"false","delay_monitoring_point":"false","reporting_stanox":"00000","auto_expected":"true"}},{"header":{"msg_type":"0002","msg_queue_timestamp":"1713736299000","source_system_id":"TRUST","original_data_source":"TRUST DA","user_id":"#QRP4234","source_dev_id":"LY4G"},"body":{"train_id":"722J24MZ21","division_code":"91","toc_id":"91","loc_stanox":"72359","canx_timestamp":"1713739860000","dep_timestamp":"1713729990000","canx_type":"AT ORIGIN","canx_reason_code":"TX","train_service_code":"24680004"}},{"header":{"msg_type":"0003","msg_queue_timestamp":"1713736299000","source_system_id":"TRUST","original_data_source":"SMART"},"body":{"train_id":"892A72M721","actual_timestamp":"1713739860000","loc_stanox":"88314","planned_timestamp":"1713739890000","planned_event_type":"DEPARTURE","event_type":"DEPARTURE","event_source":"AUTOMATIC","correction_ind":"false","offroute_ind":"false","direction_ind":"UP","platform":" 2","route":"1","train_service_code":"24606004","division_code":"80","toc_id":"80","timetable_variation":"0","variation_status":"ON TIME","next_report_stanox":"87249","next_report_run_time":"7","train_terminated":"false","delay_monitoring_point":"false","reporting_stanox":"00000","auto_expected":"true"}},{"header":{"msg_type":"0003","msg_queue_timestamp":"1713736299000","source_system_id":"TRUST","original_data_source":"SMART"},"body":{"train_id":"522T32M821","actual_timestamp":"1713739860000","loc_stanox":"52729","gbtt_timestamp":"1713739860000","planned_timestamp":"1713739860000","planned_event_type":"DEPARTURE","event_type":"DEPARTURE","event_source":"AUTOMATIC","correction_ind":"false","offroute_ind":"false","direction_ind":"DOWN","line_ind":"D","platform":" 2","route":"2","train_service_code":"21235001","division_code":"30","toc_id":"30","timetable_variation":"0","variation_status":"ON TIME","next_report_stanox":"52732","next_report_run_time":"2","train_terminated":"false","delay_monitoring_point":"false","reporting_stanox":"00000","auto_expected":"true"}},{"header":{"msg_type":"0003","msg_queue_timestamp":"1713736300000","source_system_id":"TRUST","original_data_source":"SMART"},"body":{"train_id":"785Y94M821","actual_timestamp":"1713739920000","loc_stanox":"78709","planned_timestamp":"1713740160000","planned_event_type":"DEPARTURE","event_type":"DEPARTURE","event_source":"AUTOMATIC","correction_ind":"false","offroute_ind":"false","direction_ind":"DOWN","train_service_code":"25450000","division_code":"71","toc_id":"71","timetable_variation":"4","variation_status":"EARLY","next_report_stanox":"78719","next_report_run_time":"6","train_terminated":"false","delay_monitoring_point":"false","reporting_stanox":"00000","auto_expected":"true"}},{"header":{"msg_type":"0003","msg_queue_timestamp":"1713736300000","source_system_id":"TRUST","original_data_source":"SMART"},"body":{"train_id":"032K78M821","actual_timestamp":"1713739800000","loc_stanox":"04201","gbtt_timestamp":"1713739680000","planned_timestamp":"1713739710000","planned_event_type":"DEPARTURE","event_type":"DEPARTURE","event_source":"AUTOMATIC","correction_ind":"false","offroute_ind":"false","direction_ind":"UP","platform":" 1","route":"1","train_service_code":"23587003","division_code":"60","toc_id":"60","timetable_variation":"2","variation_status":"LATE","next_report_stanox":"04203","next_report_run_time":"1","train_terminated":"false","delay_monitoring_point":"false","reporting_stanox":"00000","auto_expected":"true"}},{"header":{"msg_type":"0003","msg_queue_timestamp":"1713736300000","source_system_id":"TRUST","original_data_source":"SMART"},"body":{"train_id":"032K78M821","actual_timestamp":"1713739860000","loc_stanox":"04203","planned_timestamp":"1713739770000","planned_event_type":"DEPARTURE","event_type":"DEPARTURE","event_source":"AUTOMATIC","correction_ind":"false","offroute_ind":"false","direction_ind":"UP","route":"2","train_service_code":"23587003","division_code":"60","toc_id":"60","timetable_variation":"2","variation_status":"LATE","next_report_stanox":"04304","next_report_run_time":"4","train_terminated":"false","delay_monitoring_point":"true","reporting_stanox":"04203","auto_expected":"true"}},{"header":{"msg_type":"0003","msg_queue_timestamp":"1713736300000","source_system_id":"TRUST","original_data_source":"SMART"},"body":{"train_id":"162F14M821","actual_timestamp":"1713739920000","loc_stanox":"17192","planned_timestamp":"1713739920000","planned_event_type":"DEPARTURE","event_type":"DEPARTURE","event_source":"AUTOMATIC","correction_ind":"false","offroute_ind":"false","direction_ind":"DOWN","line_ind":"M","route":"3","train_service_code":"11841820","division_code":"23","toc_id":"23","timetable_variation":"0","variation_status":"ON TIME","next_report_stanox":"17189","next_report_run_time":"3","train_terminated":"false","delay_monitoring_point":"true","reporting_stanox":"17192","auto_expected":"true"}},{"header":{"msg_type":"0003","msg_queue_timestamp":"1713736301000","source_system_id":"TRUST","original_data_source":"SMART"},"body":{"train_id":"512O69M821","actual_timestamp":"1713739800000","loc_stanox":"51717","gbtt_timestamp":"1713739800000","planned_timestamp":"1713739800000","planned_event_type":"DEPARTURE","event_type":"DEPARTURE","event_source":"AUTOMATIC","correction_ind":"false","offroute_ind":"false","direction_ind":"UP","line_ind":"U","platform":" 1","route":"1","train_service_code":"21920000","division_code":"21","toc_id":"21","timetable_variation":"0","variation_status":"ON TIME","next_report_stanox":"51720","next_report_run_time":"1","train_terminated":"false","delay_monitoring_point":"false","reporting_stanox":"00000","auto_expected":"true"}},{"header":{"msg_type":"0003","msg_queue_timestamp":"1713736301000","source_system_id":"TRUST","original_data_source":"SMART"},"body":{"train_id":"512O69M821","actual_timestamp":"1713739920000","loc_stanox":"51720","planned_timestamp":"1713739890000","planned_event_type":"DEPARTURE","event_type":"DEPARTURE","event_source":"AUTOMATIC","correction_ind":"false","offroute_ind":"false","direction_ind":"UP","line_ind":"U","route":"1","train_service_code":"21920000","division_code":"21","toc_id":"21","timetable_variation":"1","variation_status":"LATE","next_report_stanox":"51722","next_report_run_time":"3","train_terminated":"false","delay_monitoring_point":"false","reporting_stanox":"00000","auto_expected":"true"}}]