[{"header":{"msg_type":"0003","msg_queue_timestamp":"1713717526000","source_system_id":"TRUST","original_data_source":"SMART"},"body":{"train_id":"172V48MU21","actual_timestamp":"1713721080000","loc_stanox":"17054","gbtt_timestamp":"1713720960000","planned_timestamp":"1713720960000","planned_event_type":"DEPARTURE","event_type":"DEPARTURE","event_source":"AUTOMATIC","correction_ind":"false","offroute_ind":"false","direction_ind":"DOWN","line_ind":"M","platform":" 1","route":"2","train_service_code":"11819020","division_code":"23","toc_id":"23","timetable_variation":"2","variation_status":"LATE","next_report_stanox":"17055","next_report_run_time":"5","train_terminated":"false","delay_monitoring_point":"false","reporting_stanox":"00000","auto_expected":"true"}},{"header":{"msg_type":"0003","msg_queue_timestamp":"1713717526000","source_system_id":"TRUST","original_data_source":"SMART"},"body":{"train_id":"321A54MT21","actual_timestamp":"1713721080000","loc_stanox":"42302","planned_timestamp":"1713721170000","planned_event_type":"DEPARTURE","event_type":"DEPARTURE","event_source":"AUTOMATIC","correction_ind":"false","offroute_ind":"false","direction_ind":"UP","line_ind":"F","route":"1","train_service_code":"22108001","division_code":"65","toc_id":"65","timetable_variation":"1","variation_status":"EARLY","next_report_stanox":"42312","next_report_run_time":"5","train_terminated":"false","delay_monitoring_point":"true","reporting_stanox":"42302","auto_expected":"true"}},{"header":{"msg_type":"0003","msg_queue_timestamp":"1713717526000","source_system_id":"TRUST","original_data_source":"SMART"},"body":{"train_id":"560E66CV21","actual_timestamp":"1713721080000","loc_stanox":"24314","planned_timestamp":"1713725910000","planned_event_type":"DEPARTURE","event_type":"DEPARTURE","event_source":"AUTOMATIC","correction_ind":"false","offroute_ind":"false","direction_ind":"UP","line_ind":"D","platform":" 2","route":"1","train_service_code":"53790125","division_code":"05","toc_id":"05","timetable_variation":"80","variation_status":"EARLY","next_report_stanox":"24219","next_report_run_time":"6","train_terminated":"false","delay_monitoring_point":"false","train_file_address":"NS0","reporting_stanox":"00000","auto_expected":"true"}},{"header":{"msg_type":"0003","msg_queue_timestamp":"1713717526000","source_system_id":"TRUST","original_data_source":"SMART"},"body":{"train_id":"551V07MO21","actual_timestamp":"1713721140000","loc_stanox":"76401","gbtt_timestamp":"1713719280000","planned_timestamp":"1713719250000","planned_event_type":"ARRIVAL","event_type":"ARRIVAL","event_source":"AUTOMATIC","correction_ind":"false","offroute_ind":"false","direction_ind":"DOWN","platform":" 1","route":"0","train_service_code":"22333000","division_code":"27","toc_id":"27","timetable_variation":"32","variation_status":"LATE","next_report_stanox":"76481","next_report_run_time":"1","train_terminated":"false","delay_monitoring_point":"true","reporting_stanox":"76401","auto_expected":"true"}},{"header":{"msg_type":"0003","msg_queue_timestamp":"1713717526000","source_system_id":"TRUST","original_data_source":"SDR","user_id":"#QRPETFM","source_dev_id":"VJEK"},"body":{"train_id":"401E72MU21","actual_timestamp":"1713721020000","loc_stanox":"35702","planned_timestamp":"1713720990000","planned_event_type":"DEPARTURE","event_type":"DEPARTURE","event_source":"MANUAL","correction_ind":"false","offroute_ind":"false","train_service_code":"12366110","division_code":"23","toc_id":"23","timetable_variation":"1","variation_status":"LATE","next_report_stanox":"35701","next_report_run_time":"2","train_terminated":"false","delay_monitoring_point":"false","reporting_stanox":"00000"}},{"header":{"msg_type":"0002","msg_queue_timestamp":"1713717526000","source_system_id":"TRUST","original_data_source":"SDR"},"body":{"train_id":"551V07MO21","division_code":"27","toc_id":"27","loc_stanox":"76401","canx_timestamp":"1713721080000","dep_timestamp":"1713719340000","canx_type":"EN ROUTE","canx_reason_code":"IC","train_service_code":"22333000"}},{"header":{"msg_type":"0003","msg_queue_timestamp":"1713717527000","source_system_id":"TRUST","original_data_source":"GPS","user_id":"GPSN12"},"body":{"train_id":"321P85MV21","actual_timestamp":"1713721020000","loc_stanox":"32535","planned_timestamp":"1713721080000","planned_event_type":"DEPARTURE","event_type":"DEPARTURE","event_source":"MANUAL","correction_ind":"false","offroute_ind":"false","train_service_code":"21734000","division_code":"20","toc_id":"20","timetable_variation":"1","variation_status":"EARLY","next_report_stanox":"32529","next_report_run_time":"1","train_terminated":"false","delay_monitoring_point":"false","reporting_stanox":"00000"}},{"header":{"msg_type":"0003","msg_queue_timestamp":"1713717527000","source_system_id":"TRUST","original_data_source":"GPS","user_id":"GPSN01"},"body":{"train_id":"322G55MU21","actual_timestamp":"1713721080000","loc_stanox":"32222","gbtt_timestamp":"1713721140000","planned_timestamp":"1713721110000","planned_event_type":"ARRIVAL","event_type":"ARRIVAL","event_source":"MANUAL","correction_ind":"false","offroute_ind":"false","route":"0","train_service_code":"12230110","division_code":"23","toc_id":"23","timetable_variation":"0","variation_status":"ON TIME","next_report_stanox":"32213","next_report_run_time":"1","train_terminated":"false","delay_monitoring_point":"false","reporting_stanox":"00000","auto_expected":"true"}},{"header":{"msg_type":"0003","msg_queue_timestamp":"1713717527000","source_system_id":"TRUST","original_data_source":"GPS","user_id":"GPSI12"},"body":{"train_id":"862U50MU21","actual_timestamp":"1713721080000","loc_stanox":"86299","gbtt_timestamp":"1713721140000","planned_timestamp":"1713721140000","planned_event_type":"DESTINATION","event_type":"ARRIVAL","event_source":"MANUAL","correction_ind":"false","offroute_ind":"false","route":"0","train_service_code":"24627006","division_code":"85","toc_id":"85","timetable_variation":"1","variation_status":"EARLY","train_terminated":"true","delay_monitoring_point":"true","reporting_stanox":"86299","auto_expected":"false"}},{"header":{"msg_type":"0003","msg_queue_timestamp":"1713717527000","source_system_id":"TRUST","original_data_source":"GPS","user_id":"GPSN04"},"body":{"train_id":"801E39MV21","actual_timestamp":"1713721080000","loc_stanox":"80111","gbtt_timestamp":"1713721080000","planned_timestamp":"1713721050000","planned_event_type":"ARRIVAL","event_type":"ARRIVAL","event_source":"MANUAL","correction_ind":"false","offroute_ind":"false","route":"0","train_service_code":"25432000","division_code":"71","toc_id":"71","timetable_variation":"1","variation_status":"LATE","next_report_stanox":"80122","next_report_run_time":"1","train_terminated":"false","delay_monitoring_point":"false","reporting_stanox":"00000"}},{"header":{"msg_type":"0003","msg_queue_timestamp":"1713717527000","source_system_id":"TRUST","original_data_source":"GPS","user_id":"GPSN04"},"body":{"train_id":"641I18MQ21","actual_timestamp":"1713721020000","loc_stanox":"64229","planned_timestamp":"1713720690000","planned_event_type":"DEPARTURE","event_type":"DEPARTURE","event_source":"MANUAL","correction_ind":"false","offroute_ind":"false","train_service_code":"22334000","division_code":"71","toc_id":"71","timetable_variation":"6","variation_status":"LATE","next_report_stanox":"64813","next_report_run_time":"11","train_terminated":"false","delay_monitoring_point":"false","reporting_stanox":"00000"}},{"header":{"msg_type":"0003","msg_queue_timestamp":"1713717527000","source_system_id":"TRUST","original_data_source":"GPS","user_id":"GPSN01"},"body":{"train_id":"092C58MU21","actual_timestamp":"1713721080000","loc_stanox":"10021","gbtt_timestamp":"1713721080000","planned_timestamp":"1713721110000","planned_event_type":"DEPARTURE","event_type":"DEPARTURE","event_source":"MANUAL","correction_ind":"false","offroute_ind":"false","train_service_code":"22358000","division_code":"23","toc_id":"23","timetable_variation":"0","variation_status":"ON TIME","next_report_stanox":"10023","next_report_run_time":"11","train_terminated":"false","delay_monitoring_point":"false","reporting_stanox":"00000"}},{"header":{"msg_type":"0003","msg_queue_timestamp":"1713717527000","source_system_id":"TRUST","original_data_source":"GPS","user_id":"GPSI07"},"body":{"train_id":"861J47MU21","actual_timestamp":"1713721080000","loc_stanox":"86908","gbtt_timestamp":"1713721140000","planned_timestamp":"1713721140000","planned_event_type":"DESTINATION","event_type":"ARRIVAL","event_source":"MANUAL","correction_ind":"false","offroute_ind":"false","route":"0","train_service_code":"24629304","division_code":"84","toc_id":"84","timetable_variation":"1","variation_status":"EARLY","train_terminated":"true","delay_monitoring_point":"true","reporting_stanox":"86908","auto_expected":"true"}},{"header":{"msg_type":"0003","msg_queue_timestamp":"1713717527000","source_system_id":"TRUST","original_data_source":"GPS","user_id":"GPSN01"},"body":{"train_id":"182B53MU21","actual_timestamp":"1713721080000","loc_stanox":"18498","gbtt_timestamp":"1713721080000","planned_timestamp":"1713721110000","planned_event_type":"DEPARTURE","event_type":"DEPARTURE","event_source":"MANUAL","correction_ind":"false","offroute_ind":"false","train_service_code":"11803920","division_code":"23","toc_id":"23","timetable_variation":"0","variation_status":"ON TIME","next_report_stanox":"25389","next_report_run_time":"7","train_terminated":"false","delay_monitoring_point":"false","reporting_stanox":"00000"}},{"header":{"msg_type":"0003","msg_queue_timestamp":"1713717527000","source_system_id":"TRUST","original_data_source":"GPS","user_id":"GPSI06"},"body":{"train_id":"681L78MU21","actual_timestamp":"1713721080000","loc_stanox":"68161","gbtt_timestamp":"1713720540000","planned_timestamp":"1713720600000","planned_event_type":"ARRIVAL","event_type":"ARRIVAL","event_source":"MANUAL","correction_ind":"false","offroute_ind":"false","route":"0","train_service_code":"25390003","division_code":"25","toc_id":"25","timetable_variation":"8","variation_status":"LATE","next_report_stanox":"68162","next_report_run_time":"1","train_terminated":"false","delay_monitoring_point":"false","reporting_stanox":"00000","auto_expected":"true"}},{"header":{"msg_type":"0003","msg_queue_timestamp":"1713717527000","source_system_id":"TRUST","original_data_source":"GPS","user_id":"GPSN04"},"body":{"train_id":"771B171U21","actual_timestamp":"1713721080000","loc_stanox":"79785","gbtt_timestamp":"1713721080000","planned_timestamp":"1713721080000","planned_event_type":"DEPARTURE","event_type":"DEPARTURE","event_source":"MANUAL","correction_ind":"false","offroute_ind":"false","train_service_code":"25438000","division_code":"71","toc_id":"71","timetable_variation":"0","variation_status":"ON TIME","next_report_stanox":"79783","next_report_run_time":"2","train_terminated":"false","delay_monitoring_point":"false","reporting_stanox":"00000","auto_expected":"true"}},{"header":{"msg_type":"0003","msg_queue_timestamp":"1713717527000","source_system_id":"TRUST","original_data_source":"GPS","user_id":"GPSN04"},"body":{"train_id":"642J19MT21","actual_timestamp":"1713721080000","loc_stanox":"64412","gbtt_timestamp":"1713721140000","planned_timestamp":"1713721200000","planned_event_type":"ARRIVAL","event_type":"ARRIVAL","event_source":"MANUAL","correction_ind":"false","offroute_ind":"false","route":"0","train_service_code":"22335000","division_code":"71","toc_id":"71","timetable_variation":"2","variation_status":"EARLY","next_report_stanox":"64413","next_report_run_time":"2","train_terminated":"false","delay_monitoring_point":"false","reporting_stanox":"00000"}},{"header":{"msg_type":"0003","msg_queue_timestamp":"1713717527000","source_system_id":"TRUST","original_data_source":"GPS","user_id":"GPSN01"},"body":{"train_id":"092H67MU21","actual_timestamp":"1713721080000","loc_stanox":"09415","gbtt_timestamp":"1713721080000","planned_timestamp":"1713721050000","planned_event_type":"ARRIVAL","event_type":"ARRIVAL","event_source":"MANUAL","correction_ind":"false","offroute_ind":"false","route":"0","train_service_code":"21151900","division_code":"23","toc_id":"23","timetable_variation":"1","variation_status":"LATE","next_report_stanox":"09416","next_report_run_time":"1","train_terminated":"false","delay_monitoring_point":"false","reporting_stanox":"00000"}},{"header":{"msg_type":"0003","msg_queue_timestamp":"1713717528000","source_system_id":"TRUST","original_data_source":"SMART"},"body":{"train_id":"041R93MU21","actual_timestamp":"1713721020000","loc_stanox":"06457","gbtt_timestamp":"1713720960000","planned_timestamp":"1713720990000","planned_event_type":"DEPARTURE","event_type":"DEPARTURE","event_source":"AUTOMATIC","correction_ind":"false","offroute_ind":"false","direction_ind":"DOWN","platform":" 2","route":"1","train_service_code":"23548003","division_code":"60","toc_id":"60","timetable_variation":"1","variation_status":"LATE","next_report_stanox":"06454","next_report_run_time":"4","train_terminated":"false","delay_monitoring_point":"false","reporting_stanox":"00000","auto_expected":"true"}},{"header":{"msg_type":"0003","msg_queue_timestamp":"1713717528000","source_system_id":"TRUST","original_data_source":"SMART"},"body":{"train_id":"702H62MT21","actual_timestamp":"1713721140000","loc_stanox":"73420","gbtt_timestamp":"1713721200000","planned_timestamp":"1713721200000","planned_event_type":"ARRIVAL","event_type":"ARRIVAL","event_source":"AUTOMATIC","correction_ind":"false","offroute_ind":"false","direction_ind":"UP","line_ind":"4","platform":" 1","route":"0","train_service_code":"25211004","division_code":"74","toc_id":"74","timetable_variation":"1","variation_status":"EARLY","next_report_stanox":"63003","next_report_run_time":"2","train_terminated":"false","delay_monitoring_point":"true","reporting_stanox":"73420","auto_expected":"true"}},{"header":{"msg_type":"0003","msg_queue_timestamp":"1713717528000","source_system_id":"TRUST","original_data_source":"SMART"},"body":{"train_id":"801L90MT21","actual_timestamp":"1713721080000","loc_stanox":"79600","planned_event_type":"DEPARTURE","event_type":"DEPARTURE","event_source":"AUTOMATIC","correction_ind":"false","offroute_ind":"true","train_service_code":"25375002","division_code":"25","toc_id":"25","timetable_variation":"0","variation_status":"OFF ROUTE","train_terminated":"false","delay_monitoring_point":"false"}},{"header":{"msg_type":"0003","msg_queue_timestamp":"1713717528000","source_system_id":"TRUST","original_data_source":"SMART"},"body":{"train_id":"321A43MQ21","actual_timestamp":"1713721080000","loc_stanox":"72021","planned_timestamp":"1713719970000","planned_event_type":"DEPARTURE","event_type":"DEPARTURE","event_source":"AUTOMATIC","correction_ind":"false","offroute_ind":"false","direction_ind":"UP","line_ind":"F","platform":" 4","route":"2","train_service_code":"22108001","division_code":"65","toc_id":"65","timetable_variation":"19","variation_status":"LATE","next_report_stanox":"72268","next_report_run_time":"3","train_terminated":"false","delay_monitoring_point":"false","reporting_stanox":"00000","auto_expected":"true"}},{"header":{"msg_type":"0003","msg_queue_timestamp":"1713717528000","source_system_id":"TRUST","original_data_source":"SMART"},"body":{"train_id":"401A45MN21","actual_timestamp":"1713721080000","loc_stanox":"72007","planned_timestamp":"1713720330000","planned_event_type":"DEPARTURE","event_type":"DEPARTURE","event_source":"AUTOMATIC","correction_ind":"false","offroute_ind":"false","direction_ind":"UP","line_ind":"F","platform":" 4","route":"1","train_service_code":"22104001","division_code":"65","toc_id":"65","timetable_variation":"13","variation_status":"LATE","next_report_stanox":"72021","next_report_run_time":"2","train_terminated":"false","delay_monitoring_point":"true","reporting_stanox":"72007","auto_expected":"true"}},{"header":{"msg_type":"0003","msg_queue_timestamp":"1713717528000","source_system_id":"TRUST","original_data_source":"SMART"},"body":{"train_id":"042K37MU21","actual_timestamp":"1713721200000","loc_stanox":"03331","gbtt_timestamp":"1713721200000","planned_timestamp":"1713721200000","planned_event_type":"ARRIVAL","event_type":"ARRIVAL","event_source":"AUTOMATIC","correction_ind":"false","offroute_ind":"false","direction_ind":"DOWN","platform":" 2","route":"0","train_service_code":"23587103","division_code":"60","toc_id":"60","timetable_variation":"0","variation_status":"ON TIME","next_report_stanox":"03298","next_report_run_time":"1","train_terminated":"false","delay_monitoring_point":"true","reporting_stanox":"03331","auto_expected":"true"}},{"header":{"msg_type":"0003","msg_queue_timestamp":"1713717529000","source_system_id":"TRUST","original_data_source":"SMART"},"body":{"train_id":"631J52NV21","actual_timestamp":"1713721080000","loc_stanox":"63621","planned_timestamp":"1713721140000","planned_event_type":"DEPARTURE","event_type":"DEPARTURE","event_source":"AUTOMATIC","correction_ind":"false","offroute_ind":"false","direction_ind":"DOWN","line_ind":"D","route":"1","train_service_code":"24647004","division_code":"80","toc_id":"80","timetable_variation":"1","variation_status":"EARLY","next_report_stanox":"52217","next_report_run_time":"3","train_terminated":"false","delay_monitoring_point":"true","reporting_stanox":"63621","auto_expected":"true"}},{"header":{"msg_type":"0003","msg_queue_timestamp":"1713717529000","source_system_id":"TRUST","original_data_source":"SMART"},"body":{"train_id":"872F48MT21","actual_timestamp":"1713721140000","loc_stanox":"87628","gbtt_timestamp":"1713721140000","planned_timestamp":"1713721140000","planned_event_type":"ARRIVAL","event_type":"ARRIVAL","event_source":"AUTOMATIC","correction_ind":"false","offroute_ind":"false","direction_ind":"UP","line_ind":"S","platform":" 1","route":"0","train_service_code":"24783000","division_code":"88","toc_id":"88","timetable_variation":"0","variation_status":"ON TIME","next_report_stanox":"87629","next_report_run_time":"1","train_terminated":"false","delay_monitoring_point":"false","reporting_stanox":"00000","auto_expected":"true"}},{"header":{"msg_type":"0003","msg_queue_timestamp":"1713717529000","source_system_id":"TRUST","original_data_source":"SMART"},"body":{"train_id":"629G511T21","actual_timestamp":"1713721080000","loc_stanox":"63216","planned_timestamp":"1713721110000","planned_event_type":"DEPARTURE","event_type":"DEPARTURE","event_source":"AUTOMATIC","correction_ind":"false","offroute_ind":"false","direction_ind":"UP","line_ind":"S","route":"1","train_service_code":"22720000","division_code":"88","toc_id":"88","timetable_variation":"0","variation_status":"ON TIME","next_report_stanox":"63252","next_report_run_time":"1","train_terminated":"false","delay_monitoring_point":"false","reporting_stanox":"00000","auto_expected":"true"}},{"header":{"msg_type":"0003","msg_queue_timestamp":"1713717529000","source_system_id":"TRUST","original_data_source":"SMART"},"body":{"train_id":"629G511T21","actual_timestamp":"1713721200000","loc_stanox":"63252","planned_timestamp":"1713721170000","planned_event_type":"ARRIVAL","event_type":"ARRIVAL","event_source":"AUTOMATIC","correction_ind":"false","offroute_ind":"false","route":"0","train_service_code":"22720000","division_code":"88","toc_id":"88","timetable_variation":"1","variation_status":"LATE","next_report_stanox":"63405","next_report_run_time":"1","train_terminated":"false","delay_monitoring_point":"false","reporting_stanox":"00000","auto_expected":"true"}},{"header":{"msg_type":"0003","msg_queue_timestamp":"1713717530000","source_system_id":"TRUST","original_data_source":"SMART"},"body":{"train_id":"872N33MU21","actual_timestamp":"1713721140000","loc_stanox":"72418","gbtt_timestamp":"1713721140000","planned_timestamp":"1713721110000","planned_event_type":"ARRIVAL","event_type":"ARRIVAL","event_source":"AUTOMATIC","correction_ind":"false","offroute_ind":"false","direction_ind":"UP","platform":" 2","route":"0","train_service_code":"22214000","division_code":"30","toc_id":"30","timetable_variation":"1","variation_status":"LATE","next_report_stanox":"72419","next_report_run_time":"1","train_terminated":"false","delay_monitoring_point":"false","reporting_stanox":"00000","auto_expected":"true"}},{"header":{"msg_type":"0003","msg_queue_timestamp":"1713717530000","source_system_id":"TRUST","original_data_source":"SMART"},"body":{"train_id":"482C20MV21","actual_timestamp":"1713721080000","loc_stanox":"48218","planned_timestamp":"1713721170000","planned_event_type":"DEPARTURE","event_type":"DEPARTURE","event_source":"AUTOMATIC","correction_ind":"false","offroute_ind":"false","direction_ind":"DOWN","line_ind":"C","route":"1","train_service_code":"21896002","division_code":"21","toc_id":"21","timetable_variation":"1","variation_status":"EARLY","next_report_stanox":"48215","next_report_run_time":"5","train_terminated":"false","delay_monitoring_point":"false","reporting_stanox":"00000","auto_expected":"true"}},{"header":{"msg_type":"0003","msg_queue_timestamp":"1713717530000","source_system_id":"TRUST","original_data_source":"SMART"},"body":{"train_id":"872N32MT21","actual_timestamp":"1713721080000","loc_stanox":"52058","gbtt_timestamp":"1713720960000","planned_timestamp":"1713720990000","planned_event_type":"DEPARTURE","event_type":"DEPARTURE","event_source":"AUTOMATIC","correction_ind":"false","offroute_ind":"false","direction_ind":"DOWN","line_ind":"D","platform":" 3","route":"2","train_service_code":"22214000","division_code":"30","toc_id":"30","timetable_variation":"2","variation_status":"LATE","next_report_stanox":"73823","next_report_run_time":"1","train_terminated":"false","delay_monitoring_point":"false","reporting_stanox":"00000","auto_expected":"true"}},{"header":{"msg_type":"0003","msg_queue_timestamp":"1713717530000","source_system_id":"TRUST","original_data_source":"SMART"},"body":{"train_id":"879R52MT21","actual_timestamp":"1713721080000","loc_stanox":"87704","planned_event_type":"DEPARTURE","event_type":"DEPARTURE","event_source":"AUTOMATIC","correction_ind":"false","offroute_ind":"true","train_service_code":"22729000","division_code":"88","toc_id":"88","timetable_variation":"0","variation_status":"OFF ROUTE","train_terminated":"false","delay_monitoring_point":"false"}}]