[{"header":{"msg_type":"0003","msg_queue_timestamp":"1713565666000","source_system_id":"TRUST","original_data_source":"SMART"},"body":{"train_id":"041V68MQ19","actual_timestamp":"1713569220000","loc_stanox":"84067","planned_timestamp":"1713569400000","planned_event_type":"DEPARTURE","event_type":"DEPARTURE","event_source":"AUTOMATIC","correction_ind":"false","offroute_ind":"false","direction_ind":"DOWN","line_ind":"1","platform":" 1","route":"2","train_service_code":"22180008","division_code":"27","toc_id":"27","timetable_variation":"3","variation_status":"EARLY","next_report_stanox":"84075","next_report_run_time":"4","train_terminated":"false","delay_monitoring_point":"false","reporting_stanox":"00000","auto_expected":"true"}},{"header":{"msg_type":"0003","msg_queue_timestamp":"1713565666000","source_system_id":"TRUST","original_data_source":"GPS","user_id":"GPSN01"},"body":{"train_id":"192K93M819","actual_timestamp":"1713569220000","loc_stanox":"16604","gbtt_timestamp":"1713569280000","planned_timestamp":"1713569280000","planned_event_type":"ARRIVAL","event_type":"ARRIVAL","event_source":"MANUAL","correction_ind":"false","offroute_ind":"false","route":"0","train_service_code":"21806000","division_code":"23","toc_id":"23","timetable_variation":"1","variation_status":"EARLY","next_report_stanox":"17112","next_report_run_time":"2","train_terminated":"false","delay_monitoring_point":"false","reporting_stanox":"00000","auto_expected":"true"}},{"header":{"msg_type":"0003","msg_queue_timestamp":"1713565666000","source_system_id":"TRUST","original_data_source":"GPS","user_id":"GPSN04"},"body":{"train_id":"772T64M819","actual_timestamp":"1713569220000","loc_stanox":"78014","gbtt_timestamp":"1713569280000","planned_timestamp":"1713569250000","planned_event_type":"ARRIVAL","event_type":"ARRIVAL","event_source":"MANUAL","correction_ind":"false","offroute_ind":"false","route":"0","train_service_code":"25447000","division_code":"71","toc_id":"71","timetable_variation":"0","variation_status":"ON TIME","next_report_stanox":"78012","next_report_run_time":"1","train_terminated":"false","delay_monitoring_point":"false","reporting_stanox":"00000","auto_expected":"true"}},{"header":{"msg_type":"0003","msg_queue_timestamp":"1713565666000","source_system_id":"TRUST","original_data_source":"GPS","user_id":"GPSN01"},"body":{"train_id":"402H39M819","actual_timestamp":"1713569220000","loc_stanox":"37129","gbtt_timestamp":"1713569040000","planned_timestamp":"1713569070000","planned_event_type":"DEPARTURE","event_type":"DEPARTURE","event_source":"MANUAL","correction_ind":"false","offroute_ind":"false","train_service_code":"12229820","division_code":"23","toc_id":"23","timetable_variation":"3","variation_status":"LATE","next_report_stanox":"37209","next_report_run_time":"3","train_terminated":"false","delay_monitoring_point":"false","reporting_stanox":"00000"}},{"header":{"msg_type":"0003","msg_queue_timestamp":"1713565666000","source_system_id":"TRUST","original_data_source":"SMART"},"body":{"train_id":"872P75M919","actual_timestamp":"1713569220000","loc_stanox":"86040","planned_timestamp":"1713569400000","planned_event_type":"DEPARTURE","event_type":"DEPARTURE","event_source":"AUTOMATIC","correction_ind":"false","offroute_ind":"false","direction_ind":"DOWN","platform":"F","route":"3","train_service_code":"24621204","division_code":"84","toc_id":"84","timetable_variation":"3","variation_status":"EARLY","next_report_stanox":"87045","next_report_run_time":"3","train_terminated":"false","delay_monitoring_point":"false","reporting_stanox":"00000","auto_expected":"true"}},{"header":{"msg_type":"0003","msg_queue_timestamp":"1713565666000","source_system_id":"TRUST","original_data_source":"SMART"},"body":{"train_id":"862S76M819","actual_timestamp":"1713569220000","loc_stanox":"87147","gbtt_timestamp":"1713569220000","planned_timestamp":"1713569220000","planned_event_type":"DEPARTURE","event_type":"DEPARTURE","event_source":"AUTOMATIC","correction_ind":"false","offroute_ind":"false","direction_ind":"UP","platform":" 1","route":"1","train_service_code":"24671205","division_code":"84","toc_id":"84","timetable_variation":"0","variation_status":"ON TIME","next_report_stanox":"87148","next_report_run_time":"2","train_terminated":"false","delay_monitoring_point":"false","reporting_stanox":"00000","auto_expected":"true"}},{"header":{"msg_type":"0003","msg_queue_timestamp":"1713565666000","source_system_id":"TRUST","original_data_source":"SMART"},"body":{"train_id":"652H19M919","actual_timestamp":"1713569160000","loc_stanox":"65642","gbtt_timestamp":"1713569220000","planned_timestamp":"1713569220000","planned_event_type":"DEPARTURE","event_type":"DEPARTURE","event_source":"AUTOMATIC","correction_ind":"false","offroute_ind":"false","direction_ind":"DOWN","route":"1","train_service_code":"22263110","division_code":"29","toc_id":"29","timetable_variation":"1","variation_status":"EARLY","next_report_stanox":"65651","next_report_run_time":"2","train_terminated":"false","delay_monitoring_point":"false","reporting_stanox":"00000","auto_expected":"true"}},{"header":{"msg_type":"0003","msg_queue_timestamp":"1713565666000","source_system_id":"TRUST","original_data_source":"SMART"},"body":{"train_id":"236T511819","actual_timestamp":"1713569280000","loc_stanox":"22061","planned_timestamp":"1713569460000","planned_event_type":"ARRIVAL","event_type":"ARRIVAL","event_source":"AUTOMATIC","correction_ind":"false","offroute_ind":"false","route":"0","train_service_code":"53790125","division_code":"05","toc_id":"05","timetable_variation":"3","variation_status":"EARLY","next_report_stanox":"22015","next_report_run_time":"3","train_terminated":"false","delay_monitoring_point":"true","train_file_address":"MQD","reporting_stanox":"22061","auto_expected":"true"}},{"header":{"msg_type":"0003","msg_queue_timestamp":"1713565666000","source_system_id":"TRUST","original_data_source":"SMART"},"body":{"train_id":"122I04M819","actual_timestamp":"1713569220000","loc_stanox":"14008","gbtt_timestamp":"1713569160000","planned_timestamp":"1713569160000","planned_event_type":"DEPARTURE","event_type":"DEPARTURE","event_source":"AUTOMATIC","correction_ind":"false","offroute_ind":"false","direction_ind":"UP","line_ind":"S","platform":" 1","route":"1","train_service_code":"11798001","division_code":"56","toc_id":"56","timetable_variation":"1","variation_status":"LATE","next_report_stanox":"14039","next_report_run_time":"1","train_terminated":"false","delay_monitoring_point":"false","reporting_stanox":"00000","auto_expected":"true"}},{"header":{"msg_type":"0003","msg_queue_timestamp":"1713565666000","source_system_id":"TRUST","original_data_source":"SMART"},"body":{"train_id":"362S70M919","actual_timestamp":"1713569280000","loc_stanox":"36076","gbtt_timestamp":"1713569340000","planned_timestamp":"1713569340000","planned_event_type":"ARRIVAL","event_type":"ARRIVAL","event_source":"AUTOMATIC","correction_ind":"false","offroute_ind":"false","direction_ind":"DOWN","platform":" 2","route":"0","train_service_code":"12301012","division_code":"64","toc_id":"64","timetable_variation":"1","variation_status":"EARLY","next_report_stanox":"36075","next_report_run_time":"1","train_terminated":"false","delay_monitoring_point":"true","reporting_stanox":"36076","auto_expected":"true"}},{"header":{"msg_type":"0003","msg_queue_timestamp":"1713565667000","source_system_id":"TRUST","original_data_source":"SMART"},"body":{"train_id":"494E46C919","actual_timestamp":"1713569220000","loc_stanox":"49154","planned_timestamp":"1713569490000","planned_event_type":"DEPARTURE","event_type":"DEPARTURE","event_source":"AUTOMATIC","correction_ind":"false","offroute_ind":"false","direction_ind":"UP","line_ind":"S","route":"1","train_service_code":"52407540","division_code":"05","toc_id":"05","timetable_variation":"4","variation_status":"EARLY","next_report_stanox":"49145","next_report_run_time":"4","train_terminated":"false","delay_monitoring_point":"false","train_file_address":"MQT","reporting_stanox":"00000","auto_expected":"true"}},{"header":{"msg_type":"0003","msg_queue_timestamp":"1713565667000","source_system_id":"TRUST","original_data_source":"SMART"},"body":{"train_id":"541T70M819","actual_timestamp":"1713569280000","loc_stanox":"47250","planned_timestamp":"1713569220000","planned_event_type":"DEPARTURE","event_type":"DEPARTURE","event_source":"AUTOMATIC","correction_ind":"false","offroute_ind":"false","direction_ind":"DOWN","route":"1","train_service_code":"21725000","division_code":"88","toc_id":"88","timetable_variation":"1","variation_status":"LATE","next_report_stanox":"47221","next_report_run_time":"5","train_terminated":"false","delay_monitoring_point":"false","reporting_stanox":"00000","auto_expected":"true"}},{"header":{"msg_type":"0003","msg_queue_timestamp":"1713565667000","source_system_id":"TRUST","original_data_source":"SMART"},"body":{"train_id":"702K62M819","actual_timestamp":"1713569220000","loc_stanox":"72316","planned_timestamp":"1713568110000","planned_event_type":"DEPARTURE","event_type":"DEPARTURE","event_source":"AUTOMATIC","correction_ind":"false","offroute_ind":"false","direction_ind":"UP","line_ind":"B","route":"2","train_service_code":"22209000","division_code":"29","toc_id":"29","timetable_variation":"19","variation_status":"LATE","next_report_stanox":"72410","next_report_run_time":"4","train_terminated":"false","delay_monitoring_point":"false","reporting_stanox":"00000","auto_expected":"true"}},{"header":{"msg_type":"0003","msg_queue_timestamp":"1713565667000","source_system_id":"TRUST","original_data_source":"SMART"},"body":{"train_id":"735Y84M919","actual_timestamp":"1713569220000","loc_stanox":"73255","planned_timestamp":"1713568980000","planned_event_type":"DEPARTURE","event_type":"DEPARTURE","event_source":"AUTOMATIC","correction_ind":"false","offroute_ind":"false","direction_ind":"UP","line_ind":"U","platform":" 4","route":"1","train_service_code":"21383108","division_code":"33","toc_id":"33","timetable_variation":"4","variation_status":"LATE","next_report_stanox":"73251","next_report_run_time":"3","train_terminated":"false","delay_monitoring_point":"true","reporting_stanox":"73255","auto_expected":"true"}},{"header":{"msg_type":"0003","msg_queue_timestamp":"1713565667000","source_system_id":"TRUST","original_data_source":"SMART"},"body":{"train_id":"321A83M719","actual_timestamp":"1713569280000","loc_stanox":"72007","planned_timestamp":"1713570210000","planned_event_type":"ARRIVAL","event_type":"ARRIVAL","event_source":"AUTOMATIC","correction_ind":"false","offroute_ind":"false","route":"0","train_service_code":"22108001","division_code":"65","toc_id":"65","timetable_variation":"15","variation_status":"EARLY","next_report_stanox":"72021","next_report_run_time":"15","train_terminated":"false","delay_monitoring_point":"true","reporting_stanox":"72007","auto_expected":"true"}},{"header":{"msg_type":"0003","msg_queue_timestamp":"1713565668000","source_system_id":"TRUST","original_data_source":"SMART"},"body":{"train_id":"739W06M919","actual_timestamp":"1713569220000","loc_stanox":"73770","gbtt_timestamp":"1713569220000","planned_timestamp":"1713569250000","planned_event_type":"DEPARTURE","event_type":"DEPARTURE","event_source":"AUTOMATIC","correction_ind":"false","offroute_ind":"false","direction_ind":"UP","platform":" 4","route":"2","train_service_code":"21381202","division_code":"33","toc_id":"33","timetable_variation":"0","variation_status":"ON TIME","next_report_stanox":"73663","next_report_run_time":"3","train_terminated":"false","delay_monitoring_point":"true","reporting_stanox":"73770","auto_expected":"true"}},{"header":{"msg_type":"0003","msg_queue_timestamp":"1713565668000","source_system_id":"TRUST","original_data_source":"SMART"},"body":{"train_id":"889F71M919","actual_timestamp":"1713569220000","loc_stanox":"88392","gbtt_timestamp":"1713569220000","planned_timestamp":"1713569220000","planned_event_type":"DEPARTURE","event_type":"DEPARTURE","event_source":"AUTOMATIC","correction_ind":"false","offroute_ind":"false","direction_ind":"UP","route":"2","train_service_code":"22218000","division_code":"30","toc_id":"30","timetable_variation":"0","variation_status":"ON TIME","next_report_stanox":"87580","next_report_run_time":"1","train_terminated":"false","delay_monitoring_point":"true","reporting_stanox":"88392","auto_expected":"true"}},{"header":{"msg_type":"0003","msg_queue_timestamp":"1713565668000","source_system_id":"TRUST","original_data_source":"SMART"},"body":{"train_id":"529G72M919","actual_timestamp":"1713569280000","loc_stanox":"52084","gbtt_timestamp":"1713569220000","planned_timestamp":"1713569220000","planned_event_type":"ARRIVAL","event_type":"ARRIVAL","event_source":"AUTOMATIC","correction_ind":"false","offroute_ind":"false","direction_ind":"DOWN","line_ind":"D","platform":" 6","route":"0","train_service_code":"22218000","division_code":"30","toc_id":"30","timetable_variation":"1","variation_status":"LATE","next_report_stanox":"52088","next_report_run_time":"1","train_terminated":"false","delay_monitoring_point":"true","reporting_stanox":"52084","auto_expected":"true"}},{"header":{"msg_type":"0003","msg_queue_timestamp":"1713565668000","source_system_id":"TRUST","original_data_source":"SMART"},"body":{"train_id":"879H71M919","actual_timestamp":"1713569220000","loc_stanox":"87568","gbtt_timestamp":"1713569100000","planned_timestamp":"1713569130000","planned_event_type":"DEPARTURE","event_type":"DEPARTURE","event_source":"AUTOMATIC","correction_ind":"false","offroute_ind":"false","direction_ind":"UP","platform":" 4","route":"2","train_service_code":"22206000","division_code":"30","toc_id":"30","timetable_variation":"2","variation_status":"LATE","next_report_stanox":"87566","next_report_run_time":"1","train_terminated":"false","delay_monitoring_point":"true","reporting_stanox":"87568","auto_expected":"true"}},{"header":{"msg_type":"0003","msg_queue_timestamp":"1713565668000","source_system_id":"TRUST","original_data_source":"SMART"},"body":{"train_id":"871S94M819","actual_timestamp":"1713569280000","loc_stanox":"86424","gbtt_timestamp":"1713569400000","planned_timestamp":"1713569370000","planned_event_type":"ARRIVAL","event_type":"ARRIVAL","event_source":"AUTOMATIC","correction_ind":"false","offroute_ind":"false","direction_ind":"DOWN","platform":" 2","route":"0","train_service_code":"24744000","division_code":"88","toc_id":"88","timetable_variation":"1","variation_status":"EARLY","next_report_stanox":"86343","next_report_run_time":"2","train_terminated":"false","delay_monitoring_point":"true","reporting_stanox":"86424","auto_expected":"true"}},{"header":{"msg_type":"0003","msg_queue_timestamp":"1713565668000","source_system_id":"TRUST","original_data_source":"SMART"},"body":{"train_id":"871R69M919","actual_timestamp":"1713569280000","loc_stanox":"87704","planned_timestamp":"1713569280000","planned_event_type":"ARRIVAL","event_type":"ARRIVAL","event_source":"AUTOMATIC","correction_ind":"false","offroute_ind":"false","route":"0","train_service_code":"24745000","division_code":"88","toc_id":"88","timetable_variation":"0","variation_status":"ON TIME","next_report_stanox":"87701","next_report_run_time":"1","train_terminated":"false","delay_monitoring_point":"true","reporting_stanox":"87704","auto_expected":"true"}},{"header":{"msg_type":"0003","msg_queue_timestamp":"1713565668000","source_system_id":"TRUST","original_data_source":"SMART"},"body":{"train_id":"872F91M819","actual_timestamp":"1713569220000","loc_stanox":"87630","planned_timestamp":"1713569250000","planned_event_type":"DEPARTURE","event_type":"DEPARTURE","event_source":"AUTOMATIC","correction_ind":"false","offroute_ind":"false","direction_ind":"UP","route":"1","train_service_code":"24783000","division_code":"88","toc_id":"88","timetable_variation":"0","variation_status":"ON TIME","next_report_stanox":"87621","next_report_run_time":"3","train_terminated":"false","delay_monitoring_point":"false","reporting_stanox":"00000","auto_expected":"true"}},{"header":{"msg_type":"0003","msg_queue_timestamp":"1713565669000","source_system_id":"TRUST","original_data_source":"SMART"},"body":{"train_id":"045T78M919","actual_timestamp":"1713569280000","loc_stanox":"04291","planned_timestamp":"1713569520000","planned_event_type":"DEPARTURE","event_type":"DEPARTURE","event_source":"AUTOMATIC","correction_ind":"false","offroute_ind":"false","direction_ind":"UP","line_ind":"Z","route":"1","train_service_code":"23586003","division_code":"60","toc_id":"60","timetable_variation":"4","variation_status":"EARLY","next_report_stanox":"04303","next_report_run_time":"2","train_terminated":"false","delay_monitoring_point":"false","reporting_stanox":"00000","auto_expected":"true"}},{"header":{"msg_type":"0003","msg_queue_timestamp":"1713565669000","source_system_id":"TRUST","original_data_source":"SMART"},"body":{"train_id":"072L21M919","actual_timestamp":"1713569220000","loc_stanox":"07413","planned_timestamp":"1713569070000","planned_event_type":"DEPARTURE","event_type":"DEPARTURE","event_source":"AUTOMATIC","correction_ind":"false","offroute_ind":"false","direction_ind":"DOWN","route":"2","train_service_code":"23563015","division_code":"60","toc_id":"60","timetable_variation":"3","variation_status":"LATE","next_report_stanox":"07411","next_report_run_time":"2","train_terminated":"false","delay_monitoring_point":"true","reporting_stanox":"07413","auto_expected":"true"}},{"header":{"msg_type":"0003","msg_queue_timestamp":"1713565669000","source_system_id":"TRUST","original_data_source":"SMART"},"body":{"train_id":"072B91M819","actual_timestamp":"1713569220000","loc_stanox":"07466","gbtt_timestamp":"1713568440000","planned_timestamp":"1713568440000","planned_event_type":"DEPARTURE","event_type":"DEPARTURE","event_source":"AUTOMATIC","correction_ind":"false","offroute_ind":"false","direction_ind":"DOWN","line_ind":"M","platform":" 2","route":"2","train_service_code":"23563015","division_code":"60","toc_id":"60","timetable_variation":"13","variation_status":"LATE","next_report_stanox":"07375","next_report_run_time":"3","train_terminated":"false","delay_monitoring_point":"true","reporting_stanox":"07466","auto_expected":"true"}},{"header":{"msg_type":"0003","msg_queue_timestamp":"1713565669000","source_system_id":"TRUST","original_data_source":"SMART"},"body":{"train_id":"315J29M919","actual_timestamp":"1713569220000","loc_stanox":"31134","planned_timestamp":"1713569580000","planned_event_type":"DEPARTURE","event_type":"DEPARTURE","event_source":"AUTOMATIC","correction_ind":"false","offroute_ind":"false","direction_ind":"UP","route":"1","train_service_code":"22974000","division_code":"23","toc_id":"23","timetable_variation":"6","variation_status":"EARLY","next_report_stanox":"31304","next_report_run_time":"6","train_terminated":"false","delay_monitoring_point":"false","reporting_stanox":"00000","auto_expected":"true"}},{"header":{"msg_type":"0003","msg_queue_timestamp":"1713565669000","source_system_id":"TRUST","original_data_source":"SMART"},"body":{"train_id":"722O02M919","actual_timestamp":"1713569280000","loc_stanox":"72010","gbtt_timestamp":"1713569340000","planned_timestamp":"1713569340000","planned_event_type":"ARRIVAL","event_type":"ARRIVAL","event_source":"AUTOMATIC","correction_ind":"false","offroute_ind":"false","direction_ind":"UP","platform":" 2","route":"0","train_service_code":"24680004","division_code":"91","toc_id":"91","timetable_variation":"1","variation_status":"EARLY","next_report_stanox":"72020","next_report_run_time":"1","train_terminated":"false","delay_monitoring_point":"false","reporting_stanox":"00000","auto_expected":"true"}},{"header":{"msg_type":"0003","msg_queue_timestamp":"1713565669000","source_system_id":"TRUST","original_data_source":"SMART"},"body":{"train_id":"722O02M919","actual_timestamp":"1713569220000","loc_stanox":"72009","gbtt_timestamp":"1713569220000","planned_timestamp":"1713569250000","planned_event_type":"DEPARTURE","event_type":"DEPARTURE","event_source":"AUTOMATIC","correction_ind":"false","offroute_ind":"false","direction_ind":"UP","platform":" 2","route":"2","train_service_code":"24680004","division_code":"91","toc_id":"91","timetable_variation":"0","variation_status":"ON TIME","next_report_stanox":"72010","next_report_run_time":"2","train_terminated":"false","delay_monitoring_point":"false","reporting_stanox":"00000","auto_expected":"true"}},{"header":{"msg_type":"0003","msg_queue_timestamp":"1713565670000","source_system_id":"TRUST","original_data_source":"SMART"},"body":{"train_id":"072W34M819","actual_timestamp":"1713569280000","loc_stanox":"07136","gbtt_timestamp":"1713569340000","planned_timestamp":"1713569310000","planned_event_type":"ARRIVAL","event_type":"ARRIVAL","event_source":"AUTOMATIC","correction_ind":"false","offroute_ind":"false","direction_ind":"UP","platform":" 1","route":"0","train_service_code":"13569815","division_code":"60","toc_id":"60","timetable_variation":"0","variation_status":"ON TIME","next_report_stanox":"07140","next_report_run_time":"1","train_terminated":"false","delay_monitoring_point":"false","reporting_stanox":"00000","auto_expected":"true"}},{"header":{"msg_type":"0003","msg_queue_timestamp":"1713565670000","source_system_id":"TRUST","original_data_source":"SMART"},"body":{"train_id":"792G76M819","actual_timestamp":"1713569220000","loc_stanox":"77301","gbtt_timestamp":"1713568800000","planned_timestamp":"1713568800000","planned_event_type":"DEPARTURE","event_type":"DEPARTURE","event_source":"AUTOMATIC","correction_ind":"false","offroute_ind":"false","direction_ind":"UP","platform":" 1","route":"2","train_service_code":"25431000","division_code":"71","toc_id":"71","timetable_variation":"7","variation_status":"LATE","next_report_stanox":"77075","next_report_run_time":"1","train_terminated":"false","delay_monitoring_point":"true","reporting_stanox":"77301","auto_expected":"true"}},{"header":{"msg_type":"0003","msg_queue_timestamp":"1713565670000","source_system_id":"TRUST","original_data_source":"SMART"},"body":{"train_id":"234L001S19","actual_timestamp":"1713569280000","loc_stanox":"54290","planned_timestamp":"1713571110000","planned_event_type":"DEPARTURE","event_type":"DEPARTURE","event_source":"AUTOMATIC","correction_ind":"false","offroute_ind":"false","direction_ind":"UP","line_ind":"C","route":"1","train_service_code":"55460180","division_code":"54","toc_id":"54","timetable_variation":"30","variation_status":"EARLY","next_report_stanox":"52054","next_report_run_time":"3","train_terminated":"false","delay_monitoring_point":"false","train_file_address":"MHF","reporting_stanox":"00000","auto_expected":"true"}},{"header":{"msg_type":"0003","msg_queue_timestamp":"1713565670000","source_system_id":"TRUST","original_data_source":"SMART"},"body":{"train_id":"522U92M919","actual_timestamp":"1713569280000","loc_stanox":"51947","gbtt_timestamp":"1713569280000","planned_timestamp":"1713569280000","planned_event_type":"ARRIVAL","event_type":"ARRIVAL","event_source":"AUTOMATIC","correction_ind":"false","offroute_ind":"false","direction_ind":"DOWN","platform":" 2","route":"0","train_service_code":"21234001","division_code":"30","toc_id":"30","timetable_variation":"0","variation_status":"ON TIME","next_report_stanox":"51946","next_report_run_time":"1","train_terminated":"false","delay_monitoring_point":"false","reporting_stanox":"00000","auto_expected":"true"}}]