[{"header":{"msg_type":"0003","msg_queue_timestamp":"1713114865000","source_system_id":"TRUST","original_data_source":"SMART"},"body":{"train_id":"735L161W14","actual_timestamp":"1713118440000","loc_stanox":"73218","planned_timestamp":"1713118500000","planned_event_type":"DEPARTURE","event_type":"DEPARTURE","event_source":"AUTOMATIC","correction_ind":"false","offroute_ind":"false","direction_ind":"UP","line_ind":"U","route":"1","train_service_code":"21381008","division_code":"33","toc_id":"33","timetable_variation":"1","variation_status":"EARLY","next_report_stanox":"73111","next_report_run_time":"2","train_terminated":"false","delay_monitoring_point":"false","reporting_stanox":"00000","auto_expected":"true"}},{"header":{"msg_type":"0003","msg_queue_timestamp":"1713114865000","source_system_id":"TRUST","original_data_source":"SMART"},"body":{"train_id":"062L30MV14","actual_timestamp":"1713118380000","loc_stanox":"06351","gbtt_timestamp":"1713118260000","planned_timestamp":"1713118290000","planned_event_type":"DEPARTURE","event_type":"DEPARTURE","event_source":"AUTOMATIC","correction_ind":"false","offroute_ind":"false","direction_ind":"UP","platform":" 1","route":"1","train_service_code":"23563015","division_code":"60","toc_id":"60","timetable_variation":"2","variation_status":"LATE","next_report_stanox":"06352","next_report_run_time":"2","train_terminated":"false","delay_monitoring_point":"false","reporting_stanox":"00000","auto_expected":"true"}},{"header":{"msg_type":"0003","msg_queue_timestamp":"1713114865000","source_system_id":"TRUST","original_data_source":"SMART"},"body":{"train_id":"072S47MV14","actual_timestamp":"1713118500000","loc_stanox":"07259","gbtt_timestamp":"1713118440000","planned_timestamp":"1713118440000","planned_event_type":"ARRIVAL","event_type":"ARRIVAL","event_source":"AUTOMATIC","correction_ind":"false","offroute_ind":"false","direction_ind":"DOWN","route":"0","train_service_code":"23563015","division_code":"60","toc_id":"60","timetable_variation":"1","variation_status":"LATE","next_report_stanox":"07255","next_report_run_time":"1","train_terminated":"false","delay_monitoring_point":"false","reporting_stanox":"00000","auto_expected":"true"}},{"header":{"msg_type":"0003","msg_queue_timestamp":"1713114865000","source_system_id":"TRUST","original_data_source":"SMART"},"body":{"train_id":"042H93MU14","actual_timestamp":"1713118440000","loc_stanox":"06707","gbtt_timestamp":"1713118500000","planned_timestamp":"1713118470000","planned_event_type":"ARRIVAL","event_type":"ARRIVAL","event_source":"AUTOMATIC","correction_ind":"false","offroute_ind":"false","direction_ind":"DOWN","platform":" 1","route":"0","train_service_code":"13560015","division_code":"60","toc_id":"60","timetable_variation":"0","variation_status":"ON TIME","next_report_stanox":"06706","next_report_run_time":"1","train_terminated":"false","delay_monitoring_point":"true","reporting_stanox":"06707","auto_expected":"true"}},{"header":{"msg_type":"0003","msg_queue_timestamp":"1713114865000","source_system_id":"TRUST","original_data_source":"SMART"},"body":{"train_id":"062V36MW14","actual_timestamp":"1713118440000","loc_stanox":"06527","gbtt_timestamp":"1713118380000","planned_timestamp":"1713118410000","planned_event_type":"DEPARTURE","event_type":"DEPARTURE","event_source":"AUTOMATIC","correction_ind":"false","offroute_ind":"false","direction_ind":"UP","platform":" 2","route":"1","train_service_code":"13560015","division_code":"60","toc_id":"60","timetable_variation":"1","variation_status":"LATE","next_report_stanox":"06525","next_report_run_time":"1","train_terminated":"false","delay_monitoring_point":"false","reporting_stanox":"00000","auto_expected":"true"}},{"header":{"msg_type":"0003","msg_queue_timestamp":"1713114865000","source_system_id":"TRUST","original_data_source":"SMART"},"body":{"train_id":"062V36MW14","actual_timestamp":"1713118500000","loc_stanox":"06525","gbtt_timestamp":"1713118500000","planned_timestamp":"1713118470000","planned_event_type":"ARRIVAL","event_type":"ARRIVAL","event_source":"AUTOMATIC","correction_ind":"false","offroute_ind":"false","direction_ind":"UP","platform":" 2","route":"0","train_service_code":"13560015","division_code":"60","toc_id":"60","timetable_variation":"1","variation_status":"LATE","next_report_stanox":"06523","next_report_run_time":"1","train_terminated":"false","delay_monitoring_point":"false","reporting_stanox":"00000","auto_expected":"true"}},{"header":{"msg_type":"0003","msg_queue_timestamp":"1713114865000","source_system_id":"TRUST","original_data_source":"SMART"},"body":{"train_id":"112C89MW14","actual_timestamp":"1713118440000","loc_stanox":"11720","gbtt_timestamp":"1713118440000","planned_timestamp":"1713118440000","planned_event_type":"DEPARTURE","event_type":"DEPARTURE","event_source":"AUTOMATIC","correction_ind":"false","offroute_ind":"false","direction_ind":"DOWN","line_ind":"1","platform":" 1","route":"1","train_service_code":"22352000","division_code":"23","toc_id":"23","timetable_variation":"0","variation_status":"ON TIME","next_report_stanox":"11718","next_report_run_time":"3","train_terminated":"false","delay_monitoring_point":"true","reporting_stanox":"11720","auto_expected":"true"}},{"header":{"msg_type":"0003","msg_queue_timestamp":"1713114865000","source_system_id":"TRUST","original_data_source":"SMART"},"body":{"train_id":"382W44MV14","actual_timestamp":"1713118500000","loc_stanox":"38153","gbtt_timestamp":"1713118440000","planned_timestamp":"1713118440000","planned_event_type":"ARRIVAL","event_type":"ARRIVAL","event_source":"AUTOMATIC","correction_ind":"false","offroute_ind":"false","direction_ind":"DOWN","platform":" 2","route":"0","train_service_code":"12305012","division_code":"64","toc_id":"64","timetable_variation":"1","variation_status":"LATE","next_report_stanox":"38151","next_report_run_time":"1","train_terminated":"false","delay_monitoring_point":"false","reporting_stanox":"00000","auto_expected":"true"}},{"header":{"msg_type":"0003","msg_queue_timestamp":"1713114865000","source_system_id":"TRUST","original_data_source":"SMART"},"body":{"train_id":"872F53MW14","actual_timestamp":"1713118380000","loc_stanox":"87214","gbtt_timestamp":"1713118440000","planned_timestamp":"1713118440000","planned_event_type":"DEPARTURE","event_type":"DEPARTURE","event_source":"AUTOMATIC","correction_ind":"false","offroute_ind":"false","direction_ind":"DOWN","platform":" 8","route":"1","train_service_code":"24673605","division_code":"84","toc_id":"84","timetable_variation":"1","variation_status":"EARLY","next_report_stanox":"87219","next_report_run_time":"4","train_terminated":"false","delay_monitoring_point":"true","reporting_stanox":"87214","auto_expected":"true"}},{"header":{"msg_type":"0003","msg_queue_timestamp":"1713114865000","source_system_id":"TRUST","original_data_source":"SMART"},"body":{"train_id":"872C57MW14","actual_timestamp":"1713118380000","loc_stanox":"87214","gbtt_timestamp":"1713118380000","planned_timestamp":"1713118410000","planned_event_type":"DEPARTURE","event_type":"DEPARTURE","event_source":"AUTOMATIC","correction_ind":"false","offroute_ind":"false","direction_ind":"DOWN","platform":" 3","route":"1","train_service_code":"24672104","division_code":"84","toc_id":"84","timetable_variation":"0","variation_status":"ON TIME","next_report_stanox":"87215","next_report_run_time":"2","train_terminated":"false","delay_monitoring_point":"true","reporting_stanox":"87214","auto_expected":"true"}},{"header":{"msg_type":"0003","msg_queue_timestamp":"1713114865000","source_system_id":"TRUST","original_data_source":"SMART"},"body":{"train_id":"872O49MU14","actual_timestamp":"1713118500000","loc_stanox":"87261","gbtt_timestamp":"1713118560000","planned_timestamp":"1713118560000","planned_event_type":"ARRIVAL","event_type":"ARRIVAL","event_source":"AUTOMATIC","correction_ind":"false","offroute_ind":"false","direction_ind":"UP","platform":" 5","route":"0","train_service_code":"24671505","division_code":"84","toc_id":"84","timetable_variation":"1","variation_status":"EARLY","next_report_stanox":"87250","next_report_run_time":"2","train_terminated":"false","delay_monitoring_point":"true","reporting_stanox":"87261","auto_expected":"true"}},{"header":{"msg_type":"0003","msg_queue_timestamp":"1713114865000","source_system_id":"TRUST","original_data_source":"SMART"},"body":{"train_id":"631J52NV14","actual_timestamp":"1713118500000","loc_stanox":"89428","gbtt_timestamp":"1713118440000","planned_timestamp":"1713118440000","planned_event_type":"DESTINATION","event_type":"ARRIVAL","event_source":"AUTOMATIC","correction_ind":"false","offroute_ind":"false","direction_ind":"DOWN","platform":" 4","route":"0","train_service_code":"24647004","division_code":"80","toc_id":"80","timetable_variation":"1","variation_status":"LATE","train_terminated":"true","delay_monitoring_point":"true","reporting_stanox":"89428","auto_expected":"true"}},{"header":{"msg_type":"0003","msg_queue_timestamp":"1713114866000","source_system_id":"TRUST","original_data_source":"SMART"},"body":{"train_id":"362S50MW14","actual_timestamp":"1713118500000","loc_stanox":"36084","gbtt_timestamp":"1713118560000","planned_timestamp":"1713118560000","planned_event_type":"ARRIVAL","event_type":"ARRIVAL","event_source":"AUTOMATIC","correction_ind":"false","offroute_ind":"false","direction_ind":"DOWN","platform":" 1","route":"0","train_service_code":"12301012","division_code":"64","toc_id":"64","timetable_variation":"1","variation_status":"EARLY","next_report_stanox":"36082","next_report_run_time":"1","train_terminated":"false","delay_monitoring_point":"false","reporting_stanox":"00000","auto_expected":"true"}},{"header":{"msg_type":"0003","msg_queue_timestamp":"1713114866000","source_system_id":"TRUST","original_data_source":"SMART"},"body":{"train_id":"362S50MW14","actual_timestamp":"1713118380000","loc_stanox":"36086","gbtt_timestamp":"1713118440000","planned_timestamp":"1713118440000","planned_event_type":"DEPARTURE","event_type":"DEPARTURE","event_source":"AUTOMATIC","correction_ind":"false","offroute_ind":"false","direction_ind":"DOWN","line_ind":"2","platform":" 2","route":"1","train_service_code":"12301012","division_code":"64","toc_id":"64","timetable_variation":"1","variation_status":"EARLY","next_report_stanox":"36084","next_report_run_time":"2","train_terminated":"false","delay_monitoring_point":"true","reporting_stanox":"36086","auto_expected":"true"}}]