[{"header":{"msg_type":"0003","msg_queue_timestamp":"1713113830000","source_system_id":"TRUST","original_data_source":"SMART"},"body":{"train_id":"749U19MW14","actual_timestamp":"1713117360000","loc_stanox":"73822","gbtt_timestamp":"1713117420000","planned_timestamp":"1713117420000","planned_event_type":"DEPARTURE","event_type":"DEPARTURE","event_source":"AUTOMATIC","correction_ind":"false","offroute_ind":"false","direction_ind":"UP","line_ind":"U","platform":" 5","route":"2","train_service_code":"21381001","division_code":"33","toc_id":"33","timetable_variation":"1","variation_status":"EARLY","next_report_stanox":"73819","next_report_run_time":"2","train_terminated":"false","delay_monitoring_point":"true","reporting_stanox":"73822","auto_expected":"true"}},{"header":{"msg_type":"0003","msg_queue_timestamp":"1713113830000","source_system_id":"TRUST","original_data_source":"SMART"},"body":{"train_id":"639O61MU14","actual_timestamp":"1713117360000","loc_stanox":"63629","gbtt_timestamp":"1713117420000","planned_timestamp":"1713117420000","planned_event_type":"DEPARTURE","event_type":"DEPARTURE","event_source":"AUTOMATIC","correction_ind":"false","offroute_ind":"false","direction_ind":"UP","line_ind":"M","route":"1","train_service_code":"22728000","division_code":"88","toc_id":"88","timetable_variation":"1","variation_status":"EARLY","next_report_stanox":"63633","next_report_run_time":"3","train_terminated":"false","delay_monitoring_point":"true","reporting_stanox":"63629","auto_expected":"true"}},{"header":{"msg_type":"0003","msg_queue_timestamp":"1713113830000","source_system_id":"TRUST","original_data_source":"SMART"},"body":{"train_id":"639P51MV14","actual_timestamp":"1713117420000","loc_stanox":"63624","planned_timestamp":"1713117480000","planned_event_type":"DEPARTURE","event_type":"DEPARTURE","event_source":"AUTOMATIC","correction_ind":"false","offroute_ind":"false","direction_ind":"UP","line_ind":"M","route":"3","train_service_code":"22728000","division_code":"88","toc_id":"88","timetable_variation":"1","variation_status":"EARLY","next_report_stanox":"63629","next_report_run_time":"3","train_terminated":"false","delay_monitoring_point":"false","reporting_stanox":"00000","auto_expected":"true"}},{"header":{"msg_type":"0003","msg_queue_timestamp":"1713113830000","source_system_id":"TRUST","original_data_source":"SMART"},"body":{"train_id":"871G50MT14","actual_timestamp":"1713117420000","loc_stanox":"88269","gbtt_timestamp":"1713117480000","planned_timestamp":"1713117480000","planned_event_type":"ARRIVAL","event_type":"ARRIVAL","event_source":"AUTOMATIC","correction_ind":"false","offroute_ind":"false","direction_ind":"DOWN","platform":" 2","route":"0","train_service_code":"24743000","division_code":"88","toc_id":"88","timetable_variation":"1","variation_status":"EARLY","next_report_stanox":"88274","next_report_run_time":"1","train_terminated":"false","delay_monitoring_point":"false","reporting_stanox":"00000","auto_expected":"true"}},{"header":{"msg_type":"0003","msg_queue_timestamp":"1713113830000","source_system_id":"TRUST","original_data_source":"SMART"},"body":{"train_id":"879T44MS14","actual_timestamp":"1713117360000","loc_stanox":"63551","planned_timestamp":"1713117300000","planned_event_type":"DEPARTURE","event_type":"DEPARTURE","event_source":"AUTOMATIC","correction_ind":"false","offroute_ind":"false","direction_ind":"DOWN","line_ind":"S","platform":" 2","route":"1","train_service_code":"22721000","division_code":"88","toc_id":"88","timetable_variation":"1","variation_status":"LATE","next_report_stanox":"63547","next_report_run_time":"1","train_terminated":"false","delay_monitoring_point":"false","reporting_stanox":"00000","auto_expected":"true"}},{"header":{"msg_type":"0003","msg_queue_timestamp":"1713113830000","source_system_id":"TRUST","original_data_source":"SMART"},"body":{"train_id":"872J49NU14","actual_timestamp":"1713117360000","loc_stanox":"87171","gbtt_timestamp":"1713117300000","planned_timestamp":"1713117330000","planned_event_type":"DEPARTURE","event_type":"DEPARTURE","event_source":"AUTOMATIC","correction_ind":"false","offroute_ind":"false","direction_ind":"DOWN","line_ind":"H","platform":" 4","route":"4","train_service_code":"24673205","division_code":"84","toc_id":"84","timetable_variation":"1","variation_status":"LATE","next_report_stanox":"87179","next_report_run_time":"4","train_terminated":"false","delay_monitoring_point":"true","reporting_stanox":"87171","auto_expected":"true"}},{"header":{"msg_type":"0003","msg_queue_timestamp":"1713113830000","source_system_id":"TRUST","original_data_source":"SMART"},"body":{"train_id":"872J51NV14","actual_timestamp":"1713117360000","loc_stanox":"87212","gbtt_timestamp":"1713117420000","planned_timestamp":"1713117420000","planned_event_type":"DEPARTURE","event_type":"DEPARTURE","event_source":"AUTOMATIC","correction_ind":"false","offroute_ind":"false","direction_ind":"DOWN","line_ind":"S","platform":" 4","route":"1","train_service_code":"24673205","division_code":"84","toc_id":"84","timetable_variation":"1","variation_status":"EARLY","next_report_stanox":"87286","next_report_run_time":"1","train_terminated":"false","delay_monitoring_point":"true","reporting_stanox":"87212","auto_expected":"true"}},{"header":{"msg_type":"0003","msg_queue_timestamp":"1713113830000","source_system_id":"TRUST","original_data_source":"SMART"},"body":{"train_id":"872C55MV14","actual_timestamp":"1713117420000","loc_stanox":"87135","gbtt_timestamp":"1713117480000","planned_timestamp":"1713117480000","planned_event_type":"ARRIVAL","event_type":"ARRIVAL","event_source":"AUTOMATIC","correction_ind":"false","offroute_ind":"false","direction_ind":"DOWN","platform":" 1","route":"0","train_service_code":"24672104","division_code":"84","toc_id":"84","timetable_variation":"1","variation_status":"EARLY","next_report_stanox":"87131","next_report_run_time":"2","train_terminated":"false","delay_monitoring_point":"true","reporting_stanox":"87135","auto_expected":"true"}},{"header":{"msg_type":"0003","msg_queue_timestamp":"1713113830000","source_system_id":"TRUST","original_data_source":"SDR","user_id":"#QDP4116","source_dev_id":"VG5M"},"body":{"train_id":"761M15MT14","actual_timestamp":"1713117420000","loc_stanox":"67012","gbtt_timestamp":"1713117420000","planned_timestamp":"1713117420000","planned_event_type":"ARRIVAL","event_type":"ARRIVAL","event_source":"MANUAL","correction_ind":"false","offroute_ind":"false","route":"0","train_service_code":"22329000","division_code":"29","toc_id":"29","timetable_variation":"0","variation_status":"ON TIME","next_report_stanox":"67008","next_report_run_time":"1","train_terminated":"false","delay_monitoring_point":"true","reporting_stanox":"67012","auto_expected":"false"}}]