[{"header":{"msg_type":"0003","msg_queue_timestamp":"1713126999000","source_system_id":"TRUST","original_data_source":"SMART"},"body":{"train_id":"252P34M714","actual_timestamp":"1713130560000","loc_stanox":"25823","planned_timestamp":"1713130530000","planned_event_type":"DEPARTURE","event_type":"DEPARTURE","event_source":"AUTOMATIC","correction_ind":"false","offroute_ind":"false","direction_ind":"UP","line_ind":"M","route":"1","train_service_code":"11804920","division_code":"23","toc_id":"23","timetable_variation":"1","variation_status":"LATE","next_report_stanox":"26609","next_report_run_time":"5","train_terminated":"false","delay_monitoring_point":"false","reporting_stanox":"00000","auto_expected":"true"}},{"header":{"msg_type":"0003","msg_queue_timestamp":"1713126999000","source_system_id":"TRUST","original_data_source":"SMART"},"body":{"train_id":"401E76MY14","actual_timestamp":"1713130560000","loc_stanox":"17151","planned_timestamp":"1713130590000","planned_event_type":"DEPARTURE","event_type":"DEPARTURE","event_source":"AUTOMATIC","correction_ind":"false","offroute_ind":"false","direction_ind":"DOWN","line_ind":"D","route":"2","train_service_code":"12366110","division_code":"23","toc_id":"23","timetable_variation":"0","variation_status":"ON TIME","next_report_stanox":"17135","next_report_run_time":"1","train_terminated":"false","delay_monitoring_point":"false","reporting_stanox":"00000","auto_expected":"true"}},{"header":{"msg_type":"0003","msg_queue_timestamp":"1713126999000","source_system_id":"TRUST","original_data_source":"SMART"},"body":{"train_id":"871S56MY14","actual_timestamp":"1713130620000","loc_stanox":"89470","gbtt_timestamp":"1713130560000","planned_timestamp":"1713130530000","planned_event_type":"ARRIVAL","event_type":"ARRIVAL","event_source":"AUTOMATIC","correction_ind":"false","offroute_ind":"false","direction_ind":"DOWN","platform":" 2","route":"0","train_service_code":"24604004","division_code":"80","toc_id":"80","timetable_variation":"2","variation_status":"LATE","next_report_stanox":"89473","next_report_run_time":"1","train_terminated":"false","delay_monitoring_point":"false","reporting_stanox":"00000","auto_expected":"true"}},{"header":{"msg_type":"0003","msg_queue_timestamp":"1713127000000","source_system_id":"TRUST","original_data_source":"SMART"},"body":{"train_id":"321A68MY14","actual_timestamp":"1713130560000","loc_stanox":"70411","planned_timestamp":"1713130440000","planned_event_type":"DEPARTURE","event_type":"DEPARTURE","event_source":"AUTOMATIC","correction_ind":"false","offroute_ind":"false","direction_ind":"UP","line_ind":"F","platform":" 2","route":"2","train_service_code":"22108001","division_code":"65","toc_id":"65","timetable_variation":"2","variation_status":"LATE","next_report_stanox":"71009","next_report_run_time":"4","train_terminated":"false","delay_monitoring_point":"true","reporting_stanox":"70411","auto_expected":"true"}},{"header":{"msg_type":"0003","msg_queue_timestamp":"1713127000000","source_system_id":"TRUST","original_data_source":"SMART"},"body":{"train_id":"652W64M714","actual_timestamp":"1713130560000","loc_stanox":"65707","gbtt_timestamp":"1713130560000","planned_timestamp":"1713130560000","planned_event_type":"DEPARTURE","event_type":"DEPARTURE","event_source":"AUTOMATIC","correction_ind":"false","offroute_ind":"false","direction_ind":"UP","platform":" 1","route":"2","train_service_code":"12263310","division_code":"29","toc_id":"29","timetable_variation":"0","variation_status":"ON TIME","next_report_stanox":"65671","next_report_run_time":"2","train_terminated":"false","delay_monitoring_point":"false","reporting_stanox":"00000","auto_expected":"true"}},{"header":{"msg_type":"0003","msg_queue_timestamp":"1713127000000","source_system_id":"TRUST","original_data_source":"SMART"},"body":{"train_id":"871F56MY14","actual_timestamp":"1713130440000","loc_stanox":"88269","gbtt_timestamp":"1713130380000","planned_timestamp":"1713130380000","planned_event_type":"DEPARTURE","event_type":"DEPARTURE","event_source":"AUTOMATIC","correction_ind":"false","offroute_ind":"false","direction_ind":"DOWN","platform":" 2","route":"1","train_service_code":"24746000","division_code":"88","toc_id":"88","timetable_variation":"1","variation_status":"LATE","next_report_stanox":"88274","next_report_run_time":"3","train_terminated":"false","delay_monitoring_point":"false","reporting_stanox":"00000","auto_expected":"true"}},{"header":{"msg_type":"0003","msg_queue_timestamp":"1713127000000","source_system_id":"TRUST","original_data_source":"SMART"},"body":{"train_id":"871F56MY14","actual_timestamp":"1713130620000","loc_stanox":"88274","gbtt_timestamp":"1713130560000","planned_timestamp":"1713130560000","planned_event_type":"ARRIVAL","event_type":"ARRIVAL","event_source":"AUTOMATIC","correction_ind":"false","offroute_ind":"false","direction_ind":"DOWN","platform":" 2","route":"0","train_service_code":"24746000","division_code":"88","toc_id":"88","timetable_variation":"1","variation_status":"LATE","next_report_stanox":"88275","next_report_run_time":"1","train_terminated":"false","delay_monitoring_point":"false","reporting_stanox":"00000","auto_expected":"true"}},{"header":{"msg_type":"0003","msg_queue_timestamp":"1713127000000","source_system_id":"TRUST","original_data_source":"SMART"},"body":{"train_id":"871F56MY14","actual_timestamp":"1713130740000","loc_stanox":"88275","gbtt_timestamp":"1713130680000","planned_timestamp":"1713130680000","planned_event_type":"ARRIVAL","event_type":"ARRIVAL","event_source":"AUTOMATIC","correction_ind":"false","offroute_ind":"false","direction_ind":"DOWN","platform":" 2","route":"0","train_service_code":"24746000","division_code":"88","toc_id":"88","timetable_variation":"1","variation_status":"LATE","next_report_stanox":"88284","next_report_run_time":"1","train_terminated":"false","delay_monitoring_point":"true","reporting_stanox":"88275","auto_expected":"true"}},{"header":{"msg_type":"0003","msg_queue_timestamp":"1713127000000","source_system_id":"TRUST","original_data_source":"SMART"},"body":{"train_id":"871V67M714","actual_timestamp":"1713130560000","loc_stanox":"87089","gbtt_timestamp":"1713130500000","planned_timestamp":"1713130650000","planned_event_type":"DEPARTURE","event_type":"DEPARTURE","event_source":"AUTOMATIC","correction_ind":"false","offroute_ind":"false","direction_ind":"DOWN","platform":" 2","route":"1","train_service_code":"25521007","division_code":"25","toc_id":"25","timetable_variation":"1","variation_status":"EARLY","next_report_stanox":"87085","next_report_run_time":"4","train_terminated":"false","delay_monitoring_point":"true","reporting_stanox":"87089","auto_expected":"true"}},{"header":{"msg_type":"0003","msg_queue_timestamp":"1713127000000","source_system_id":"TRUST","original_data_source":"SMART"},"body":{"train_id":"529C62MZ14","actual_timestamp":"1713130560000","loc_stanox":"87643","gbtt_timestamp":"1713130500000","planned_timestamp":"1713130500000","planned_event_type":"DEPARTURE","event_type":"DEPARTURE","event_source":"AUTOMATIC","correction_ind":"false","offroute_ind":"false","direction_ind":"DOWN","line_ind":"W","platform":" 5","route":"1","train_service_code":"22215003","division_code":"30","toc_id":"30","timetable_variation":"1","variation_status":"LATE","next_report_stanox":"87648","next_report_run_time":"2","train_terminated":"false","delay_monitoring_point":"true","reporting_stanox":"87643","auto_expected":"true"}},{"header":{"msg_type":"0003","msg_queue_timestamp":"1713127000000","source_system_id":"TRUST","original_data_source":"SMART"},"body":{"train_id":"529C64M714","actual_timestamp":"1713130620000","loc_stanox":"52090","gbtt_timestamp":"1713130620000","planned_timestamp":"1713130590000","planned_event_type":"ARRIVAL","event_type":"ARRIVAL","event_source":"AUTOMATIC","correction_ind":"false","offroute_ind":"false","direction_ind":"DOWN","platform":" 2","route":"0","train_service_code":"22215003","division_code":"30","toc_id":"30","timetable_variation":"1","variation_status":"LATE","next_report_stanox":"87566","next_report_run_time":"1","train_terminated":"false","delay_monitoring_point":"false","reporting_stanox":"00000","auto_expected":"true"}},{"header":{"msg_type":"0003","msg_queue_timestamp":"1713127000000","source_system_id":"TRUST","original_data_source":"SMART"},"body":{"train_id":"879D64M714","actual_timestamp":"1713130560000","loc_stanox":"87628","gbtt_timestamp":"1713130560000","planned_timestamp":"1713130560000","planned_event_type":"DEPARTURE","event_type":"DEPARTURE","event_source":"AUTOMATIC","correction_ind":"false","offroute_ind":"false","direction_ind":"UP","line_ind":"S","platform":" 1","route":"1","train_service_code":"22215003","division_code":"30","toc_id":"30","timetable_variation":"0","variation_status":"ON TIME","next_report_stanox":"87629","next_report_run_time":"2","train_terminated":"false","delay_monitoring_point":"false","reporting_stanox":"00000","auto_expected":"true"}}]