[{"header":{"msg_type":"0003","msg_queue_timestamp":"1713157948000","source_system_id":"TRUST","original_data_source":"SMART"},"body":{"train_id":"879D02M515","actual_timestamp":"1713161580000","loc_stanox":"87572","gbtt_timestamp":"1713161520000","planned_timestamp":"1713161520000","planned_event_type":"ARRIVAL","event_type":"ARRIVAL","event_source":"AUTOMATIC","correction_ind":"false","offroute_ind":"false","direction_ind":"UP","platform":" 1","route":"0","train_service_code":"22215003","division_code":"30","toc_id":"30","timetable_variation":"1","variation_status":"LATE","next_report_stanox":"87568","next_report_run_time":"1","train_terminated":"false","delay_monitoring_point":"false","reporting_stanox":"00000","auto_expected":"true"}},{"header":{"msg_type":"0003","msg_queue_timestamp":"1713157949000","source_system_id":"TRUST","original_data_source":"SMART"},"body":{"train_id":"171V44M615","actual_timestamp":"1713161520000","loc_stanox":"17135","planned_timestamp":"1713161550000","planned_event_type":"DEPARTURE","event_type":"DEPARTURE","event_source":"AUTOMATIC","correction_ind":"false","offroute_ind":"false","direction_ind":"UP","line_ind":"E","route":"2","train_service_code":"22180008","division_code":"27","toc_id":"27","timetable_variation":"0","variation_status":"ON TIME","next_report_stanox":"17152","next_report_run_time":"1","train_terminated":"false","delay_monitoring_point":"true","reporting_stanox":"17135","auto_expected":"true"}},{"header":{"msg_type":"0003","msg_queue_timestamp":"1713157949000","source_system_id":"TRUST","original_data_source":"SMART"},"body":{"train_id":"631F01M515","actual_timestamp":"1713161520000","loc_stanox":"61006","planned_timestamp":"1713161940000","planned_event_type":"DEPARTURE","event_type":"DEPARTURE","event_source":"AUTOMATIC","correction_ind":"false","offroute_ind":"false","direction_ind":"DOWN","line_ind":"M","route":"1","train_service_code":"22152000","division_code":"28","toc_id":"28","timetable_variation":"7","variation_status":"EARLY","next_report_stanox":"59401","next_report_run_time":"5","train_terminated":"false","delay_monitoring_point":"false","reporting_stanox":"00000","auto_expected":"true"}},{"header":{"msg_type":"0003","msg_queue_timestamp":"1713157949000","source_system_id":"TRUST","original_data_source":"SMART"},"body":{"train_id":"042P09M515","actual_timestamp":"1713161460000","loc_stanox":"05041","gbtt_timestamp":"1713161520000","planned_timestamp":"1713161520000","planned_event_type":"DEPARTURE","event_type":"DEPARTURE","event_source":"AUTOMATIC","correction_ind":"false","offroute_ind":"false","direction_ind":"DOWN","platform":" 2","route":"2","train_service_code":"23576003","division_code":"60","toc_id":"60","timetable_variation":"1","variation_status":"EARLY","next_report_stanox":"05037","next_report_run_time":"2","train_terminated":"false","delay_monitoring_point":"true","reporting_stanox":"05041","auto_expected":"true"}},{"header":{"msg_type":"0003","msg_queue_timestamp":"1713157949000","source_system_id":"TRUST","original_data_source":"SMART"},"body":{"train_id":"892W12M415","actual_timestamp":"1713161460000","loc_stanox":"89321","gbtt_timestamp":"1713161160000","planned_timestamp":"1713161190000","planned_event_type":"DEPARTURE","event_type":"DEPARTURE","event_source":"AUTOMATIC","correction_ind":"false","offroute_ind":"false","direction_ind":"UP","platform":" 1","route":"1","train_service_code":"24605000","division_code":"80","toc_id":"80","timetable_variation":"5","variation_status":"LATE","next_report_stanox":"89323","next_report_run_time":"6","train_terminated":"false","delay_monitoring_point":"false","reporting_stanox":"00000","auto_expected":"true"}},{"header":{"msg_type":"0003","msg_queue_timestamp":"1713157949000","source_system_id":"TRUST","original_data_source":"TOPS","source_dev_id":"UR42159"},"body":{"train_id":"490M94C615","actual_timestamp":"1713160020000","loc_stanox":"49202","gbtt_timestamp":"1713161280000","planned_timestamp":"1713161280000","planned_event_type":"DEPARTURE","event_type":"DEPARTURE","event_source":"MANUAL","correction_ind":"false","offroute_ind":"false","train_service_code":"50510170","division_code":"09","toc_id":"09","timetable_variation":"21","variation_status":"EARLY","next_report_stanox":"49193","next_report_run_time":"5","train_terminated":"false","delay_monitoring_point":"true","train_file_address":"GJR","reporting_stanox":"49202","auto_expected":"true"}},{"header":{"msg_type":"0002","msg_queue_timestamp":"1713157949000","source_system_id":"TRUST","original_data_source":"TOPS","source_dev_id":"UR42159"},"body":{"train_id":"494R77C615","division_code":"09","toc_id":"09","loc_stanox":"49200","canx_timestamp":"1713161520000","dep_timestamp":"1713163500000","canx_type":"AT ORIGIN","canx_reason_code":"FL","train_service_code":"54606070","train_file_address":"GKJ"}},{"header":{"msg_type":"0003","msg_queue_timestamp":"1713157949000","source_system_id":"TRUST","original_data_source":"SMART"},"body":{"train_id":"885Y34M515","actual_timestamp":"1713161520000","loc_stanox":"88490","planned_timestamp":"1713161610000","planned_event_type":"DEPARTURE","event_type":"DEPARTURE","event_source":"AUTOMATIC","correction_ind":"false","offroute_ind":"false","direction_ind":"DOWN","line_ind":"S","route":"1","train_service_code":"24655005","division_code":"80","toc_id":"80","timetable_variation":"1","variation_status":"EARLY","next_report_stanox":"88491","next_report_run_time":"4","train_terminated":"false","delay_monitoring_point":"true","reporting_stanox":"88490","auto_expected":"true"}},{"header":{"msg_type":"0002","msg_queue_timestamp":"1713157949000","source_system_id":"TRUST","original_data_source":"TOPS","source_dev_id":"UR42159"},"body":{"train_id":"514M41CB15","division_code":"09","toc_id":"09","loc_stanox":"51127","canx_timestamp":"1713161520000","dep_timestamp":"1713166800000","canx_type":"AT ORIGIN","canx_reason_code":"FL","train_service_code":"54606070","train_file_address":"GMG"}},{"header":{"msg_type":"0002","msg_queue_timestamp":"1713157950000","source_system_id":"TRUST","original_data_source":"TOPS","source_dev_id":"UR42159"},"body":{"train_id":"494M94CB15","division_code":"09","toc_id":"09","loc_stanox":"49136","canx_timestamp":"1713161520000","dep_timestamp":"1713167400000","canx_type":"AT ORIGIN","canx_reason_code":"FL","train_service_code":"54606070","train_file_address":"GMT"}},{"header":{"msg_type":"0003","msg_queue_timestamp":"1713157950000","source_system_id":"TRUST","original_data_source":"SMART"},"body":{"train_id":"885L11M615","actual_timestamp":"1713161580000","loc_stanox":"88466","planned_timestamp":"1713161640000","planned_event_type":"ARRIVAL","event_type":"ARRIVAL","event_source":"AUTOMATIC","correction_ind":"false","offroute_ind":"false","route":"0","train_service_code":"24657005","division_code":"80","toc_id":"80","timetable_variation":"1","variation_status":"EARLY","next_report_stanox":"88711","next_report_run_time":"1","train_terminated":"false","delay_monitoring_point":"true","reporting_stanox":"88466","auto_expected":"true"}},{"header":{"msg_type":"0003","msg_queue_timestamp":"1713157950000","source_system_id":"TRUST","original_data_source":"SMART"},"body":{"train_id":"881D18M515","actual_timestamp":"1713161580000","loc_stanox":"88463","gbtt_timestamp":"1713161580000","planned_timestamp":"1713161580000","planned_event_type":"ARRIVAL","event_type":"ARRIVAL","event_source":"AUTOMATIC","correction_ind":"false","offroute_ind":"false","direction_ind":"UP","platform":" 1","route":"0","train_service_code":"24657005","division_code":"80","toc_id":"80","timetable_variation":"0","variation_status":"ON TIME","next_report_stanox":"88462","next_report_run_time":"1","train_terminated":"false","delay_monitoring_point":"false","reporting_stanox":"00000","auto_expected":"true"}},{"header":{"msg_type":"0003","msg_queue_timestamp":"1713157950000","source_system_id":"TRUST","original_data_source":"SMART"},"body":{"train_id":"882U52M515","actual_timestamp":"1713161460000","loc_stanox":"88419","gbtt_timestamp":"1713161520000","planned_timestamp":"1713161550000","planned_event_type":"DEPARTURE","event_type":"DEPARTURE","event_source":"AUTOMATIC","correction_ind":"false","offroute_ind":"false","direction_ind":"UP","platform":" 1","route":"2","train_service_code":"24650005","division_code":"80","toc_id":"80","timetable_variation":"1","variation_status":"EARLY","next_report_stanox":"88420","next_report_run_time":"2","train_terminated":"false","delay_monitoring_point":"false","reporting_stanox":"00000","auto_expected":"true"}},{"header":{"msg_type":"0003","msg_queue_timestamp":"1713157951000","source_system_id":"TRUST","original_data_source":"SMART"},"body":{"train_id":"882A09M615","actual_timestamp":"1713161580000","loc_stanox":"88699","gbtt_timestamp":"1713161640000","planned_timestamp":"1713161610000","planned_event_type":"ARRIVAL","event_type":"ARRIVAL","event_source":"AUTOMATIC","correction_ind":"false","offroute_ind":"false","direction_ind":"UP","platform":" 1","route":"0","train_service_code":"24658000","division_code":"80","toc_id":"80","timetable_variation":"0","variation_status":"ON TIME","next_report_stanox":"88466","next_report_run_time":"2","train_terminated":"false","delay_monitoring_point":"false","reporting_stanox":"00000","auto_expected":"true"}}]