[{"header":{"msg_type":"0003","msg_queue_timestamp":"1713135447000","source_system_id":"TRUST","original_data_source":"SMART"},"body":{"train_id":"721H77M714","actual_timestamp":"1713139080000","loc_stanox":"43314","gbtt_timestamp":"1713138720000","planned_timestamp":"1713138720000","planned_event_type":"ARRIVAL","event_type":"ARRIVAL","event_source":"AUTOMATIC","correction_ind":"false","offroute_ind":"false","direction_ind":"DOWN","line_ind":"3","platform":" 3","route":"0","train_service_code":"22108001","division_code":"65","toc_id":"65","timetable_variation":"6","variation_status":"LATE","next_report_stanox":"42303","next_report_run_time":"1","train_terminated":"false","delay_monitoring_point":"true","reporting_stanox":"43314","auto_expected":"true"}},{"header":{"msg_type":"0003","msg_queue_timestamp":"1713135447000","source_system_id":"TRUST","original_data_source":"SMART"},"body":{"train_id":"631U72M814","actual_timestamp":"1713139020000","loc_stanox":"69440","planned_timestamp":"1713138870000","planned_event_type":"DEPARTURE","event_type":"DEPARTURE","event_source":"AUTOMATIC","correction_ind":"false","offroute_ind":"false","direction_ind":"DOWN","route":"1","train_service_code":"25530004","division_code":"74","toc_id":"74","timetable_variation":"3","variation_status":"LATE","next_report_stanox":"69416","next_report_run_time":"5","train_terminated":"false","delay_monitoring_point":"true","reporting_stanox":"69440","auto_expected":"true"}},{"header":{"msg_type":"0003","msg_queue_timestamp":"1713135447000","source_system_id":"TRUST","original_data_source":"SMART"},"body":{"train_id":"882E67M914","actual_timestamp":"1713139020000","loc_stanox":"87601","gbtt_timestamp":"1713139020000","planned_timestamp":"1713139020000","planned_event_type":"DEPARTURE","event_type":"DEPARTURE","event_source":"AUTOMATIC","correction_ind":"false","offroute_ind":"false","direction_ind":"DOWN","line_ind":"1","platform":" 1","route":"1","train_service_code":"24659005","division_code":"80","toc_id":"80","timetable_variation":"0","variation_status":"ON TIME","next_report_stanox":"88409","next_report_run_time":"4","train_terminated":"false","delay_monitoring_point":"true","reporting_stanox":"87601","auto_expected":"true"}},{"header":{"msg_type":"0003","msg_queue_timestamp":"1713135447000","source_system_id":"TRUST","original_data_source":"SMART"},"body":{"train_id":"722Y08M914","actual_timestamp":"1713139020000","loc_stanox":"72241","gbtt_timestamp":"1713139020000","planned_timestamp":"1713139050000","planned_event_type":"DEPARTURE","event_type":"DEPARTURE","event_source":"AUTOMATIC","correction_ind":"false","offroute_ind":"false","direction_ind":"UP","line_ind":"U","platform":" 3","route":"1","train_service_code":"22204000","division_code":"30","toc_id":"30","timetable_variation":"0","variation_status":"ON TIME","next_report_stanox":"72243","next_report_run_time":"2","train_terminated":"false","delay_monitoring_point":"true","reporting_stanox":"72241","auto_expected":"true"}},{"header":{"msg_type":"0003","msg_queue_timestamp":"1713135448000","source_system_id":"TRUST","original_data_source":"SMART"},"body":{"train_id":"892D741914","actual_timestamp":"1713138960000","loc_stanox":"88492","gbtt_timestamp":"1713139020000","planned_timestamp":"1713139050000","planned_event_type":"DEPARTURE","event_type":"DEPARTURE","event_source":"AUTOMATIC","correction_ind":"false","offroute_ind":"false","direction_ind":"UP","line_ind":"C","platform":" 3","route":"1","train_service_code":"24652005","division_code":"80","toc_id":"80","timetable_variation":"1","variation_status":"EARLY","next_report_stanox":"88490","next_report_run_time":"1","train_terminated":"false","delay_monitoring_point":"false","reporting_stanox":"00000","auto_expected":"true"}},{"header":{"msg_type":"0003","msg_queue_timestamp":"1713135448000","source_system_id":"TRUST","original_data_source":"SMART"},"body":{"train_id":"892D741914","actual_timestamp":"1713139020000","loc_stanox":"88490","planned_timestamp":"1713139110000","planned_event_type":"DEPARTURE","event_type":"DEPARTURE","event_source":"AUTOMATIC","correction_ind":"false","offroute_ind":"false","direction_ind":"UP","route":"3","train_service_code":"24652005","division_code":"80","toc_id":"80","timetable_variation":"1","variation_status":"EARLY","next_report_stanox":"88479","next_report_run_time":"1","train_terminated":"false","delay_monitoring_point":"true","reporting_stanox":"88490","auto_expected":"true"}},{"header":{"msg_type":"0003","msg_queue_timestamp":"1713135448000","source_system_id":"TRUST","original_data_source":"SMART"},"body":{"train_id":"879R67M914","actual_timestamp":"1713139020000","loc_stanox":"87640","planned_timestamp":"1713139050000","planned_event_type":"DEPARTURE","event_type":"DEPARTURE","event_source":"AUTOMATIC","correction_ind":"false","offroute_ind":"false","direction_ind":"DOWN","line_ind":"S","route":"2","train_service_code":"22729000","division_code":"88","toc_id":"88","timetable_variation":"0","variation_status":"ON TIME","next_report_stanox":"87700","next_report_run_time":"1","train_terminated":"false","delay_monitoring_point":"false","reporting_stanox":"00000","auto_expected":"true"}},{"header":{"msg_type":"0003","msg_queue_timestamp":"1713135448000","source_system_id":"TRUST","original_data_source":"SMART"},"body":{"train_id":"871C99M914","actual_timestamp":"1713139020000","loc_stanox":"87722","gbtt_timestamp":"1713138420000","planned_timestamp":"1713138420000","planned_event_type":"DEPARTURE","event_type":"DEPARTURE","event_source":"AUTOMATIC","correction_ind":"false","offroute_ind":"false","direction_ind":"UP","platform":" 2","route":"2","train_service_code":"24748000","division_code":"88","toc_id":"88","timetable_variation":"10","variation_status":"LATE","next_report_stanox":"87712","next_report_run_time":"3","train_terminated":"false","delay_monitoring_point":"true","reporting_stanox":"87722","auto_expected":"true"}},{"header":{"msg_type":"0003","msg_queue_timestamp":"1713135448000","source_system_id":"TRUST","original_data_source":"SMART"},"body":{"train_id":"525E691914","actual_timestamp":"1713139020000","loc_stanox":"52711","gbtt_timestamp":"1713139080000","planned_timestamp":"1713139080000","planned_event_type":"DEPARTURE","event_type":"DEPARTURE","event_source":"AUTOMATIC","correction_ind":"false","offroute_ind":"false","direction_ind":"DOWN","line_ind":"F","platform":" 3","route":"1","train_service_code":"25936005","division_code":"79","toc_id":"79","timetable_variation":"1","variation_status":"EARLY","next_report_stanox":"52707","next_report_run_time":"1","train_terminated":"false","delay_monitoring_point":"true","reporting_stanox":"52711","auto_expected":"true"}},{"header":{"msg_type":"0003","msg_queue_timestamp":"1713135448000","source_system_id":"TRUST","original_data_source":"SMART"},"body":{"train_id":"871L73M914","actual_timestamp":"1713139080000","loc_stanox":"87643","gbtt_timestamp":"1713139140000","planned_timestamp":"1713139110000","planned_event_type":"ARRIVAL","event_type":"ARRIVAL","event_source":"AUTOMATIC","correction_ind":"false","offroute_ind":"false","direction_ind":"UP","platform":" 3","route":"0","train_service_code":"24749000","division_code":"88","toc_id":"88","timetable_variation":"0","variation_status":"ON TIME","next_report_stanox":"87626","next_report_run_time":"1","train_terminated":"false","delay_monitoring_point":"true","reporting_stanox":"87643","auto_expected":"true"}},{"header":{"msg_type":"0003","msg_queue_timestamp":"1713135448000","source_system_id":"TRUST","original_data_source":"SMART"},"body":{"train_id":"522W14M914","actual_timestamp":"1713139020000","loc_stanox":"50438","gbtt_timestamp":"1713139080000","planned_timestamp":"1713139080000","planned_event_type":"ARRIVAL","event_type":"ARRIVAL","event_source":"AUTOMATIC","correction_ind":"false","offroute_ind":"false","direction_ind":"DOWN","platform":" 2","route":"0","train_service_code":"21381001","division_code":"33","toc_id":"33","timetable_variation":"1","variation_status":"EARLY","next_report_stanox":"50435","next_report_run_time":"1","train_terminated":"false","delay_monitoring_point":"false","reporting_stanox":"00000","auto_expected":"true"}},{"header":{"msg_type":"0003","msg_queue_timestamp":"1713135448000","source_system_id":"TRUST","original_data_source":"SMART"},"body":{"train_id":"722N71M914","actual_timestamp":"1713139080000","loc_stanox":"72003","gbtt_timestamp":"1713139020000","planned_timestamp":"1713138990000","planned_event_type":"ARRIVAL","event_type":"ARRIVAL","event_source":"AUTOMATIC","correction_ind":"false","offroute_ind":"false","direction_ind":"DOWN","platform":" 3","route":"0","train_service_code":"22209000","division_code":"29","toc_id":"29","timetable_variation":"2","variation_status":"LATE","next_report_stanox":"71040","next_report_run_time":"1","train_terminated":"false","delay_monitoring_point":"false","reporting_stanox":"00000","auto_expected":"true"}},{"header":{"msg_type":"0003","msg_queue_timestamp":"1713135448000","source_system_id":"TRUST","original_data_source":"SMART"},"body":{"train_id":"042V69M814","actual_timestamp":"1713139020000","loc_stanox":"06399","gbtt_timestamp":"1713138840000","planned_timestamp":"1713138870000","planned_event_type":"DEPARTURE","event_type":"DEPARTURE","event_source":"AUTOMATIC","correction_ind":"false","offroute_ind":"false","direction_ind":"DOWN","platform":" 8","route":"1","train_service_code":"13560015","division_code":"60","toc_id":"60","timetable_variation":"3","variation_status":"LATE","next_report_stanox":"06365","next_report_run_time":"2","train_terminated":"false","delay_monitoring_point":"true","reporting_stanox":"06399","auto_expected":"true"}},{"header":{"msg_type":"0003","msg_queue_timestamp":"1713135449000","source_system_id":"TRUST","original_data_source":"SMART"},"body":{"train_id":"631L74M914","actual_timestamp":"1713139080000","loc_stanox":"89731","gbtt_timestamp":"1713139080000","planned_timestamp":"1713139080000","planned_event_type":"ARRIVAL","event_type":"ARRIVAL","event_source":"AUTOMATIC","correction_ind":"false","offroute_ind":"false","direction_ind":"DOWN","platform":" 2","route":"0","train_service_code":"24647004","division_code":"80","toc_id":"80","timetable_variation":"0","variation_status":"ON TIME","next_report_stanox":"89727","next_report_run_time":"1","train_terminated":"false","delay_monitoring_point":"false","reporting_stanox":"00000","auto_expected":"true"}},{"header":{"msg_type":"0003","msg_queue_timestamp":"1713135449000","source_system_id":"TRUST","original_data_source":"SMART"},"body":{"train_id":"721F39M714","actual_timestamp":"1713139080000","loc_stanox":"37001","planned_timestamp":"1713139140000","planned_event_type":"ARRIVAL","event_type":"ARRIVAL","event_source":"AUTOMATIC","correction_ind":"false","offroute_ind":"false","route":"0","train_service_code":"22109001","division_code":"65","toc_id":"65","timetable_variation":"1","variation_status":"EARLY","next_report_stanox":"35591","next_report_run_time":"1","train_terminated":"false","delay_monitoring_point":"false","reporting_stanox":"00000","auto_expected":"true"}},{"header":{"msg_type":"0003","msg_queue_timestamp":"1713135450000","source_system_id":"TRUST","original_data_source":"SMART"},"body":{"train_id":"871S68M814","actual_timestamp":"1713139020000","loc_stanox":"89501","gbtt_timestamp":"1713139020000","planned_timestamp":"1713139020000","planned_event_type":"DEPARTURE","event_type":"DEPARTURE","event_source":"AUTOMATIC","correction_ind":"false","offroute_ind":"false","direction_ind":"DOWN","line_ind":"3","platform":" 3","route":"3","train_service_code":"24604004","division_code":"80","toc_id":"80","timetable_variation":"0","variation_status":"ON TIME","next_report_stanox":"89489","next_report_run_time":"7","train_terminated":"false","delay_monitoring_point":"true","reporting_stanox":"89501","auto_expected":"true"}},{"header":{"msg_type":"0003","msg_queue_timestamp":"1713135450000","source_system_id":"TRUST","original_data_source":"SMART"},"body":{"train_id":"722Y61M814","actual_timestamp":"1713139020000","loc_stanox":"70029","planned_timestamp":"1713138960000","planned_event_type":"DEPARTURE","event_type":"DEPARTURE","event_source":"AUTOMATIC","correction_ind":"false","offroute_ind":"false","direction_ind":"DOWN","line_ind":"C","route":"1","train_service_code":"22209000","division_code":"29","toc_id":"29","timetable_variation":"1","variation_status":"LATE","next_report_stanox":"69202","next_report_run_time":"9","train_terminated":"false","delay_monitoring_point":"false","reporting_stanox":"00000","auto_expected":"true"}},{"header":{"msg_type":"0003","msg_queue_timestamp":"1713135450000","source_system_id":"TRUST","original_data_source":"SMART"},"body":{"train_id":"541P74M914","actual_timestamp":"1713139080000","loc_stanox":"53201","gbtt_timestamp":"1713139140000","planned_timestamp":"1713139110000","planned_event_type":"ARRIVAL","event_type":"ARRIVAL","event_source":"AUTOMATIC","correction_ind":"false","offroute_ind":"false","direction_ind":"DOWN","platform":" 2","route":"0","train_service_code":"22727100","division_code":"88","toc_id":"88","timetable_variation":"0","variation_status":"ON TIME","next_report_stanox":"45611","next_report_run_time":"1","train_terminated":"false","delay_monitoring_point":"false","reporting_stanox":"00000","auto_expected":"true"}},{"header":{"msg_type":"0003","msg_queue_timestamp":"1713135451000","source_system_id":"TRUST","original_data_source":"SMART"},"body":{"train_id":"875Y66M914","actual_timestamp":"1713139080000","loc_stanox":"87159","planned_timestamp":"1713139110000","planned_event_type":"ARRIVAL","event_type":"ARRIVAL","event_source":"AUTOMATIC","correction_ind":"false","offroute_ind":"false","route":"0","train_service_code":"24676004","division_code":"84","toc_id":"84","timetable_variation":"0","variation_status":"ON TIME","next_report_stanox":"87161","next_report_run_time":"1","train_terminated":"false","delay_monitoring_point":"true","reporting_stanox":"87159","auto_expected":"true"}},{"header":{"msg_type":"0003","msg_queue_timestamp":"1713135451000","source_system_id":"TRUST","original_data_source":"SMART"},"body":{"train_id":"871O951914","actual_timestamp":"1713139080000","loc_stanox":"87911","gbtt_timestamp":"1713138900000","planned_timestamp":"1713138900000","planned_event_type":"DESTINATION","event_type":"ARRIVAL","event_source":"AUTOMATIC","correction_ind":"false","offroute_ind":"false","direction_ind":"DOWN","platform":" 5","route":"0","train_service_code":"25521007","division_code":"25","toc_id":"25","timetable_variation":"3","variation_status":"LATE","train_terminated":"true","delay_monitoring_point":"true","reporting_stanox":"87911","auto_expected":"true"}}]