[{"header":{"msg_type":"0003","msg_queue_timestamp":"1713733901000","source_system_id":"TRUST","original_data_source":"SMART"},"body":{"train_id":"892F72M721","actual_timestamp":"1713737460000","loc_stanox":"88447","planned_timestamp":"1713737370000","planned_event_type":"DEPARTURE","event_type":"DEPARTURE","event_source":"AUTOMATIC","correction_ind":"false","offroute_ind":"false","direction_ind":"UP","line_ind":"C","route":"4","train_service_code":"24655005","division_code":"80","toc_id":"80","timetable_variation":"2","variation_status":"LATE","next_report_stanox":"88415","next_report_run_time":"2","train_terminated":"false","delay_monitoring_point":"true","reporting_stanox":"88447","auto_expected":"true"}},{"header":{"msg_type":"0003","msg_queue_timestamp":"1713733901000","source_system_id":"TRUST","original_data_source":"SMART"},"body":{"train_id":"872L73M821","actual_timestamp":"1713737520000","loc_stanox":"87214","planned_event_type":"ARRIVAL","event_type":"ARRIVAL","event_source":"AUTOMATIC","correction_ind":"false","offroute_ind":"true","train_service_code":"24629204","division_code":"84","toc_id":"84","timetable_variation":"0","variation_status":"OFF ROUTE","train_terminated":"false","delay_monitoring_point":"false"}},{"header":{"msg_type":"0003","msg_queue_timestamp":"1713733901000","source_system_id":"TRUST","original_data_source":"SMART"},"body":{"train_id":"872C73M821","actual_timestamp":"1713737520000","loc_stanox":"87214","gbtt_timestamp":"1713737580000","planned_timestamp":"1713737550000","planned_event_type":"ARRIVAL","event_type":"ARRIVAL","event_source":"AUTOMATIC","correction_ind":"false","offroute_ind":"false","direction_ind":"DOWN","platform":" 3","route":"0","train_service_code":"24672104","division_code":"84","toc_id":"84","timetable_variation":"0","variation_status":"ON TIME","next_report_stanox":"87215","next_report_run_time":"1","train_terminated":"false","delay_monitoring_point":"true","reporting_stanox":"87214","auto_expected":"true"}},{"header":{"msg_type":"0003","msg_queue_timestamp":"1713733901000","source_system_id":"TRUST","original_data_source":"GPS","user_id":"GPSI07"},"body":{"train_id":"872L73M821","actual_timestamp":"1713737400000","loc_stanox":"87286","planned_timestamp":"1713737310000","planned_event_type":"DEPARTURE","event_type":"DEPARTURE","event_source":"MANUAL","correction_ind":"false","offroute_ind":"false","train_service_code":"24629204","division_code":"84","toc_id":"84","timetable_variation":"2","variation_status":"LATE","next_report_stanox":"87219","next_report_run_time":"7","train_terminated":"false","delay_monitoring_point":"false","reporting_stanox":"00000"}},{"header":{"msg_type":"0003","msg_queue_timestamp":"1713733901000","source_system_id":"TRUST","original_data_source":"GPS","user_id":"GPSN01"},"body":{"train_id":"322G63M721","actual_timestamp":"1713737460000","loc_stanox":"32222","gbtt_timestamp":"1713737220000","planned_timestamp":"1713737220000","planned_event_type":"DEPARTURE","event_type":"DEPARTURE","event_source":"MANUAL","correction_ind":"false","offroute_ind":"false","train_service_code":"12230110","division_code":"23","toc_id":"23","timetable_variation":"4","variation_status":"LATE","next_report_stanox":"32213","next_report_run_time":"1","train_terminated":"false","delay_monitoring_point":"false","reporting_stanox":"00000","auto_expected":"true"}},{"header":{"msg_type":"0003","msg_queue_timestamp":"1713733901000","source_system_id":"TRUST","original_data_source":"GPS","user_id":"GPSI07"},"body":{"train_id":"871T67MZ21","actual_timestamp":"1713737460000","loc_stanox":"86084","gbtt_timestamp":"1713737520000","planned_timestamp":"1713737490000","planned_event_type":"ARRIVAL","event_type":"ARRIVAL","event_source":"MANUAL","correction_ind":"false","offroute_ind":"false","route":"0","train_service_code":"24629204","division_code":"84","toc_id":"84","timetable_variation":"0","variation_status":"ON TIME","next_report_stanox":"86087","next_report_run_time":"1","train_terminated":"false","delay_monitoring_point":"false","reporting_stanox":"00000"}},{"header":{"msg_type":"0003","msg_queue_timestamp":"1713733902000","source_system_id":"TRUST","original_data_source":"GPS","user_id":"GPSN02"},"body":{"train_id":"675B30M721","actual_timestamp":"1713735600000","loc_stanox":"67201","gbtt_timestamp":"1713737460000","planned_timestamp":"1713737460000","planned_event_type":"DEPARTURE","event_type":"DEPARTURE","event_source":"MANUAL","correction_ind":"false","offroute_ind":"false","train_service_code":"22977000","division_code":"29","toc_id":"29","timetable_variation":"31","variation_status":"EARLY","next_report_stanox":"67195","next_report_run_time":"2","train_terminated":"false","delay_monitoring_point":"false","reporting_stanox":"00000"}},{"header":{"msg_type":"0003","msg_queue_timestamp":"1713733902000","source_system_id":"TRUST","original_data_source":"GPS","user_id":"GPSI12"},"body":{"train_id":"862D65M721","actual_timestamp":"1713737460000","loc_stanox":"86293","gbtt_timestamp":"1713737460000","planned_timestamp":"1713737430000","planned_event_type":"ARRIVAL","event_type":"ARRIVAL","event_source":"MANUAL","correction_ind":"false","offroute_ind":"false","route":"0","train_service_code":"24627006","division_code":"85","toc_id":"85","timetable_variation":"1","variation_status":"LATE","next_report_stanox":"86292","next_report_run_time":"1","train_terminated":"false","delay_monitoring_point":"false","reporting_stanox":"00000"}},{"header":{"msg_type":"0003","msg_queue_timestamp":"1713733902000","source_system_id":"TRUST","original_data_source":"GPS","user_id":"GPSI06"},"body":{"train_id":"832E45M721","actual_timestamp":"1713737460000","loc_stanox":"83232","gbtt_timestamp":"1713737280000","planned_timestamp":"1713737310000","planned_event_type":"DEPARTURE","event_type":"DEPARTURE","event_source":"MANUAL","correction_ind":"false","offroute_ind":"false","train_service_code":"25480001","division_code":"25","toc_id":"25","timetable_variation":"3","variation_status":"LATE","next_report_stanox":"83235","next_report_run_time":"6","train_terminated":"false","delay_monitoring_point":"true","reporting_stanox":"83232","auto_expected":"false"}},{"header":{"msg_type":"0003","msg_queue_timestamp":"1713733902000","source_system_id":"TRUST","original_data_source":"GPS","user_id":"GPSI07"},"body":{"train_id":"872F69M821","actual_timestamp":"1713737460000","loc_stanox":"87286","planned_timestamp":"1713737490000","planned_event_type":"ARRIVAL","event_type":"ARRIVAL","event_source":"MANUAL","correction_ind":"false","offroute_ind":"false","route":"0","train_service_code":"24673605","division_code":"84","toc_id":"84","timetable_variation":"0","variation_status":"ON TIME","next_report_stanox":"87214","next_report_run_time":"1","train_terminated":"false","delay_monitoring_point":"false","reporting_stanox":"00000"}},{"header":{"msg_type":"0003","msg_queue_timestamp":"1713733902000","source_system_id":"TRUST","original_data_source":"GPS","user_id":"GPSI06"},"body":{"train_id":"742B62M821","actual_timestamp":"1713737460000","loc_stanox":"74013","gbtt_timestamp":"1713737400000","planned_timestamp":"1713737430000","planned_event_type":"DEPARTURE","event_type":"DEPARTURE","event_source":"MANUAL","correction_ind":"false","offroute_ind":"false","train_service_code":"25509007","division_code":"25","toc_id":"25","timetable_variation":"1","variation_status":"LATE","next_report_stanox":"74014","next_report_run_time":"4","train_terminated":"false","delay_monitoring_point":"false","reporting_stanox":"00000"}},{"header":{"msg_type":"0003","msg_queue_timestamp":"1713733902000","source_system_id":"TRUST","original_data_source":"GPS","user_id":"GPSI06"},"body":{"train_id":"731W77MZ21","actual_timestamp":"1713737460000","loc_stanox":"74451","gbtt_timestamp":"1713736560000","planned_timestamp":"1713736650000","planned_event_type":"DEPARTURE","event_type":"DEPARTURE","event_source":"MANUAL","correction_ind":"false","offroute_ind":"false","train_service_code":"25392003","division_code":"25","toc_id":"25","timetable_variation":"14","variation_status":"LATE","next_report_stanox":"74454","next_report_run_time":"6","train_terminated":"false","delay_monitoring_point":"false","reporting_stanox":"00000"}},{"header":{"msg_type":"0003","msg_queue_timestamp":"1713733902000","source_system_id":"TRUST","original_data_source":"SMART"},"body":{"train_id":"749U95M721","actual_timestamp":"1713737460000","loc_stanox":"73770","gbtt_timestamp":"1713737400000","planned_timestamp":"1713737430000","planned_event_type":"DEPARTURE","event_type":"DEPARTURE","event_source":"AUTOMATIC","correction_ind":"false","offroute_ind":"false","direction_ind":"UP","line_ind":"M","platform":" 2","route":"2","train_service_code":"21381001","division_code":"33","toc_id":"33","timetable_variation":"1","variation_status":"LATE","next_report_stanox":"73663","next_report_run_time":"3","train_terminated":"false","delay_monitoring_point":"true","reporting_stanox":"73770","auto_expected":"true"}},{"header":{"msg_type":"0003","msg_queue_timestamp":"1713733902000","source_system_id":"TRUST","original_data_source":"SMART"},"body":{"train_id":"631R61MZ21","actual_timestamp":"1713737580000","loc_stanox":"66411","gbtt_timestamp":"1713737520000","planned_timestamp":"1713737520000","planned_event_type":"DESTINATION","event_type":"ARRIVAL","event_source":"AUTOMATIC","correction_ind":"false","offroute_ind":"false","direction_ind":"DOWN","line_ind":"3","platform":" 3","route":"0","train_service_code":"25530004","division_code":"74","toc_id":"74","timetable_variation":"1","variation_status":"LATE","train_terminated":"true","delay_monitoring_point":"true","reporting_stanox":"66411","auto_expected":"true"}},{"header":{"msg_type":"0003","msg_queue_timestamp":"1713733903000","source_system_id":"TRUST","original_data_source":"SMART"},"body":{"train_id":"072H09M721","actual_timestamp":"1713737460000","loc_stanox":"06710","gbtt_timestamp":"1713737460000","planned_timestamp":"1713737490000","planned_event_type":"DEPARTURE","event_type":"DEPARTURE","event_source":"AUTOMATIC","correction_ind":"false","offroute_ind":"false","direction_ind":"DOWN","line_ind":"M","platform":" 2","route":"2","train_service_code":"13560015","division_code":"60","toc_id":"60","timetable_variation":"0","variation_status":"ON TIME","next_report_stanox":"06707","next_report_run_time":"2","train_terminated":"false","delay_monitoring_point":"false","reporting_stanox":"00000","auto_expected":"true"}},{"header":{"msg_type":"0003","msg_queue_timestamp":"1713733903000","source_system_id":"TRUST","original_data_source":"SMART"},"body":{"train_id":"062C68M821","actual_timestamp":"1713737460000","loc_stanox":"06301","gbtt_timestamp":"1713737460000","planned_timestamp":"1713737460000","planned_event_type":"DEPARTURE","event_type":"DEPARTURE","event_source":"AUTOMATIC","correction_ind":"false","offroute_ind":"false","direction_ind":"UP","platform":" 2","route":"1","train_service_code":"23563015","division_code":"60","toc_id":"60","timetable_variation":"0","variation_status":"ON TIME","next_report_stanox":"06303","next_report_run_time":"2","train_terminated":"false","delay_monitoring_point":"true","reporting_stanox":"06301","auto_expected":"true"}},{"header":{"msg_type":"0003","msg_queue_timestamp":"1713733903000","source_system_id":"TRUST","original_data_source":"SMART"},"body":{"train_id":"062C68M821","actual_timestamp":"1713737640000","loc_stanox":"06303","gbtt_timestamp":"1713737640000","planned_timestamp":"1713737610000","planned_event_type":"ARRIVAL","event_type":"ARRIVAL","event_source":"AUTOMATIC","correction_ind":"false","offroute_ind":"false","direction_ind":"UP","platform":" 1","route":"0","train_service_code":"23563015","division_code":"60","toc_id":"60","timetable_variation":"1","variation_status":"LATE","next_report_stanox":"06305","next_report_run_time":"1","train_terminated":"false","delay_monitoring_point":"false","reporting_stanox":"00000","auto_expected":"true"}},{"header":{"msg_type":"0003","msg_queue_timestamp":"1713733903000","source_system_id":"TRUST","original_data_source":"SMART"},"body":{"train_id":"402C57M821","actual_timestamp":"1713737520000","loc_stanox":"38302","gbtt_timestamp":"1713737640000","planned_timestamp":"1713737610000","planned_event_type":"ARRIVAL","event_type":"ARRIVAL","event_source":"AUTOMATIC","correction_ind":"false","offroute_ind":"false","direction_ind":"UP","platform":" 3","route":"0","train_service_code":"22306003","division_code":"64","toc_id":"64","timetable_variation":"1","variation_status":"EARLY","next_report_stanox":"38220","next_report_run_time":"2","train_terminated":"false","delay_monitoring_point":"true","reporting_stanox":"38302","auto_expected":"true"}},{"header":{"msg_type":"0003","msg_queue_timestamp":"1713733903000","source_system_id":"TRUST","original_data_source":"SMART"},"body":{"train_id":"353Z191721","actual_timestamp":"1713737580000","loc_stanox":"35531","planned_timestamp":"1713738300000","planned_event_type":"ARRIVAL","event_type":"ARRIVAL","event_source":"AUTOMATIC","correction_ind":"false","offroute_ind":"false","route":"0","train_service_code":"95998501","division_code":"05","toc_id":"05","timetable_variation":"12","variation_status":"EARLY","next_report_stanox":"35509","next_report_run_time":"12","train_terminated":"false","delay_monitoring_point":"true","train_file_address":"NV5","reporting_stanox":"35531","auto_expected":"true"}},{"header":{"msg_type":"0003","msg_queue_timestamp":"1713733903000","source_system_id":"TRUST","original_data_source":"SMART"},"body":{"train_id":"332O74M721","actual_timestamp":"1713737520000","loc_stanox":"36711","gbtt_timestamp":"1713737580000","planned_timestamp":"1713737550000","planned_event_type":"ARRIVAL","event_type":"ARRIVAL","event_source":"AUTOMATIC","correction_ind":"false","offroute_ind":"false","direction_ind":"DOWN","platform":" 2","route":"0","train_service_code":"12236820","division_code":"23","toc_id":"23","timetable_variation":"0","variation_status":"ON TIME","next_report_stanox":"36713","next_report_run_time":"1","train_terminated":"false","delay_monitoring_point":"true","reporting_stanox":"36711","auto_expected":"true"}},{"header":{"msg_type":"0003","msg_queue_timestamp":"1713733904000","source_system_id":"TRUST","original_data_source":"SMART"},"body":{"train_id":"722A02M821","actual_timestamp":"1713737520000","loc_stanox":"72033","gbtt_timestamp":"1713737520000","planned_timestamp":"1713737520000","planned_event_type":"ARRIVAL","event_type":"ARRIVAL","event_source":"AUTOMATIC","correction_ind":"false","offroute_ind":"false","direction_ind":"UP","platform":" 1","route":"0","train_service_code":"24680004","division_code":"91","toc_id":"91","timetable_variation":"0","variation_status":"ON TIME","next_report_stanox":"72277","next_report_run_time":"1","train_terminated":"false","delay_monitoring_point":"false","reporting_stanox":"00000","auto_expected":"true"}},{"header":{"msg_type":"0003","msg_queue_timestamp":"1713733904000","source_system_id":"TRUST","original_data_source":"SMART"},"body":{"train_id":"522Y04M821","actual_timestamp":"1713737460000","loc_stanox":"52040","gbtt_timestamp":"1713737460000","planned_timestamp":"1713737490000","planned_event_type":"DEPARTURE","event_type":"DEPARTURE","event_source":"AUTOMATIC","correction_ind":"false","offroute_ind":"false","direction_ind":"UP","platform":" 1","route":"2","train_service_code":"22214000","division_code":"30","toc_id":"30","timetable_variation":"0","variation_status":"ON TIME","next_report_stanox":"52042","next_report_run_time":"2","train_terminated":"false","delay_monitoring_point":"false","reporting_stanox":"00000","auto_expected":"true"}},{"header":{"msg_type":"0003","msg_queue_timestamp":"1713733904000","source_system_id":"TRUST","original_data_source":"SMART"},"body":{"train_id":"722D65M721","actual_timestamp":"1713737460000","loc_stanox":"72272","gbtt_timestamp":"1713737460000","planned_timestamp":"1713737490000","planned_event_type":"DEPARTURE","event_type":"DEPARTURE","event_source":"AUTOMATIC","correction_ind":"false","offroute_ind":"false","direction_ind":"DOWN","platform":" 2","route":"1","train_service_code":"22216000","division_code":"30","toc_id":"30","timetable_variation":"0","variation_status":"ON TIME","next_report_stanox":"72277","next_report_run_time":"2","train_terminated":"false","delay_monitoring_point":"false","reporting_stanox":"00000","auto_expected":"true"}},{"header":{"msg_type":"0003","msg_queue_timestamp":"1713733904000","source_system_id":"TRUST","original_data_source":"SMART"},"body":{"train_id":"512O11MZ21","actual_timestamp":"1713737580000","loc_stanox":"87132","gbtt_timestamp":"1713737580000","planned_timestamp":"1713737580000","planned_event_type":"ARRIVAL","event_type":"ARRIVAL","event_source":"AUTOMATIC","correction_ind":"false","offroute_ind":"false","direction_ind":"DOWN","line_ind":"D","platform":" 5","route":"0","train_service_code":"24682004","division_code":"93","toc_id":"93","timetable_variation":"0","variation_status":"ON TIME","next_report_stanox":"87136","next_report_run_time":"11","train_terminated":"false","delay_monitoring_point":"true","reporting_stanox":"87132","auto_expected":"true"}},{"header":{"msg_type":"0003","msg_queue_timestamp":"1713733904000","source_system_id":"TRUST","original_data_source":"SMART"},"body":{"train_id":"482S27M721","actual_timestamp":"1713737460000","loc_stanox":"48013","gbtt_timestamp":"1713737520000","planned_timestamp":"1713737550000","planned_event_type":"DEPARTURE","event_type":"DEPARTURE","event_source":"AUTOMATIC","correction_ind":"false","offroute_ind":"false","direction_ind":"UP","line_ind":"U","platform":" 1","route":"2","train_service_code":"21897002","division_code":"21","toc_id":"21","timetable_variation":"1","variation_status":"EARLY","next_report_stanox":"48016","next_report_run_time":"4","train_terminated":"false","delay_monitoring_point":"true","reporting_stanox":"48013","auto_expected":"true"}},{"header":{"msg_type":"0003","msg_queue_timestamp":"1713733904000","source_system_id":"TRUST","original_data_source":"SMART"},"body":{"train_id":"521B38M721","actual_timestamp":"1713737460000","loc_stanox":"51914","planned_timestamp":"1713737490000","planned_event_type":"DEPARTURE","event_type":"DEPARTURE","event_source":"AUTOMATIC","correction_ind":"false","offroute_ind":"false","direction_ind":"DOWN","line_ind":"D","platform":" 2","route":"1","train_service_code":"21911000","division_code":"21","toc_id":"21","timetable_variation":"0","variation_status":"ON TIME","next_report_stanox":"51815","next_report_run_time":"3","train_terminated":"false","delay_monitoring_point":"true","reporting_stanox":"51914","auto_expected":"true"}},{"header":{"msg_type":"0003","msg_queue_timestamp":"1713733904000","source_system_id":"TRUST","original_data_source":"SMART"},"body":{"train_id":"512B13M821","actual_timestamp":"1713737460000","loc_stanox":"50499","planned_timestamp":"1713737520000","planned_event_type":"DEPARTURE","event_type":"DEPARTURE","event_source":"AUTOMATIC","correction_ind":"false","offroute_ind":"false","direction_ind":"UP","line_ind":"U","route":"1","train_service_code":"21936004","division_code":"79","toc_id":"79","timetable_variation":"1","variation_status":"EARLY","next_report_stanox":"51004","next_report_run_time":"1","train_terminated":"false","delay_monitoring_point":"false","reporting_stanox":"00000","auto_expected":"true"}},{"header":{"msg_type":"0003","msg_queue_timestamp":"1713733904000","source_system_id":"TRUST","original_data_source":"SMART"},"body":{"train_id":"509Y11M721","actual_timestamp":"1713737460000","loc_stanox":"63636","gbtt_timestamp":"1713737400000","planned_timestamp":"1713737400000","planned_event_type":"ARRIVAL","event_type":"ARRIVAL","event_source":"AUTOMATIC","correction_ind":"false","offroute_ind":"false","direction_ind":"DOWN","route":"0","train_service_code":"21381001","division_code":"33","toc_id":"33","timetable_variation":"1","variation_status":"LATE","next_report_stanox":"73113","next_report_run_time":"1","train_terminated":"false","delay_monitoring_point":"false","reporting_stanox":"00000","auto_expected":"true"}},{"header":{"msg_type":"0003","msg_queue_timestamp":"1713733904000","source_system_id":"TRUST","original_data_source":"SMART"},"body":{"train_id":"782J28M721","actual_timestamp":"1713737580000","loc_stanox":"78410","gbtt_timestamp":"1713737520000","planned_timestamp":"1713737490000","planned_event_type":"ARRIVAL","event_type":"ARRIVAL","event_source":"AUTOMATIC","correction_ind":"false","offroute_ind":"false","direction_ind":"UP","line_ind":"U","platform":" 2","route":"0","train_service_code":"25442000","division_code":"71","toc_id":"71","timetable_variation":"2","variation_status":"LATE","next_report_stanox":"78400","next_report_run_time":"1","train_terminated":"false","delay_monitoring_point":"false","reporting_stanox":"00000","auto_expected":"true"}},{"header":{"msg_type":"0003","msg_queue_timestamp":"1713733904000","source_system_id":"TRUST","original_data_source":"SMART"},"body":{"train_id":"871B63MZ21","actual_timestamp":"1713737580000","loc_stanox":"86915","gbtt_timestamp":"1713737700000","planned_timestamp":"1713737670000","planned_event_type":"ARRIVAL","event_type":"ARRIVAL","event_source":"AUTOMATIC","correction_ind":"false","offroute_ind":"false","direction_ind":"DOWN","platform":" 2","route":"0","train_service_code":"24620204","division_code":"84","toc_id":"84","timetable_variation":"1","variation_status":"EARLY","next_report_stanox":"86917","next_report_run_time":"2","train_terminated":"false","delay_monitoring_point":"false","reporting_stanox":"00000","auto_expected":"true"}},{"header":{"msg_type":"0003","msg_queue_timestamp":"1713733904000","source_system_id":"TRUST","original_data_source":"SMART"},"body":{"train_id":"881D58M721","actual_timestamp":"1713737460000","loc_stanox":"88464","gbtt_timestamp":"1713737460000","planned_timestamp":"1713737490000","planned_event_type":"DEPARTURE","event_type":"DEPARTURE","event_source":"AUTOMATIC","correction_ind":"false","offroute_ind":"false","direction_ind":"UP","platform":"A","route":"2","train_service_code":"24657005","division_code":"80","toc_id":"80","timetable_variation":"0","variation_status":"ON TIME","next_report_stanox":"88463","next_report_run_time":"3","train_terminated":"false","delay_monitoring_point":"true","reporting_stanox":"88464","auto_expected":"true"}},{"header":{"msg_type":"0003","msg_queue_timestamp":"1713733905000","source_system_id":"TRUST","original_data_source":"SMART"},"body":{"train_id":"529C65M721","actual_timestamp":"1713737520000","loc_stanox":"87626","gbtt_timestamp":"1713737520000","planned_timestamp":"1713737520000","planned_event_type":"ARRIVAL","event_type":"ARRIVAL","event_source":"AUTOMATIC","correction_ind":"false","offroute_ind":"false","direction_ind":"DOWN","platform":" 2","route":"0","train_service_code":"22215003","division_code":"30","toc_id":"30","timetable_variation":"0","variation_status":"ON TIME","next_report_stanox":"87645","next_report_run_time":"1","train_terminated":"false","delay_monitoring_point":"false","reporting_stanox":"00000","auto_expected":"true"}}]