[{"header":{"msg_type":"0003","msg_queue_timestamp":"1714256507000","source_system_id":"TRUST","original_data_source":"SDR","user_id":"#QLP0022","source_dev_id":"VBXJ"},"body":{"train_id":"065F19M727","actual_timestamp":"1714254000000","loc_stanox":"06349","gbtt_timestamp":"1714253760000","planned_timestamp":"1714253760000","planned_event_type":"DESTINATION","event_type":"ARRIVAL","event_source":"MANUAL","correction_ind":"false","offroute_ind":"false","route":"0","train_service_code":"13560015","division_code":"60","toc_id":"60","timetable_variation":"4","variation_status":"LATE","train_terminated":"true","delay_monitoring_point":"true","reporting_stanox":"06349","auto_expected":"true"}},{"header":{"msg_type":"0003","msg_queue_timestamp":"1714256507000","source_system_id":"TRUST","original_data_source":"SMART"},"body":{"train_id":"772C97M827","actual_timestamp":"1714260120000","loc_stanox":"81118","planned_timestamp":"1714260360000","planned_event_type":"ARRIVAL","event_type":"ARRIVAL","event_source":"AUTOMATIC","correction_ind":"false","offroute_ind":"false","route":"0","train_service_code":"25460001","division_code":"25","toc_id":"25","timetable_variation":"4","variation_status":"EARLY","next_report_stanox":"81116","next_report_run_time":"4","train_terminated":"false","delay_monitoring_point":"true","reporting_stanox":"81118","auto_expected":"true"}},{"header":{"msg_type":"0003","msg_queue_timestamp":"1714256507000","source_system_id":"TRUST","original_data_source":"SMART"},"body":{"train_id":"851A39MV27","actual_timestamp":"1714260060000","loc_stanox":"74237","gbtt_timestamp":"1714259520000","planned_timestamp":"1714259550000","planned_event_type":"DEPARTURE","event_type":"DEPARTURE","event_source":"AUTOMATIC","correction_ind":"false","offroute_ind":"false","direction_ind":"UP","platform":"13","route":"2","train_service_code":"25397003","division_code":"25","toc_id":"25","timetable_variation":"9","variation_status":"LATE","next_report_stanox":"74233","next_report_run_time":"1","train_terminated":"false","delay_monitoring_point":"true","reporting_stanox":"74237","auto_expected":"true"}},{"header":{"msg_type":"0003","msg_queue_timestamp":"1714256507000","source_system_id":"TRUST","original_data_source":"SMART"},"body":{"train_id":"042Y87M827","actual_timestamp":"1714260000000","loc_stanox":"07434","gbtt_timestamp":"1714260000000","planned_timestamp":"1714260030000","planned_event_type":"DEPARTURE","event_type":"DEPARTURE","event_source":"AUTOMATIC","correction_ind":"false","offroute_ind":"false","direction_ind":"DOWN","platform":" 1","route":"1","train_service_code":"13564825","division_code":"60","toc_id":"60","timetable_variation":"0","variation_status":"ON TIME","next_report_stanox":"07436","next_report_run_time":"3","train_terminated":"false","delay_monitoring_point":"true","reporting_stanox":"07434","auto_expected":"true"}},{"header":{"msg_type":"0003","msg_queue_timestamp":"1714256507000","source_system_id":"TRUST","original_data_source":"SMART"},"body":{"train_id":"542B72M927","actual_timestamp":"1714260060000","loc_stanox":"54293","gbtt_timestamp":"1714260000000","planned_timestamp":"1714260030000","planned_event_type":"DEPARTURE","event_type":"DEPARTURE","event_source":"AUTOMATIC","correction_ind":"false","offroute_ind":"false","direction_ind":"DOWN","line_ind":"M","platform":" 4","route":"2","train_service_code":"21724000","division_code":"88","toc_id":"88","timetable_variation":"1","variation_status":"LATE","next_report_stanox":"54291","next_report_run_time":"2","train_terminated":"false","delay_monitoring_point":"false","reporting_stanox":"00000","auto_expected":"true"}},{"header":{"msg_type":"0003","msg_queue_timestamp":"1714256508000","source_system_id":"TRUST","original_data_source":"SMART"},"body":{"train_id":"072I51M927","actual_timestamp":"1714260060000","loc_stanox":"07589","gbtt_timestamp":"1714260060000","planned_timestamp":"1714260060000","planned_event_type":"DEPARTURE","event_type":"DEPARTURE","event_source":"AUTOMATIC","correction_ind":"false","offroute_ind":"false","direction_ind":"DOWN","platform":" 2","route":"2","train_service_code":"13562015","division_code":"60","toc_id":"60","timetable_variation":"0","variation_status":"ON TIME","next_report_stanox":"07587","next_report_run_time":"1","train_terminated":"false","delay_monitoring_point":"false","reporting_stanox":"00000","auto_expected":"true"}},{"header":{"msg_type":"0003","msg_queue_timestamp":"1714256508000","source_system_id":"TRUST","original_data_source":"SMART"},"body":{"train_id":"072I51M927","actual_timestamp":"1714260120000","loc_stanox":"07587","gbtt_timestamp":"1714260180000","planned_timestamp":"1714260150000","planned_event_type":"ARRIVAL","event_type":"ARRIVAL","event_source":"AUTOMATIC","correction_ind":"false","offroute_ind":"false","direction_ind":"DOWN","platform":" 2","route":"0","train_service_code":"13562015","division_code":"60","toc_id":"60","timetable_variation":"0","variation_status":"ON TIME","next_report_stanox":"07585","next_report_run_time":"1","train_terminated":"false","delay_monitoring_point":"false","reporting_stanox":"00000","auto_expected":"true"}},{"header":{"msg_type":"0003","msg_queue_timestamp":"1714256508000","source_system_id":"TRUST","original_data_source":"SMART"},"body":{"train_id":"889F70M927","actual_timestamp":"1714260120000","loc_stanox":"52090","gbtt_timestamp":"1714260060000","planned_timestamp":"1714260060000","planned_event_type":"ARRIVAL","event_type":"ARRIVAL","event_source":"AUTOMATIC","correction_ind":"false","offroute_ind":"false","direction_ind":"UP","platform":" 1","route":"0","train_service_code":"22218000","division_code":"30","toc_id":"30","timetable_variation":"1","variation_status":"LATE","next_report_stanox":"52088","next_report_run_time":"1","train_terminated":"false","delay_monitoring_point":"false","reporting_stanox":"00000","auto_expected":"true"}},{"header":{"msg_type":"0003","msg_queue_timestamp":"1714256508000","source_system_id":"TRUST","original_data_source":"SMART"},"body":{"train_id":"881F69M727","actual_timestamp":"1714260060000","loc_stanox":"87637","planned_timestamp":"1714260030000","planned_event_type":"DEPARTURE","event_type":"DEPARTURE","event_source":"AUTOMATIC","correction_ind":"false","offroute_ind":"false","direction_ind":"UP","line_ind":"F","platform":" 4","route":"2","train_service_code":"24746000","division_code":"88","toc_id":"88","timetable_variation":"1","variation_status":"LATE","next_report_stanox":"87616","next_report_run_time":"4","train_terminated":"false","delay_monitoring_point":"true","reporting_stanox":"87637","auto_expected":"true"}},{"header":{"msg_type":"0003","msg_queue_timestamp":"1714256508000","source_system_id":"TRUST","original_data_source":"SMART"},"body":{"train_id":"871P72M827","actual_timestamp":"1714260060000","loc_stanox":"87704","gbtt_timestamp":"1714260060000","planned_timestamp":"1714260090000","planned_event_type":"DEPARTURE","event_type":"DEPARTURE","event_source":"AUTOMATIC","correction_ind":"false","offroute_ind":"false","direction_ind":"UP","platform":" 3","route":"1","train_service_code":"24786000","division_code":"88","toc_id":"88","timetable_variation":"0","variation_status":"ON TIME","next_report_stanox":"87701","next_report_run_time":"3","train_terminated":"false","delay_monitoring_point":"true","reporting_stanox":"87704","auto_expected":"true"}},{"header":{"msg_type":"0003","msg_queue_timestamp":"1714256508000","source_system_id":"TRUST","original_data_source":"SMART"},"body":{"train_id":"092H79M827","actual_timestamp":"1714260060000","loc_stanox":"17053","planned_timestamp":"1714260030000","planned_event_type":"DEPARTURE","event_type":"DEPARTURE","event_source":"AUTOMATIC","correction_ind":"false","offroute_ind":"false","direction_ind":"UP","line_ind":"M","route":"1","train_service_code":"11870820","division_code":"23","toc_id":"23","timetable_variation":"1","variation_status":"LATE","next_report_stanox":"17140","next_report_run_time":"3","train_terminated":"false","delay_monitoring_point":"true","reporting_stanox":"17053","auto_expected":"true"}},{"header":{"msg_type":"0003","msg_queue_timestamp":"1714256508000","source_system_id":"TRUST","original_data_source":"SMART"},"body":{"train_id":"362S68M827","actual_timestamp":"1714260000000","loc_stanox":"36068","gbtt_timestamp":"1714259580000","planned_timestamp":"1714259580000","planned_event_type":"DEPARTURE","event_type":"DEPARTURE","event_source":"AUTOMATIC","correction_ind":"false","offroute_ind":"false","direction_ind":"DOWN","platform":" 2","route":"1","train_service_code":"12301012","division_code":"64","toc_id":"64","timetable_variation":"7","variation_status":"LATE","next_report_stanox":"36066","next_report_run_time":"1","train_terminated":"false","delay_monitoring_point":"false","reporting_stanox":"00000","auto_expected":"true"}},{"header":{"msg_type":"0003","msg_queue_timestamp":"1714256508000","source_system_id":"TRUST","original_data_source":"SMART"},"body":{"train_id":"032G52M827","actual_timestamp":"1714260060000","loc_stanox":"03331","gbtt_timestamp":"1714260060000","planned_timestamp":"1714260060000","planned_event_type":"DEPARTURE","event_type":"DEPARTURE","event_source":"AUTOMATIC","correction_ind":"false","offroute_ind":"false","direction_ind":"UP","platform":" 1","route":"3","train_service_code":"23587103","division_code":"60","toc_id":"60","timetable_variation":"0","variation_status":"ON TIME","next_report_stanox":"03338","next_report_run_time":"3","train_terminated":"false","delay_monitoring_point":"true","reporting_stanox":"03331","auto_expected":"true"}},{"header":{"msg_type":"0003","msg_queue_timestamp":"1714256508000","source_system_id":"TRUST","original_data_source":"SMART"},"body":{"train_id":"362S68M827","actual_timestamp":"1714260120000","loc_stanox":"36066","gbtt_timestamp":"1714259700000","planned_timestamp":"1714259670000","planned_event_type":"ARRIVAL","event_type":"ARRIVAL","event_source":"AUTOMATIC","correction_ind":"false","offroute_ind":"false","direction_ind":"DOWN","platform":" 2","route":"0","train_service_code":"12301012","division_code":"64","toc_id":"64","timetable_variation":"8","variation_status":"LATE","next_report_stanox":"36065","next_report_run_time":"1","train_terminated":"false","delay_monitoring_point":"true","reporting_stanox":"36066","auto_expected":"true"}},{"header":{"msg_type":"0003","msg_queue_timestamp":"1714256508000","source_system_id":"TRUST","original_data_source":"SMART"},"body":{"train_id":"402C59M927","actual_timestamp":"1714260000000","loc_stanox":"38220","gbtt_timestamp":"1714259760000","planned_timestamp":"1714259760000","planned_event_type":"DEPARTURE","event_type":"DEPARTURE","event_source":"AUTOMATIC","correction_ind":"false","offroute_ind":"false","direction_ind":"UP","platform":" 2","route":"1","train_service_code":"22306003","division_code":"64","toc_id":"64","timetable_variation":"4","variation_status":"LATE","next_report_stanox":"38218","next_report_run_time":"2","train_terminated":"false","delay_monitoring_point":"false","reporting_stanox":"00000","auto_expected":"true"}},{"header":{"msg_type":"0003","msg_queue_timestamp":"1714256508000","source_system_id":"TRUST","original_data_source":"SMART"},"body":{"train_id":"402C59M927","actual_timestamp":"1714260120000","loc_stanox":"38218","gbtt_timestamp":"1714259880000","planned_timestamp":"1714259880000","planned_event_type":"ARRIVAL","event_type":"ARRIVAL","event_source":"AUTOMATIC","correction_ind":"false","offroute_ind":"false","direction_ind":"UP","platform":" 1","route":"0","train_service_code":"22306003","division_code":"64","toc_id":"64","timetable_variation":"4","variation_status":"LATE","next_report_stanox":"38216","next_report_run_time":"1","train_terminated":"false","delay_monitoring_point":"false","reporting_stanox":"00000","auto_expected":"true"}},{"header":{"msg_type":"0003","msg_queue_timestamp":"1714256508000","source_system_id":"TRUST","original_data_source":"SMART"},"body":{"train_id":"255R692927","actual_timestamp":"1714260120000","loc_stanox":"24108","planned_timestamp":"1714260810000","planned_event_type":"ARRIVAL","event_type":"ARRIVAL","event_source":"AUTOMATIC","correction_ind":"false","offroute_ind":"false","route":"0","train_service_code":"11807820","division_code":"23","toc_id":"23","timetable_variation":"11","variation_status":"EARLY","next_report_stanox":"24314","next_report_run_time":"11","train_terminated":"false","delay_monitoring_point":"true","reporting_stanox":"24108","auto_expected":"true"}},{"header":{"msg_type":"0003","msg_queue_timestamp":"1714256509000","source_system_id":"TRUST","original_data_source":"SDR","user_id":"#QLP0022","source_dev_id":"VBXJ"},"body":{"train_id":"065S25M827","actual_timestamp":"1714258500000","loc_stanox":"06349","gbtt_timestamp":"1714258680000","planned_timestamp":"1714258680000","planned_event_type":"DESTINATION","event_type":"ARRIVAL","event_source":"MANUAL","correction_ind":"false","offroute_ind":"false","route":"0","train_service_code":"23563015","division_code":"60","toc_id":"60","timetable_variation":"3","variation_status":"EARLY","train_terminated":"true","delay_monitoring_point":"true","reporting_stanox":"06349","auto_expected":"true"}},{"header":{"msg_type":"0003","msg_queue_timestamp":"1714256509000","source_system_id":"TRUST","original_data_source":"SMART"},"body":{"train_id":"872J70M827","actual_timestamp":"1714260120000","loc_stanox":"87610","gbtt_timestamp":"1714260180000","planned_timestamp":"1714260150000","planned_event_type":"ARRIVAL","event_type":"ARRIVAL","event_source":"AUTOMATIC","correction_ind":"false","offroute_ind":"false","direction_ind":"UP","platform":" 1","route":"0","train_service_code":"24787000","division_code":"88","toc_id":"88","timetable_variation":"0","variation_status":"ON TIME","next_report_stanox":"87609","next_report_run_time":"1","train_terminated":"false","delay_monitoring_point":"false","reporting_stanox":"00000","auto_expected":"true"}},{"header":{"msg_type":"0003","msg_queue_timestamp":"1714256509000","source_system_id":"TRUST","original_data_source":"SMART"},"body":{"train_id":"501K55M927","actual_timestamp":"1714260060000","loc_stanox":"50324","gbtt_timestamp":"1714260060000","planned_timestamp":"1714260090000","planned_event_type":"DEPARTURE","event_type":"DEPARTURE","event_source":"AUTOMATIC","correction_ind":"false","offroute_ind":"false","direction_ind":"UP","line_ind":"U","platform":" 3","route":"2","train_service_code":"21943001","division_code":"21","toc_id":"21","timetable_variation":"0","variation_status":"ON TIME","next_report_stanox":"50327","next_report_run_time":"6","train_terminated":"false","delay_monitoring_point":"true","reporting_stanox":"50324","auto_expected":"true"}},{"header":{"msg_type":"0003","msg_queue_timestamp":"1714256509000","source_system_id":"TRUST","original_data_source":"SMART"},"body":{"train_id":"739W48M927","actual_timestamp":"1714260060000","loc_stanox":"52745","gbtt_timestamp":"1714260120000","planned_timestamp":"1714260120000","planned_event_type":"ARRIVAL","event_type":"ARRIVAL","event_source":"AUTOMATIC","correction_ind":"false","offroute_ind":"false","direction_ind":"UP","route":"0","train_service_code":"21381901","division_code":"33","toc_id":"33","timetable_variation":"1","variation_status":"EARLY","next_report_stanox":"52085","next_report_run_time":"2","train_terminated":"false","delay_monitoring_point":"false","reporting_stanox":"00000","auto_expected":"true"}},{"header":{"msg_type":"0003","msg_queue_timestamp":"1714256509000","source_system_id":"TRUST","original_data_source":"SMART"},"body":{"train_id":"722J33M827","actual_timestamp":"1714260120000","loc_stanox":"51541","gbtt_timestamp":"1714260120000","planned_timestamp":"1714260120000","planned_event_type":"ARRIVAL","event_type":"ARRIVAL","event_source":"AUTOMATIC","correction_ind":"false","offroute_ind":"false","direction_ind":"DOWN","platform":" 2","route":"0","train_service_code":"21921000","division_code":"30","toc_id":"30","timetable_variation":"0","variation_status":"ON TIME","next_report_stanox":"51530","next_report_run_time":"1","train_terminated":"false","delay_monitoring_point":"true","reporting_stanox":"51541","auto_expected":"true"}},{"header":{"msg_type":"0003","msg_queue_timestamp":"1714256509000","source_system_id":"TRUST","original_data_source":"SMART"},"body":{"train_id":"872M76M927","actual_timestamp":"1714260120000","loc_stanox":"87261","gbtt_timestamp":"1714260180000","planned_timestamp":"1714260150000","planned_event_type":"ARRIVAL","event_type":"ARRIVAL","event_source":"AUTOMATIC","correction_ind":"false","offroute_ind":"false","direction_ind":"UP","platform":" 5","route":"0","train_service_code":"24673405","division_code":"84","toc_id":"84","timetable_variation":"0","variation_status":"ON TIME","next_report_stanox":"87250","next_report_run_time":"1","train_terminated":"false","delay_monitoring_point":"true","reporting_stanox":"87261","auto_expected":"true"}},{"header":{"msg_type":"0003","msg_queue_timestamp":"1714256509000","source_system_id":"TRUST","original_data_source":"SMART"},"body":{"train_id":"862S74M827","actual_timestamp":"1714260060000","loc_stanox":"87214","gbtt_timestamp":"1714260000000","planned_timestamp":"1714260030000","planned_event_type":"DEPARTURE","event_type":"DEPARTURE","event_source":"AUTOMATIC","correction_ind":"false","offroute_ind":"false","direction_ind":"UP","platform":" 2","route":"2","train_service_code":"24671205","division_code":"84","toc_id":"84","timetable_variation":"1","variation_status":"LATE","next_report_stanox":"87286","next_report_run_time":"4","train_terminated":"false","delay_monitoring_point":"true","reporting_stanox":"87214","auto_expected":"true"}},{"header":{"msg_type":"0003","msg_queue_timestamp":"1714256509000","source_system_id":"TRUST","original_data_source":"SMART"},"body":{"train_id":"895R72M927","actual_timestamp":"1714260060000","loc_stanox":"89428","gbtt_timestamp":"1714260120000","planned_timestamp":"1714260120000","planned_event_type":"DEPARTURE","event_type":"DEPARTURE","event_source":"AUTOMATIC","correction_ind":"false","offroute_ind":"false","direction_ind":"DOWN","line_ind":"F","platform":" 2","route":"1","train_service_code":"24605004","division_code":"80","toc_id":"80","timetable_variation":"1","variation_status":"EARLY","next_report_stanox":"89427","next_report_run_time":"2","train_terminated":"false","delay_monitoring_point":"true","reporting_stanox":"89428","auto_expected":"true"}},{"header":{"msg_type":"0003","msg_queue_timestamp":"1714256509000","source_system_id":"TRUST","original_data_source":"SMART"},"body":{"train_id":"362V93M927","actual_timestamp":"1714260120000","loc_stanox":"36056","planned_timestamp":"1714260120000","planned_event_type":"DEPARTURE","event_type":"DEPARTURE","event_source":"AUTOMATIC","correction_ind":"false","offroute_ind":"false","direction_ind":"UP","line_ind":"S","route":"1","train_service_code":"12298820","division_code":"23","toc_id":"23","timetable_variation":"0","variation_status":"ON TIME","next_report_stanox":"36170","next_report_run_time":"1","train_terminated":"false","delay_monitoring_point":"false","reporting_stanox":"00000","auto_expected":"true"}},{"header":{"msg_type":"0003","msg_queue_timestamp":"1714256510000","source_system_id":"TRUST","original_data_source":"SMART"},"body":{"train_id":"631J72M827","actual_timestamp":"1714260120000","loc_stanox":"89441","planned_timestamp":"1714260030000","planned_event_type":"ARRIVAL","event_type":"ARRIVAL","event_source":"AUTOMATIC","correction_ind":"false","offroute_ind":"false","route":"0","train_service_code":"24647004","division_code":"80","toc_id":"80","timetable_variation":"2","variation_status":"LATE","next_report_stanox":"89446","next_report_run_time":"1","train_terminated":"false","delay_monitoring_point":"false","reporting_stanox":"00000","auto_expected":"true"}},{"header":{"msg_type":"0003","msg_queue_timestamp":"1714256510000","source_system_id":"TRUST","original_data_source":"SMART"},"body":{"train_id":"899P86M727","actual_timestamp":"1714260060000","loc_stanox":"63449","planned_timestamp":"1714260060000","planned_event_type":"DEPARTURE","event_type":"DEPARTURE","event_source":"AUTOMATIC","correction_ind":"false","offroute_ind":"false","direction_ind":"DOWN","line_ind":"F","route":"2","train_service_code":"22761000","division_code":"88","toc_id":"88","timetable_variation":"0","variation_status":"ON TIME","next_report_stanox":"63451","next_report_run_time":"1","train_terminated":"false","delay_monitoring_point":"false","reporting_stanox":"00000","auto_expected":"true"}},{"header":{"msg_type":"0003","msg_queue_timestamp":"1714256510000","source_system_id":"TRUST","original_data_source":"SMART"},"body":{"train_id":"899P86M727","actual_timestamp":"1714260120000","loc_stanox":"63451","gbtt_timestamp":"1714260120000","planned_timestamp":"1714260120000","planned_event_type":"DESTINATION","event_type":"ARRIVAL","event_source":"AUTOMATIC","correction_ind":"false","offroute_ind":"false","direction_ind":"DOWN","platform":" 4","route":"0","train_service_code":"22761000","division_code":"88","toc_id":"88","timetable_variation":"0","variation_status":"ON TIME","train_terminated":"true","delay_monitoring_point":"true","reporting_stanox":"63451","auto_expected":"true"}},{"header":{"msg_type":"0003","msg_queue_timestamp":"1714256511000","source_system_id":"TRUST","original_data_source":"SDR","user_id":"#QLP0022","source_dev_id":"VBXJ"},"body":{"train_id":"065F26M827","actual_timestamp":"1714259220000","loc_stanox":"06349","gbtt_timestamp":"1714259100000","planned_timestamp":"1714259100000","planned_event_type":"DESTINATION","event_type":"ARRIVAL","event_source":"MANUAL","correction_ind":"false","offroute_ind":"false","route":"0","train_service_code":"23563015","division_code":"60","toc_id":"60","timetable_variation":"2","variation_status":"LATE","train_terminated":"true","delay_monitoring_point":"true","reporting_stanox":"06349","auto_expected":"true"}}]