[{"header":{"msg_type":"0003","msg_queue_timestamp":"1713130254000","source_system_id":"TRUST","original_data_source":"SMART"},"body":{"train_id":"111N25M714","actual_timestamp":"1713133920000","loc_stanox":"11720","gbtt_timestamp":"1713133980000","planned_timestamp":"1713133950000","planned_event_type":"ARRIVAL","event_type":"ARRIVAL","event_source":"AUTOMATIC","correction_ind":"false","offroute_ind":"false","direction_ind":"UP","platform":" 4","route":"0","train_service_code":"12357820","division_code":"23","toc_id":"23","timetable_variation":"0","variation_status":"ON TIME","next_report_stanox":"11727","next_report_run_time":"1","train_terminated":"false","delay_monitoring_point":"true","reporting_stanox":"11720","auto_expected":"true"}},{"header":{"msg_type":"0003","msg_queue_timestamp":"1713130254000","source_system_id":"TRUST","original_data_source":"SMART"},"body":{"train_id":"171J80M714","actual_timestamp":"1713133800000","loc_stanox":"18448","gbtt_timestamp":"1713133260000","planned_timestamp":"1713133260000","planned_event_type":"DEPARTURE","event_type":"DEPARTURE","event_source":"AUTOMATIC","correction_ind":"false","offroute_ind":"false","direction_ind":"UP","line_ind":"L","platform":" 1","route":"1","train_service_code":"11871821","division_code":"23","toc_id":"23","timetable_variation":"9","variation_status":"LATE","next_report_stanox":"18451","next_report_run_time":"4","train_terminated":"false","delay_monitoring_point":"false","reporting_stanox":"00000","auto_expected":"true"}},{"header":{"msg_type":"0003","msg_queue_timestamp":"1713130254000","source_system_id":"TRUST","original_data_source":"SMART"},"body":{"train_id":"311P93M714","actual_timestamp":"1713133800000","loc_stanox":"18449","planned_timestamp":"1713133740000","planned_event_type":"DEPARTURE","event_type":"DEPARTURE","event_source":"AUTOMATIC","correction_ind":"false","offroute_ind":"false","direction_ind":"DOWN","line_ind":"L","platform":" 2","route":"2","train_service_code":"21734000","division_code":"20","toc_id":"20","timetable_variation":"1","variation_status":"LATE","next_report_stanox":"18445","next_report_run_time":"8","train_terminated":"false","delay_monitoring_point":"true","reporting_stanox":"18449","auto_expected":"true"}},{"header":{"msg_type":"0003","msg_queue_timestamp":"1713130254000","source_system_id":"TRUST","original_data_source":"SMART"},"body":{"train_id":"172S96M714","actual_timestamp":"1713133920000","loc_stanox":"09531","gbtt_timestamp":"1713133560000","planned_timestamp":"1713133560000","planned_event_type":"DESTINATION","event_type":"ARRIVAL","event_source":"AUTOMATIC","correction_ind":"false","offroute_ind":"false","direction_ind":"DOWN","platform":" 3","route":"0","train_service_code":"11820820","division_code":"23","toc_id":"23","timetable_variation":"6","variation_status":"LATE","train_terminated":"true","delay_monitoring_point":"true","reporting_stanox":"09531","auto_expected":"true"}},{"header":{"msg_type":"0003","msg_queue_timestamp":"1713130254000","source_system_id":"TRUST","original_data_source":"SMART"},"body":{"train_id":"892A76M814","actual_timestamp":"1713133860000","loc_stanox":"89408","gbtt_timestamp":"1713133980000","planned_timestamp":"1713133950000","planned_event_type":"ARRIVAL","event_type":"ARRIVAL","event_source":"AUTOMATIC","correction_ind":"false","offroute_ind":"false","direction_ind":"UP","platform":" 1","route":"0","train_service_code":"24606004","division_code":"80","toc_id":"80","timetable_variation":"1","variation_status":"EARLY","next_report_stanox":"89407","next_report_run_time":"2","train_terminated":"false","delay_monitoring_point":"false","reporting_stanox":"00000","auto_expected":"true"}},{"header":{"msg_type":"0003","msg_queue_timestamp":"1713130254000","source_system_id":"TRUST","original_data_source":"SMART"},"body":{"train_id":"881D62M814","actual_timestamp":"1713133800000","loc_stanox":"88699","gbtt_timestamp":"1713133740000","planned_timestamp":"1713133770000","planned_event_type":"DEPARTURE","event_type":"DEPARTURE","event_source":"AUTOMATIC","correction_ind":"false","offroute_ind":"false","direction_ind":"UP","platform":" 1","route":"1","train_service_code":"24657005","division_code":"80","toc_id":"80","timetable_variation":"1","variation_status":"LATE","next_report_stanox":"88697","next_report_run_time":"2","train_terminated":"false","delay_monitoring_point":"false","reporting_stanox":"00000","auto_expected":"true"}},{"header":{"msg_type":"0003","msg_queue_timestamp":"1713130255000","source_system_id":"TRUST","original_data_source":"SMART"},"body":{"train_id":"832T32MZ14","actual_timestamp":"1713133800000","loc_stanox":"83628","gbtt_timestamp":"1713133800000","planned_timestamp":"1713133830000","planned_event_type":"DEPARTURE","event_type":"DEPARTURE","event_source":"AUTOMATIC","correction_ind":"false","offroute_ind":"false","direction_ind":"DOWN","platform":" 1","route":"1","train_service_code":"25482001","division_code":"25","toc_id":"25","timetable_variation":"0","variation_status":"ON TIME","next_report_stanox":"83631","next_report_run_time":"6","train_terminated":"false","delay_monitoring_point":"false","reporting_stanox":"00000","auto_expected":"true"}},{"header":{"msg_type":"0003","msg_queue_timestamp":"1713130255000","source_system_id":"TRUST","original_data_source":"SMART"},"body":{"train_id":"732W95M814","actual_timestamp":"1713134040000","loc_stanox":"73824","gbtt_timestamp":"1713134040000","planned_timestamp":"1713134040000","planned_event_type":"DESTINATION","event_type":"ARRIVAL","event_source":"AUTOMATIC","correction_ind":"false","offroute_ind":"false","direction_ind":"DOWN","route":"0","train_service_code":"25510006","division_code":"25","toc_id":"25","timetable_variation":"0","variation_status":"ON TIME","train_terminated":"true","delay_monitoring_point":"true","reporting_stanox":"73824","auto_expected":"true"}},{"header":{"msg_type":"0003","msg_queue_timestamp":"1713130255000","source_system_id":"TRUST","original_data_source":"SMART"},"body":{"train_id":"722J07M814","actual_timestamp":"1713133800000","loc_stanox":"51551","gbtt_timestamp":"1713133800000","planned_timestamp":"1713133830000","planned_event_type":"DEPARTURE","event_type":"DEPARTURE","event_source":"AUTOMATIC","correction_ind":"false","offroute_ind":"false","direction_ind":"DOWN","line_ind":"D","platform":" 2","route":"2","train_service_code":"21921000","division_code":"30","toc_id":"30","timetable_variation":"0","variation_status":"ON TIME","next_report_stanox":"51547","next_report_run_time":"2","train_terminated":"false","delay_monitoring_point":"false","reporting_stanox":"00000","auto_expected":"true"}},{"header":{"msg_type":"0003","msg_queue_timestamp":"1713130255000","source_system_id":"TRUST","original_data_source":"SMART"},"body":{"train_id":"735U96M714","actual_timestamp":"1713133920000","loc_stanox":"74237","planned_timestamp":"1713133290000","planned_event_type":"ARRIVAL","event_type":"ARRIVAL","event_source":"AUTOMATIC","correction_ind":"false","offroute_ind":"false","route":"0","train_service_code":"25370002","division_code":"25","toc_id":"25","timetable_variation":"11","variation_status":"LATE","next_report_stanox":"74270","next_report_run_time":"1","train_terminated":"false","delay_monitoring_point":"true","reporting_stanox":"74237","auto_expected":"true"}},{"header":{"msg_type":"0003","msg_queue_timestamp":"1713130255000","source_system_id":"TRUST","original_data_source":"SMART"},"body":{"train_id":"722J07M814","actual_timestamp":"1713133860000","loc_stanox":"51547","gbtt_timestamp":"1713133920000","planned_timestamp":"1713133920000","planned_event_type":"ARRIVAL","event_type":"ARRIVAL","event_source":"AUTOMATIC","correction_ind":"false","offroute_ind":"false","direction_ind":"DOWN","platform":" 2","route":"0","train_service_code":"21921000","division_code":"30","toc_id":"30","timetable_variation":"1","variation_status":"EARLY","next_report_stanox":"51545","next_report_run_time":"1","train_terminated":"false","delay_monitoring_point":"false","reporting_stanox":"00000","auto_expected":"true"}},{"header":{"msg_type":"0003","msg_queue_timestamp":"1713130255000","source_system_id":"TRUST","original_data_source":"SMART"},"body":{"train_id":"872J68M814","actual_timestamp":"1713133800000","loc_stanox":"87637","gbtt_timestamp":"1713133800000","planned_timestamp":"1713133800000","planned_event_type":"DEPARTURE","event_type":"DEPARTURE","event_source":"AUTOMATIC","correction_ind":"false","offroute_ind":"false","direction_ind":"UP","line_ind":"S","platform":" 2","route":"2","train_service_code":"24787000","division_code":"88","toc_id":"88","timetable_variation":"0","variation_status":"ON TIME","next_report_stanox":"87635","next_report_run_time":"2","train_terminated":"false","delay_monitoring_point":"true","reporting_stanox":"87637","auto_expected":"true"}},{"header":{"msg_type":"0003","msg_queue_timestamp":"1713130255000","source_system_id":"TRUST","original_data_source":"SMART"},"body":{"train_id":"872B45M814","actual_timestamp":"1713133800000","loc_stanox":"87662","gbtt_timestamp":"1713133800000","planned_timestamp":"1713133830000","planned_event_type":"DEPARTURE","event_type":"DEPARTURE","event_source":"AUTOMATIC","correction_ind":"false","offroute_ind":"false","direction_ind":"UP","platform":" 1","route":"1","train_service_code":"24782000","division_code":"88","toc_id":"88","timetable_variation":"0","variation_status":"ON TIME","next_report_stanox":"87651","next_report_run_time":"4","train_terminated":"false","delay_monitoring_point":"false","reporting_stanox":"00000","auto_expected":"true"}},{"header":{"msg_type":"0003","msg_queue_timestamp":"1713130255000","source_system_id":"TRUST","original_data_source":"SMART"},"body":{"train_id":"879R88M714","actual_timestamp":"1713133800000","loc_stanox":"87704","planned_timestamp":"1713133860000","planned_event_type":"DEPARTURE","event_type":"DEPARTURE","event_source":"AUTOMATIC","correction_ind":"false","offroute_ind":"false","direction_ind":"UP","platform":" 3","route":"1","train_service_code":"22729000","division_code":"88","toc_id":"88","timetable_variation":"1","variation_status":"EARLY","next_report_stanox":"87701","next_report_run_time":"1","train_terminated":"false","delay_monitoring_point":"true","reporting_stanox":"87704","auto_expected":"true"}}]