[{"header":{"msg_type":"0003","msg_queue_timestamp":"1713133316000","source_system_id":"TRUST","original_data_source":"SMART"},"body":{"train_id":"442L78M814","actual_timestamp":"1713136860000","loc_stanox":"44302","gbtt_timestamp":"1713136800000","planned_timestamp":"1713136800000","planned_event_type":"DEPARTURE","event_type":"DEPARTURE","event_source":"AUTOMATIC","correction_ind":"false","offroute_ind":"false","direction_ind":"UP","line_ind":"N","platform":" 1","route":"1","train_service_code":"22277000","division_code":"28","toc_id":"28","timetable_variation":"1","variation_status":"LATE","next_report_stanox":"55511","next_report_run_time":"4","train_terminated":"false","delay_monitoring_point":"true","reporting_stanox":"44302","auto_expected":"true"}},{"header":{"msg_type":"0003","msg_queue_timestamp":"1713133316000","source_system_id":"TRUST","original_data_source":"SMART"},"body":{"train_id":"182M82M814","actual_timestamp":"1713136860000","loc_stanox":"32111","gbtt_timestamp":"1713136920000","planned_timestamp":"1713136920000","planned_event_type":"DEPARTURE","event_type":"DEPARTURE","event_source":"AUTOMATIC","correction_ind":"false","offroute_ind":"false","direction_ind":"UP","line_ind":"B","platform":" 1","route":"3","train_service_code":"21733000","division_code":"20","toc_id":"20","timetable_variation":"1","variation_status":"EARLY","next_report_stanox":"32210","next_report_run_time":"5","train_terminated":"false","delay_monitoring_point":"true","reporting_stanox":"32111","auto_expected":"true"}},{"header":{"msg_type":"0003","msg_queue_timestamp":"1713133316000","source_system_id":"TRUST","original_data_source":"SMART"},"body":{"train_id":"322F14M714","actual_timestamp":"1713136980000","loc_stanox":"36151","gbtt_timestamp":"1713137100000","planned_timestamp":"1713137100000","planned_event_type":"DESTINATION","event_type":"ARRIVAL","event_source":"AUTOMATIC","correction_ind":"false","offroute_ind":"false","direction_ind":"DOWN","line_ind":"5","platform":" 5","route":"0","train_service_code":"12233820","division_code":"23","toc_id":"23","timetable_variation":"2","variation_status":"EARLY","train_terminated":"true","delay_monitoring_point":"true","reporting_stanox":"36151","auto_expected":"true"}},{"header":{"msg_type":"0003","msg_queue_timestamp":"1713133316000","source_system_id":"TRUST","original_data_source":"SMART"},"body":{"train_id":"361E57M814","actual_timestamp":"1713136980000","loc_stanox":"31739","planned_timestamp":"1713137130000","planned_event_type":"ARRIVAL","event_type":"ARRIVAL","event_source":"AUTOMATIC","correction_ind":"false","offroute_ind":"false","route":"0","train_service_code":"21733000","division_code":"20","toc_id":"20","timetable_variation":"2","variation_status":"EARLY","next_report_stanox":"31713","next_report_run_time":"2","train_terminated":"false","delay_monitoring_point":"false","reporting_stanox":"00000","auto_expected":"true"}},{"header":{"msg_type":"0003","msg_queue_timestamp":"1713133316000","source_system_id":"TRUST","original_data_source":"SMART"},"body":{"train_id":"362G39M914","actual_timestamp":"1713136860000","loc_stanox":"36015","gbtt_timestamp":"1713136920000","planned_timestamp":"1713136920000","planned_event_type":"DEPARTURE","event_type":"DEPARTURE","event_source":"AUTOMATIC","correction_ind":"false","offroute_ind":"false","direction_ind":"UP","platform":" 1","route":"1","train_service_code":"22304003","division_code":"64","toc_id":"64","timetable_variation":"1","variation_status":"EARLY","next_report_stanox":"36027","next_report_run_time":"1","train_terminated":"false","delay_monitoring_point":"false","reporting_stanox":"00000","auto_expected":"true"}},{"header":{"msg_type":"0003","msg_queue_timestamp":"1713133316000","source_system_id":"TRUST","original_data_source":"SMART"},"body":{"train_id":"362G39M914","actual_timestamp":"1713136920000","loc_stanox":"36027","gbtt_timestamp":"1713137040000","planned_timestamp":"1713137010000","planned_event_type":"ARRIVAL","event_type":"ARRIVAL","event_source":"AUTOMATIC","correction_ind":"false","offroute_ind":"false","direction_ind":"UP","platform":" 1","route":"0","train_service_code":"22304003","division_code":"64","toc_id":"64","timetable_variation":"1","variation_status":"EARLY","next_report_stanox":"36028","next_report_run_time":"2","train_terminated":"false","delay_monitoring_point":"false","reporting_stanox":"00000","auto_expected":"true"}},{"header":{"msg_type":"0003","msg_queue_timestamp":"1713133316000","source_system_id":"TRUST","original_data_source":"SMART"},"body":{"train_id":"382N59M814","actual_timestamp":"1713136860000","loc_stanox":"38184","gbtt_timestamp":"1713136920000","planned_timestamp":"1713136920000","planned_event_type":"DEPARTURE","event_type":"DEPARTURE","event_source":"AUTOMATIC","correction_ind":"false","offroute_ind":"false","direction_ind":"DOWN","platform":" 3","route":"2","train_service_code":"12305012","division_code":"64","toc_id":"64","timetable_variation":"1","variation_status":"EARLY","next_report_stanox":"38185","next_report_run_time":"2","train_terminated":"false","delay_monitoring_point":"false","reporting_stanox":"00000","auto_expected":"true"}},{"header":{"msg_type":"0003","msg_queue_timestamp":"1713133316000","source_system_id":"TRUST","original_data_source":"SMART"},"body":{"train_id":"301F03M814","actual_timestamp":"1713136860000","loc_stanox":"36603","gbtt_timestamp":"1713136920000","planned_timestamp":"1713136920000","planned_event_type":"DEPARTURE","event_type":"DEPARTURE","event_source":"AUTOMATIC","correction_ind":"false","offroute_ind":"false","direction_ind":"DOWN","platform":" 2","route":"2","train_service_code":"12249820","division_code":"23","toc_id":"23","timetable_variation":"1","variation_status":"EARLY","next_report_stanox":"36602","next_report_run_time":"2","train_terminated":"false","delay_monitoring_point":"false","reporting_stanox":"00000","auto_expected":"true"}},{"header":{"msg_type":"0003","msg_queue_timestamp":"1713133317000","source_system_id":"TRUST","original_data_source":"SMART"},"body":{"train_id":"529C70M814","actual_timestamp":"1713136920000","loc_stanox":"87628","gbtt_timestamp":"1713136920000","planned_timestamp":"1713136890000","planned_event_type":"ARRIVAL","event_type":"ARRIVAL","event_source":"AUTOMATIC","correction_ind":"false","offroute_ind":"false","direction_ind":"DOWN","line_ind":"S","platform":" 2","route":"0","train_service_code":"22215003","division_code":"30","toc_id":"30","timetable_variation":"1","variation_status":"LATE","next_report_stanox":"87627","next_report_run_time":"1","train_terminated":"false","delay_monitoring_point":"false","reporting_stanox":"00000","auto_expected":"true"}},{"header":{"msg_type":"0003","msg_queue_timestamp":"1713133317000","source_system_id":"TRUST","original_data_source":"SMART"},"body":{"train_id":"731T95M814","actual_timestamp":"1713136980000","loc_stanox":"73767","gbtt_timestamp":"1713136860000","planned_timestamp":"1713136860000","planned_event_type":"DESTINATION","event_type":"ARRIVAL","event_source":"AUTOMATIC","correction_ind":"false","offroute_ind":"false","direction_ind":"DOWN","platform":" 3","route":"0","train_service_code":"25905000","division_code":"86","toc_id":"86","timetable_variation":"2","variation_status":"LATE","train_terminated":"true","delay_monitoring_point":"true","reporting_stanox":"73767","auto_expected":"true"}},{"header":{"msg_type":"0003","msg_queue_timestamp":"1713133317000","source_system_id":"TRUST","original_data_source":"SMART"},"body":{"train_id":"522K621814","actual_timestamp":"1713136860000","loc_stanox":"50314","gbtt_timestamp":"1713136860000","planned_timestamp":"1713136890000","planned_event_type":"DEPARTURE","event_type":"DEPARTURE","event_source":"AUTOMATIC","correction_ind":"false","offroute_ind":"false","direction_ind":"DOWN","line_ind":"D","platform":" 2","route":"1","train_service_code":"21943001","division_code":"21","toc_id":"21","timetable_variation":"0","variation_status":"ON TIME","next_report_stanox":"50311","next_report_run_time":"4","train_terminated":"false","delay_monitoring_point":"false","reporting_stanox":"00000","auto_expected":"true"}},{"header":{"msg_type":"0003","msg_queue_timestamp":"1713133317000","source_system_id":"TRUST","original_data_source":"SMART"},"body":{"train_id":"881Y721714","actual_timestamp":"1713136860000","loc_stanox":"88317","planned_timestamp":"1713136890000","planned_event_type":"DEPARTURE","event_type":"DEPARTURE","event_source":"AUTOMATIC","correction_ind":"false","offroute_ind":"false","direction_ind":"UP","platform":" 1","route":"2","train_service_code":"24602004","division_code":"80","toc_id":"80","timetable_variation":"0","variation_status":"ON TIME","next_report_stanox":"88310","next_report_run_time":"6","train_terminated":"false","delay_monitoring_point":"true","reporting_stanox":"88317","auto_expected":"true"}},{"header":{"msg_type":"0003","msg_queue_timestamp":"1713133317000","source_system_id":"TRUST","original_data_source":"SMART"},"body":{"train_id":"873M012914","actual_timestamp":"1713136860000","loc_stanox":"87903","planned_timestamp":"1713136800000","planned_event_type":"DEPARTURE","event_type":"DEPARTURE","event_source":"AUTOMATIC","correction_ind":"false","offroute_ind":"false","direction_ind":"UP","line_ind":"Q","route":"3","train_service_code":"22788002","division_code":"88","toc_id":"88","timetable_variation":"1","variation_status":"LATE","next_report_stanox":"87901","next_report_run_time":"5","train_terminated":"false","delay_monitoring_point":"true","reporting_stanox":"87903","auto_expected":"true"}},{"header":{"msg_type":"0003","msg_queue_timestamp":"1713133317000","source_system_id":"TRUST","original_data_source":"SMART"},"body":{"train_id":"232C60M914","actual_timestamp":"1713136800000","loc_stanox":"23026","gbtt_timestamp":"1713136860000","planned_timestamp":"1713136890000","planned_event_type":"DEPARTURE","event_type":"DEPARTURE","event_source":"AUTOMATIC","correction_ind":"false","offroute_ind":"false","direction_ind":"UP","line_ind":"F","platform":" 2","route":"1","train_service_code":"11816820","division_code":"23","toc_id":"23","timetable_variation":"1","variation_status":"EARLY","next_report_stanox":"23022","next_report_run_time":"4","train_terminated":"false","delay_monitoring_point":"false","reporting_stanox":"00000","auto_expected":"true"}},{"header":{"msg_type":"0002","msg_queue_timestamp":"1713133318000","source_system_id":"TRUST","original_data_source":"TRUST DA","user_id":"#QCTDA23","source_dev_id":"LYJ8"},"body":{"train_id":"873S83CR14","division_code":"40","toc_id":"40","loc_stanox":"87056","canx_timestamp":"1713136860000","dep_timestamp":"1713110340000","canx_type":"AT ORIGIN","canx_reason_code":"FL","train_service_code":"95999801","train_file_address":"G5W"}},{"header":{"msg_type":"0003","msg_queue_timestamp":"1713133318000","source_system_id":"TRUST","original_data_source":"SMART"},"body":{"train_id":"361L16MV14","actual_timestamp":"1713136920000","loc_stanox":"48236","planned_timestamp":"1713136410000","planned_event_type":"DEPARTURE","event_type":"DEPARTURE","event_source":"AUTOMATIC","correction_ind":"false","offroute_ind":"false","direction_ind":"DOWN","line_ind":"3","route":"2","train_service_code":"22269000","division_code":"28","toc_id":"28","timetable_variation":"9","variation_status":"LATE","next_report_stanox":"48231","next_report_run_time":"2","train_terminated":"false","delay_monitoring_point":"false","reporting_stanox":"00000","auto_expected":"true"}},{"header":{"msg_type":"0003","msg_queue_timestamp":"1713133318000","source_system_id":"TRUST","original_data_source":"SMART"},"body":{"train_id":"361L16MV14","actual_timestamp":"1713136980000","loc_stanox":"48231","gbtt_timestamp":"1713136620000","planned_timestamp":"1713136500000","planned_event_type":"DESTINATION","event_type":"ARRIVAL","event_source":"AUTOMATIC","correction_ind":"false","offroute_ind":"false","direction_ind":"DOWN","platform":" 3","route":"0","train_service_code":"22269000","division_code":"28","toc_id":"28","timetable_variation":"8","variation_status":"LATE","train_terminated":"true","delay_monitoring_point":"true","reporting_stanox":"48231","auto_expected":"true"}},{"header":{"msg_type":"0003","msg_queue_timestamp":"1713133318000","source_system_id":"TRUST","original_data_source":"SMART"},"body":{"train_id":"172S98M814","actual_timestamp":"1713136980000","loc_stanox":"09531","gbtt_timestamp":"1713137160000","planned_timestamp":"1713137160000","planned_event_type":"DESTINATION","event_type":"ARRIVAL","event_source":"AUTOMATIC","correction_ind":"false","offroute_ind":"false","direction_ind":"DOWN","platform":" 2","route":"0","train_service_code":"11820820","division_code":"23","toc_id":"23","timetable_variation":"3","variation_status":"EARLY","train_terminated":"true","delay_monitoring_point":"true","reporting_stanox":"09531","auto_expected":"true"}},{"header":{"msg_type":"0003","msg_queue_timestamp":"1713133318000","source_system_id":"TRUST","original_data_source":"SMART"},"body":{"train_id":"172K56M814","actual_timestamp":"1713136920000","loc_stanox":"16515","planned_timestamp":"1713136830000","planned_event_type":"DEPARTURE","event_type":"DEPARTURE","event_source":"AUTOMATIC","correction_ind":"false","offroute_ind":"false","direction_ind":"DOWN","line_ind":"H","route":"2","train_service_code":"11835920","division_code":"23","toc_id":"23","timetable_variation":"2","variation_status":"LATE","next_report_stanox":"16517","next_report_run_time":"6","train_terminated":"false","delay_monitoring_point":"true","reporting_stanox":"16515","auto_expected":"true"}},{"header":{"msg_type":"0003","msg_queue_timestamp":"1713133319000","source_system_id":"TRUST","original_data_source":"SMART"},"body":{"train_id":"321G92M814","actual_timestamp":"1713136860000","loc_stanox":"65043","gbtt_timestamp":"1713136680000","planned_timestamp":"1713136680000","planned_event_type":"DEPARTURE","event_type":"DEPARTURE","event_source":"AUTOMATIC","correction_ind":"false","offroute_ind":"false","direction_ind":"UP","line_ind":"S","platform":" 2","route":"1","train_service_code":"22180014","division_code":"27","toc_id":"27","timetable_variation":"3","variation_status":"LATE","next_report_stanox":"65811","next_report_run_time":"6","train_terminated":"false","delay_monitoring_point":"true","reporting_stanox":"65043","auto_expected":"true"}},{"header":{"msg_type":"0003","msg_queue_timestamp":"1713133319000","source_system_id":"TRUST","original_data_source":"SMART"},"body":{"train_id":"362S68M814","actual_timestamp":"1713136920000","loc_stanox":"36063","gbtt_timestamp":"1713137040000","planned_timestamp":"1713137010000","planned_event_type":"ARRIVAL","event_type":"ARRIVAL","event_source":"AUTOMATIC","correction_ind":"false","offroute_ind":"false","direction_ind":"DOWN","platform":" 2","route":"0","train_service_code":"12301012","division_code":"64","toc_id":"64","timetable_variation":"1","variation_status":"EARLY","next_report_stanox":"36062","next_report_run_time":"2","train_terminated":"false","delay_monitoring_point":"false","reporting_stanox":"00000","auto_expected":"true"}},{"header":{"msg_type":"0003","msg_queue_timestamp":"1713133320000","source_system_id":"TRUST","original_data_source":"SMART"},"body":{"train_id":"895W82M914","actual_timestamp":"1713136860000","loc_stanox":"89428","gbtt_timestamp":"1713137040000","planned_timestamp":"1713137040000","planned_event_type":"DEPARTURE","event_type":"DEPARTURE","event_source":"AUTOMATIC","correction_ind":"false","offroute_ind":"false","direction_ind":"DOWN","line_ind":"F","platform":" 1","route":"1","train_service_code":"24605004","division_code":"80","toc_id":"80","timetable_variation":"3","variation_status":"EARLY","next_report_stanox":"89427","next_report_run_time":"2","train_terminated":"false","delay_monitoring_point":"true","reporting_stanox":"89428","auto_expected":"true"}},{"header":{"msg_type":"0003","msg_queue_timestamp":"1713133320000","source_system_id":"TRUST","original_data_source":"SMART"},"body":{"train_id":"872D73M914","actual_timestamp":"1713136860000","loc_stanox":"87271","gbtt_timestamp":"1713136860000","planned_timestamp":"1713136890000","planned_event_type":"DEPARTURE","event_type":"DEPARTURE","event_source":"AUTOMATIC","correction_ind":"false","offroute_ind":"false","direction_ind":"DOWN","platform":" 4","route":"1","train_service_code":"24673705","division_code":"84","toc_id":"84","timetable_variation":"0","variation_status":"ON TIME","next_report_stanox":"87301","next_report_run_time":"3","train_terminated":"false","delay_monitoring_point":"false","reporting_stanox":"00000","auto_expected":"true"}},{"header":{"msg_type":"0003","msg_queue_timestamp":"1713133320000","source_system_id":"TRUST","original_data_source":"SMART"},"body":{"train_id":"882T74M814","actual_timestamp":"1713136860000","loc_stanox":"89331","gbtt_timestamp":"1713136920000","planned_timestamp":"1713136920000","planned_event_type":"DEPARTURE","event_type":"DEPARTURE","event_source":"AUTOMATIC","correction_ind":"false","offroute_ind":"false","direction_ind":"UP","line_ind":"D","platform":" 2","route":"2","train_service_code":"24608006","division_code":"80","toc_id":"80","timetable_variation":"1","variation_status":"EARLY","next_report_stanox":"89370","next_report_run_time":"5","train_terminated":"false","delay_monitoring_point":"true","reporting_stanox":"89331","auto_expected":"true"}},{"header":{"msg_type":"0003","msg_queue_timestamp":"1713133320000","source_system_id":"TRUST","original_data_source":"SMART"},"body":{"train_id":"522K661914","actual_timestamp":"1713136860000","loc_stanox":"52741","gbtt_timestamp":"1713136920000","planned_timestamp":"1713136920000","planned_event_type":"DEPARTURE","event_type":"DEPARTURE","event_source":"AUTOMATIC","correction_ind":"false","offroute_ind":"false","direction_ind":"DOWN","line_ind":"M","platform":"14","route":"1","train_service_code":"21943001","division_code":"21","toc_id":"21","timetable_variation":"1","variation_status":"EARLY","next_report_stanox":"52739","next_report_run_time":"3","train_terminated":"false","delay_monitoring_point":"true","reporting_stanox":"52741","auto_expected":"true"}},{"header":{"msg_type":"0003","msg_queue_timestamp":"1713133320000","source_system_id":"TRUST","original_data_source":"SMART"},"body":{"train_id":"522H70M814","actual_timestamp":"1713136920000","loc_stanox":"51722","gbtt_timestamp":"1713136980000","planned_timestamp":"1713136950000","planned_event_type":"ARRIVAL","event_type":"ARRIVAL","event_source":"AUTOMATIC","correction_ind":"false","offroute_ind":"false","direction_ind":"DOWN","platform":" 3","route":"0","train_service_code":"21913000","division_code":"21","toc_id":"21","timetable_variation":"0","variation_status":"ON TIME","next_report_stanox":"51720","next_report_run_time":"1","train_terminated":"false","delay_monitoring_point":"true","reporting_stanox":"51722","auto_expected":"true"}}]