[{"header":{"msg_type":"0003","msg_queue_timestamp":"1713129285000","source_system_id":"TRUST","original_data_source":"GPS","user_id":"GPSN01"},"body":{"train_id":"162J29M714","actual_timestamp":"1713132840000","loc_stanox":"19015","gbtt_timestamp":"1713132840000","planned_timestamp":"1713132870000","planned_event_type":"DEPARTURE","event_type":"DEPARTURE","event_source":"MANUAL","correction_ind":"false","offroute_ind":"false","train_service_code":"11838821","division_code":"23","toc_id":"23","timetable_variation":"0","variation_status":"ON TIME","next_report_stanox":"19016","next_report_run_time":"4","train_terminated":"false","delay_monitoring_point":"false","reporting_stanox":"00000"}},{"header":{"msg_type":"0001","msg_queue_timestamp":"1713129285000","source_system_id":"TRUST","original_data_source":"TSIA"},"body":{"train_id":"325A93M914","toc_id":"23","schedule_wtt_id":"5A93M","sched_origin_stanox":"32568","creation_timestamp":"1713132885000","origin_dep_timestamp":"1713136440000","train_uid":"W34424","schedule_start_date":"2023-12-10","schedule_end_date":"2024-05-26","schedule_source":"C","schedule_type":"O","d1266_record_number":"00000","tp_origin_timestamp":"2024-04-14","train_call_type":"AUTOMATIC","train_call_mode":"NORMAL","train_service_code":"12974820"}},{"header":{"msg_type":"0001","msg_queue_timestamp":"1713129285000","source_system_id":"TRUST","original_data_source":"TSIA"},"body":{"train_id":"155D29M914","toc_id":"23","schedule_wtt_id":"5D29M","sched_origin_stanox":"15866","creation_timestamp":"1713132885000","origin_dep_timestamp":"1713136440000","train_uid":"W34596","schedule_start_date":"2023-12-10","schedule_end_date":"2024-05-26","schedule_source":"C","schedule_type":"O","d1266_record_number":"00000","tp_origin_timestamp":"2024-04-14","train_call_type":"AUTOMATIC","train_call_mode":"NORMAL","train_service_code":"22974000"}},{"header":{"msg_type":"0001","msg_queue_timestamp":"1713129285000","source_system_id":"TRUST","original_data_source":"TSIA"},"body":{"train_id":"865B85M914","toc_id":"84","schedule_wtt_id":"5B85M","sched_origin_stanox":"86087","creation_timestamp":"1713132885000","origin_dep_timestamp":"1713136440000","train_uid":"Y04592","schedule_start_date":"2024-04-14","schedule_end_date":"2024-04-14","schedule_source":"C","schedule_type":"C","d1266_record_number":"00000","tp_origin_timestamp":"2024-04-14","train_call_type":"AUTOMATIC","train_call_mode":"NORMAL","train_service_code":"24676004"}},{"header":{"msg_type":"0002","msg_queue_timestamp":"1713129285000","source_system_id":"TRUST"},"body":{"train_id":"865B85M914","division_code":"84","toc_id":"84","loc_stanox":"86087","canx_timestamp":"1713132840000","dep_timestamp":"1713136440000","canx_type":"ON CALL","canx_reason_code":"PD","train_service_code":"24676004"}},{"header":{"msg_type":"0003","msg_queue_timestamp":"1713129285000","source_system_id":"TRUST","original_data_source":"SMART"},"body":{"train_id":"072M87M814","actual_timestamp":"1713132780000","loc_stanox":"07551","gbtt_timestamp":"1713132720000","planned_timestamp":"1713132720000","planned_event_type":"DEPARTURE","event_type":"DEPARTURE","event_source":"AUTOMATIC","correction_ind":"false","offroute_ind":"false","direction_ind":"DOWN","platform":" 1","route":"2","train_service_code":"13562015","division_code":"60","toc_id":"60","timetable_variation":"1","variation_status":"LATE","next_report_stanox":"07553","next_report_run_time":"2","train_terminated":"false","delay_monitoring_point":"false","reporting_stanox":"00000","auto_expected":"true"}},{"header":{"msg_type":"0003","msg_queue_timestamp":"1713129286000","source_system_id":"TRUST","original_data_source":"SMART"},"body":{"train_id":"732Y93M714","actual_timestamp":"1713132900000","loc_stanox":"73240","gbtt_timestamp":"1713132600000","planned_timestamp":"1713132570000","planned_event_type":"ARRIVAL","event_type":"ARRIVAL","event_source":"AUTOMATIC","correction_ind":"false","offroute_ind":"false","direction_ind":"UP","platform":" 3","route":"0","train_service_code":"21381202","division_code":"33","toc_id":"33","timetable_variation":"6","variation_status":"LATE","next_report_stanox":"73111","next_report_run_time":"1","train_terminated":"false","delay_monitoring_point":"false","reporting_stanox":"00000","auto_expected":"true"}},{"header":{"msg_type":"0003","msg_queue_timestamp":"1713129286000","source_system_id":"TRUST","original_data_source":"SMART"},"body":{"train_id":"885F401714","actual_timestamp":"1713132840000","loc_stanox":"88447","planned_timestamp":"1713132930000","planned_event_type":"DEPARTURE","event_type":"DEPARTURE","event_source":"AUTOMATIC","correction_ind":"false","offroute_ind":"false","direction_ind":"UP","line_ind":"C","route":"4","train_service_code":"24655005","division_code":"80","toc_id":"80","timetable_variation":"1","variation_status":"EARLY","next_report_stanox":"88415","next_report_run_time":"2","train_terminated":"false","delay_monitoring_point":"true","reporting_stanox":"88447","auto_expected":"true"}},{"header":{"msg_type":"0003","msg_queue_timestamp":"1713129286000","source_system_id":"TRUST","original_data_source":"SMART"},"body":{"train_id":"842E28M714","actual_timestamp":"1713132900000","loc_stanox":"83625","planned_timestamp":"1713132810000","planned_event_type":"DEPARTURE","event_type":"DEPARTURE","event_source":"AUTOMATIC","correction_ind":"false","offroute_ind":"false","direction_ind":"UP","line_ind":"M","route":"2","train_service_code":"25462001","division_code":"25","toc_id":"25","timetable_variation":"2","variation_status":"LATE","next_report_stanox":"83624","next_report_run_time":"2","train_terminated":"false","delay_monitoring_point":"false","reporting_stanox":"00000","auto_expected":"true"}},{"header":{"msg_type":"0003","msg_queue_timestamp":"1713129286000","source_system_id":"TRUST","original_data_source":"SMART"},"body":{"train_id":"842E28M714","actual_timestamp":"1713132960000","loc_stanox":"83624","gbtt_timestamp":"1713132780000","planned_timestamp":"1713132900000","planned_event_type":"ARRIVAL","event_type":"ARRIVAL","event_source":"AUTOMATIC","correction_ind":"false","offroute_ind":"false","direction_ind":"UP","line_ind":"3","platform":" 1","route":"0","train_service_code":"25462001","division_code":"25","toc_id":"25","timetable_variation":"1","variation_status":"LATE","next_report_stanox":"83607","next_report_run_time":"1","train_terminated":"false","delay_monitoring_point":"true","reporting_stanox":"83624","auto_expected":"true"}},{"header":{"msg_type":"0003","msg_queue_timestamp":"1713129286000","source_system_id":"TRUST","original_data_source":"SMART"},"body":{"train_id":"881Y121714","actual_timestamp":"1713132840000","loc_stanox":"88447","planned_timestamp":"1713132900000","planned_event_type":"DEPARTURE","event_type":"DEPARTURE","event_source":"AUTOMATIC","correction_ind":"false","offroute_ind":"false","direction_ind":"DOWN","line_ind":"L","route":"3","train_service_code":"24602004","division_code":"80","toc_id":"80","timetable_variation":"1","variation_status":"EARLY","next_report_stanox":"88310","next_report_run_time":"1","train_terminated":"false","delay_monitoring_point":"true","reporting_stanox":"88447","auto_expected":"true"}},{"header":{"msg_type":"0003","msg_queue_timestamp":"1713129286000","source_system_id":"TRUST","original_data_source":"SMART"},"body":{"train_id":"879T62MZ14","actual_timestamp":"1713132840000","loc_stanox":"87244","gbtt_timestamp":"1713132840000","planned_timestamp":"1713132840000","planned_event_type":"DEPARTURE","event_type":"DEPARTURE","event_source":"AUTOMATIC","correction_ind":"false","offroute_ind":"false","direction_ind":"UP","platform":" 1","route":"1","train_service_code":"22721000","division_code":"88","toc_id":"88","timetable_variation":"0","variation_status":"ON TIME","next_report_stanox":"63633","next_report_run_time":"1","train_terminated":"false","delay_monitoring_point":"false","reporting_stanox":"00000","auto_expected":"true"}},{"header":{"msg_type":"0003","msg_queue_timestamp":"1713129286000","source_system_id":"TRUST","original_data_source":"SMART"},"body":{"train_id":"509Y19M714","actual_timestamp":"1713132840000","loc_stanox":"50405","gbtt_timestamp":"1713132780000","planned_timestamp":"1713132810000","planned_event_type":"DEPARTURE","event_type":"DEPARTURE","event_source":"AUTOMATIC","correction_ind":"false","offroute_ind":"false","direction_ind":"UP","route":"2","train_service_code":"21381001","division_code":"33","toc_id":"33","timetable_variation":"1","variation_status":"LATE","next_report_stanox":"50412","next_report_run_time":"2","train_terminated":"false","delay_monitoring_point":"false","reporting_stanox":"00000","auto_expected":"true"}},{"header":{"msg_type":"0003","msg_queue_timestamp":"1713129286000","source_system_id":"TRUST","original_data_source":"SMART"},"body":{"train_id":"522K601714","actual_timestamp":"1713132900000","loc_stanox":"50328","gbtt_timestamp":"1713133020000","planned_timestamp":"1713133020000","planned_event_type":"ARRIVAL","event_type":"ARRIVAL","event_source":"AUTOMATIC","correction_ind":"false","offroute_ind":"false","direction_ind":"DOWN","platform":" 3","route":"0","train_service_code":"21943001","division_code":"21","toc_id":"21","timetable_variation":"2","variation_status":"EARLY","next_report_stanox":"50251","next_report_run_time":"2","train_terminated":"false","delay_monitoring_point":"true","reporting_stanox":"50328","auto_expected":"true"}},{"header":{"msg_type":"0003","msg_queue_timestamp":"1713129286000","source_system_id":"TRUST","original_data_source":"SMART"},"body":{"train_id":"116Z031Z14","actual_timestamp":"1713132840000","loc_stanox":"31747","planned_timestamp":"1713132270000","planned_event_type":"DEPARTURE","event_type":"DEPARTURE","event_source":"AUTOMATIC","correction_ind":"false","offroute_ind":"false","direction_ind":"UP","route":"2","train_service_code":"53693803","division_code":"42","toc_id":"42","timetable_variation":"10","variation_status":"LATE","next_report_stanox":"31739","next_report_run_time":"7","train_terminated":"false","delay_monitoring_point":"true","train_file_address":"G6N","reporting_stanox":"31747","auto_expected":"true"}},{"header":{"msg_type":"0003","msg_queue_timestamp":"1713129286000","source_system_id":"TRUST","original_data_source":"SMART"},"body":{"train_id":"061R38M814","actual_timestamp":"1713132900000","loc_stanox":"05024","planned_timestamp":"1713132930000","planned_event_type":"DEPARTURE","event_type":"DEPARTURE","event_source":"AUTOMATIC","correction_ind":"false","offroute_ind":"false","direction_ind":"UP","route":"2","train_service_code":"23548003","division_code":"60","toc_id":"60","timetable_variation":"0","variation_status":"ON TIME","next_report_stanox":"05109","next_report_run_time":"4","train_terminated":"false","delay_monitoring_point":"true","reporting_stanox":"05024","auto_expected":"true"}},{"header":{"msg_type":"0003","msg_queue_timestamp":"1713129286000","source_system_id":"TRUST","original_data_source":"SMART"},"body":{"train_id":"301Y69MZ14","actual_timestamp":"1713132840000","loc_stanox":"33088","gbtt_timestamp":"1713132840000","planned_timestamp":"1713132840000","planned_event_type":"DEPARTURE","event_type":"DEPARTURE","event_source":"AUTOMATIC","correction_ind":"false","offroute_ind":"false","direction_ind":"UP","platform":" 1","route":"2","train_service_code":"12362822","division_code":"23","toc_id":"23","timetable_variation":"0","variation_status":"ON TIME","next_report_stanox":"33087","next_report_run_time":"1","train_terminated":"false","delay_monitoring_point":"true","reporting_stanox":"33088","auto_expected":"true"}},{"header":{"msg_type":"0003","msg_queue_timestamp":"1713129286000","source_system_id":"TRUST","original_data_source":"SMART"},"body":{"train_id":"301Y69MZ14","actual_timestamp":"1713132900000","loc_stanox":"33087","gbtt_timestamp":"1713132960000","planned_timestamp":"1713132930000","planned_event_type":"ARRIVAL","event_type":"ARRIVAL","event_source":"AUTOMATIC","correction_ind":"false","offroute_ind":"false","direction_ind":"UP","platform":" 4","route":"0","train_service_code":"12362822","division_code":"23","toc_id":"23","timetable_variation":"0","variation_status":"ON TIME","next_report_stanox":"32000","next_report_run_time":"3","train_terminated":"false","delay_monitoring_point":"true","reporting_stanox":"33087","auto_expected":"true"}},{"header":{"msg_type":"0003","msg_queue_timestamp":"1713129286000","source_system_id":"TRUST","original_data_source":"SMART"},"body":{"train_id":"332O74M714","actual_timestamp":"1713132960000","loc_stanox":"33097","gbtt_timestamp":"1713132120000","planned_timestamp":"1713132120000","planned_event_type":"ARRIVAL","event_type":"ARRIVAL","event_source":"AUTOMATIC","correction_ind":"false","offroute_ind":"false","direction_ind":"DOWN","platform":" 2","route":"0","train_service_code":"12236820","division_code":"23","toc_id":"23","timetable_variation":"14","variation_status":"LATE","next_report_stanox":"36720","next_report_run_time":"1","train_terminated":"false","delay_monitoring_point":"false","reporting_stanox":"00000","auto_expected":"true"}},{"header":{"msg_type":"0003","msg_queue_timestamp":"1713129287000","source_system_id":"TRUST","original_data_source":"SMART"},"body":{"train_id":"872D70M714","actual_timestamp":"1713132900000","loc_stanox":"87250","gbtt_timestamp":"1713132960000","planned_timestamp":"1713132930000","planned_event_type":"ARRIVAL","event_type":"ARRIVAL","event_source":"AUTOMATIC","correction_ind":"false","offroute_ind":"false","direction_ind":"UP","platform":" 2","route":"0","train_service_code":"24673705","division_code":"84","toc_id":"84","timetable_variation":"0","variation_status":"ON TIME","next_report_stanox":"87219","next_report_run_time":"1","train_terminated":"false","delay_monitoring_point":"true","reporting_stanox":"87250","auto_expected":"true"}},{"header":{"msg_type":"0003","msg_queue_timestamp":"1713129287000","source_system_id":"TRUST","original_data_source":"SMART"},"body":{"train_id":"529C66M714","actual_timestamp":"1713132840000","loc_stanox":"87572","gbtt_timestamp":"1713132720000","planned_timestamp":"1713132750000","planned_event_type":"DEPARTURE","event_type":"DEPARTURE","event_source":"AUTOMATIC","correction_ind":"false","offroute_ind":"false","direction_ind":"DOWN","platform":" 2","route":"1","train_service_code":"22215003","division_code":"30","toc_id":"30","timetable_variation":"2","variation_status":"LATE","next_report_stanox":"87574","next_report_run_time":"1","train_terminated":"false","delay_monitoring_point":"false","reporting_stanox":"00000","auto_expected":"true"}},{"header":{"msg_type":"0003","msg_queue_timestamp":"1713129287000","source_system_id":"TRUST","original_data_source":"SMART"},"body":{"train_id":"851E73MR14","actual_timestamp":"1713132840000","loc_stanox":"56598","planned_timestamp":"1713132810000","planned_event_type":"DEPARTURE","event_type":"DEPARTURE","event_source":"AUTOMATIC","correction_ind":"false","offroute_ind":"false","direction_ind":"DOWN","line_ind":"M","route":"3","train_service_code":"22180012","division_code":"27","toc_id":"27","timetable_variation":"1","variation_status":"LATE","next_report_stanox":"57435","next_report_run_time":"4","train_terminated":"false","delay_monitoring_point":"true","reporting_stanox":"56598","auto_expected":"true"}},{"header":{"msg_type":"0003","msg_queue_timestamp":"1713129287000","source_system_id":"TRUST","original_data_source":"SMART"},"body":{"train_id":"879Y67M714","actual_timestamp":"1713132840000","loc_stanox":"88476","planned_timestamp":"1713132900000","planned_event_type":"DEPARTURE","event_type":"DEPARTURE","event_source":"AUTOMATIC","correction_ind":"false","offroute_ind":"false","direction_ind":"DOWN","line_ind":"F","route":"1","train_service_code":"22742000","division_code":"88","toc_id":"88","timetable_variation":"1","variation_status":"EARLY","next_report_stanox":"88474","next_report_run_time":"1","train_terminated":"false","delay_monitoring_point":"true","reporting_stanox":"88476","auto_expected":"true"}},{"header":{"msg_type":"0003","msg_queue_timestamp":"1713129287000","source_system_id":"TRUST","original_data_source":"SMART"},"body":{"train_id":"879Y67M714","actual_timestamp":"1713132900000","loc_stanox":"88474","gbtt_timestamp":"1713132960000","planned_timestamp":"1713132960000","planned_event_type":"ARRIVAL","event_type":"ARRIVAL","event_source":"AUTOMATIC","correction_ind":"false","offroute_ind":"false","direction_ind":"DOWN","platform":" 2","route":"0","train_service_code":"22742000","division_code":"88","toc_id":"88","timetable_variation":"1","variation_status":"EARLY","next_report_stanox":"88477","next_report_run_time":"1","train_terminated":"false","delay_monitoring_point":"false","reporting_stanox":"00000","auto_expected":"true"}},{"header":{"msg_type":"0001","msg_queue_timestamp":"1713129288000","source_system_id":"TRUST","original_data_source":"TSIA"},"body":{"train_id":"871C99M914","toc_id":"88","schedule_wtt_id":"1C99M","sched_origin_stanox":"87941","creation_timestamp":"1713132888000","origin_dep_timestamp":"1713136440000","train_uid":"L15266","schedule_start_date":"2024-04-14","schedule_end_date":"2024-04-14","schedule_source":"C","schedule_type":"P","d1266_record_number":"00000","tp_origin_timestamp":"2024-04-14","train_call_type":"AUTOMATIC","train_call_mode":"NORMAL","train_service_code":"24748000"}},{"header":{"msg_type":"0001","msg_queue_timestamp":"1713129288000","source_system_id":"TRUST","original_data_source":"TSIA"},"body":{"train_id":"871L73M914","toc_id":"88","schedule_wtt_id":"1L73M","sched_origin_stanox":"87759","creation_timestamp":"1713132888000","origin_dep_timestamp":"1713136440000","train_uid":"P15879","schedule_start_date":"2024-04-14","schedule_end_date":"2024-04-14","schedule_source":"C","schedule_type":"P","d1266_record_number":"00000","tp_origin_timestamp":"2024-04-14","train_call_type":"AUTOMATIC","train_call_mode":"NORMAL","train_service_code":"24749000"}},{"header":{"msg_type":"0003","msg_queue_timestamp":"1713129288000","source_system_id":"TRUST","original_data_source":"SMART"},"body":{"train_id":"796E301Y14","actual_timestamp":"1713132840000","loc_stanox":"76104","planned_timestamp":"1713132990000","planned_event_type":"DEPARTURE","event_type":"DEPARTURE","event_source":"AUTOMATIC","correction_ind":"false","offroute_ind":"false","direction_ind":"UP","line_ind":"B","route":"2","train_service_code":"59430640","division_code":"05","toc_id":"05","timetable_variation":"2","variation_status":"EARLY","next_report_stanox":"76090","next_report_run_time":"12","train_terminated":"false","delay_monitoring_point":"false","train_file_address":"G7I","reporting_stanox":"00000","auto_expected":"true"}},{"header":{"msg_type":"0003","msg_queue_timestamp":"1713129288000","source_system_id":"TRUST","original_data_source":"SMART"},"body":{"train_id":"041E28MY14","actual_timestamp":"1713132840000","loc_stanox":"23498","planned_timestamp":"1713132900000","planned_event_type":"DEPARTURE","event_type":"DEPARTURE","event_source":"AUTOMATIC","correction_ind":"false","offroute_ind":"false","direction_ind":"UP","line_ind":"M","route":"1","train_service_code":"21700001","division_code":"61","toc_id":"61","timetable_variation":"1","variation_status":"EARLY","next_report_stanox":"44301","next_report_run_time":"4","train_terminated":"false","delay_monitoring_point":"false","reporting_stanox":"00000","auto_expected":"true"}},{"header":{"msg_type":"0003","msg_queue_timestamp":"1713129288000","source_system_id":"TRUST","original_data_source":"SMART"},"body":{"train_id":"361A69MY14","actual_timestamp":"1713132840000","loc_stanox":"71040","gbtt_timestamp":"1713132720000","planned_timestamp":"1713132720000","planned_event_type":"DEPARTURE","event_type":"DEPARTURE","event_source":"AUTOMATIC","correction_ind":"false","offroute_ind":"false","direction_ind":"UP","line_ind":"F","platform":" 7","route":"1","train_service_code":"22109001","division_code":"65","toc_id":"65","timetable_variation":"2","variation_status":"LATE","next_report_stanox":"72007","next_report_run_time":"8","train_terminated":"false","delay_monitoring_point":"true","reporting_stanox":"71040","auto_expected":"true"}},{"header":{"msg_type":"0003","msg_queue_timestamp":"1713129289000","source_system_id":"TRUST","original_data_source":"SMART"},"body":{"train_id":"062R72M814","actual_timestamp":"1713132540000","loc_stanox":"06121","gbtt_timestamp":"1713132540000","planned_timestamp":"1713132540000","planned_event_type":"DEPARTURE","event_type":"DEPARTURE","event_source":"AUTOMATIC","correction_ind":"false","offroute_ind":"false","direction_ind":"UP","platform":" 1","route":"2","train_service_code":"23563015","division_code":"60","toc_id":"60","timetable_variation":"0","variation_status":"ON TIME","next_report_stanox":"06123","next_report_run_time":"2","train_terminated":"false","delay_monitoring_point":"true","reporting_stanox":"06121","auto_expected":"true"}},{"header":{"msg_type":"0003","msg_queue_timestamp":"1713129289000","source_system_id":"TRUST","original_data_source":"SMART"},"body":{"train_id":"062R72M814","actual_timestamp":"1713132840000","loc_stanox":"06125","gbtt_timestamp":"1713132840000","planned_timestamp":"1713132840000","planned_event_type":"DEPARTURE","event_type":"DEPARTURE","event_source":"AUTOMATIC","correction_ind":"false","offroute_ind":"false","direction_ind":"UP","platform":" 1","route":"1","train_service_code":"23563015","division_code":"60","toc_id":"60","timetable_variation":"0","variation_status":"ON TIME","next_report_stanox":"06134","next_report_run_time":"2","train_terminated":"false","delay_monitoring_point":"false","reporting_stanox":"00000","auto_expected":"true"}},{"header":{"msg_type":"0003","msg_queue_timestamp":"1713129289000","source_system_id":"TRUST","original_data_source":"SMART"},"body":{"train_id":"721P05MZ14","actual_timestamp":"1713132900000","loc_stanox":"35591","planned_timestamp":"1713132900000","planned_event_type":"DEPARTURE","event_type":"DEPARTURE","event_source":"AUTOMATIC","correction_ind":"false","offroute_ind":"false","direction_ind":"DOWN","line_ind":"M","route":"1","train_service_code":"22112001","division_code":"65","toc_id":"65","timetable_variation":"0","variation_status":"ON TIME","next_report_stanox":"35555","next_report_run_time":"2","train_terminated":"false","delay_monitoring_point":"true","reporting_stanox":"35591","auto_expected":"true"}}]