[{"header":{"msg_type":"0003","msg_queue_timestamp":"1713565086000","source_system_id":"TRUST","original_data_source":"SMART"},"body":{"train_id":"872L74M819","actual_timestamp":"1713568620000","loc_stanox":"52042","gbtt_timestamp":"1713568620000","planned_timestamp":"1713568650000","planned_event_type":"DEPARTURE","event_type":"DEPARTURE","event_source":"AUTOMATIC","correction_ind":"false","offroute_ind":"false","direction_ind":"DOWN","line_ind":"D","platform":" 2","route":"2","train_service_code":"22204000","division_code":"30","toc_id":"30","timetable_variation":"0","variation_status":"ON TIME","next_report_stanox":"52040","next_report_run_time":"2","train_terminated":"false","delay_monitoring_point":"false","reporting_stanox":"00000","auto_expected":"true"}},{"header":{"msg_type":"0003","msg_queue_timestamp":"1713565086000","source_system_id":"TRUST","original_data_source":"SMART"},"body":{"train_id":"525M34M919","actual_timestamp":"1713568740000","loc_stanox":"52226","planned_timestamp":"1713569010000","planned_event_type":"ARRIVAL","event_type":"ARRIVAL","event_source":"AUTOMATIC","correction_ind":"false","offroute_ind":"false","route":"0","train_service_code":"21916400","division_code":"21","toc_id":"21","timetable_variation":"4","variation_status":"EARLY","next_report_stanox":"52203","next_report_run_time":"4","train_terminated":"false","delay_monitoring_point":"true","reporting_stanox":"52226","auto_expected":"true"}},{"header":{"msg_type":"0003","msg_queue_timestamp":"1713565086000","source_system_id":"TRUST","original_data_source":"SMART"},"body":{"train_id":"522T43M819","actual_timestamp":"1713568620000","loc_stanox":"52739","gbtt_timestamp":"1713568620000","planned_timestamp":"1713568650000","planned_event_type":"DEPARTURE","event_type":"DEPARTURE","event_source":"AUTOMATIC","correction_ind":"false","offroute_ind":"false","direction_ind":"UP","line_ind":"S","platform":" 1","route":"3","train_service_code":"21235001","division_code":"30","toc_id":"30","timetable_variation":"0","variation_status":"ON TIME","next_report_stanox":"52741","next_report_run_time":"4","train_terminated":"false","delay_monitoring_point":"true","reporting_stanox":"52739","auto_expected":"true"}},{"header":{"msg_type":"0003","msg_queue_timestamp":"1713565087000","source_system_id":"TRUST","original_data_source":"SMART"},"body":{"train_id":"889T04M819","actual_timestamp":"1713568620000","loc_stanox":"73240","gbtt_timestamp":"1713568500000","planned_timestamp":"1713568530000","planned_event_type":"DEPARTURE","event_type":"DEPARTURE","event_source":"AUTOMATIC","correction_ind":"false","offroute_ind":"false","direction_ind":"DOWN","platform":" 4","route":"2","train_service_code":"21381901","division_code":"33","toc_id":"33","timetable_variation":"2","variation_status":"LATE","next_report_stanox":"73251","next_report_run_time":"1","train_terminated":"false","delay_monitoring_point":"false","reporting_stanox":"00000","auto_expected":"true"}},{"header":{"msg_type":"0003","msg_queue_timestamp":"1713565087000","source_system_id":"TRUST","original_data_source":"SMART"},"body":{"train_id":"812K69M919","actual_timestamp":"1713568620000","loc_stanox":"81240","gbtt_timestamp":"1713568680000","planned_timestamp":"1713568710000","planned_event_type":"DEPARTURE","event_type":"DEPARTURE","event_source":"AUTOMATIC","correction_ind":"false","offroute_ind":"false","direction_ind":"DOWN","line_ind":"2","platform":" 2","route":"1","train_service_code":"25466001","division_code":"25","toc_id":"25","timetable_variation":"1","variation_status":"EARLY","next_report_stanox":"81246","next_report_run_time":"2","train_terminated":"false","delay_monitoring_point":"true","reporting_stanox":"81240","auto_expected":"true"}},{"header":{"msg_type":"0003","msg_queue_timestamp":"1713565087000","source_system_id":"TRUST","original_data_source":"SMART"},"body":{"train_id":"522Y29M819","actual_timestamp":"1713568620000","loc_stanox":"72245","gbtt_timestamp":"1713568620000","planned_timestamp":"1713568620000","planned_event_type":"DEPARTURE","event_type":"DEPARTURE","event_source":"AUTOMATIC","correction_ind":"false","offroute_ind":"false","direction_ind":"UP","platform":" 1","route":"4","train_service_code":"22214000","division_code":"30","toc_id":"30","timetable_variation":"0","variation_status":"ON TIME","next_report_stanox":"87205","next_report_run_time":"2","train_terminated":"false","delay_monitoring_point":"false","reporting_stanox":"00000","auto_expected":"true"}},{"header":{"msg_type":"0003","msg_queue_timestamp":"1713565087000","source_system_id":"TRUST","original_data_source":"SMART"},"body":{"train_id":"729S97MV19","actual_timestamp":"1713568680000","loc_stanox":"07906","planned_timestamp":"1713567390000","planned_event_type":"ARRIVAL","event_type":"ARRIVAL","event_source":"AUTOMATIC","correction_ind":"false","offroute_ind":"false","route":"0","train_service_code":"22114001","division_code":"65","toc_id":"65","timetable_variation":"22","variation_status":"LATE","next_report_stanox":"07466","next_report_run_time":"1","train_terminated":"false","delay_monitoring_point":"false","reporting_stanox":"00000","auto_expected":"true"}},{"header":{"msg_type":"0003","msg_queue_timestamp":"1713565087000","source_system_id":"TRUST","original_data_source":"SMART"},"body":{"train_id":"882U78M819","actual_timestamp":"1713568680000","loc_stanox":"87208","planned_timestamp":"1713568800000","planned_event_type":"DEPARTURE","event_type":"DEPARTURE","event_source":"AUTOMATIC","correction_ind":"false","offroute_ind":"false","direction_ind":"UP","line_ind":"R","route":"2","train_service_code":"24650005","division_code":"80","toc_id":"80","timetable_variation":"2","variation_status":"EARLY","next_report_stanox":"87233","train_terminated":"false","delay_monitoring_point":"true","reporting_stanox":"87208","auto_expected":"true"}},{"header":{"msg_type":"0003","msg_queue_timestamp":"1713565087000","source_system_id":"TRUST","original_data_source":"SMART"},"body":{"train_id":"056M34C719","actual_timestamp":"1713568680000","loc_stanox":"07953","planned_timestamp":"1713568050000","planned_event_type":"DEPARTURE","event_type":"DEPARTURE","event_source":"AUTOMATIC","correction_ind":"false","offroute_ind":"false","direction_ind":"UP","route":"3","train_service_code":"52496100","division_code":"42","toc_id":"42","timetable_variation":"11","variation_status":"LATE","next_report_stanox":"07956","next_report_run_time":"22","train_terminated":"false","delay_monitoring_point":"true","train_file_address":"MNG","reporting_stanox":"07953","auto_expected":"true"}},{"header":{"msg_type":"0003","msg_queue_timestamp":"1713565087000","source_system_id":"TRUST","original_data_source":"SMART"},"body":{"train_id":"509Y17M919","actual_timestamp":"1713568740000","loc_stanox":"50333","gbtt_timestamp":"1713568740000","planned_timestamp":"1713568710000","planned_event_type":"ARRIVAL","event_type":"ARRIVAL","event_source":"AUTOMATIC","correction_ind":"false","offroute_ind":"false","direction_ind":"UP","platform":" 3","route":"0","train_service_code":"21381001","division_code":"33","toc_id":"33","timetable_variation":"1","variation_status":"LATE","next_report_stanox":"50334","next_report_run_time":"1","train_terminated":"false","delay_monitoring_point":"false","reporting_stanox":"00000","auto_expected":"true"}},{"header":{"msg_type":"0003","msg_queue_timestamp":"1713565088000","source_system_id":"TRUST","original_data_source":"SMART"},"body":{"train_id":"742C76M819","actual_timestamp":"1713568620000","loc_stanox":"87149","planned_timestamp":"1713568770000","planned_event_type":"DEPARTURE","event_type":"DEPARTURE","event_source":"AUTOMATIC","correction_ind":"false","offroute_ind":"false","direction_ind":"UP","line_ind":"F","platform":" 2","route":"2","train_service_code":"24672104","division_code":"84","toc_id":"84","timetable_variation":"2","variation_status":"EARLY","next_report_stanox":"87219","next_report_run_time":"4","train_terminated":"false","delay_monitoring_point":"true","reporting_stanox":"87149","auto_expected":"true"}},{"header":{"msg_type":"0003","msg_queue_timestamp":"1713565088000","source_system_id":"TRUST","original_data_source":"SMART"},"body":{"train_id":"892U79M819","actual_timestamp":"1713568500000","loc_stanox":"89513","gbtt_timestamp":"1713568380000","planned_timestamp":"1713568410000","planned_event_type":"DEPARTURE","event_type":"DEPARTURE","event_source":"AUTOMATIC","correction_ind":"false","offroute_ind":"false","direction_ind":"UP","platform":" 1","route":"1","train_service_code":"24604004","division_code":"80","toc_id":"80","timetable_variation":"2","variation_status":"LATE","next_report_stanox":"89512","next_report_run_time":"4","train_terminated":"false","delay_monitoring_point":"false","reporting_stanox":"00000","auto_expected":"true"}},{"header":{"msg_type":"0003","msg_queue_timestamp":"1713565088000","source_system_id":"TRUST","original_data_source":"SMART"},"body":{"train_id":"529G69M819","actual_timestamp":"1713568740000","loc_stanox":"87219","gbtt_timestamp":"1713568740000","planned_timestamp":"1713568740000","planned_event_type":"DESTINATION","event_type":"ARRIVAL","event_source":"AUTOMATIC","correction_ind":"false","offroute_ind":"false","direction_ind":"DOWN","platform":" 2","route":"0","train_service_code":"22218000","division_code":"30","toc_id":"30","timetable_variation":"0","variation_status":"ON TIME","train_terminated":"true","delay_monitoring_point":"true","reporting_stanox":"87219","auto_expected":"true"}},{"header":{"msg_type":"0003","msg_queue_timestamp":"1713565088000","source_system_id":"TRUST","original_data_source":"SMART"},"body":{"train_id":"892U79M819","actual_timestamp":"1713568740000","loc_stanox":"89512","gbtt_timestamp":"1713568680000","planned_timestamp":"1713568650000","planned_event_type":"ARRIVAL","event_type":"ARRIVAL","event_source":"AUTOMATIC","correction_ind":"false","offroute_ind":"false","direction_ind":"UP","line_ind":"1","platform":" 1","route":"0","train_service_code":"24604004","division_code":"80","toc_id":"80","timetable_variation":"2","variation_status":"LATE","next_report_stanox":"89511","next_report_run_time":"1","train_terminated":"false","delay_monitoring_point":"true","reporting_stanox":"89512","auto_expected":"true"}},{"header":{"msg_type":"0003","msg_queue_timestamp":"1713565088000","source_system_id":"TRUST","original_data_source":"SMART"},"body":{"train_id":"382N59M819","actual_timestamp":"1713568620000","loc_stanox":"38182","gbtt_timestamp":"1713568680000","planned_timestamp":"1713568680000","planned_event_type":"DEPARTURE","event_type":"DEPARTURE","event_source":"AUTOMATIC","correction_ind":"false","offroute_ind":"false","direction_ind":"UP","platform":" 1","route":"1","train_service_code":"12305012","division_code":"64","toc_id":"64","timetable_variation":"1","variation_status":"EARLY","next_report_stanox":"38183","next_report_run_time":"1","train_terminated":"false","delay_monitoring_point":"false","reporting_stanox":"00000","auto_expected":"true"}},{"header":{"msg_type":"0003","msg_queue_timestamp":"1713565088000","source_system_id":"TRUST","original_data_source":"SMART"},"body":{"train_id":"352U69M819","actual_timestamp":"1713568740000","loc_stanox":"36076","gbtt_timestamp":"1713568800000","planned_timestamp":"1713568800000","planned_event_type":"ARRIVAL","event_type":"ARRIVAL","event_source":"AUTOMATIC","correction_ind":"false","offroute_ind":"false","direction_ind":"UP","platform":" 1","route":"0","train_service_code":"12302012","division_code":"64","toc_id":"64","timetable_variation":"1","variation_status":"EARLY","next_report_stanox":"36078","next_report_run_time":"2","train_terminated":"false","delay_monitoring_point":"true","reporting_stanox":"36076","auto_expected":"true"}},{"header":{"msg_type":"0003","msg_queue_timestamp":"1713565088000","source_system_id":"TRUST","original_data_source":"SMART"},"body":{"train_id":"652A65M919","actual_timestamp":"1713568740000","loc_stanox":"65669","gbtt_timestamp":"1713568500000","planned_timestamp":"1713568500000","planned_event_type":"ARRIVAL","event_type":"ARRIVAL","event_source":"AUTOMATIC","correction_ind":"false","offroute_ind":"false","direction_ind":"DOWN","platform":" 2","route":"0","train_service_code":"12263310","division_code":"29","toc_id":"29","timetable_variation":"4","variation_status":"LATE","next_report_stanox":"65671","next_report_run_time":"1","train_terminated":"false","delay_monitoring_point":"false","reporting_stanox":"00000","auto_expected":"true"}},{"header":{"msg_type":"0003","msg_queue_timestamp":"1713565089000","source_system_id":"TRUST","original_data_source":"SMART"},"body":{"train_id":"899P86M719","actual_timestamp":"1713568620000","loc_stanox":"63551","gbtt_timestamp":"1713568680000","planned_timestamp":"1713568710000","planned_event_type":"DEPARTURE","event_type":"DEPARTURE","event_source":"AUTOMATIC","correction_ind":"false","offroute_ind":"false","direction_ind":"DOWN","line_ind":"S","platform":" 2","route":"1","train_service_code":"22761000","division_code":"88","toc_id":"88","timetable_variation":"1","variation_status":"EARLY","next_report_stanox":"63547","next_report_run_time":"1","train_terminated":"false","delay_monitoring_point":"false","reporting_stanox":"00000","auto_expected":"true"}},{"header":{"msg_type":"0003","msg_queue_timestamp":"1713565089000","source_system_id":"TRUST","original_data_source":"SMART"},"body":{"train_id":"722C70M819","actual_timestamp":"1713568620000","loc_stanox":"72033","gbtt_timestamp":"1713568620000","planned_timestamp":"1713568620000","planned_event_type":"DEPARTURE","event_type":"DEPARTURE","event_source":"AUTOMATIC","correction_ind":"false","offroute_ind":"false","direction_ind":"UP","platform":" 1","route":"2","train_service_code":"22216000","division_code":"30","toc_id":"30","timetable_variation":"0","variation_status":"ON TIME","next_report_stanox":"72277","next_report_run_time":"1","train_terminated":"false","delay_monitoring_point":"false","reporting_stanox":"00000","auto_expected":"true"}},{"header":{"msg_type":"0003","msg_queue_timestamp":"1713565089000","source_system_id":"TRUST","original_data_source":"SMART"},"body":{"train_id":"722C70M819","actual_timestamp":"1713568740000","loc_stanox":"72277","gbtt_timestamp":"1713568740000","planned_timestamp":"1713568710000","planned_event_type":"ARRIVAL","event_type":"ARRIVAL","event_source":"AUTOMATIC","correction_ind":"false","offroute_ind":"false","direction_ind":"UP","platform":" 1","route":"0","train_service_code":"22216000","division_code":"30","toc_id":"30","timetable_variation":"1","variation_status":"LATE","next_report_stanox":"72272","next_report_run_time":"1","train_terminated":"false","delay_monitoring_point":"true","reporting_stanox":"72277","auto_expected":"true"}},{"header":{"msg_type":"0003","msg_queue_timestamp":"1713565089000","source_system_id":"TRUST","original_data_source":"SMART"},"body":{"train_id":"021B98M719","actual_timestamp":"1713568620000","loc_stanox":"03331","planned_timestamp":"1713567660000","planned_event_type":"DEPARTURE","event_type":"DEPARTURE","event_source":"AUTOMATIC","correction_ind":"false","offroute_ind":"false","direction_ind":"UP","platform":" 1","route":"3","train_service_code":"23541003","division_code":"60","toc_id":"60","timetable_variation":"16","variation_status":"LATE","next_report_stanox":"04203","next_report_run_time":"8","train_terminated":"false","delay_monitoring_point":"true","reporting_stanox":"03331","auto_expected":"true"}},{"header":{"msg_type":"0003","msg_queue_timestamp":"1713565089000","source_system_id":"TRUST","original_data_source":"SMART"},"body":{"train_id":"522O22M919","actual_timestamp":"1713568680000","loc_stanox":"52736","gbtt_timestamp":"1713568740000","planned_timestamp":"1713568710000","planned_event_type":"ARRIVAL","event_type":"ARRIVAL","event_source":"AUTOMATIC","correction_ind":"false","offroute_ind":"false","direction_ind":"DOWN","platform":" 2","route":"0","train_service_code":"21920000","division_code":"21","toc_id":"21","timetable_variation":"0","variation_status":"ON TIME","next_report_stanox":"51938","next_report_run_time":"1","train_terminated":"false","delay_monitoring_point":"true","reporting_stanox":"52736","auto_expected":"true"}},{"header":{"msg_type":"0003","msg_queue_timestamp":"1713565090000","source_system_id":"TRUST","original_data_source":"SMART"},"body":{"train_id":"071M19MX19","actual_timestamp":"1713568740000","loc_stanox":"72410","gbtt_timestamp":"1713570000000","planned_timestamp":"1713570000000","planned_event_type":"DESTINATION","event_type":"ARRIVAL","event_source":"AUTOMATIC","correction_ind":"false","offroute_ind":"false","direction_ind":"UP","platform":" 4","route":"0","train_service_code":"22112001","division_code":"65","toc_id":"65","timetable_variation":"21","variation_status":"EARLY","train_terminated":"true","delay_monitoring_point":"true","reporting_stanox":"72410","auto_expected":"true"}},{"header":{"msg_type":"0003","msg_queue_timestamp":"1713565090000","source_system_id":"TRUST","original_data_source":"SMART"},"body":{"train_id":"885F37M919","actual_timestamp":"1713568620000","loc_stanox":"87601","planned_timestamp":"1713568680000","planned_event_type":"DEPARTURE","event_type":"DEPARTURE","event_source":"AUTOMATIC","correction_ind":"false","offroute_ind":"false","direction_ind":"UP","line_ind":"2","platform":" 3","route":"3","train_service_code":"24657005","division_code":"80","toc_id":"80","timetable_variation":"1","variation_status":"EARLY","next_report_stanox":"88404","next_report_run_time":"1","train_terminated":"false","delay_monitoring_point":"true","reporting_stanox":"87601","auto_expected":"true"}},{"header":{"msg_type":"0003","msg_queue_timestamp":"1713565090000","source_system_id":"TRUST","original_data_source":"SMART"},"body":{"train_id":"882H74M919","actual_timestamp":"1713568680000","loc_stanox":"87647","planned_timestamp":"1713568680000","planned_event_type":"DEPARTURE","event_type":"DEPARTURE","event_source":"AUTOMATIC","correction_ind":"false","offroute_ind":"false","direction_ind":"UP","route":"1","train_service_code":"24787000","division_code":"88","toc_id":"88","timetable_variation":"0","variation_status":"ON TIME","next_report_stanox":"87625","next_report_run_time":"2","train_terminated":"false","delay_monitoring_point":"false","reporting_stanox":"00000","auto_expected":"true"}},{"header":{"msg_type":"0003","msg_queue_timestamp":"1713565090000","source_system_id":"TRUST","original_data_source":"SMART"},"body":{"train_id":"062R36M919","actual_timestamp":"1713568680000","loc_stanox":"06354","gbtt_timestamp":"1713568620000","planned_timestamp":"1713568650000","planned_event_type":"DEPARTURE","event_type":"DEPARTURE","event_source":"AUTOMATIC","correction_ind":"false","offroute_ind":"false","direction_ind":"UP","platform":" 1","route":"3","train_service_code":"23563015","division_code":"60","toc_id":"60","timetable_variation":"1","variation_status":"LATE","next_report_stanox":"06359","next_report_run_time":"2","train_terminated":"false","delay_monitoring_point":"true","reporting_stanox":"06354","auto_expected":"true"}},{"header":{"msg_type":"0003","msg_queue_timestamp":"1713565090000","source_system_id":"TRUST","original_data_source":"SMART"},"body":{"train_id":"182K36M819","actual_timestamp":"1713568740000","loc_stanox":"16602","gbtt_timestamp":"1713568560000","planned_timestamp":"1713568560000","planned_event_type":"ARRIVAL","event_type":"ARRIVAL","event_source":"AUTOMATIC","correction_ind":"false","offroute_ind":"false","direction_ind":"DOWN","platform":" 1","route":"0","train_service_code":"11868820","division_code":"23","toc_id":"23","timetable_variation":"3","variation_status":"LATE","next_report_stanox":"16595","next_report_run_time":"1","train_terminated":"false","delay_monitoring_point":"true","reporting_stanox":"16602","auto_expected":"true"}},{"header":{"msg_type":"0003","msg_queue_timestamp":"1713565090000","source_system_id":"TRUST","original_data_source":"SMART"},"body":{"train_id":"639O81M819","actual_timestamp":"1713568620000","loc_stanox":"87247","gbtt_timestamp":"1713568500000","planned_timestamp":"1713568530000","planned_event_type":"DEPARTURE","event_type":"DEPARTURE","event_source":"AUTOMATIC","correction_ind":"false","offroute_ind":"false","direction_ind":"DOWN","platform":" 2","route":"1","train_service_code":"22728000","division_code":"88","toc_id":"88","timetable_variation":"2","variation_status":"LATE","next_report_stanox":"87249","next_report_run_time":"3","train_terminated":"false","delay_monitoring_point":"false","reporting_stanox":"00000","auto_expected":"true"}},{"header":{"msg_type":"0003","msg_queue_timestamp":"1713565090000","source_system_id":"TRUST","original_data_source":"SMART"},"body":{"train_id":"062H20M919","actual_timestamp":"1713568620000","loc_stanox":"06136","gbtt_timestamp":"1713568620000","planned_timestamp":"1713568620000","planned_event_type":"DEPARTURE","event_type":"DEPARTURE","event_source":"AUTOMATIC","correction_ind":"false","offroute_ind":"false","direction_ind":"UP","platform":" 1","route":"2","train_service_code":"13560015","division_code":"60","toc_id":"60","timetable_variation":"0","variation_status":"ON TIME","next_report_stanox":"06137","next_report_run_time":"1","train_terminated":"false","delay_monitoring_point":"true","reporting_stanox":"06136","auto_expected":"true"}},{"header":{"msg_type":"0003","msg_queue_timestamp":"1713565090000","source_system_id":"TRUST","original_data_source":"SMART"},"body":{"train_id":"882D58M819","actual_timestamp":"1713568620000","loc_stanox":"88475","gbtt_timestamp":"1713568440000","planned_timestamp":"1713568470000","planned_event_type":"DEPARTURE","event_type":"DEPARTURE","event_source":"AUTOMATIC","correction_ind":"false","offroute_ind":"false","direction_ind":"UP","platform":" 2","route":"2","train_service_code":"24652005","division_code":"80","toc_id":"80","timetable_variation":"3","variation_status":"LATE","next_report_stanox":"88278","next_report_run_time":"3","train_terminated":"false","delay_monitoring_point":"false","reporting_stanox":"00000","auto_expected":"true"}},{"header":{"msg_type":"0003","msg_queue_timestamp":"1713565090000","source_system_id":"TRUST","original_data_source":"SMART"},"body":{"train_id":"772T62M819","actual_timestamp":"1713568620000","loc_stanox":"78008","gbtt_timestamp":"1713567540000","planned_timestamp":"1713567540000","planned_event_type":"DEPARTURE","event_type":"DEPARTURE","event_source":"AUTOMATIC","correction_ind":"false","offroute_ind":"false","direction_ind":"UP","line_ind":"U","platform":" 2","route":"2","train_service_code":"25447000","division_code":"71","toc_id":"71","timetable_variation":"18","variation_status":"LATE","next_report_stanox":"78006","next_report_run_time":"2","train_terminated":"false","delay_monitoring_point":"true","reporting_stanox":"78008","auto_expected":"true"}},{"header":{"msg_type":"0003","msg_queue_timestamp":"1713565090000","source_system_id":"TRUST","original_data_source":"SMART"},"body":{"train_id":"062H20M919","actual_timestamp":"1713568740000","loc_stanox":"06137","gbtt_timestamp":"1713568740000","planned_timestamp":"1713568710000","planned_event_type":"ARRIVAL","event_type":"ARRIVAL","event_source":"AUTOMATIC","correction_ind":"false","offroute_ind":"false","direction_ind":"UP","platform":" 1","route":"0","train_service_code":"13560015","division_code":"60","toc_id":"60","timetable_variation":"1","variation_status":"LATE","next_report_stanox":"06211","next_report_run_time":"1","train_terminated":"false","delay_monitoring_point":"false","reporting_stanox":"00000","auto_expected":"true"}}]