[{"header":{"msg_type":"0003","msg_queue_timestamp":"1713156915000","source_system_id":"TRUST","original_data_source":"GPS","user_id":"GPSN01"},"body":{"train_id":"321N50M415","actual_timestamp":"1713160440000","loc_stanox":"30116","planned_timestamp":"1713160440000","planned_event_type":"DEPARTURE","event_type":"DEPARTURE","event_source":"MANUAL","correction_ind":"false","offroute_ind":"false","train_service_code":"12362822","division_code":"23","toc_id":"23","timetable_variation":"0","variation_status":"ON TIME","next_report_stanox":"30044","next_report_run_time":"7","train_terminated":"false","delay_monitoring_point":"false","reporting_stanox":"00000"}},{"header":{"msg_type":"0003","msg_queue_timestamp":"1713156915000","source_system_id":"TRUST","original_data_source":"GPS","user_id":"GPSN01"},"body":{"train_id":"325S03M515","actual_timestamp":"1713160440000","loc_stanox":"32063","planned_timestamp":"1713160440000","planned_event_type":"DEPARTURE","event_type":"DEPARTURE","event_source":"MANUAL","correction_ind":"false","offroute_ind":"false","train_service_code":"12226820","division_code":"23","toc_id":"23","timetable_variation":"0","variation_status":"ON TIME","next_report_stanox":"32552","next_report_run_time":"5","train_terminated":"false","delay_monitoring_point":"false","reporting_stanox":"00000","auto_expected":"true"}},{"header":{"msg_type":"0003","msg_queue_timestamp":"1713156915000","source_system_id":"TRUST","original_data_source":"GPS","user_id":"GPSN01"},"body":{"train_id":"092H29M515","actual_timestamp":"1713160500000","loc_stanox":"11565","gbtt_timestamp":"1713160560000","planned_timestamp":"1713160530000","planned_event_type":"ARRIVAL","event_type":"ARRIVAL","event_source":"MANUAL","correction_ind":"false","offroute_ind":"false","route":"0","train_service_code":"21869000","division_code":"23","toc_id":"23","timetable_variation":"0","variation_status":"ON TIME","next_report_stanox":"11563","next_report_run_time":"1","train_terminated":"false","delay_monitoring_point":"false","reporting_stanox":"00000"}},{"header":{"msg_type":"0003","msg_queue_timestamp":"1713156915000","source_system_id":"TRUST","original_data_source":"GPS","user_id":"GPSN01"},"body":{"train_id":"122N01M515","actual_timestamp":"1713160500000","loc_stanox":"13403","gbtt_timestamp":"1713160440000","planned_timestamp":"1713160440000","planned_event_type":"DEPARTURE","event_type":"DEPARTURE","event_source":"MANUAL","correction_ind":"false","offroute_ind":"false","train_service_code":"21793000","division_code":"23","toc_id":"23","timetable_variation":"1","variation_status":"LATE","next_report_stanox":"13327","next_report_run_time":"5","train_terminated":"false","delay_monitoring_point":"false","reporting_stanox":"00000","auto_expected":"true"}},{"header":{"msg_type":"0003","msg_queue_timestamp":"1713156915000","source_system_id":"TRUST","original_data_source":"SDR","user_id":"#QRPETFD","source_dev_id":"VX4J"},"body":{"train_id":"115C32M515","actual_timestamp":"1713160440000","loc_stanox":"11221","planned_timestamp":"1713160320000","planned_event_type":"DEPARTURE","event_type":"DEPARTURE","event_source":"MANUAL","correction_ind":"false","offroute_ind":"false","train_service_code":"22358000","division_code":"23","toc_id":"23","timetable_variation":"2","variation_status":"LATE","next_report_stanox":"11211","next_report_run_time":"7","train_terminated":"false","delay_monitoring_point":"false","reporting_stanox":"00000"}},{"header":{"msg_type":"0003","msg_queue_timestamp":"1713156915000","source_system_id":"TRUST","original_data_source":"SMART"},"body":{"train_id":"322K10M515","actual_timestamp":"1713160500000","loc_stanox":"32561","planned_timestamp":"1713160500000","planned_event_type":"DEPARTURE","event_type":"DEPARTURE","event_source":"AUTOMATIC","correction_ind":"false","offroute_ind":"false","direction_ind":"UP","route":"2","train_service_code":"12231820","division_code":"23","toc_id":"23","timetable_variation":"0","variation_status":"ON TIME","next_report_stanox":"32563","next_report_run_time":"1","train_terminated":"false","delay_monitoring_point":"false","reporting_stanox":"00000","auto_expected":"true"}},{"header":{"msg_type":"0003","msg_queue_timestamp":"1713156915000","source_system_id":"TRUST","original_data_source":"SMART"},"body":{"train_id":"325S03M515","actual_timestamp":"1713160440000","loc_stanox":"32063","planned_timestamp":"1713160440000","planned_event_type":"DEPARTURE","event_type":"DEPARTURE","event_source":"AUTOMATIC","correction_ind":"false","offroute_ind":"false","direction_ind":"UP","route":"1","train_service_code":"12226820","division_code":"23","toc_id":"23","timetable_variation":"0","variation_status":"ON TIME","next_report_stanox":"32552","next_report_run_time":"5","train_terminated":"false","delay_monitoring_point":"false","reporting_stanox":"00000","auto_expected":"true"}},{"header":{"msg_type":"0003","msg_queue_timestamp":"1713156915000","source_system_id":"TRUST","original_data_source":"SMART"},"body":{"train_id":"472H01M415","actual_timestamp":"1713160440000","loc_stanox":"52736","planned_timestamp":"1713160560000","planned_event_type":"DEPARTURE","event_type":"DEPARTURE","event_source":"AUTOMATIC","correction_ind":"false","offroute_ind":"false","direction_ind":"UP","line_ind":"F","platform":" 1","route":"3","train_service_code":"21913000","division_code":"21","toc_id":"21","timetable_variation":"2","variation_status":"EARLY","next_report_stanox":"52739","next_report_run_time":"3","train_terminated":"false","delay_monitoring_point":"true","reporting_stanox":"52736","auto_expected":"true"}},{"header":{"msg_type":"0003","msg_queue_timestamp":"1713156915000","source_system_id":"TRUST","original_data_source":"SMART"},"body":{"train_id":"509Y27M515","actual_timestamp":"1713160500000","loc_stanox":"50438","gbtt_timestamp":"1713160560000","planned_timestamp":"1713160530000","planned_event_type":"ARRIVAL","event_type":"ARRIVAL","event_source":"AUTOMATIC","correction_ind":"false","offroute_ind":"false","direction_ind":"UP","platform":" 1","route":"0","train_service_code":"21381001","division_code":"33","toc_id":"33","timetable_variation":"0","variation_status":"ON TIME","next_report_stanox":"52226","next_report_run_time":"1","train_terminated":"false","delay_monitoring_point":"false","reporting_stanox":"00000","auto_expected":"true"}},{"header":{"msg_type":"0003","msg_queue_timestamp":"1713156915000","source_system_id":"TRUST","original_data_source":"SMART"},"body":{"train_id":"521K02M515","actual_timestamp":"1713160440000","loc_stanox":"50401","planned_event_type":"DEPARTURE","event_type":"DEPARTURE","event_source":"AUTOMATIC","correction_ind":"false","offroute_ind":"true","train_service_code":"21943001","division_code":"21","toc_id":"21","timetable_variation":"0","variation_status":"OFF ROUTE","train_terminated":"false","delay_monitoring_point":"false"}},{"header":{"msg_type":"0003","msg_queue_timestamp":"1713156915000","source_system_id":"TRUST","original_data_source":"SMART"},"body":{"train_id":"321C51M515","actual_timestamp":"1713160500000","loc_stanox":"33088","gbtt_timestamp":"1713160500000","planned_timestamp":"1713160500000","planned_event_type":"DEPARTURE","event_type":"DEPARTURE","event_source":"AUTOMATIC","correction_ind":"false","offroute_ind":"false","direction_ind":"DOWN","platform":" 2","route":"1","train_service_code":"12357820","division_code":"23","toc_id":"23","timetable_variation":"0","variation_status":"ON TIME","next_report_stanox":"33102","next_report_run_time":"1","train_terminated":"false","delay_monitoring_point":"true","reporting_stanox":"33088","auto_expected":"true"}}]