[{"header":{"msg_type":"0003","msg_queue_timestamp":"1713133461000","source_system_id":"TRUST","original_data_source":"SMART"},"body":{"train_id":"511D651814","actual_timestamp":"1713137040000","loc_stanox":"52703","planned_timestamp":"1713137070000","planned_event_type":"DEPARTURE","event_type":"DEPARTURE","event_source":"AUTOMATIC","correction_ind":"false","offroute_ind":"false","direction_ind":"UP","line_ind":"U","route":"1","train_service_code":"21936004","division_code":"79","toc_id":"79","timetable_variation":"0","variation_status":"ON TIME","next_report_stanox":"52705","next_report_run_time":"2","train_terminated":"false","delay_monitoring_point":"false","reporting_stanox":"00000","auto_expected":"true"}},{"header":{"msg_type":"0003","msg_queue_timestamp":"1713133461000","source_system_id":"TRUST","original_data_source":"SMART"},"body":{"train_id":"881D70M914","actual_timestamp":"1713137040000","loc_stanox":"88709","gbtt_timestamp":"1713137040000","planned_timestamp":"1713137040000","planned_event_type":"DEPARTURE","event_type":"DEPARTURE","event_source":"AUTOMATIC","correction_ind":"false","offroute_ind":"false","direction_ind":"UP","platform":" 1","route":"1","train_service_code":"24657005","division_code":"80","toc_id":"80","timetable_variation":"0","variation_status":"ON TIME","next_report_stanox":"88705","next_report_run_time":"1","train_terminated":"false","delay_monitoring_point":"false","reporting_stanox":"00000","auto_expected":"true"}},{"header":{"msg_type":"0003","msg_queue_timestamp":"1713133461000","source_system_id":"TRUST","original_data_source":"SMART"},"body":{"train_id":"881D70M914","actual_timestamp":"1713137100000","loc_stanox":"88705","gbtt_timestamp":"1713137160000","planned_timestamp":"1713137130000","planned_event_type":"ARRIVAL","event_type":"ARRIVAL","event_source":"AUTOMATIC","correction_ind":"false","offroute_ind":"false","direction_ind":"UP","platform":" 1","route":"0","train_service_code":"24657005","division_code":"80","toc_id":"80","timetable_variation":"0","variation_status":"ON TIME","next_report_stanox":"88699","next_report_run_time":"1","train_terminated":"false","delay_monitoring_point":"false","reporting_stanox":"00000","auto_expected":"true"}},{"header":{"msg_type":"0003","msg_queue_timestamp":"1713133461000","source_system_id":"TRUST","original_data_source":"SMART"},"body":{"train_id":"472H71M814","actual_timestamp":"1713136980000","loc_stanox":"51914","planned_timestamp":"1713136980000","planned_event_type":"DEPARTURE","event_type":"DEPARTURE","event_source":"AUTOMATIC","correction_ind":"false","offroute_ind":"false","direction_ind":"UP","line_ind":"U","platform":" 1","route":"2","train_service_code":"21913000","division_code":"21","toc_id":"21","timetable_variation":"0","variation_status":"ON TIME","next_report_stanox":"51931","next_report_run_time":"5","train_terminated":"false","delay_monitoring_point":"true","reporting_stanox":"51914","auto_expected":"true"}},{"header":{"msg_type":"0003","msg_queue_timestamp":"1713133461000","source_system_id":"TRUST","original_data_source":"SMART"},"body":{"train_id":"362K60M914","actual_timestamp":"1713137040000","loc_stanox":"36050","gbtt_timestamp":"1713136980000","planned_timestamp":"1713136980000","planned_event_type":"DEPARTURE","event_type":"DEPARTURE","event_source":"AUTOMATIC","correction_ind":"false","offroute_ind":"false","direction_ind":"DOWN","platform":" 1","route":"1","train_service_code":"12303012","division_code":"64","toc_id":"64","timetable_variation":"1","variation_status":"LATE","next_report_stanox":"36051","next_report_run_time":"2","train_terminated":"false","delay_monitoring_point":"true","reporting_stanox":"36050","auto_expected":"true"}},{"header":{"msg_type":"0003","msg_queue_timestamp":"1713133461000","source_system_id":"TRUST","original_data_source":"SMART"},"body":{"train_id":"362K60M914","actual_timestamp":"1713137100000","loc_stanox":"36051","gbtt_timestamp":"1713137100000","planned_timestamp":"1713137100000","planned_event_type":"DESTINATION","event_type":"ARRIVAL","event_source":"AUTOMATIC","correction_ind":"false","offroute_ind":"false","direction_ind":"DOWN","platform":" 1","route":"0","train_service_code":"12303012","division_code":"64","toc_id":"64","timetable_variation":"0","variation_status":"ON TIME","train_terminated":"true","delay_monitoring_point":"true","reporting_stanox":"36051","auto_expected":"true"}},{"header":{"msg_type":"0003","msg_queue_timestamp":"1713133461000","source_system_id":"TRUST","original_data_source":"SMART"},"body":{"train_id":"382W58M914","actual_timestamp":"1713136980000","loc_stanox":"38157","gbtt_timestamp":"1713137040000","planned_timestamp":"1713137040000","planned_event_type":"DEPARTURE","event_type":"DEPARTURE","event_source":"AUTOMATIC","correction_ind":"false","offroute_ind":"false","direction_ind":"UP","platform":" 1","route":"2","train_service_code":"12305012","division_code":"64","toc_id":"64","timetable_variation":"1","variation_status":"EARLY","next_report_stanox":"38185","next_report_run_time":"2","train_terminated":"false","delay_monitoring_point":"false","reporting_stanox":"00000","auto_expected":"true"}},{"header":{"msg_type":"0003","msg_queue_timestamp":"1713133461000","source_system_id":"TRUST","original_data_source":"SMART"},"body":{"train_id":"532V75M914","actual_timestamp":"1713137100000","loc_stanox":"54031","gbtt_timestamp":"1713137100000","planned_timestamp":"1713137070000","planned_event_type":"ARRIVAL","event_type":"ARRIVAL","event_source":"AUTOMATIC","correction_ind":"false","offroute_ind":"false","direction_ind":"UP","platform":" 1","route":"0","train_service_code":"21723000","division_code":"88","toc_id":"88","timetable_variation":"1","variation_status":"LATE","next_report_stanox":"54103","next_report_run_time":"1","train_terminated":"false","delay_monitoring_point":"false","reporting_stanox":"00000","auto_expected":"true"}},{"header":{"msg_type":"0003","msg_queue_timestamp":"1713133461000","source_system_id":"TRUST","original_data_source":"SMART"},"body":{"train_id":"881H76M814","actual_timestamp":"1713136980000","loc_stanox":"89393","gbtt_timestamp":"1713136980000","planned_timestamp":"1713137010000","planned_event_type":"DEPARTURE","event_type":"DEPARTURE","event_source":"AUTOMATIC","correction_ind":"false","offroute_ind":"false","direction_ind":"UP","platform":" 1","route":"1","train_service_code":"24602004","division_code":"80","toc_id":"80","timetable_variation":"0","variation_status":"ON TIME","next_report_stanox":"89381","next_report_run_time":"4","train_terminated":"false","delay_monitoring_point":"false","reporting_stanox":"00000","auto_expected":"true"}},{"header":{"msg_type":"0003","msg_queue_timestamp":"1713133462000","source_system_id":"TRUST","original_data_source":"SMART"},"body":{"train_id":"862L80M814","actual_timestamp":"1713137040000","loc_stanox":"87219","gbtt_timestamp":"1713137040000","planned_timestamp":"1713137040000","planned_event_type":"DEPARTURE","event_type":"DEPARTURE","event_source":"AUTOMATIC","correction_ind":"false","offroute_ind":"false","direction_ind":"UP","line_ind":"F","platform":" 7","route":"7","train_service_code":"24629204","division_code":"84","toc_id":"84","timetable_variation":"0","variation_status":"ON TIME","next_report_stanox":"87286","next_report_run_time":"7","train_terminated":"false","delay_monitoring_point":"true","reporting_stanox":"87219","auto_expected":"true"}},{"header":{"msg_type":"0003","msg_queue_timestamp":"1713133462000","source_system_id":"TRUST","original_data_source":"SMART"},"body":{"train_id":"875L691914","actual_timestamp":"1713137100000","loc_stanox":"87603","planned_timestamp":"1713137190000","planned_event_type":"ARRIVAL","event_type":"ARRIVAL","event_source":"AUTOMATIC","correction_ind":"false","offroute_ind":"false","route":"0","train_service_code":"24788005","division_code":"88","toc_id":"88","timetable_variation":"1","variation_status":"EARLY","next_report_stanox":"87626","next_report_run_time":"1","train_terminated":"false","delay_monitoring_point":"true","reporting_stanox":"87603","auto_expected":"true"}},{"header":{"msg_type":"0003","msg_queue_timestamp":"1713133462000","source_system_id":"TRUST","original_data_source":"SMART"},"body":{"train_id":"529G71M914","actual_timestamp":"1713137040000","loc_stanox":"87572","gbtt_timestamp":"1713137040000","planned_timestamp":"1713137010000","planned_event_type":"ARRIVAL","event_type":"ARRIVAL","event_source":"AUTOMATIC","correction_ind":"false","offroute_ind":"false","direction_ind":"DOWN","platform":" 2","route":"0","train_service_code":"22218000","division_code":"30","toc_id":"30","timetable_variation":"1","variation_status":"LATE","next_report_stanox":"87574","next_report_run_time":"1","train_terminated":"false","delay_monitoring_point":"false","reporting_stanox":"00000","auto_expected":"true"}},{"header":{"msg_type":"0003","msg_queue_timestamp":"1713133462000","source_system_id":"TRUST","original_data_source":"SMART"},"body":{"train_id":"882V66M914","actual_timestamp":"1713136980000","loc_stanox":"88415","gbtt_timestamp":"1713137040000","planned_timestamp":"1713137040000","planned_event_type":"DEPARTURE","event_type":"DEPARTURE","event_source":"AUTOMATIC","correction_ind":"false","offroute_ind":"false","direction_ind":"DOWN","platform":" 2","route":"3","train_service_code":"24653005","division_code":"80","toc_id":"80","timetable_variation":"1","variation_status":"EARLY","next_report_stanox":"88310","next_report_run_time":"1","train_terminated":"false","delay_monitoring_point":"true","reporting_stanox":"88415","auto_expected":"true"}},{"header":{"msg_type":"0003","msg_queue_timestamp":"1713133462000","source_system_id":"TRUST","original_data_source":"SMART"},"body":{"train_id":"361B96M714","actual_timestamp":"1713137100000","loc_stanox":"24108","planned_timestamp":"1713137280000","planned_event_type":"ARRIVAL","event_type":"ARRIVAL","event_source":"AUTOMATIC","correction_ind":"false","offroute_ind":"false","route":"0","train_service_code":"11817020","division_code":"20","toc_id":"20","timetable_variation":"3","variation_status":"EARLY","next_report_stanox":"24314","next_report_run_time":"3","train_terminated":"false","delay_monitoring_point":"true","reporting_stanox":"24108","auto_expected":"true"}},{"header":{"msg_type":"0003","msg_queue_timestamp":"1713133462000","source_system_id":"TRUST","original_data_source":"SMART"},"body":{"train_id":"872F76M814","actual_timestamp":"1713136980000","loc_stanox":"86003","gbtt_timestamp":"1713136920000","planned_timestamp":"1713136950000","planned_event_type":"DEPARTURE","event_type":"DEPARTURE","event_source":"AUTOMATIC","correction_ind":"false","offroute_ind":"false","direction_ind":"UP","line_ind":"S","platform":" 1","route":"1","train_service_code":"24673605","division_code":"84","toc_id":"84","timetable_variation":"1","variation_status":"LATE","next_report_stanox":"86002","next_report_run_time":"3","train_terminated":"false","delay_monitoring_point":"false","reporting_stanox":"00000","auto_expected":"true"}},{"header":{"msg_type":"0003","msg_queue_timestamp":"1713133462000","source_system_id":"TRUST","original_data_source":"SMART"},"body":{"train_id":"252N76M814","actual_timestamp":"1713137100000","loc_stanox":"18067","gbtt_timestamp":"1713137160000","planned_timestamp":"1713137130000","planned_event_type":"ARRIVAL","event_type":"ARRIVAL","event_source":"AUTOMATIC","correction_ind":"false","offroute_ind":"false","direction_ind":"DOWN","platform":" 2","route":"0","train_service_code":"11810920","division_code":"23","toc_id":"23","timetable_variation":"0","variation_status":"ON TIME","next_report_stanox":"18064","next_report_run_time":"1","train_terminated":"false","delay_monitoring_point":"true","reporting_stanox":"18067","auto_expected":"true"}},{"header":{"msg_type":"0003","msg_queue_timestamp":"1713133462000","source_system_id":"TRUST","original_data_source":"SMART"},"body":{"train_id":"872M66M814","actual_timestamp":"1713137100000","loc_stanox":"89342","gbtt_timestamp":"1713137100000","planned_timestamp":"1713137070000","planned_event_type":"ARRIVAL","event_type":"ARRIVAL","event_source":"AUTOMATIC","correction_ind":"false","offroute_ind":"false","direction_ind":"DOWN","platform":" 2","route":"0","train_service_code":"24652005","division_code":"80","toc_id":"80","timetable_variation":"1","variation_status":"LATE","next_report_stanox":"89351","next_report_run_time":"1","train_terminated":"false","delay_monitoring_point":"false","reporting_stanox":"00000","auto_expected":"true"}},{"header":{"msg_type":"0003","msg_queue_timestamp":"1713133463000","source_system_id":"TRUST","original_data_source":"SMART"},"body":{"train_id":"762N30M814","actual_timestamp":"1713136980000","loc_stanox":"76627","gbtt_timestamp":"1713136980000","planned_timestamp":"1713137010000","planned_event_type":"DEPARTURE","event_type":"DEPARTURE","event_source":"AUTOMATIC","correction_ind":"false","offroute_ind":"false","direction_ind":"DOWN","line_ind":"D","route":"1","train_service_code":"25444001","division_code":"71","toc_id":"71","timetable_variation":"0","variation_status":"ON TIME","next_report_stanox":"76507","next_report_run_time":"2","train_terminated":"false","delay_monitoring_point":"false","reporting_stanox":"00000","auto_expected":"true"}},{"header":{"msg_type":"0003","msg_queue_timestamp":"1713133463000","source_system_id":"TRUST","original_data_source":"SMART"},"body":{"train_id":"762N30M814","actual_timestamp":"1713137040000","loc_stanox":"76507","planned_timestamp":"1713137100000","planned_event_type":"DEPARTURE","event_type":"DEPARTURE","event_source":"AUTOMATIC","correction_ind":"false","offroute_ind":"false","direction_ind":"DOWN","line_ind":"D","route":"1","train_service_code":"25444001","division_code":"71","toc_id":"71","timetable_variation":"1","variation_status":"EARLY","next_report_stanox":"76505","next_report_run_time":"1","train_terminated":"false","delay_monitoring_point":"false","reporting_stanox":"00000","auto_expected":"true"}},{"header":{"msg_type":"0003","msg_queue_timestamp":"1713133463000","source_system_id":"TRUST","original_data_source":"SMART"},"body":{"train_id":"445P32M814","actual_timestamp":"1713137040000","loc_stanox":"26305","planned_timestamp":"1713137430000","planned_event_type":"DEPARTURE","event_type":"DEPARTURE","event_source":"AUTOMATIC","correction_ind":"false","offroute_ind":"false","direction_ind":"DOWN","line_ind":"M","route":"2","train_service_code":"11804920","division_code":"23","toc_id":"23","timetable_variation":"6","variation_status":"EARLY","next_report_stanox":"26591","next_report_run_time":"2","train_terminated":"false","delay_monitoring_point":"false","reporting_stanox":"00000","auto_expected":"true"}},{"header":{"msg_type":"0003","msg_queue_timestamp":"1713133463000","source_system_id":"TRUST","original_data_source":"SMART"},"body":{"train_id":"185E77M914","actual_timestamp":"1713137040000","loc_stanox":"17196","planned_timestamp":"1713137730000","planned_event_type":"DEPARTURE","event_type":"DEPARTURE","event_source":"AUTOMATIC","correction_ind":"false","offroute_ind":"false","direction_ind":"DOWN","line_ind":"M","route":"1","train_service_code":"11841820","division_code":"23","toc_id":"23","timetable_variation":"11","variation_status":"EARLY","next_report_stanox":"17192","next_report_run_time":"2","train_terminated":"false","delay_monitoring_point":"true","reporting_stanox":"17196","auto_expected":"true"}},{"header":{"msg_type":"0003","msg_queue_timestamp":"1713133463000","source_system_id":"TRUST","original_data_source":"SMART"},"body":{"train_id":"721S25MZ14","actual_timestamp":"1713137040000","loc_stanox":"44365","planned_timestamp":"1713137100000","planned_event_type":"DEPARTURE","event_type":"DEPARTURE","event_source":"AUTOMATIC","correction_ind":"false","offroute_ind":"false","direction_ind":"DOWN","line_ind":"M","route":"2","train_service_code":"23558003","division_code":"35","toc_id":"35","timetable_variation":"1","variation_status":"EARLY","next_report_stanox":"44304","next_report_run_time":"6","train_terminated":"false","delay_monitoring_point":"false","train_file_address":"G55","reporting_stanox":"00000","auto_expected":"true"}},{"header":{"msg_type":"0003","msg_queue_timestamp":"1713133463000","source_system_id":"TRUST","original_data_source":"SMART"},"body":{"train_id":"741Y85M814","actual_timestamp":"1713137040000","loc_stanox":"63006","gbtt_timestamp":"1713137040000","planned_timestamp":"1713137040000","planned_event_type":"DEPARTURE","event_type":"DEPARTURE","event_source":"AUTOMATIC","correction_ind":"false","offroute_ind":"false","direction_ind":"UP","platform":" 1","route":"2","train_service_code":"25535004","division_code":"74","toc_id":"74","timetable_variation":"0","variation_status":"ON TIME","next_report_stanox":"63018","next_report_run_time":"2","train_terminated":"false","delay_monitoring_point":"false","reporting_stanox":"00000","auto_expected":"true"}},{"header":{"msg_type":"0003","msg_queue_timestamp":"1713133464000","source_system_id":"TRUST","original_data_source":"SMART"},"body":{"train_id":"722A24M914","actual_timestamp":"1713137100000","loc_stanox":"72010","gbtt_timestamp":"1713136680000","planned_timestamp":"1713136680000","planned_event_type":"ARRIVAL","event_type":"ARRIVAL","event_source":"AUTOMATIC","correction_ind":"false","offroute_ind":"false","direction_ind":"UP","platform":" 2","route":"0","train_service_code":"24680004","division_code":"91","toc_id":"91","timetable_variation":"7","variation_status":"LATE","next_report_stanox":"72020","next_report_run_time":"1","train_terminated":"false","delay_monitoring_point":"false","reporting_stanox":"00000","auto_expected":"true"}},{"header":{"msg_type":"0003","msg_queue_timestamp":"1713133464000","source_system_id":"TRUST","original_data_source":"SMART"},"body":{"train_id":"722A24M914","actual_timestamp":"1713136980000","loc_stanox":"72009","gbtt_timestamp":"1713136560000","planned_timestamp":"1713136590000","planned_event_type":"DEPARTURE","event_type":"DEPARTURE","event_source":"AUTOMATIC","correction_ind":"false","offroute_ind":"false","direction_ind":"UP","platform":" 2","route":"2","train_service_code":"24680004","division_code":"91","toc_id":"91","timetable_variation":"7","variation_status":"LATE","next_report_stanox":"72010","next_report_run_time":"2","train_terminated":"false","delay_monitoring_point":"false","reporting_stanox":"00000","auto_expected":"true"}},{"header":{"msg_type":"0003","msg_queue_timestamp":"1713133464000","source_system_id":"TRUST","original_data_source":"SMART"},"body":{"train_id":"501K671814","actual_timestamp":"1713137040000","loc_stanox":"50434","planned_timestamp":"1713137010000","planned_event_type":"DEPARTURE","event_type":"DEPARTURE","event_source":"AUTOMATIC","correction_ind":"false","offroute_ind":"false","direction_ind":"UP","line_ind":"M","route":"2","train_service_code":"21943001","division_code":"21","toc_id":"21","timetable_variation":"1","variation_status":"LATE","next_report_stanox":"52226","next_report_run_time":"3","train_terminated":"false","delay_monitoring_point":"true","reporting_stanox":"50434","auto_expected":"true"}},{"header":{"msg_type":"0003","msg_queue_timestamp":"1713133464000","source_system_id":"TRUST","original_data_source":"SMART"},"body":{"train_id":"521D641914","actual_timestamp":"1713137040000","loc_stanox":"52705","gbtt_timestamp":"1713137160000","planned_timestamp":"1713137130000","planned_event_type":"ARRIVAL","event_type":"ARRIVAL","event_source":"AUTOMATIC","correction_ind":"false","offroute_ind":"false","direction_ind":"DOWN","platform":" 2","route":"0","train_service_code":"21936004","division_code":"79","toc_id":"79","timetable_variation":"1","variation_status":"EARLY","next_report_stanox":"52703","next_report_run_time":"2","train_terminated":"false","delay_monitoring_point":"true","reporting_stanox":"52705","auto_expected":"true"}},{"header":{"msg_type":"0003","msg_queue_timestamp":"1713133464000","source_system_id":"TRUST","original_data_source":"SMART"},"body":{"train_id":"045Y32M914","actual_timestamp":"1713136980000","loc_stanox":"04237","gbtt_timestamp":"1713137040000","planned_timestamp":"1713137040000","planned_event_type":"DEPARTURE","event_type":"DEPARTURE","event_source":"AUTOMATIC","correction_ind":"false","offroute_ind":"false","direction_ind":"UP","route":"1","train_service_code":"23584003","division_code":"60","toc_id":"60","timetable_variation":"1","variation_status":"EARLY","next_report_stanox":"04718","next_report_run_time":"2","train_terminated":"false","delay_monitoring_point":"true","reporting_stanox":"04237","auto_expected":"true"}},{"header":{"msg_type":"0003","msg_queue_timestamp":"1713133464000","source_system_id":"TRUST","original_data_source":"SMART"},"body":{"train_id":"521Z641814","actual_timestamp":"1713137100000","loc_stanox":"51016","gbtt_timestamp":"1713137160000","planned_timestamp":"1713137160000","planned_event_type":"ARRIVAL","event_type":"ARRIVAL","event_source":"AUTOMATIC","correction_ind":"false","offroute_ind":"false","direction_ind":"DOWN","platform":" 3","route":"0","train_service_code":"21936004","division_code":"79","toc_id":"79","timetable_variation":"1","variation_status":"EARLY","next_report_stanox":"51014","next_report_run_time":"2","train_terminated":"false","delay_monitoring_point":"true","reporting_stanox":"51016","auto_expected":"true"}},{"header":{"msg_type":"0003","msg_queue_timestamp":"1713133464000","source_system_id":"TRUST","original_data_source":"SMART"},"body":{"train_id":"471B37M814","actual_timestamp":"1713137040000","loc_stanox":"52736","planned_timestamp":"1713137070000","planned_event_type":"DEPARTURE","event_type":"DEPARTURE","event_source":"AUTOMATIC","correction_ind":"false","offroute_ind":"false","direction_ind":"UP","line_ind":"F","platform":" 1","route":"3","train_service_code":"21911000","division_code":"21","toc_id":"21","timetable_variation":"0","variation_status":"ON TIME","next_report_stanox":"52739","next_report_run_time":"4","train_terminated":"false","delay_monitoring_point":"true","reporting_stanox":"52736","auto_expected":"true"}},{"header":{"msg_type":"0003","msg_queue_timestamp":"1713133465000","source_system_id":"TRUST","original_data_source":"SMART"},"body":{"train_id":"471T68M814","actual_timestamp":"1713137040000","loc_stanox":"46272","planned_timestamp":"1713137070000","planned_event_type":"DEPARTURE","event_type":"DEPARTURE","event_source":"AUTOMATIC","correction_ind":"false","offroute_ind":"false","direction_ind":"DOWN","line_ind":"K","route":"1","train_service_code":"21725000","division_code":"88","toc_id":"88","timetable_variation":"0","variation_status":"ON TIME","next_report_stanox":"46259","next_report_run_time":"4","train_terminated":"false","delay_monitoring_point":"true","reporting_stanox":"46272","auto_expected":"true"}},{"header":{"msg_type":"0003","msg_queue_timestamp":"1713133465000","source_system_id":"TRUST","original_data_source":"SMART"},"body":{"train_id":"652O58M914","actual_timestamp":"1713137040000","loc_stanox":"66519","gbtt_timestamp":"1713137100000","planned_timestamp":"1713137100000","planned_event_type":"DEPARTURE","event_type":"DEPARTURE","event_source":"AUTOMATIC","correction_ind":"false","offroute_ind":"false","direction_ind":"DOWN","line_ind":"M","platform":" 2","route":"1","train_service_code":"12272320","division_code":"29","toc_id":"29","timetable_variation":"1","variation_status":"EARLY","next_report_stanox":"66525","next_report_run_time":"4","train_terminated":"false","delay_monitoring_point":"true","reporting_stanox":"66519","auto_expected":"true"}}]