[{"header":{"msg_type":"0003","msg_queue_timestamp":"1713110891000","source_system_id":"TRUST","original_data_source":"SMART"},"body":{"train_id":"723U891U14","actual_timestamp":"1713114480000","loc_stanox":"72282","gbtt_timestamp":"1713114480000","planned_timestamp":"1713114480000","planned_event_type":"DEPARTURE","event_type":"DEPARTURE","event_source":"AUTOMATIC","correction_ind":"false","offroute_ind":"false","direction_ind":"UP","route":"1","train_service_code":"21383208","division_code":"33","toc_id":"33","timetable_variation":"0","variation_status":"ON TIME","next_report_stanox":"73003","next_report_run_time":"2","train_terminated":"false","delay_monitoring_point":"true","reporting_stanox":"72282","auto_expected":"true"}},{"header":{"msg_type":"0003","msg_queue_timestamp":"1713110891000","source_system_id":"TRUST","original_data_source":"SMART"},"body":{"train_id":"872K24MQ14","actual_timestamp":"1713114540000","loc_stanox":"89512","gbtt_timestamp":"1713114480000","planned_timestamp":"1713114480000","planned_event_type":"DESTINATION","event_type":"ARRIVAL","event_source":"AUTOMATIC","correction_ind":"false","offroute_ind":"false","direction_ind":"DOWN","line_ind":"2","platform":" 2","route":"0","train_service_code":"24604004","division_code":"80","toc_id":"80","timetable_variation":"1","variation_status":"LATE","train_terminated":"true","delay_monitoring_point":"true","reporting_stanox":"89512","auto_expected":"true"}},{"header":{"msg_type":"0003","msg_queue_timestamp":"1713110891000","source_system_id":"TRUST","original_data_source":"SMART"},"body":{"train_id":"882P51MS14","actual_timestamp":"1713114480000","loc_stanox":"88424","gbtt_timestamp":"1713114420000","planned_timestamp":"1713114450000","planned_event_type":"DEPARTURE","event_type":"DEPARTURE","event_source":"AUTOMATIC","correction_ind":"false","offroute_ind":"false","direction_ind":"DOWN","line_ind":"E","platform":" 2","route":"3","train_service_code":"24659005","division_code":"80","toc_id":"80","timetable_variation":"1","variation_status":"LATE","next_report_stanox":"88426","next_report_run_time":"2","train_terminated":"false","delay_monitoring_point":"true","reporting_stanox":"88424","auto_expected":"true"}},{"header":{"msg_type":"0003","msg_queue_timestamp":"1713110891000","source_system_id":"TRUST","original_data_source":"SMART"},"body":{"train_id":"832F18MR14","actual_timestamp":"1713114420000","loc_stanox":"83471","gbtt_timestamp":"1713114480000","planned_timestamp":"1713114510000","planned_event_type":"DEPARTURE","event_type":"DEPARTURE","event_source":"AUTOMATIC","correction_ind":"false","offroute_ind":"false","direction_ind":"DOWN","line_ind":"1","platform":" 1","route":"1","train_service_code":"25462001","division_code":"25","toc_id":"25","timetable_variation":"1","variation_status":"EARLY","next_report_stanox":"83474","next_report_run_time":"5","train_terminated":"false","delay_monitoring_point":"true","reporting_stanox":"83471","auto_expected":"true"}},{"header":{"msg_type":"0003","msg_queue_timestamp":"1713110891000","source_system_id":"TRUST","original_data_source":"SMART"},"body":{"train_id":"501K431T14","actual_timestamp":"1713114480000","loc_stanox":"50328","gbtt_timestamp":"1713114660000","planned_timestamp":"1713114630000","planned_event_type":"ARRIVAL","event_type":"ARRIVAL","event_source":"AUTOMATIC","correction_ind":"false","offroute_ind":"false","direction_ind":"UP","platform":" 2","route":"0","train_service_code":"21943001","division_code":"21","toc_id":"21","timetable_variation":"2","variation_status":"EARLY","next_report_stanox":"50334","next_report_run_time":"5","train_terminated":"false","delay_monitoring_point":"true","reporting_stanox":"50328","auto_expected":"true"}},{"header":{"msg_type":"0003","msg_queue_timestamp":"1713110891000","source_system_id":"TRUST","original_data_source":"SMART"},"body":{"train_id":"382Y23MS14","actual_timestamp":"1713114480000","loc_stanox":"38200","gbtt_timestamp":"1713114420000","planned_timestamp":"1713114390000","planned_event_type":"ARRIVAL","event_type":"ARRIVAL","event_source":"AUTOMATIC","correction_ind":"false","offroute_ind":"false","direction_ind":"DOWN","platform":" 2","route":"0","train_service_code":"22306003","division_code":"64","toc_id":"64","timetable_variation":"2","variation_status":"LATE","next_report_stanox":"38202","next_report_run_time":"1","train_terminated":"false","delay_monitoring_point":"true","reporting_stanox":"38200","auto_expected":"true"}},{"header":{"msg_type":"0003","msg_queue_timestamp":"1713110891000","source_system_id":"TRUST","original_data_source":"SMART"},"body":{"train_id":"382W40MT14","actual_timestamp":"1713114420000","loc_stanox":"38184","gbtt_timestamp":"1713114420000","planned_timestamp":"1713114420000","planned_event_type":"DEPARTURE","event_type":"DEPARTURE","event_source":"AUTOMATIC","correction_ind":"false","offroute_ind":"false","direction_ind":"DOWN","platform":" 3","route":"2","train_service_code":"12305012","division_code":"64","toc_id":"64","timetable_variation":"0","variation_status":"ON TIME","next_report_stanox":"38185","next_report_run_time":"2","train_terminated":"false","delay_monitoring_point":"false","reporting_stanox":"00000","auto_expected":"true"}},{"header":{"msg_type":"0003","msg_queue_timestamp":"1713110891000","source_system_id":"TRUST","original_data_source":"SMART"},"body":{"train_id":"721H31MS14","actual_timestamp":"1713114480000","loc_stanox":"70050","planned_timestamp":"1713113520000","planned_event_type":"DEPARTURE","event_type":"DEPARTURE","event_source":"AUTOMATIC","correction_ind":"false","offroute_ind":"false","direction_ind":"DOWN","route":"2","train_service_code":"22108001","division_code":"65","toc_id":"65","timetable_variation":"16","variation_status":"LATE","next_report_stanox":"70070","next_report_run_time":"7","train_terminated":"false","delay_monitoring_point":"true","reporting_stanox":"70050","auto_expected":"true"}},{"header":{"msg_type":"0003","msg_queue_timestamp":"1713110891000","source_system_id":"TRUST","original_data_source":"SMART"},"body":{"train_id":"721H70MR14","actual_timestamp":"1713114540000","loc_stanox":"42140","gbtt_timestamp":"1713114480000","planned_timestamp":"1713114480000","planned_event_type":"ARRIVAL","event_type":"ARRIVAL","event_source":"AUTOMATIC","correction_ind":"false","offroute_ind":"false","direction_ind":"DOWN","platform":" 5","route":"0","train_service_code":"22108001","division_code":"65","toc_id":"65","timetable_variation":"1","variation_status":"LATE","next_report_stanox":"42012","next_report_run_time":"1","train_terminated":"false","delay_monitoring_point":"true","reporting_stanox":"42140","auto_expected":"true"}},{"header":{"msg_type":"0003","msg_queue_timestamp":"1713110892000","source_system_id":"TRUST","original_data_source":"SMART"},"body":{"train_id":"041E24MU14","actual_timestamp":"1713114420000","loc_stanox":"04811","planned_timestamp":"1713114450000","planned_event_type":"DEPARTURE","event_type":"DEPARTURE","event_source":"AUTOMATIC","correction_ind":"false","offroute_ind":"false","direction_ind":"UP","line_ind":"M","platform":" 1","route":"1","train_service_code":"21700001","division_code":"61","toc_id":"61","timetable_variation":"0","variation_status":"ON TIME","next_report_stanox":"04821","next_report_run_time":"6","train_terminated":"false","delay_monitoring_point":"false","reporting_stanox":"00000","auto_expected":"true"}},{"header":{"msg_type":"0003","msg_queue_timestamp":"1713110892000","source_system_id":"TRUST","original_data_source":"SMART"},"body":{"train_id":"161B35MS14","actual_timestamp":"1713114420000","loc_stanox":"18651","gbtt_timestamp":"1713114360000","planned_timestamp":"1713114360000","planned_event_type":"DEPARTURE","event_type":"DEPARTURE","event_source":"AUTOMATIC","correction_ind":"false","offroute_ind":"false","direction_ind":"DOWN","line_ind":"B","platform":" 1","route":"2","train_service_code":"11837920","division_code":"23","toc_id":"23","timetable_variation":"1","variation_status":"LATE","next_report_stanox":"18635","next_report_run_time":"6","train_terminated":"false","delay_monitoring_point":"false","reporting_stanox":"00000","auto_expected":"true"}},{"header":{"msg_type":"0003","msg_queue_timestamp":"1713110892000","source_system_id":"TRUST","original_data_source":"SMART"},"body":{"train_id":"251C30MP14","actual_timestamp":"1713114480000","loc_stanox":"63547","planned_timestamp":"1713114270000","planned_event_type":"DEPARTURE","event_type":"DEPARTURE","event_source":"AUTOMATIC","correction_ind":"false","offroute_ind":"false","direction_ind":"UP","line_ind":"F","route":"1","train_service_code":"22152000","division_code":"28","toc_id":"28","timetable_variation":"4","variation_status":"LATE","next_report_stanox":"63551","next_report_run_time":"1","train_terminated":"false","delay_monitoring_point":"false","reporting_stanox":"00000","auto_expected":"true"}},{"header":{"msg_type":"0003","msg_queue_timestamp":"1713110892000","source_system_id":"TRUST","original_data_source":"SMART"},"body":{"train_id":"631D36MU14","actual_timestamp":"1713114480000","loc_stanox":"63547","planned_timestamp":"1713114510000","planned_event_type":"DEPARTURE","event_type":"DEPARTURE","event_source":"AUTOMATIC","correction_ind":"false","offroute_ind":"false","direction_ind":"DOWN","line_ind":"F","route":"2","train_service_code":"22154000","division_code":"28","toc_id":"28","timetable_variation":"0","variation_status":"ON TIME","next_report_stanox":"63451","next_report_run_time":"2","train_terminated":"false","delay_monitoring_point":"false","reporting_stanox":"00000","auto_expected":"true"}},{"header":{"msg_type":"0003","msg_queue_timestamp":"1713110893000","source_system_id":"TRUST","original_data_source":"SMART"},"body":{"train_id":"472W25MT14","actual_timestamp":"1713114480000","loc_stanox":"46277","planned_timestamp":"1713114540000","planned_event_type":"DEPARTURE","event_type":"DEPARTURE","event_source":"AUTOMATIC","correction_ind":"false","offroute_ind":"false","direction_ind":"DOWN","route":"1","train_service_code":"21894002","division_code":"21","toc_id":"21","timetable_variation":"1","variation_status":"EARLY","next_report_stanox":"46279","next_report_run_time":"3","train_terminated":"false","delay_monitoring_point":"true","reporting_stanox":"46277","auto_expected":"true"}},{"header":{"msg_type":"0003","msg_queue_timestamp":"1713110894000","source_system_id":"TRUST","original_data_source":"SMART"},"body":{"train_id":"872J45MS14","actual_timestamp":"1713114420000","loc_stanox":"87801","gbtt_timestamp":"1713114480000","planned_timestamp":"1713114510000","planned_event_type":"DEPARTURE","event_type":"DEPARTURE","event_source":"AUTOMATIC","correction_ind":"false","offroute_ind":"false","direction_ind":"DOWN","line_ind":"C","platform":" 6","route":"3","train_service_code":"24787000","division_code":"88","toc_id":"88","timetable_variation":"1","variation_status":"EARLY","next_report_stanox":"87810","next_report_run_time":"3","train_terminated":"false","delay_monitoring_point":"true","reporting_stanox":"87801","auto_expected":"true"}},{"header":{"msg_type":"0003","msg_queue_timestamp":"1713110894000","source_system_id":"TRUST","original_data_source":"SMART"},"body":{"train_id":"879S44MS14","actual_timestamp":"1713114420000","loc_stanox":"87704","planned_event_type":"DEPARTURE","event_type":"DEPARTURE","event_source":"AUTOMATIC","correction_ind":"false","offroute_ind":"true","train_service_code":"22721000","division_code":"88","toc_id":"88","timetable_variation":"0","variation_status":"OFF ROUTE","train_terminated":"false","delay_monitoring_point":"false"}},{"header":{"msg_type":"0003","msg_queue_timestamp":"1713110894000","source_system_id":"TRUST","original_data_source":"SMART"},"body":{"train_id":"629V55MQ14","actual_timestamp":"1713114540000","loc_stanox":"87673","gbtt_timestamp":"1713114600000","planned_timestamp":"1713114570000","planned_event_type":"ARRIVAL","event_type":"ARRIVAL","event_source":"AUTOMATIC","correction_ind":"false","offroute_ind":"false","direction_ind":"DOWN","platform":" 2","route":"0","train_service_code":"22728000","division_code":"88","toc_id":"88","timetable_variation":"0","variation_status":"ON TIME","next_report_stanox":"87671","next_report_run_time":"1","train_terminated":"false","delay_monitoring_point":"false","reporting_stanox":"00000","auto_expected":"true"}},{"header":{"msg_type":"0003","msg_queue_timestamp":"1713110894000","source_system_id":"TRUST","original_data_source":"SMART"},"body":{"train_id":"872B05MU14","actual_timestamp":"1713114600000","loc_stanox":"87677","gbtt_timestamp":"1713114660000","planned_timestamp":"1713114660000","planned_event_type":"ARRIVAL","event_type":"ARRIVAL","event_source":"AUTOMATIC","correction_ind":"false","offroute_ind":"false","direction_ind":"UP","platform":" 1","route":"0","train_service_code":"24782000","division_code":"88","toc_id":"88","timetable_variation":"1","variation_status":"EARLY","next_report_stanox":"87675","next_report_run_time":"1","train_terminated":"false","delay_monitoring_point":"false","reporting_stanox":"00000","auto_expected":"true"}},{"header":{"msg_type":"0003","msg_queue_timestamp":"1713110894000","source_system_id":"TRUST","original_data_source":"SMART"},"body":{"train_id":"872B05MU14","actual_timestamp":"1713114420000","loc_stanox":"87692","gbtt_timestamp":"1713114480000","planned_timestamp":"1713114480000","planned_event_type":"DEPARTURE","event_type":"DEPARTURE","event_source":"AUTOMATIC","correction_ind":"false","offroute_ind":"false","direction_ind":"UP","platform":" 1","route":"1","train_service_code":"24782000","division_code":"88","toc_id":"88","timetable_variation":"1","variation_status":"EARLY","next_report_stanox":"87677","next_report_run_time":"3","train_terminated":"false","delay_monitoring_point":"true","reporting_stanox":"87692","auto_expected":"true"}},{"header":{"msg_type":"0003","msg_queue_timestamp":"1713110894000","source_system_id":"TRUST","original_data_source":"SMART"},"body":{"train_id":"749U87MT14","actual_timestamp":"1713114480000","loc_stanox":"73113","gbtt_timestamp":"1713114540000","planned_timestamp":"1713114510000","planned_event_type":"ARRIVAL","event_type":"ARRIVAL","event_source":"AUTOMATIC","correction_ind":"false","offroute_ind":"false","direction_ind":"UP","route":"0","train_service_code":"21381001","division_code":"33","toc_id":"33","timetable_variation":"0","variation_status":"ON TIME","next_report_stanox":"63636","next_report_run_time":"1","train_terminated":"false","delay_monitoring_point":"false","reporting_stanox":"00000","auto_expected":"true"}},{"header":{"msg_type":"0003","msg_queue_timestamp":"1713110894000","source_system_id":"TRUST","original_data_source":"SMART"},"body":{"train_id":"522O54MT14","actual_timestamp":"1713114480000","loc_stanox":"51815","gbtt_timestamp":"1713114540000","planned_timestamp":"1713114540000","planned_event_type":"ARRIVAL","event_type":"ARRIVAL","event_source":"AUTOMATIC","correction_ind":"false","offroute_ind":"false","direction_ind":"DOWN","platform":" 2","route":"0","train_service_code":"21920000","division_code":"21","toc_id":"21","timetable_variation":"1","variation_status":"EARLY","next_report_stanox":"51722","next_report_run_time":"2","train_terminated":"false","delay_monitoring_point":"true","reporting_stanox":"51815","auto_expected":"true"}},{"header":{"msg_type":"0003","msg_queue_timestamp":"1713110894000","source_system_id":"TRUST","original_data_source":"SMART"},"body":{"train_id":"522Y84MU14","actual_timestamp":"1713114420000","loc_stanox":"52226","gbtt_timestamp":"1713114480000","planned_timestamp":"1713114480000","planned_event_type":"DEPARTURE","event_type":"DEPARTURE","event_source":"AUTOMATIC","correction_ind":"false","offroute_ind":"false","direction_ind":"UP","line_ind":"N","platform":" 2","route":"4","train_service_code":"22214000","division_code":"30","toc_id":"30","timetable_variation":"1","variation_status":"EARLY","next_report_stanox":"52219","next_report_run_time":"1","train_terminated":"false","delay_monitoring_point":"true","reporting_stanox":"52226","auto_expected":"true"}},{"header":{"msg_type":"0003","msg_queue_timestamp":"1713110894000","source_system_id":"TRUST","original_data_source":"SMART"},"body":{"train_id":"872L31MT14","actual_timestamp":"1713114480000","loc_stanox":"72420","gbtt_timestamp":"1713114480000","planned_timestamp":"1713114450000","planned_event_type":"ARRIVAL","event_type":"ARRIVAL","event_source":"AUTOMATIC","correction_ind":"false","offroute_ind":"false","direction_ind":"UP","platform":" 2","route":"0","train_service_code":"22204000","division_code":"30","toc_id":"30","timetable_variation":"1","variation_status":"LATE","next_report_stanox":"72421","next_report_run_time":"1","train_terminated":"false","delay_monitoring_point":"false","reporting_stanox":"00000","auto_expected":"true"}},{"header":{"msg_type":"0003","msg_queue_timestamp":"1713110894000","source_system_id":"TRUST","original_data_source":"SMART"},"body":{"train_id":"815F31MR14","actual_timestamp":"1713114540000","loc_stanox":"77301","gbtt_timestamp":"1713113340000","planned_timestamp":"1713113370000","planned_event_type":"ARRIVAL","event_type":"ARRIVAL","event_source":"AUTOMATIC","correction_ind":"false","offroute_ind":"false","direction_ind":"DOWN","platform":" 3","route":"0","train_service_code":"25470001","division_code":"25","toc_id":"25","timetable_variation":"20","variation_status":"LATE","next_report_stanox":"78457","next_report_run_time":"1","train_terminated":"false","delay_monitoring_point":"true","reporting_stanox":"77301","auto_expected":"true"}},{"header":{"msg_type":"0003","msg_queue_timestamp":"1713110894000","source_system_id":"TRUST","original_data_source":"SMART"},"body":{"train_id":"361L13MP14","actual_timestamp":"1713114540000","loc_stanox":"56127","gbtt_timestamp":"1713114480000","planned_timestamp":"1713114450000","planned_event_type":"ARRIVAL","event_type":"ARRIVAL","event_source":"AUTOMATIC","correction_ind":"false","offroute_ind":"false","direction_ind":"UP","platform":" 2","route":"0","train_service_code":"22269000","division_code":"28","toc_id":"28","timetable_variation":"2","variation_status":"LATE","next_report_stanox":"56508","next_report_run_time":"1","train_terminated":"false","delay_monitoring_point":"false","reporting_stanox":"00000","auto_expected":"true"}},{"header":{"msg_type":"0003","msg_queue_timestamp":"1713110894000","source_system_id":"TRUST","original_data_source":"SMART"},"body":{"train_id":"321O24MQ14","actual_timestamp":"1713114480000","loc_stanox":"65611","planned_timestamp":"1713114480000","planned_event_type":"DEPARTURE","event_type":"DEPARTURE","event_source":"AUTOMATIC","correction_ind":"false","offroute_ind":"false","direction_ind":"UP","line_ind":"2","platform":" 2","route":"2","train_service_code":"22180014","division_code":"27","toc_id":"27","timetable_variation":"0","variation_status":"ON TIME","next_report_stanox":"69215","next_report_run_time":"4","train_terminated":"false","delay_monitoring_point":"true","reporting_stanox":"65611","auto_expected":"true"}},{"header":{"msg_type":"0003","msg_queue_timestamp":"1713110894000","source_system_id":"TRUST","original_data_source":"SMART"},"body":{"train_id":"832F19MS14","actual_timestamp":"1713114420000","loc_stanox":"83517","gbtt_timestamp":"1713114360000","planned_timestamp":"1713114360000","planned_event_type":"DEPARTURE","event_type":"DEPARTURE","event_source":"AUTOMATIC","correction_ind":"false","offroute_ind":"false","direction_ind":"UP","line_ind":"U","platform":" 2","route":"2","train_service_code":"25462001","division_code":"25","toc_id":"25","timetable_variation":"1","variation_status":"LATE","next_report_stanox":"83421","next_report_run_time":"5","train_terminated":"false","delay_monitoring_point":"false","reporting_stanox":"00000","auto_expected":"true"}},{"header":{"msg_type":"0003","msg_queue_timestamp":"1713110894000","source_system_id":"TRUST","original_data_source":"SMART"},"body":{"train_id":"861F24MO14","actual_timestamp":"1713114540000","loc_stanox":"81116","planned_timestamp":"1713114450000","planned_event_type":"ARRIVAL","event_type":"ARRIVAL","event_source":"AUTOMATIC","correction_ind":"false","offroute_ind":"false","route":"0","train_service_code":"25470001","division_code":"25","toc_id":"25","timetable_variation":"2","variation_status":"LATE","next_report_stanox":"81118","next_report_run_time":"1","train_terminated":"false","delay_monitoring_point":"true","reporting_stanox":"81116","auto_expected":"true"}},{"header":{"msg_type":"0003","msg_queue_timestamp":"1713110894000","source_system_id":"TRUST","original_data_source":"SMART"},"body":{"train_id":"171A37MQ14","actual_timestamp":"1713114540000","loc_stanox":"53223","gbtt_timestamp":"1713114180000","planned_timestamp":"1713114150000","planned_event_type":"ARRIVAL","event_type":"ARRIVAL","event_source":"AUTOMATIC","correction_ind":"false","offroute_ind":"false","direction_ind":"UP","platform":" 2","route":"0","train_service_code":"21702001","division_code":"61","toc_id":"61","timetable_variation":"7","variation_status":"LATE","next_report_stanox":"53231","next_report_run_time":"1","train_terminated":"false","delay_monitoring_point":"true","reporting_stanox":"53223","auto_expected":"true"}},{"header":{"msg_type":"0003","msg_queue_timestamp":"1713110895000","source_system_id":"TRUST","original_data_source":"SMART"},"body":{"train_id":"881D18MT14","actual_timestamp":"1713114480000","loc_stanox":"88466","gbtt_timestamp":"1713114420000","planned_timestamp":"1713114420000","planned_event_type":"DEPARTURE","event_type":"DEPARTURE","event_source":"AUTOMATIC","correction_ind":"false","offroute_ind":"false","direction_ind":"UP","line_ind":"U","platform":" 2","route":"2","train_service_code":"24657005","division_code":"80","toc_id":"80","timetable_variation":"1","variation_status":"LATE","next_report_stanox":"88438","next_report_run_time":"1","train_terminated":"false","delay_monitoring_point":"true","reporting_stanox":"88466","auto_expected":"true"}},{"header":{"msg_type":"0003","msg_queue_timestamp":"1713110895000","source_system_id":"TRUST","original_data_source":"SMART"},"body":{"train_id":"742C54MT14","actual_timestamp":"1713114420000","loc_stanox":"87004","gbtt_timestamp":"1713114480000","planned_timestamp":"1713114480000","planned_event_type":"DEPARTURE","event_type":"DEPARTURE","event_source":"AUTOMATIC","correction_ind":"false","offroute_ind":"false","direction_ind":"UP","line_ind":"A","platform":" 1","route":"2","train_service_code":"24672104","division_code":"84","toc_id":"84","timetable_variation":"1","variation_status":"EARLY","next_report_stanox":"87101","next_report_run_time":"5","train_terminated":"false","delay_monitoring_point":"true","reporting_stanox":"87004","auto_expected":"true"}},{"header":{"msg_type":"0003","msg_queue_timestamp":"1713110895000","source_system_id":"TRUST","original_data_source":"SMART"},"body":{"train_id":"882T13MT14","actual_timestamp":"1713114420000","loc_stanox":"88422","gbtt_timestamp":"1713114480000","planned_timestamp":"1713114480000","planned_event_type":"DEPARTURE","event_type":"DEPARTURE","event_source":"AUTOMATIC","correction_ind":"false","offroute_ind":"false","direction_ind":"DOWN","platform":" 2","route":"1","train_service_code":"24650005","division_code":"80","toc_id":"80","timetable_variation":"1","variation_status":"EARLY","next_report_stanox":"88423","next_report_run_time":"1","train_terminated":"false","delay_monitoring_point":"true","reporting_stanox":"88422","auto_expected":"true"}}]