[{"header":{"msg_type":"0003","msg_queue_timestamp":"1713116056000","source_system_id":"TRUST","original_data_source":"SMART"},"body":{"train_id":"731T77MW14","actual_timestamp":"1713119700000","loc_stanox":"73663","planned_timestamp":"1713119400000","planned_event_type":"ARRIVAL","event_type":"ARRIVAL","event_source":"AUTOMATIC","correction_ind":"false","offroute_ind":"false","route":"0","train_service_code":"25905000","division_code":"86","toc_id":"86","timetable_variation":"5","variation_status":"LATE","next_report_stanox":"73775","next_report_run_time":"1","train_terminated":"false","delay_monitoring_point":"true","reporting_stanox":"73663","auto_expected":"true"}}]