[{"header":{"msg_type":"0001","msg_queue_timestamp":"1713738006000","source_system_id":"TRUST","original_data_source":"TSIA"},"body":{"train_id":"070L00C522","toc_id":"97","schedule_wtt_id":"0L00C","sched_origin_stanox":"07457","creation_timestamp":"1713741606000","origin_dep_timestamp":"1713764760000","train_uid":"H04059","schedule_start_date":"2023-12-11","schedule_end_date":"2024-05-31","schedule_source":"C","schedule_type":"O","d1266_record_number":"00000","tp_origin_timestamp":"2024-04-22","train_call_type":"MANUAL","train_call_mode":"NORMAL","train_service_code":"52662690"}},{"header":{"msg_type":"0003","msg_queue_timestamp":"1713738006000","source_system_id":"TRUST","original_data_source":"SMART"},"body":{"train_id":"831L90M921","actual_timestamp":"1713741600000","loc_stanox":"83441","planned_timestamp":"1713741600000","planned_event_type":"DEPARTURE","event_type":"DEPARTURE","event_source":"AUTOMATIC","correction_ind":"false","offroute_ind":"false","direction_ind":"UP","line_ind":"H","route":"2","train_service_code":"24623104","division_code":"84","toc_id":"84","timetable_variation":"0","variation_status":"ON TIME","next_report_stanox":"83453","next_report_run_time":"2","train_terminated":"false","delay_monitoring_point":"true","reporting_stanox":"83441","auto_expected":"true"}},{"header":{"msg_type":"0003","msg_queue_timestamp":"1713738006000","source_system_id":"TRUST","original_data_source":"SMART"},"body":{"train_id":"871B67M721","actual_timestamp":"1713741540000","loc_stanox":"86917","gbtt_timestamp":"1713741540000","planned_timestamp":"1713741540000","planned_event_type":"DEPARTURE","event_type":"DEPARTURE","event_source":"AUTOMATIC","correction_ind":"false","offroute_ind":"false","direction_ind":"DOWN","platform":" 2","route":"2","train_service_code":"24620204","division_code":"84","toc_id":"84","timetable_variation":"0","variation_status":"ON TIME","next_report_stanox":"86921","next_report_run_time":"4","train_terminated":"false","delay_monitoring_point":"false","reporting_stanox":"00000","auto_expected":"true"}},{"header":{"msg_type":"0003","msg_queue_timestamp":"1713738007000","source_system_id":"TRUST","original_data_source":"SMART"},"body":{"train_id":"062R72M821","actual_timestamp":"1713741480000","loc_stanox":"07297","gbtt_timestamp":"1713741480000","planned_timestamp":"1713741480000","planned_event_type":"DEPARTURE","event_type":"DEPARTURE","event_source":"AUTOMATIC","correction_ind":"false","offroute_ind":"false","direction_ind":"UP","line_ind":"1","platform":" 2","route":"1","train_service_code":"23563015","division_code":"60","toc_id":"60","timetable_variation":"0","variation_status":"ON TIME","next_report_stanox":"07298","next_report_run_time":"3","train_terminated":"false","delay_monitoring_point":"false","reporting_stanox":"00000","auto_expected":"true"}},{"header":{"msg_type":"0003","msg_queue_timestamp":"1713738007000","source_system_id":"TRUST","original_data_source":"SMART"},"body":{"train_id":"062R72M821","actual_timestamp":"1713741600000","loc_stanox":"07298","gbtt_timestamp":"1713741720000","planned_timestamp":"1713741690000","planned_event_type":"ARRIVAL","event_type":"ARRIVAL","event_source":"AUTOMATIC","correction_ind":"false","offroute_ind":"false","direction_ind":"UP","platform":" 2","route":"0","train_service_code":"23563015","division_code":"60","toc_id":"60","timetable_variation":"1","variation_status":"EARLY","next_report_stanox":"07338","next_report_run_time":"2","train_terminated":"false","delay_monitoring_point":"false","reporting_stanox":"00000","auto_expected":"true"}},{"header":{"msg_type":"0003","msg_queue_timestamp":"1713738007000","source_system_id":"TRUST","original_data_source":"SMART"},"body":{"train_id":"072N30M821","actual_timestamp":"1713741660000","loc_stanox":"07237","gbtt_timestamp":"1713741720000","planned_timestamp":"1713741720000","planned_event_type":"DESTINATION","event_type":"ARRIVAL","event_source":"AUTOMATIC","correction_ind":"false","offroute_ind":"false","direction_ind":"UP","platform":" 2","route":"0","train_service_code":"13562015","division_code":"60","toc_id":"60","timetable_variation":"1","variation_status":"EARLY","train_terminated":"true","delay_monitoring_point":"true","reporting_stanox":"07237","auto_expected":"true"}},{"header":{"msg_type":"0003","msg_queue_timestamp":"1713738007000","source_system_id":"TRUST","original_data_source":"SMART"},"body":{"train_id":"172B27M821","actual_timestamp":"1713741600000","loc_stanox":"23120","planned_timestamp":"1713741450000","planned_event_type":"DEPARTURE","event_type":"DEPARTURE","event_source":"AUTOMATIC","correction_ind":"false","offroute_ind":"false","direction_ind":"UP","line_ind":"L","route":"3","train_service_code":"11824820","division_code":"23","toc_id":"23","timetable_variation":"3","variation_status":"LATE","next_report_stanox":"23118","next_report_run_time":"1","train_terminated":"false","delay_monitoring_point":"true","reporting_stanox":"23120","auto_expected":"true"}},{"header":{"msg_type":"0003","msg_queue_timestamp":"1713738007000","source_system_id":"TRUST","original_data_source":"SMART"},"body":{"train_id":"382N59M821","actual_timestamp":"1713741540000","loc_stanox":"38183","gbtt_timestamp":"1713741600000","planned_timestamp":"1713741600000","planned_event_type":"DEPARTURE","event_type":"DEPARTURE","event_source":"AUTOMATIC","correction_ind":"false","offroute_ind":"false","direction_ind":"UP","platform":" 3","route":"1","train_service_code":"12305012","division_code":"64","toc_id":"64","timetable_variation":"1","variation_status":"EARLY","next_report_stanox":"38184","next_report_run_time":"1","train_terminated":"false","delay_monitoring_point":"true","reporting_stanox":"38183","auto_expected":"true"}},{"header":{"msg_type":"0003","msg_queue_timestamp":"1713738007000","source_system_id":"TRUST","original_data_source":"SMART"},"body":{"train_id":"362S70M921","actual_timestamp":"1713741540000","loc_stanox":"36082","gbtt_timestamp":"1713741540000","planned_timestamp":"1713741540000","planned_event_type":"DEPARTURE","event_type":"DEPARTURE","event_source":"AUTOMATIC","correction_ind":"false","offroute_ind":"false","direction_ind":"DOWN","platform":" 1","route":"1","train_service_code":"12301012","division_code":"64","toc_id":"64","timetable_variation":"0","variation_status":"ON TIME","next_report_stanox":"36080","next_report_run_time":"3","train_terminated":"false","delay_monitoring_point":"false","reporting_stanox":"00000","auto_expected":"true"}},{"header":{"msg_type":"0003","msg_queue_timestamp":"1713738007000","source_system_id":"TRUST","original_data_source":"SMART"},"body":{"train_id":"352U68M821","actual_timestamp":"1713741540000","loc_stanox":"36084","gbtt_timestamp":"1713741540000","planned_timestamp":"1713741570000","planned_event_type":"DEPARTURE","event_type":"DEPARTURE","event_source":"AUTOMATIC","correction_ind":"false","offroute_ind":"false","direction_ind":"UP","platform":" 1","route":"2","train_service_code":"12302012","division_code":"64","toc_id":"64","timetable_variation":"0","variation_status":"ON TIME","next_report_stanox":"36086","next_report_run_time":"2","train_terminated":"false","delay_monitoring_point":"false","reporting_stanox":"00000","auto_expected":"true"}},{"header":{"msg_type":"0003","msg_queue_timestamp":"1713738007000","source_system_id":"TRUST","original_data_source":"SMART"},"body":{"train_id":"352U68M821","actual_timestamp":"1713741660000","loc_stanox":"36086","gbtt_timestamp":"1713741720000","planned_timestamp":"1713741690000","planned_event_type":"ARRIVAL","event_type":"ARRIVAL","event_source":"AUTOMATIC","correction_ind":"false","offroute_ind":"false","direction_ind":"UP","line_ind":"1","platform":" 1","route":"0","train_service_code":"12302012","division_code":"64","toc_id":"64","timetable_variation":"0","variation_status":"ON TIME","next_report_stanox":"36088","next_report_run_time":"1","train_terminated":"false","delay_monitoring_point":"true","reporting_stanox":"36086","auto_expected":"true"}},{"header":{"msg_type":"0003","msg_queue_timestamp":"1713738008000","source_system_id":"TRUST","original_data_source":"SMART"},"body":{"train_id":"731U34M821","actual_timestamp":"1713741660000","loc_stanox":"74291","planned_timestamp":"1713741660000","planned_event_type":"ARRIVAL","event_type":"ARRIVAL","event_source":"AUTOMATIC","correction_ind":"false","offroute_ind":"false","route":"0","train_service_code":"25375002","division_code":"25","toc_id":"25","timetable_variation":"0","variation_status":"ON TIME","next_report_stanox":"74313","next_report_run_time":"1","train_terminated":"false","delay_monitoring_point":"false","reporting_stanox":"00000","auto_expected":"true"}},{"header":{"msg_type":"0003","msg_queue_timestamp":"1713738008000","source_system_id":"TRUST","original_data_source":"SMART"},"body":{"train_id":"871O771921","actual_timestamp":"1713741660000","loc_stanox":"87216","gbtt_timestamp":"1713741660000","planned_timestamp":"1713741660000","planned_event_type":"ARRIVAL","event_type":"ARRIVAL","event_source":"AUTOMATIC","correction_ind":"false","offroute_ind":"false","direction_ind":"DOWN","platform":" 3","route":"0","train_service_code":"24671105","division_code":"84","toc_id":"84","timetable_variation":"0","variation_status":"ON TIME","next_report_stanox":"87219","next_report_run_time":"1","train_terminated":"false","delay_monitoring_point":"false","reporting_stanox":"00000","auto_expected":"true"}},{"header":{"msg_type":"0003","msg_queue_timestamp":"1713738008000","source_system_id":"TRUST","original_data_source":"SMART"},"body":{"train_id":"871B75M921","actual_timestamp":"1713741600000","loc_stanox":"87171","planned_timestamp":"1713741810000","planned_event_type":"DEPARTURE","event_type":"DEPARTURE","event_source":"AUTOMATIC","correction_ind":"false","offroute_ind":"false","direction_ind":"DOWN","line_ind":"F","route":"1","train_service_code":"24620204","division_code":"84","toc_id":"84","timetable_variation":"3","variation_status":"EARLY","next_report_stanox":"87177","next_report_run_time":"1","train_terminated":"false","delay_monitoring_point":"true","reporting_stanox":"87171","auto_expected":"true"}},{"header":{"msg_type":"0003","msg_queue_timestamp":"1713738008000","source_system_id":"TRUST","original_data_source":"SMART"},"body":{"train_id":"872G76M821","actual_timestamp":"1713741540000","loc_stanox":"87185","gbtt_timestamp":"1713741540000","planned_timestamp":"1713741540000","planned_event_type":"DEPARTURE","event_type":"DEPARTURE","event_source":"AUTOMATIC","correction_ind":"false","offroute_ind":"false","direction_ind":"UP","platform":" 1","route":"1","train_service_code":"24673505","division_code":"84","toc_id":"84","timetable_variation":"0","variation_status":"ON TIME","next_report_stanox":"87177","next_report_run_time":"2","train_terminated":"false","delay_monitoring_point":"false","reporting_stanox":"00000","auto_expected":"true"}},{"header":{"msg_type":"0003","msg_queue_timestamp":"1713738010000","source_system_id":"TRUST","original_data_source":"SMART"},"body":{"train_id":"662P58M821","actual_timestamp":"1713741540000","loc_stanox":"65606","gbtt_timestamp":"1713741600000","planned_timestamp":"1713741600000","planned_event_type":"DEPARTURE","event_type":"DEPARTURE","event_source":"AUTOMATIC","correction_ind":"false","offroute_ind":"false","direction_ind":"DOWN","platform":" 1","route":"2","train_service_code":"12272820","division_code":"29","toc_id":"29","timetable_variation":"1","variation_status":"EARLY","next_report_stanox":"65605","next_report_run_time":"1","train_terminated":"false","delay_monitoring_point":"false","reporting_stanox":"00000","auto_expected":"true"}},{"header":{"msg_type":"0003","msg_queue_timestamp":"1713738010000","source_system_id":"TRUST","original_data_source":"SMART"},"body":{"train_id":"889F70M921","actual_timestamp":"1713741600000","loc_stanox":"87568","gbtt_timestamp":"1713741600000","planned_timestamp":"1713741570000","planned_event_type":"ARRIVAL","event_type":"ARRIVAL","event_source":"AUTOMATIC","correction_ind":"false","offroute_ind":"false","direction_ind":"UP","platform":" 4","route":"0","train_service_code":"22218000","division_code":"30","toc_id":"30","timetable_variation":"1","variation_status":"LATE","next_report_stanox":"87566","next_report_run_time":"1","train_terminated":"false","delay_monitoring_point":"true","reporting_stanox":"87568","auto_expected":"true"}},{"header":{"msg_type":"0003","msg_queue_timestamp":"1713738010000","source_system_id":"TRUST","original_data_source":"SMART"},"body":{"train_id":"662P58M821","actual_timestamp":"1713741660000","loc_stanox":"65605","gbtt_timestamp":"1713741720000","planned_timestamp":"1713741690000","planned_event_type":"ARRIVAL","event_type":"ARRIVAL","event_source":"AUTOMATIC","correction_ind":"false","offroute_ind":"false","direction_ind":"DOWN","platform":" 1","route":"0","train_service_code":"12272820","division_code":"29","toc_id":"29","timetable_variation":"0","variation_status":"ON TIME","next_report_stanox":"65604","next_report_run_time":"1","train_terminated":"false","delay_monitoring_point":"false","reporting_stanox":"00000","auto_expected":"true"}},{"header":{"msg_type":"0003","msg_queue_timestamp":"1713738010000","source_system_id":"TRUST","original_data_source":"SMART"},"body":{"train_id":"074M571Z21","actual_timestamp":"1713741720000","loc_stanox":"12112","planned_timestamp":"1713742290000","planned_event_type":"ARRIVAL","event_type":"ARRIVAL","event_source":"AUTOMATIC","correction_ind":"false","offroute_ind":"false","route":"0","train_service_code":"55460180","division_code":"54","toc_id":"54","timetable_variation":"9","variation_status":"EARLY","next_report_stanox":"12132","next_report_run_time":"9","train_terminated":"false","delay_monitoring_point":"true","train_file_address":"NQ3","reporting_stanox":"12112","auto_expected":"true"}},{"header":{"msg_type":"0003","msg_queue_timestamp":"1713738010000","source_system_id":"TRUST","original_data_source":"SMART"},"body":{"train_id":"522N05M821","actual_timestamp":"1713741600000","loc_stanox":"72252","gbtt_timestamp":"1713741360000","planned_timestamp":"1713741360000","planned_event_type":"ARRIVAL","event_type":"ARRIVAL","event_source":"AUTOMATIC","correction_ind":"false","offroute_ind":"false","direction_ind":"DOWN","platform":" 1","route":"0","train_service_code":"22214000","division_code":"30","toc_id":"30","timetable_variation":"4","variation_status":"LATE","next_report_stanox":"72253","next_report_run_time":"1","train_terminated":"false","delay_monitoring_point":"false","reporting_stanox":"00000","auto_expected":"true"}},{"header":{"msg_type":"0003","msg_queue_timestamp":"1713738010000","source_system_id":"TRUST","original_data_source":"SMART"},"body":{"train_id":"629H851821","actual_timestamp":"1713741540000","loc_stanox":"63214","gbtt_timestamp":"1713741480000","planned_timestamp":"1713741510000","planned_event_type":"DEPARTURE","event_type":"DEPARTURE","event_source":"AUTOMATIC","correction_ind":"false","offroute_ind":"false","direction_ind":"UP","line_ind":"S","platform":" 1","route":"1","train_service_code":"22728000","division_code":"88","toc_id":"88","timetable_variation":"1","variation_status":"LATE","next_report_stanox":"63216","next_report_run_time":"2","train_terminated":"false","delay_monitoring_point":"false","reporting_stanox":"00000","auto_expected":"true"}},{"header":{"msg_type":"0003","msg_queue_timestamp":"1713738010000","source_system_id":"TRUST","original_data_source":"SMART"},"body":{"train_id":"722J34M821","actual_timestamp":"1713741600000","loc_stanox":"72017","gbtt_timestamp":"1713741780000","planned_timestamp":"1713741780000","planned_event_type":"DESTINATION","event_type":"ARRIVAL","event_source":"AUTOMATIC","correction_ind":"false","offroute_ind":"false","direction_ind":"DOWN","platform":" 1","route":"0","train_service_code":"24680004","division_code":"91","toc_id":"91","timetable_variation":"3","variation_status":"EARLY","train_terminated":"true","delay_monitoring_point":"true","reporting_stanox":"72017","auto_expected":"true"}},{"header":{"msg_type":"0003","msg_queue_timestamp":"1713738011000","source_system_id":"TRUST","original_data_source":"SMART"},"body":{"train_id":"879T69M721","actual_timestamp":"1713741600000","loc_stanox":"87920","gbtt_timestamp":"1713741600000","planned_timestamp":"1713741600000","planned_event_type":"DEPARTURE","event_type":"DEPARTURE","event_source":"AUTOMATIC","correction_ind":"false","offroute_ind":"false","direction_ind":"DOWN","line_ind":"B","platform":" 3","route":"1","train_service_code":"22721000","division_code":"88","toc_id":"88","timetable_variation":"0","variation_status":"ON TIME","next_report_stanox":"87927","next_report_run_time":"3","train_terminated":"false","delay_monitoring_point":"true","reporting_stanox":"87920","auto_expected":"true"}}]