[{"header":{"msg_type":"0003","msg_queue_timestamp":"1713136656000","source_system_id":"TRUST","original_data_source":"SMART"},"body":{"train_id":"895U79M015","actual_timestamp":"1713140280000","loc_stanox":"89018","planned_timestamp":"1713140250000","planned_event_type":"ARRIVAL","event_type":"ARRIVAL","event_source":"AUTOMATIC","correction_ind":"false","offroute_ind":"false","route":"0","train_service_code":"24607006","division_code":"80","toc_id":"80","timetable_variation":"1","variation_status":"LATE","next_report_stanox":"89011","next_report_run_time":"1","train_terminated":"false","delay_monitoring_point":"false","reporting_stanox":"00000","auto_expected":"true"}},{"header":{"msg_type":"0003","msg_queue_timestamp":"1713136656000","source_system_id":"TRUST","original_data_source":"SMART"},"body":{"train_id":"731C36M914","actual_timestamp":"1713140220000","loc_stanox":"74265","planned_timestamp":"1713140370000","planned_event_type":"DEPARTURE","event_type":"DEPARTURE","event_source":"AUTOMATIC","correction_ind":"false","offroute_ind":"false","direction_ind":"DOWN","route":"1","train_service_code":"25370002","division_code":"25","toc_id":"25","timetable_variation":"2","variation_status":"EARLY","next_report_stanox":"74702","next_report_run_time":"3","train_terminated":"false","delay_monitoring_point":"true","reporting_stanox":"74265","auto_expected":"true"}},{"header":{"msg_type":"0003","msg_queue_timestamp":"1713136658000","source_system_id":"TRUST","original_data_source":"SMART"},"body":{"train_id":"755Z902914","actual_timestamp":"1713140160000","loc_stanox":"75018","planned_timestamp":"1713137850000","planned_event_type":"DEPARTURE","event_type":"DEPARTURE","event_source":"AUTOMATIC","correction_ind":"false","offroute_ind":"false","direction_ind":"DOWN","platform":" 2","route":"1","train_service_code":"25486001","division_code":"25","toc_id":"25","timetable_variation":"39","variation_status":"LATE","next_report_stanox":"68162","next_report_run_time":"9","train_terminated":"false","delay_monitoring_point":"true","reporting_stanox":"75018","auto_expected":"true"}},{"header":{"msg_type":"0003","msg_queue_timestamp":"1713136659000","source_system_id":"TRUST","original_data_source":"SMART"},"body":{"train_id":"362O61M914","actual_timestamp":"1713140220000","loc_stanox":"36005","gbtt_timestamp":"1713140220000","planned_timestamp":"1713140250000","planned_event_type":"DEPARTURE","event_type":"DEPARTURE","event_source":"AUTOMATIC","correction_ind":"false","offroute_ind":"false","direction_ind":"DOWN","platform":" 2","route":"2","train_service_code":"12304212","division_code":"64","toc_id":"64","timetable_variation":"0","variation_status":"ON TIME","next_report_stanox":"36001","next_report_run_time":"5","train_terminated":"false","delay_monitoring_point":"false","reporting_stanox":"00000","auto_expected":"true"}},{"header":{"msg_type":"0003","msg_queue_timestamp":"1713136659000","source_system_id":"TRUST","original_data_source":"SMART"},"body":{"train_id":"171J09M914","actual_timestamp":"1713140280000","loc_stanox":"31033","gbtt_timestamp":"1713140340000","planned_timestamp":"1713140340000","planned_event_type":"ARRIVAL","event_type":"ARRIVAL","event_source":"AUTOMATIC","correction_ind":"false","offroute_ind":"false","direction_ind":"UP","platform":" 3","route":"0","train_service_code":"11871821","division_code":"23","toc_id":"23","timetable_variation":"1","variation_status":"EARLY","next_report_stanox":"31045","next_report_run_time":"2","train_terminated":"false","delay_monitoring_point":"true","reporting_stanox":"31033","auto_expected":"true"}},{"header":{"msg_type":"0003","msg_queue_timestamp":"1713136660000","source_system_id":"TRUST","original_data_source":"SMART"},"body":{"train_id":"871C99M914","actual_timestamp":"1713140220000","loc_stanox":"87640","planned_timestamp":"1713139680000","planned_event_type":"DEPARTURE","event_type":"DEPARTURE","event_source":"AUTOMATIC","correction_ind":"false","offroute_ind":"false","direction_ind":"UP","line_ind":"S","route":"1","train_service_code":"24748000","division_code":"88","toc_id":"88","timetable_variation":"9","variation_status":"LATE","next_report_stanox":"87643","next_report_run_time":"1","train_terminated":"false","delay_monitoring_point":"false","reporting_stanox":"00000","auto_expected":"true"}}]