[{"header":{"msg_type":"0001","msg_queue_timestamp":"1713129705000","source_system_id":"TRUST","original_data_source":"TSIA"},"body":{"train_id":"065L31M914","toc_id":"60","schedule_wtt_id":"5L31M","sched_origin_stanox":"06430","creation_timestamp":"1713133305000","origin_dep_timestamp":"1713136860000","train_uid":"W60111","schedule_start_date":"2023-12-10","schedule_end_date":"2024-05-26","schedule_source":"C","schedule_type":"O","d1266_record_number":"00000","tp_origin_timestamp":"2024-04-14","train_call_type":"AUTOMATIC","train_call_mode":"NORMAL","train_service_code":"23540003"}},{"header":{"msg_type":"0001","msg_queue_timestamp":"1713129705000","source_system_id":"TRUST","original_data_source":"TSIA"},"body":{"train_id":"875L691914","toc_id":"88","schedule_wtt_id":"5L691","sched_origin_stanox":"87601","creation_timestamp":"1713133305000","origin_dep_timestamp":"1713136860000","train_uid":"X74706","schedule_start_date":"2024-04-14","schedule_end_date":"2024-04-14","schedule_source":"C","schedule_type":"N","d1266_record_number":"00000","tp_origin_timestamp":"2024-04-14","train_call_type":"AUTOMATIC","train_call_mode":"NORMAL","train_service_code":"24788005"}}]