[{"header":{"msg_type":"0003","msg_queue_timestamp":"1713115985000","source_system_id":"TRUST","original_data_source":"SMART"},"body":{"train_id":"362O48MW14","actual_timestamp":"1713119520000","loc_stanox":"36027","gbtt_timestamp":"1713119580000","planned_timestamp":"1713119580000","planned_event_type":"DEPARTURE","event_type":"DEPARTURE","event_source":"AUTOMATIC","correction_ind":"false","offroute_ind":"false","direction_ind":"DOWN","platform":" 2","route":"1","train_service_code":"12304212","division_code":"64","toc_id":"64","timetable_variation":"1","variation_status":"EARLY","next_report_stanox":"36015","next_report_run_time":"1","train_terminated":"false","delay_monitoring_point":"false","reporting_stanox":"00000","auto_expected":"true"}},{"header":{"msg_type":"0003","msg_queue_timestamp":"1713115985000","source_system_id":"TRUST","original_data_source":"SMART"},"body":{"train_id":"382W44MV14","actual_timestamp":"1713119640000","loc_stanox":"38001","gbtt_timestamp":"1713119820000","planned_timestamp":"1713119790000","planned_event_type":"DESTINATION","event_type":"ARRIVAL","event_source":"AUTOMATIC","correction_ind":"false","offroute_ind":"false","direction_ind":"DOWN","platform":" 1","route":"0","train_service_code":"12305012","division_code":"64","toc_id":"64","timetable_variation":"2","variation_status":"EARLY","train_terminated":"true","delay_monitoring_point":"true","reporting_stanox":"38001","auto_expected":"true"}},{"header":{"msg_type":"0003","msg_queue_timestamp":"1713115985000","source_system_id":"TRUST","original_data_source":"SMART"},"body":{"train_id":"721F30MT14","actual_timestamp":"1713119520000","loc_stanox":"37011","planned_timestamp":"1713119520000","planned_event_type":"DEPARTURE","event_type":"DEPARTURE","event_source":"AUTOMATIC","correction_ind":"false","offroute_ind":"false","direction_ind":"DOWN","platform":" 2","route":"1","train_service_code":"22109001","division_code":"65","toc_id":"65","timetable_variation":"0","variation_status":"ON TIME","next_report_stanox":"37003","next_report_run_time":"3","train_terminated":"false","delay_monitoring_point":"true","reporting_stanox":"37011","auto_expected":"true"}}]