[{"header":{"msg_type":"0003","msg_queue_timestamp":"1713139091000","source_system_id":"TRUST","original_data_source":"SMART"},"body":{"train_id":"321P03M015","actual_timestamp":"1713142740000","loc_stanox":"31521","gbtt_timestamp":"1713142680000","planned_timestamp":"1713142680000","planned_event_type":"ARRIVAL","event_type":"ARRIVAL","event_source":"AUTOMATIC","correction_ind":"false","offroute_ind":"false","direction_ind":"DOWN","platform":" 2","route":"0","train_service_code":"21734000","division_code":"20","toc_id":"20","timetable_variation":"1","variation_status":"LATE","next_report_stanox":"31519","next_report_run_time":"11","train_terminated":"false","delay_monitoring_point":"true","reporting_stanox":"31521","auto_expected":"true"}},{"header":{"msg_type":"0003","msg_queue_timestamp":"1713139092000","source_system_id":"TRUST","original_data_source":"SMART"},"body":{"train_id":"895R78M015","actual_timestamp":"1713142680000","loc_stanox":"89428","gbtt_timestamp":"1713142440000","planned_timestamp":"1713142440000","planned_event_type":"DEPARTURE","event_type":"DEPARTURE","event_source":"AUTOMATIC","correction_ind":"false","offroute_ind":"false","direction_ind":"DOWN","platform":"T","route":"5","train_service_code":"24605004","division_code":"80","toc_id":"80","timetable_variation":"4","variation_status":"LATE","next_report_stanox":"89427","next_report_run_time":"2","train_terminated":"false","delay_monitoring_point":"true","reporting_stanox":"89428","auto_expected":"true"}},{"header":{"msg_type":"0003","msg_queue_timestamp":"1713139094000","source_system_id":"TRUST","original_data_source":"SMART"},"body":{"train_id":"875H70M015","actual_timestamp":"1713142740000","loc_stanox":"87991","planned_timestamp":"1713142530000","planned_event_type":"ARRIVAL","event_type":"ARRIVAL","event_source":"AUTOMATIC","correction_ind":"false","offroute_ind":"false","route":"0","train_service_code":"24788005","division_code":"88","toc_id":"88","timetable_variation":"4","variation_status":"LATE","next_report_stanox":"88103","next_report_run_time":"1","train_terminated":"false","delay_monitoring_point":"true","reporting_stanox":"87991","auto_expected":"true"}},{"header":{"msg_type":"0003","msg_queue_timestamp":"1713139094000","source_system_id":"TRUST","original_data_source":"SMART"},"body":{"train_id":"542R741015","actual_timestamp":"1713142740000","loc_stanox":"53104","gbtt_timestamp":"1713142620000","planned_timestamp":"1713142590000","planned_event_type":"ARRIVAL","event_type":"ARRIVAL","event_source":"AUTOMATIC","correction_ind":"false","offroute_ind":"false","direction_ind":"DOWN","platform":" 1","route":"0","train_service_code":"21726000","division_code":"88","toc_id":"88","timetable_variation":"3","variation_status":"LATE","next_report_stanox":"53015","next_report_run_time":"1","train_terminated":"false","delay_monitoring_point":"true","reporting_stanox":"53104","auto_expected":"true"}},{"header":{"msg_type":"0003","msg_queue_timestamp":"1713139095000","source_system_id":"TRUST","original_data_source":"SMART"},"body":{"train_id":"725B66M015","actual_timestamp":"1713142680000","loc_stanox":"72316","planned_timestamp":"1713142650000","planned_event_type":"DEPARTURE","event_type":"DEPARTURE","event_source":"AUTOMATIC","correction_ind":"false","offroute_ind":"false","direction_ind":"DOWN","line_ind":"C","route":"1","train_service_code":"22112002","division_code":"65","toc_id":"65","timetable_variation":"1","variation_status":"LATE","next_report_stanox":"72315","next_report_run_time":"1","train_terminated":"false","delay_monitoring_point":"false","reporting_stanox":"00000","auto_expected":"true"}}]