[{"header":{"msg_type":"0003","msg_queue_timestamp":"1713162663000","source_system_id":"TRUST","original_data_source":"SMART"},"body":{"train_id":"862T09M615","actual_timestamp":"1713166200000","loc_stanox":"86087","gbtt_timestamp":"1713166140000","planned_timestamp":"1713166140000","planned_event_type":"DEPARTURE","event_type":"DEPARTURE","event_source":"AUTOMATIC","correction_ind":"false","offroute_ind":"false","direction_ind":"DOWN","platform":" 3","route":"2","train_service_code":"24631204","division_code":"84","toc_id":"84","timetable_variation":"1","variation_status":"LATE","next_report_stanox":"86097","next_report_run_time":"1","train_terminated":"false","delay_monitoring_point":"true","reporting_stanox":"86087","auto_expected":"true"}},{"header":{"msg_type":"0003","msg_queue_timestamp":"1713162663000","source_system_id":"TRUST","original_data_source":"SMART"},"body":{"train_id":"811F03M515","actual_timestamp":"1713166200000","loc_stanox":"86101","gbtt_timestamp":"1713166200000","planned_timestamp":"1713166200000","planned_event_type":"DEPARTURE","event_type":"DEPARTURE","event_source":"AUTOMATIC","correction_ind":"false","offroute_ind":"false","direction_ind":"UP","line_ind":"M","platform":" 1","route":"2","train_service_code":"25470001","division_code":"25","toc_id":"25","timetable_variation":"0","variation_status":"ON TIME","next_report_stanox":"86703","next_report_run_time":"6","train_terminated":"false","delay_monitoring_point":"true","reporting_stanox":"86101","auto_expected":"true"}},{"header":{"msg_type":"0003","msg_queue_timestamp":"1713162663000","source_system_id":"TRUST","original_data_source":"SMART"},"body":{"train_id":"629K09M615","actual_timestamp":"1713166200000","loc_stanox":"87246","gbtt_timestamp":"1713166200000","planned_timestamp":"1713166230000","planned_event_type":"DEPARTURE","event_type":"DEPARTURE","event_source":"AUTOMATIC","correction_ind":"false","offroute_ind":"false","direction_ind":"DOWN","platform":" 4","route":"2","train_service_code":"22728000","division_code":"88","toc_id":"88","timetable_variation":"0","variation_status":"ON TIME","next_report_stanox":"87247","next_report_run_time":"5","train_terminated":"false","delay_monitoring_point":"false","reporting_stanox":"00000","auto_expected":"true"}},{"header":{"msg_type":"0003","msg_queue_timestamp":"1713162663000","source_system_id":"TRUST","original_data_source":"SMART"},"body":{"train_id":"882C10M615","actual_timestamp":"1713166200000","loc_stanox":"88402","gbtt_timestamp":"1713166380000","planned_timestamp":"1713166410000","planned_event_type":"DEPARTURE","event_type":"DEPARTURE","event_source":"AUTOMATIC","correction_ind":"false","offroute_ind":"false","direction_ind":"UP","line_ind":"S","platform":"B","route":"4","train_service_code":"24650000","division_code":"80","toc_id":"80","timetable_variation":"3","variation_status":"EARLY","next_report_stanox":"88401","next_report_run_time":"5","train_terminated":"false","delay_monitoring_point":"false","reporting_stanox":"00000","auto_expected":"true"}},{"header":{"msg_type":"0003","msg_queue_timestamp":"1713162663000","source_system_id":"TRUST","original_data_source":"SMART"},"body":{"train_id":"501N15MA15","actual_timestamp":"1713166200000","loc_stanox":"50030","gbtt_timestamp":"1713166080000","planned_timestamp":"1713166110000","planned_event_type":"DEPARTURE","event_type":"DEPARTURE","event_source":"AUTOMATIC","correction_ind":"false","offroute_ind":"false","direction_ind":"UP","line_ind":"W","platform":" 1","route":"1","train_service_code":"25939001","division_code":"21","toc_id":"21","timetable_variation":"2","variation_status":"LATE","next_report_stanox":"50036","next_report_run_time":"2","train_terminated":"false","delay_monitoring_point":"false","reporting_stanox":"00000","auto_expected":"true"}},{"header":{"msg_type":"0003","msg_queue_timestamp":"1713162663000","source_system_id":"TRUST","original_data_source":"SDR","user_id":"#QLP1F02","source_dev_id":"VC99"},"body":{"train_id":"050A861615","actual_timestamp":"1713166200000","loc_stanox":"03155","planned_timestamp":"1713166470000","planned_event_type":"DEPARTURE","event_type":"DEPARTURE","event_source":"MANUAL","correction_ind":"false","offroute_ind":"false","train_service_code":"52497002","division_code":"42","toc_id":"42","timetable_variation":"4","variation_status":"EARLY","next_report_stanox":"03151","next_report_run_time":"4","train_terminated":"false","delay_monitoring_point":"true","train_file_address":"GE9","reporting_stanox":"03155","auto_expected":"false"}},{"header":{"msg_type":"0003","msg_queue_timestamp":"1713162664000","source_system_id":"TRUST","original_data_source":"SMART"},"body":{"train_id":"321R21M615","actual_timestamp":"1713166320000","loc_stanox":"42140","gbtt_timestamp":"1713166200000","planned_timestamp":"1713166170000","planned_event_type":"ARRIVAL","event_type":"ARRIVAL","event_source":"AUTOMATIC","correction_ind":"false","offroute_ind":"false","direction_ind":"UP","platform":" 5","route":"0","train_service_code":"22108001","division_code":"65","toc_id":"65","timetable_variation":"3","variation_status":"LATE","next_report_stanox":"42155","next_report_run_time":"1","train_terminated":"false","delay_monitoring_point":"true","reporting_stanox":"42140","auto_expected":"true"}},{"header":{"msg_type":"0003","msg_queue_timestamp":"1713162664000","source_system_id":"TRUST","original_data_source":"SMART"},"body":{"train_id":"782F07M615","actual_timestamp":"1713166200000","loc_stanox":"78220","gbtt_timestamp":"1713166140000","planned_timestamp":"1713166170000","planned_event_type":"DEPARTURE","event_type":"DEPARTURE","event_source":"AUTOMATIC","correction_ind":"false","offroute_ind":"false","direction_ind":"DOWN","line_ind":"D","platform":" 1","route":"2","train_service_code":"25447000","division_code":"71","toc_id":"71","timetable_variation":"1","variation_status":"LATE","next_report_stanox":"78400","next_report_run_time":"3","train_terminated":"false","delay_monitoring_point":"true","reporting_stanox":"78220","auto_expected":"true"}},{"header":{"msg_type":"0003","msg_queue_timestamp":"1713162664000","source_system_id":"TRUST","original_data_source":"SDR","user_id":"#QGE7001","source_dev_id":"VJL0"},"body":{"train_id":"195W08MA15","actual_timestamp":"1713164820000","loc_stanox":"19105","gbtt_timestamp":"1713164820000","planned_timestamp":"1713164820000","planned_event_type":"DESTINATION","event_type":"ARRIVAL","event_source":"MANUAL","correction_ind":"false","offroute_ind":"false","route":"0","train_service_code":"21831000","division_code":"23","toc_id":"23","timetable_variation":"0","variation_status":"ON TIME","train_terminated":"true","delay_monitoring_point":"true","reporting_stanox":"19105","auto_expected":"false"}},{"header":{"msg_type":"0003","msg_queue_timestamp":"1713162664000","source_system_id":"TRUST","original_data_source":"SMART"},"body":{"train_id":"692R03M615","actual_timestamp":"1713166260000","loc_stanox":"66421","planned_timestamp":"1713166260000","planned_event_type":"DEPARTURE","event_type":"DEPARTURE","event_source":"AUTOMATIC","correction_ind":"false","offroute_ind":"false","direction_ind":"DOWN","line_ind":"S","route":"1","train_service_code":"25530004","division_code":"74","toc_id":"74","timetable_variation":"0","variation_status":"ON TIME","next_report_stanox":"66411","next_report_run_time":"5","train_terminated":"false","delay_monitoring_point":"false","reporting_stanox":"00000","auto_expected":"true"}},{"header":{"msg_type":"0003","msg_queue_timestamp":"1713162664000","source_system_id":"TRUST","original_data_source":"SMART"},"body":{"train_id":"661H17MA15","actual_timestamp":"1713166200000","loc_stanox":"66433","gbtt_timestamp":"1713166200000","planned_timestamp":"1713166200000","planned_event_type":"DEPARTURE","event_type":"DEPARTURE","event_source":"AUTOMATIC","correction_ind":"false","offroute_ind":"false","direction_ind":"UP","platform":" 1","route":"2","train_service_code":"25530004","division_code":"74","toc_id":"74","timetable_variation":"0","variation_status":"ON TIME","next_report_stanox":"66436","next_report_run_time":"5","train_terminated":"false","delay_monitoring_point":"true","reporting_stanox":"66433","auto_expected":"true"}},{"header":{"msg_type":"0003","msg_queue_timestamp":"1713162664000","source_system_id":"TRUST","original_data_source":"SDR","user_id":"#QGE7001","source_dev_id":"VJL0"},"body":{"train_id":"193A92MA15","actual_timestamp":"1713165180000","loc_stanox":"19105","gbtt_timestamp":"1713165180000","planned_timestamp":"1713165180000","planned_event_type":"DESTINATION","event_type":"ARRIVAL","event_source":"MANUAL","correction_ind":"false","offroute_ind":"false","route":"0","train_service_code":"21750001","division_code":"55","toc_id":"55","timetable_variation":"0","variation_status":"ON TIME","train_terminated":"true","delay_monitoring_point":"true","reporting_stanox":"19105","auto_expected":"false"}},{"header":{"msg_type":"0003","msg_queue_timestamp":"1713162664000","source_system_id":"TRUST","original_data_source":"SMART"},"body":{"train_id":"635F19MA15","actual_timestamp":"1713166200000","loc_stanox":"89530","planned_timestamp":"1713166290000","planned_event_type":"DEPARTURE","event_type":"DEPARTURE","event_source":"AUTOMATIC","correction_ind":"false","offroute_ind":"false","direction_ind":"DOWN","line_ind":"D","platform":" 5","route":"1","train_service_code":"24648004","division_code":"80","toc_id":"80","timetable_variation":"1","variation_status":"EARLY","next_report_stanox":"88711","next_report_run_time":"1","train_terminated":"false","delay_monitoring_point":"true","reporting_stanox":"89530","auto_expected":"true"}},{"header":{"msg_type":"0003","msg_queue_timestamp":"1713162664000","source_system_id":"TRUST","original_data_source":"SMART"},"body":{"train_id":"891P14M615","actual_timestamp":"1713166200000","loc_stanox":"89501","gbtt_timestamp":"1713166200000","planned_timestamp":"1713166200000","planned_event_type":"DEPARTURE","event_type":"DEPARTURE","event_source":"AUTOMATIC","correction_ind":"false","offroute_ind":"false","direction_ind":"UP","line_ind":"2","platform":" 2","route":"2","train_service_code":"24604000","division_code":"80","toc_id":"80","timetable_variation":"0","variation_status":"ON TIME","next_report_stanox":"89149","next_report_run_time":"5","train_terminated":"false","delay_monitoring_point":"true","reporting_stanox":"89501","auto_expected":"true"}},{"header":{"msg_type":"0001","msg_queue_timestamp":"1713162664000","source_system_id":"TRUST","original_data_source":"TSIA"},"body":{"train_id":"766B43CH15","toc_id":"05","schedule_wtt_id":"6B43C","sched_origin_stanox":"76110","creation_timestamp":"1713166264000","origin_dep_timestamp":"1713177060000","train_uid":"H43240","schedule_start_date":"2023-12-11","schedule_end_date":"2024-05-31","schedule_source":"C","schedule_type":"O","d1266_record_number":"00000","tp_origin_timestamp":"2024-04-15","train_call_type":"AUTOMATIC","train_call_mode":"NORMAL","train_service_code":"51425330"}},{"header":{"msg_type":"0003","msg_queue_timestamp":"1713162665000","source_system_id":"TRUST","original_data_source":"SMART"},"body":{"train_id":"862W03M615","actual_timestamp":"1713166320000","loc_stanox":"86976","gbtt_timestamp":"1713166320000","planned_timestamp":"1713166290000","planned_event_type":"ARRIVAL","event_type":"ARRIVAL","event_source":"AUTOMATIC","correction_ind":"false","offroute_ind":"false","direction_ind":"DOWN","platform":" 2","route":"0","train_service_code":"24629104","division_code":"84","toc_id":"84","timetable_variation":"1","variation_status":"LATE","next_report_stanox":"86980","next_report_run_time":"1","train_terminated":"false","delay_monitoring_point":"true","reporting_stanox":"86976","auto_expected":"true"}},{"header":{"msg_type":"0003","msg_queue_timestamp":"1713162665000","source_system_id":"TRUST","original_data_source":"SMART"},"body":{"train_id":"651D52MA15","actual_timestamp":"1713166200000","loc_stanox":"66291","planned_timestamp":"1713166080000","planned_event_type":"DEPARTURE","event_type":"DEPARTURE","event_source":"AUTOMATIC","correction_ind":"false","offroute_ind":"false","direction_ind":"UP","line_ind":"M","platform":" 1","route":"1","train_service_code":"22333000","division_code":"27","toc_id":"27","timetable_variation":"2","variation_status":"LATE","next_report_stanox":"66031","next_report_run_time":"4","train_terminated":"false","delay_monitoring_point":"false","reporting_stanox":"00000","auto_expected":"true"}},{"header":{"msg_type":"0003","msg_queue_timestamp":"1713162665000","source_system_id":"TRUST","original_data_source":"SMART"},"body":{"train_id":"652O08M615","actual_timestamp":"1713166260000","loc_stanox":"66500","gbtt_timestamp":"1713165960000","planned_timestamp":"1713165960000","planned_event_type":"ARRIVAL","event_type":"ARRIVAL","event_source":"AUTOMATIC","correction_ind":"false","offroute_ind":"false","direction_ind":"DOWN","platform":" 2","route":"0","train_service_code":"22272000","division_code":"29","toc_id":"29","timetable_variation":"5","variation_status":"LATE","next_report_stanox":"66501","next_report_run_time":"1","train_terminated":"false","delay_monitoring_point":"false","reporting_stanox":"00000","auto_expected":"true"}},{"header":{"msg_type":"0003","msg_queue_timestamp":"1713162665000","source_system_id":"TRUST","original_data_source":"SMART"},"body":{"train_id":"651H14M615","actual_timestamp":"1713166260000","loc_stanox":"69414","planned_timestamp":"1713166170000","planned_event_type":"DEPARTURE","event_type":"DEPARTURE","event_source":"AUTOMATIC","correction_ind":"false","offroute_ind":"false","direction_ind":"UP","route":"1","train_service_code":"25530004","division_code":"74","toc_id":"74","timetable_variation":"2","variation_status":"LATE","next_report_stanox":"69438","next_report_run_time":"5","train_terminated":"false","delay_monitoring_point":"false","reporting_stanox":"00000","auto_expected":"true"}},{"header":{"msg_type":"0003","msg_queue_timestamp":"1713162665000","source_system_id":"TRUST","original_data_source":"SMART"},"body":{"train_id":"851A73M515","actual_timestamp":"1713166200000","loc_stanox":"83624","gbtt_timestamp":"1713166260000","planned_timestamp":"1713166290000","planned_event_type":"DEPARTURE","event_type":"DEPARTURE","event_source":"AUTOMATIC","correction_ind":"false","offroute_ind":"false","direction_ind":"UP","platform":" 3","route":"2","train_service_code":"25397003","division_code":"25","toc_id":"25","timetable_variation":"1","variation_status":"EARLY","next_report_stanox":"83607","next_report_run_time":"5","train_terminated":"false","delay_monitoring_point":"true","reporting_stanox":"83624","auto_expected":"true"}},{"header":{"msg_type":"0003","msg_queue_timestamp":"1713162665000","source_system_id":"TRUST","original_data_source":"SMART"},"body":{"train_id":"672P09MA15","actual_timestamp":"1713166200000","loc_stanox":"66500","gbtt_timestamp":"1713166200000","planned_timestamp":"1713166200000","planned_event_type":"DEPARTURE","event_type":"DEPARTURE","event_source":"AUTOMATIC","correction_ind":"false","offroute_ind":"false","direction_ind":"UP","platform":" 1","route":"2","train_service_code":"12272820","division_code":"29","toc_id":"29","timetable_variation":"0","variation_status":"ON TIME","next_report_stanox":"65630","next_report_run_time":"3","train_terminated":"false","delay_monitoring_point":"false","reporting_stanox":"00000","auto_expected":"true"}},{"header":{"msg_type":"0003","msg_queue_timestamp":"1713162665000","source_system_id":"TRUST","original_data_source":"SMART"},"body":{"train_id":"155W11MA15","actual_timestamp":"1713166260000","loc_stanox":"15449","gbtt_timestamp":"1713165000000","planned_timestamp":"1713165000000","planned_event_type":"ARRIVAL","event_type":"ARRIVAL","event_source":"AUTOMATIC","correction_ind":"false","offroute_ind":"false","direction_ind":"DOWN","platform":" 1","route":"0","train_service_code":"22974000","division_code":"23","toc_id":"23","timetable_variation":"21","variation_status":"LATE","next_report_stanox":"15451","next_report_run_time":"1","train_terminated":"false","delay_monitoring_point":"true","reporting_stanox":"15449","auto_expected":"true"}},{"header":{"msg_type":"0003","msg_queue_timestamp":"1713162665000","source_system_id":"TRUST","original_data_source":"SDR","user_id":"#QGE7056","source_dev_id":"VVS1"},"body":{"train_id":"226K20C615","actual_timestamp":"1713166200000","loc_stanox":"21206","planned_timestamp":"1713165000000","planned_event_type":"DEPARTURE","event_type":"DEPARTURE","event_source":"MANUAL","correction_ind":"false","offroute_ind":"false","train_service_code":"51425130","division_code":"05","toc_id":"05","timetable_variation":"20","variation_status":"LATE","next_report_stanox":"21219","next_report_run_time":"4","train_terminated":"false","delay_monitoring_point":"true","train_file_address":"GK3","reporting_stanox":"21206","auto_expected":"false"}},{"header":{"msg_type":"0003","msg_queue_timestamp":"1713162665000","source_system_id":"TRUST","original_data_source":"SMART"},"body":{"train_id":"129M25M515","actual_timestamp":"1713166200000","loc_stanox":"18441","planned_event_type":"DEPARTURE","event_type":"DEPARTURE","event_source":"AUTOMATIC","correction_ind":"false","offroute_ind":"true","train_service_code":"21731000","division_code":"20","toc_id":"20","timetable_variation":"0","variation_status":"OFF ROUTE","train_terminated":"false","delay_monitoring_point":"false"}},{"header":{"msg_type":"0003","msg_queue_timestamp":"1713162665000","source_system_id":"TRUST","original_data_source":"SMART"},"body":{"train_id":"879J10M515","actual_timestamp":"1713166320000","loc_stanox":"54001","planned_timestamp":"1713166260000","planned_event_type":"ARRIVAL","event_type":"ARRIVAL","event_source":"AUTOMATIC","correction_ind":"false","offroute_ind":"false","route":"0","train_service_code":"22729000","division_code":"88","toc_id":"88","timetable_variation":"1","variation_status":"LATE","next_report_stanox":"53401","next_report_run_time":"1","train_terminated":"false","delay_monitoring_point":"true","reporting_stanox":"54001","auto_expected":"true"}},{"header":{"msg_type":"0003","msg_queue_timestamp":"1713162665000","source_system_id":"TRUST","original_data_source":"SMART"},"body":{"train_id":"172V05MA15","actual_timestamp":"1713166260000","loc_stanox":"17140","gbtt_timestamp":"1713166200000","planned_timestamp":"1713166200000","planned_event_type":"ARRIVAL","event_type":"ARRIVAL","event_source":"AUTOMATIC","correction_ind":"false","offroute_ind":"false","direction_ind":"UP","platform":" 1","route":"0","train_service_code":"11819020","division_code":"23","toc_id":"23","timetable_variation":"1","variation_status":"LATE","next_report_stanox":"17136","next_report_run_time":"1","train_terminated":"false","delay_monitoring_point":"false","reporting_stanox":"00000","auto_expected":"true"}},{"header":{"msg_type":"0003","msg_queue_timestamp":"1713162665000","source_system_id":"TRUST","original_data_source":"SMART"},"body":{"train_id":"651V21MA15","actual_timestamp":"1713166200000","loc_stanox":"66502","planned_timestamp":"1713166170000","planned_event_type":"DEPARTURE","event_type":"DEPARTURE","event_source":"AUTOMATIC","correction_ind":"false","offroute_ind":"false","direction_ind":"DOWN","line_ind":"1","platform":" 2","route":"2","train_service_code":"22329000","division_code":"29","toc_id":"29","timetable_variation":"1","variation_status":"LATE","next_report_stanox":"66510","next_report_run_time":"4","train_terminated":"false","delay_monitoring_point":"true","reporting_stanox":"66502","auto_expected":"true"}},{"header":{"msg_type":"0003","msg_queue_timestamp":"1713162665000","source_system_id":"TRUST","original_data_source":"SMART"},"body":{"train_id":"655R22MA15","actual_timestamp":"1713166200000","loc_stanox":"65900","planned_timestamp":"1713166140000","planned_event_type":"DEPARTURE","event_type":"DEPARTURE","event_source":"AUTOMATIC","correction_ind":"false","offroute_ind":"false","direction_ind":"UP","route":"2","train_service_code":"25530004","division_code":"74","toc_id":"74","timetable_variation":"1","variation_status":"LATE","next_report_stanox":"65210","next_report_run_time":"4","train_terminated":"false","delay_monitoring_point":"false","reporting_stanox":"00000","auto_expected":"true"}}]