[{"header":{"msg_type":"0003","msg_queue_timestamp":"1713151888000","source_system_id":"TRUST","original_data_source":"SMART"},"body":{"train_id":"851A50M714","actual_timestamp":"1713155460000","loc_stanox":"73775","planned_timestamp":"1713156210000","planned_event_type":"DEPARTURE","event_type":"DEPARTURE","event_source":"AUTOMATIC","correction_ind":"false","offroute_ind":"false","direction_ind":"UP","line_ind":"U","route":"2","train_service_code":"25396002","division_code":"25","toc_id":"25","timetable_variation":"12","variation_status":"EARLY","next_report_stanox":"73663","next_report_run_time":"4","train_terminated":"false","delay_monitoring_point":"true","reporting_stanox":"73775","auto_expected":"true"}},{"header":{"msg_type":"0003","msg_queue_timestamp":"1713151888000","source_system_id":"TRUST","original_data_source":"SMART"},"body":{"train_id":"851A50M714","actual_timestamp":"1713155520000","loc_stanox":"73770","planned_event_type":"ARRIVAL","event_type":"ARRIVAL","event_source":"AUTOMATIC","correction_ind":"false","offroute_ind":"true","train_service_code":"25396002","division_code":"25","toc_id":"25","timetable_variation":"0","variation_status":"OFF ROUTE","train_terminated":"false","delay_monitoring_point":"false"}},{"header":{"msg_type":"0003","msg_queue_timestamp":"1713151890000","source_system_id":"TRUST","original_data_source":"SMART"},"body":{"train_id":"796M11C914","actual_timestamp":"1713155520000","loc_stanox":"67371","planned_timestamp":"1713155760000","planned_event_type":"DEPARTURE","event_type":"DEPARTURE","event_source":"AUTOMATIC","correction_ind":"false","offroute_ind":"false","direction_ind":"UP","route":"3","train_service_code":"59430641","division_code":"05","toc_id":"05","timetable_variation":"4","variation_status":"EARLY","next_report_stanox":"67127","next_report_run_time":"2","train_terminated":"false","delay_monitoring_point":"true","train_file_address":"GAA","reporting_stanox":"67371","auto_expected":"true"}},{"header":{"msg_type":"0003","msg_queue_timestamp":"1713151890000","source_system_id":"TRUST","original_data_source":"SMART"},"body":{"train_id":"896L621215","actual_timestamp":"1713155460000","loc_stanox":"63640","planned_timestamp":"1713154800000","planned_event_type":"DEPARTURE","event_type":"DEPARTURE","event_source":"AUTOMATIC","correction_ind":"false","offroute_ind":"false","direction_ind":"DOWN","line_ind":"D","route":"2","train_service_code":"51464580","division_code":"54","toc_id":"54","timetable_variation":"11","variation_status":"LATE","next_report_stanox":"63641","next_report_run_time":"2","train_terminated":"false","delay_monitoring_point":"false","train_file_address":"G8U","reporting_stanox":"00000","auto_expected":"true"}},{"header":{"msg_type":"0003","msg_queue_timestamp":"1713151890000","source_system_id":"TRUST","original_data_source":"SMART"},"body":{"train_id":"896L621215","actual_timestamp":"1713155520000","loc_stanox":"63641","planned_timestamp":"1713154920000","planned_event_type":"ARRIVAL","event_type":"ARRIVAL","event_source":"AUTOMATIC","correction_ind":"false","offroute_ind":"false","route":"0","train_service_code":"51464580","division_code":"54","toc_id":"54","timetable_variation":"10","variation_status":"LATE","next_report_stanox":"51562","next_report_run_time":"1","train_terminated":"false","delay_monitoring_point":"false","train_file_address":"G8U","reporting_stanox":"00000","auto_expected":"true"}}]