[{"header":{"msg_type":"0003","msg_queue_timestamp":"1713162551000","source_system_id":"TRUST","original_data_source":"SMART"},"body":{"train_id":"543G13MA15","actual_timestamp":"1713166140000","loc_stanox":"54103","planned_timestamp":"1713166260000","planned_event_type":"ARRIVAL","event_type":"ARRIVAL","event_source":"AUTOMATIC","correction_ind":"false","offroute_ind":"false","route":"0","train_service_code":"21788001","division_code":"88","toc_id":"88","timetable_variation":"2","variation_status":"EARLY","next_report_stanox":"53309","next_report_run_time":"2","train_terminated":"false","delay_monitoring_point":"true","reporting_stanox":"54103","auto_expected":"true"}},{"header":{"msg_type":"0003","msg_queue_timestamp":"1713162551000","source_system_id":"TRUST","original_data_source":"SMART"},"body":{"train_id":"072S07M615","actual_timestamp":"1713166140000","loc_stanox":"07259","gbtt_timestamp":"1713166140000","planned_timestamp":"1713166140000","planned_event_type":"ARRIVAL","event_type":"ARRIVAL","event_source":"AUTOMATIC","correction_ind":"false","offroute_ind":"false","direction_ind":"DOWN","route":"0","train_service_code":"23563015","division_code":"60","toc_id":"60","timetable_variation":"0","variation_status":"ON TIME","next_report_stanox":"07255","next_report_run_time":"1","train_terminated":"false","delay_monitoring_point":"false","reporting_stanox":"00000","auto_expected":"true"}},{"header":{"msg_type":"0003","msg_queue_timestamp":"1713162551000","source_system_id":"TRUST","original_data_source":"SMART"},"body":{"train_id":"192K05M615","actual_timestamp":"1713166080000","loc_stanox":"16604","gbtt_timestamp":"1713165060000","planned_timestamp":"1713165090000","planned_event_type":"DEPARTURE","event_type":"DEPARTURE","event_source":"AUTOMATIC","correction_ind":"false","offroute_ind":"false","direction_ind":"UP","line_ind":"H","platform":" 2","route":"1","train_service_code":"21806000","division_code":"23","toc_id":"23","timetable_variation":"17","variation_status":"LATE","next_report_stanox":"17112","next_report_run_time":"4","train_terminated":"false","delay_monitoring_point":"false","reporting_stanox":"00000","auto_expected":"true"}},{"header":{"msg_type":"0003","msg_queue_timestamp":"1713162551000","source_system_id":"TRUST","original_data_source":"SMART"},"body":{"train_id":"152D05MA15","actual_timestamp":"1713166140000","loc_stanox":"15415","planned_timestamp":"1713166080000","planned_event_type":"DEPARTURE","event_type":"DEPARTURE","event_source":"AUTOMATIC","correction_ind":"false","offroute_ind":"false","direction_ind":"UP","line_ind":"M","route":"1","train_service_code":"21801000","division_code":"23","toc_id":"23","timetable_variation":"1","variation_status":"LATE","next_report_stanox":"15316","next_report_run_time":"3","train_terminated":"false","delay_monitoring_point":"false","reporting_stanox":"00000","auto_expected":"true"}},{"header":{"msg_type":"0001","msg_queue_timestamp":"1713162551000","source_system_id":"TRUST","original_data_source":"TSIA"},"body":{"train_id":"382Y04MC15","toc_id":"64","schedule_wtt_id":"2Y04M","sched_origin_stanox":"38302","creation_timestamp":"1713166151000","origin_dep_timestamp":"1713169770000","train_uid":"C93245","schedule_start_date":"2023-12-11","schedule_end_date":"2024-05-31","schedule_source":"C","schedule_type":"O","d1266_record_number":"00000","tp_origin_timestamp":"2024-04-15","train_call_type":"AUTOMATIC","train_call_mode":"NORMAL","train_service_code":"22306003"}},{"header":{"msg_type":"0001","msg_queue_timestamp":"1713162551000","source_system_id":"TRUST","original_data_source":"TSIA"},"body":{"train_id":"722A10MC15","toc_id":"91","schedule_wtt_id":"2A10M","sched_origin_stanox":"72017","creation_timestamp":"1713166151000","origin_dep_timestamp":"1713169740000","train_uid":"G26556","schedule_start_date":"2023-12-11","schedule_end_date":"2024-05-31","schedule_source":"C","schedule_type":"O","d1266_record_number":"00000","tp_origin_timestamp":"2024-04-15","train_call_type":"AUTOMATIC","train_call_mode":"NORMAL","train_service_code":"24680004"}},{"header":{"msg_type":"0001","msg_queue_timestamp":"1713162551000","source_system_id":"TRUST","original_data_source":"TSIA"},"body":{"train_id":"522T27MC15","toc_id":"30","schedule_wtt_id":"2T27M","sched_origin_stanox":"52731","creation_timestamp":"1713166151000","origin_dep_timestamp":"1713169740000","train_uid":"L01817","schedule_start_date":"2023-12-11","schedule_end_date":"2024-05-31","schedule_source":"C","schedule_type":"O","d1266_record_number":"00000","tp_origin_timestamp":"2024-04-15","train_call_type":"AUTOMATIC","train_call_mode":"NORMAL","train_service_code":"25235001"}},{"header":{"msg_type":"0001","msg_queue_timestamp":"1713162551000","source_system_id":"TRUST","original_data_source":"TSIA"},"body":{"train_id":"412F54MC15","toc_id":"71","schedule_wtt_id":"2F54M","sched_origin_stanox":"41111","creation_timestamp":"1713166151000","origin_dep_timestamp":"1713169740000","train_uid":"P65263","schedule_start_date":"2023-12-11","schedule_end_date":"2024-05-31","schedule_source":"C","schedule_type":"O","d1266_record_number":"00000","tp_origin_timestamp":"2024-04-15","train_call_type":"AUTOMATIC","train_call_mode":"NORMAL","train_service_code":"22342000"}},{"header":{"msg_type":"0003","msg_queue_timestamp":"1713162551000","source_system_id":"TRUST","original_data_source":"SMART"},"body":{"train_id":"871R08MA15","actual_timestamp":"1713166200000","loc_stanox":"87704","planned_timestamp":"1713166080000","planned_event_type":"ARRIVAL","event_type":"ARRIVAL","event_source":"AUTOMATIC","correction_ind":"false","offroute_ind":"false","route":"0","train_service_code":"24745000","division_code":"88","toc_id":"88","timetable_variation":"2","variation_status":"LATE","next_report_stanox":"87801","next_report_run_time":"1","train_terminated":"false","delay_monitoring_point":"true","reporting_stanox":"87704","auto_expected":"true"}},{"header":{"msg_type":"0003","msg_queue_timestamp":"1713162551000","source_system_id":"TRUST","original_data_source":"SMART"},"body":{"train_id":"879D07MA15","actual_timestamp":"1713166140000","loc_stanox":"87568","gbtt_timestamp":"1713166140000","planned_timestamp":"1713166170000","planned_event_type":"ARRIVAL","event_type":"ARRIVAL","event_source":"AUTOMATIC","correction_ind":"false","offroute_ind":"false","direction_ind":"UP","platform":" 4","route":"0","train_service_code":"22215003","division_code":"30","toc_id":"30","timetable_variation":"0","variation_status":"ON TIME","next_report_stanox":"87566","next_report_run_time":"1","train_terminated":"false","delay_monitoring_point":"true","reporting_stanox":"87568","auto_expected":"true"}},{"header":{"msg_type":"0003","msg_queue_timestamp":"1713162551000","source_system_id":"TRUST","original_data_source":"SMART"},"body":{"train_id":"522Y59M615","actual_timestamp":"1713166080000","loc_stanox":"72418","gbtt_timestamp":"1713166080000","planned_timestamp":"1713166110000","planned_event_type":"DEPARTURE","event_type":"DEPARTURE","event_source":"AUTOMATIC","correction_ind":"false","offroute_ind":"false","direction_ind":"DOWN","platform":" 1","route":"1","train_service_code":"22214000","division_code":"30","toc_id":"30","timetable_variation":"0","variation_status":"ON TIME","next_report_stanox":"72417","next_report_run_time":"2","train_terminated":"false","delay_monitoring_point":"false","reporting_stanox":"00000","auto_expected":"true"}},{"header":{"msg_type":"0003","msg_queue_timestamp":"1713162551000","source_system_id":"TRUST","original_data_source":"SMART"},"body":{"train_id":"862P11MA15","actual_timestamp":"1713166080000","loc_stanox":"86461","gbtt_timestamp":"1713166080000","planned_timestamp":"1713166080000","planned_event_type":"DEPARTURE","event_type":"DEPARTURE","event_source":"AUTOMATIC","correction_ind":"false","offroute_ind":"false","direction_ind":"UP","platform":" 1","route":"1","train_service_code":"24744000","division_code":"88","toc_id":"88","timetable_variation":"0","variation_status":"ON TIME","next_report_stanox":"86474","next_report_run_time":"1","train_terminated":"false","delay_monitoring_point":"false","reporting_stanox":"00000","auto_expected":"true"}},{"header":{"msg_type":"0003","msg_queue_timestamp":"1713162551000","source_system_id":"TRUST","original_data_source":"SMART"},"body":{"train_id":"749U33M615","actual_timestamp":"1713166140000","loc_stanox":"52253","gbtt_timestamp":"1713166200000","planned_timestamp":"1713166170000","planned_event_type":"ARRIVAL","event_type":"ARRIVAL","event_source":"AUTOMATIC","correction_ind":"false","offroute_ind":"false","direction_ind":"UP","route":"0","train_service_code":"25381001","division_code":"33","toc_id":"33","timetable_variation":"0","variation_status":"ON TIME","next_report_stanox":"88528","next_report_run_time":"1","train_terminated":"false","delay_monitoring_point":"false","reporting_stanox":"00000","auto_expected":"true"}},{"header":{"msg_type":"0003","msg_queue_timestamp":"1713162551000","source_system_id":"TRUST","original_data_source":"SMART"},"body":{"train_id":"522R64MA15","actual_timestamp":"1713166140000","loc_stanox":"51602","planned_event_type":"ARRIVAL","event_type":"ARRIVAL","event_source":"AUTOMATIC","correction_ind":"false","offroute_ind":"true","train_service_code":"27936004","division_code":"79","toc_id":"79","timetable_variation":"0","variation_status":"OFF ROUTE","train_terminated":"false","delay_monitoring_point":"false"}},{"header":{"msg_type":"0001","msg_queue_timestamp":"1713162551000","source_system_id":"TRUST","original_data_source":"TSIA"},"body":{"train_id":"882S15MC15","toc_id":"80","schedule_wtt_id":"2S15M","sched_origin_stanox":"88403","creation_timestamp":"1713166151000","origin_dep_timestamp":"1713169740000","train_uid":"W03168","schedule_start_date":"2023-12-11","schedule_end_date":"2024-05-31","schedule_source":"C","schedule_type":"O","d1266_record_number":"00000","tp_origin_timestamp":"2024-04-15","train_call_type":"AUTOMATIC","train_call_mode":"NORMAL","train_service_code":"24655005"}},{"header":{"msg_type":"0003","msg_queue_timestamp":"1713162551000","source_system_id":"TRUST","original_data_source":"SMART"},"body":{"train_id":"171U27MA15","actual_timestamp":"1713166140000","loc_stanox":"17192","planned_timestamp":"1713166140000","planned_event_type":"DEPARTURE","event_type":"DEPARTURE","event_source":"AUTOMATIC","correction_ind":"false","offroute_ind":"false","direction_ind":"UP","line_ind":"M","route":"1","train_service_code":"21732000","division_code":"20","toc_id":"20","timetable_variation":"0","variation_status":"ON TIME","next_report_stanox":"16909","next_report_run_time":"2","train_terminated":"false","delay_monitoring_point":"true","reporting_stanox":"17192","auto_expected":"true"}},{"header":{"msg_type":"0003","msg_queue_timestamp":"1713162551000","source_system_id":"TRUST","original_data_source":"SMART"},"body":{"train_id":"432I24M615","actual_timestamp":"1713166200000","loc_stanox":"65611","gbtt_timestamp":"1713166260000","planned_timestamp":"1713166230000","planned_event_type":"ARRIVAL","event_type":"ARRIVAL","event_source":"AUTOMATIC","correction_ind":"false","offroute_ind":"false","direction_ind":"UP","line_ind":"2","platform":" 2","route":"0","train_service_code":"22263110","division_code":"29","toc_id":"29","timetable_variation":"0","variation_status":"ON TIME","next_report_stanox":"65610","next_report_run_time":"1","train_terminated":"false","delay_monitoring_point":"true","reporting_stanox":"65611","auto_expected":"true"}},{"header":{"msg_type":"0001","msg_queue_timestamp":"1713162551000","source_system_id":"TRUST","original_data_source":"TSIA"},"body":{"train_id":"172A07MC15","toc_id":"23","schedule_wtt_id":"2A07M","sched_origin_stanox":"17132","creation_timestamp":"1713166151000","origin_dep_timestamp":"1713169740000","train_uid":"W30344","schedule_start_date":"2024-04-15","schedule_end_date":"2024-04-19","schedule_source":"C","schedule_type":"P","d1266_record_number":"00000","tp_origin_timestamp":"2024-04-15","train_call_type":"AUTOMATIC","train_call_mode":"NORMAL","train_service_code":"11824820"}},{"header":{"msg_type":"0003","msg_queue_timestamp":"1713162551000","source_system_id":"TRUST","original_data_source":"SMART"},"body":{"train_id":"522U10MA15","actual_timestamp":"1713166080000","loc_stanox":"51961","gbtt_timestamp":"1713166080000","planned_timestamp":"1713166110000","planned_event_type":"DEPARTURE","event_type":"DEPARTURE","event_source":"AUTOMATIC","correction_ind":"false","offroute_ind":"false","direction_ind":"DOWN","line_ind":"D","platform":" 2","route":"1","train_service_code":"21234001","division_code":"30","toc_id":"30","timetable_variation":"0","variation_status":"ON TIME","next_report_stanox":"51955","next_report_run_time":"2","train_terminated":"false","delay_monitoring_point":"false","reporting_stanox":"00000","auto_expected":"true"}},{"header":{"msg_type":"0003","msg_queue_timestamp":"1713162551000","source_system_id":"TRUST","original_data_source":"SMART"},"body":{"train_id":"522T19MA15","actual_timestamp":"1713166080000","loc_stanox":"52731","gbtt_timestamp":"1713166140000","planned_timestamp":"1713166140000","planned_event_type":"DEPARTURE","event_type":"DEPARTURE","event_source":"AUTOMATIC","correction_ind":"false","offroute_ind":"false","direction_ind":"UP","platform":" 3","route":"1","train_service_code":"25235001","division_code":"30","toc_id":"30","timetable_variation":"1","variation_status":"EARLY","next_report_stanox":"52732","next_report_run_time":"3","train_terminated":"false","delay_monitoring_point":"true","reporting_stanox":"52731","auto_expected":"true"}},{"header":{"msg_type":"0003","msg_queue_timestamp":"1713162551000","source_system_id":"TRUST","original_data_source":"SMART"},"body":{"train_id":"086O681K14","actual_timestamp":"1713166080000","loc_stanox":"88413","planned_timestamp":"1713166140000","planned_event_type":"DEPARTURE","event_type":"DEPARTURE","event_source":"AUTOMATIC","correction_ind":"false","offroute_ind":"false","direction_ind":"DOWN","line_ind":"L","platform":" 2","route":"3","train_service_code":"55460480","division_code":"54","toc_id":"54","timetable_variation":"1","variation_status":"EARLY","next_report_stanox":"88390","next_report_run_time":"5","train_terminated":"false","delay_monitoring_point":"true","train_file_address":"FZE","reporting_stanox":"88413","auto_expected":"true"}},{"header":{"msg_type":"0001","msg_queue_timestamp":"1713162551000","source_system_id":"TRUST","original_data_source":"TSIA"},"body":{"train_id":"112C04MC15","toc_id":"23","schedule_wtt_id":"2C04M","sched_origin_stanox":"11012","creation_timestamp":"1713166151000","origin_dep_timestamp":"1713169740000","train_uid":"W30820","schedule_start_date":"2023-12-11","schedule_end_date":"2024-06-01","schedule_source":"C","schedule_type":"O","d1266_record_number":"00000","tp_origin_timestamp":"2024-04-15","train_call_type":"AUTOMATIC","train_call_mode":"NORMAL","train_service_code":"22361000"}},{"header":{"msg_type":"0003","msg_queue_timestamp":"1713162551000","source_system_id":"TRUST","original_data_source":"SMART"},"body":{"train_id":"899Y80M615","actual_timestamp":"1713166140000","loc_stanox":"88472","gbtt_timestamp":"1713166200000","planned_timestamp":"1713166170000","planned_event_type":"ARRIVAL","event_type":"ARRIVAL","event_source":"AUTOMATIC","correction_ind":"false","offroute_ind":"false","direction_ind":"UP","platform":" 1","route":"0","train_service_code":"22742000","division_code":"88","toc_id":"88","timetable_variation":"0","variation_status":"ON TIME","next_report_stanox":"88471","next_report_run_time":"1","train_terminated":"false","delay_monitoring_point":"false","reporting_stanox":"00000","auto_expected":"true"}},{"header":{"msg_type":"0003","msg_queue_timestamp":"1713162551000","source_system_id":"TRUST","original_data_source":"SMART"},"body":{"train_id":"879H08MA15","actual_timestamp":"1713166080000","loc_stanox":"87606","gbtt_timestamp":"1713166080000","planned_timestamp":"1713166080000","planned_event_type":"DEPARTURE","event_type":"DEPARTURE","event_source":"AUTOMATIC","correction_ind":"false","offroute_ind":"false","direction_ind":"DOWN","platform":" 2","route":"2","train_service_code":"22206000","division_code":"30","toc_id":"30","timetable_variation":"0","variation_status":"ON TIME","next_report_stanox":"87604","next_report_run_time":"1","train_terminated":"false","delay_monitoring_point":"false","reporting_stanox":"00000","auto_expected":"true"}},{"header":{"msg_type":"0003","msg_queue_timestamp":"1713162551000","source_system_id":"TRUST","original_data_source":"SMART"},"body":{"train_id":"889K80MA15","actual_timestamp":"1713166080000","loc_stanox":"88467","gbtt_timestamp":"1713166080000","planned_timestamp":"1713166110000","planned_event_type":"DEPARTURE","event_type":"DEPARTURE","event_source":"AUTOMATIC","correction_ind":"false","offroute_ind":"false","direction_ind":"UP","line_ind":"U","platform":" 1","route":"1","train_service_code":"22742000","division_code":"88","toc_id":"88","timetable_variation":"0","variation_status":"ON TIME","next_report_stanox":"88413","next_report_run_time":"2","train_terminated":"false","delay_monitoring_point":"false","reporting_stanox":"00000","auto_expected":"true"}},{"header":{"msg_type":"0003","msg_queue_timestamp":"1713162551000","source_system_id":"TRUST","original_data_source":"SMART"},"body":{"train_id":"442O02M615","actual_timestamp":"1713166080000","loc_stanox":"44512","planned_timestamp":"1713165810000","planned_event_type":"DEPARTURE","event_type":"DEPARTURE","event_source":"AUTOMATIC","correction_ind":"false","offroute_ind":"false","direction_ind":"DOWN","line_ind":"G","route":"2","train_service_code":"22832000","division_code":"28","toc_id":"28","timetable_variation":"5","variation_status":"LATE","next_report_stanox":"44517","next_report_run_time":"4","train_terminated":"false","delay_monitoring_point":"false","reporting_stanox":"00000","auto_expected":"true"}},{"header":{"msg_type":"0001","msg_queue_timestamp":"1713162551000","source_system_id":"TRUST","original_data_source":"TSIA"},"body":{"train_id":"172C90MC15","toc_id":"23","schedule_wtt_id":"2C90M","sched_origin_stanox":"17132","creation_timestamp":"1713166151000","origin_dep_timestamp":"1713169740000","train_uid":"W31300","schedule_start_date":"2023-12-11","schedule_end_date":"2024-05-31","schedule_source":"C","schedule_type":"O","d1266_record_number":"00000","tp_origin_timestamp":"2024-04-15","train_call_type":"AUTOMATIC","train_call_mode":"NORMAL","train_service_code":"11830920"}},{"header":{"msg_type":"0001","msg_queue_timestamp":"1713162551000","source_system_id":"TRUST","original_data_source":"TSIA"},"body":{"train_id":"072J15MC15","toc_id":"60","schedule_wtt_id":"2J15M","sched_origin_stanox":"07231","creation_timestamp":"1713166151000","origin_dep_timestamp":"1713169740000","train_uid":"W57013","schedule_start_date":"2023-12-11","schedule_end_date":"2024-05-31","schedule_source":"C","schedule_type":"O","d1266_record_number":"00000","tp_origin_timestamp":"2024-04-15","train_call_type":"AUTOMATIC","train_call_mode":"NORMAL","train_service_code":"13567015"}},{"header":{"msg_type":"0001","msg_queue_timestamp":"1713162552000","source_system_id":"TRUST","original_data_source":"TSIA"},"body":{"train_id":"889N98MC15","toc_id":"33","schedule_wtt_id":"9N98M","sched_origin_stanox":"88607","creation_timestamp":"1713166152000","origin_dep_timestamp":"1713169740000","train_uid":"P11240","schedule_start_date":"2023-12-11","schedule_end_date":"2024-05-31","schedule_source":"C","schedule_type":"O","d1266_record_number":"00000","tp_origin_timestamp":"2024-04-15","train_call_type":"AUTOMATIC","train_call_mode":"NORMAL","train_service_code":"21381901"}},{"header":{"msg_type":"0003","msg_queue_timestamp":"1713162552000","source_system_id":"TRUST","original_data_source":"SMART"},"body":{"train_id":"322F17M615","actual_timestamp":"1713166020000","loc_stanox":"35447","gbtt_timestamp":"1713166020000","planned_timestamp":"1713166020000","planned_event_type":"DEPARTURE","event_type":"DEPARTURE","event_source":"AUTOMATIC","correction_ind":"false","offroute_ind":"false","direction_ind":"DOWN","platform":" 2","route":"2","train_service_code":"12248822","division_code":"23","toc_id":"23","timetable_variation":"0","variation_status":"ON TIME","next_report_stanox":"35439","next_report_run_time":"2","train_terminated":"false","delay_monitoring_point":"false","reporting_stanox":"00000","auto_expected":"true"}},{"header":{"msg_type":"0003","msg_queue_timestamp":"1713162552000","source_system_id":"TRUST","original_data_source":"SMART"},"body":{"train_id":"325H92MA15","actual_timestamp":"1713166080000","loc_stanox":"32534","planned_timestamp":"1713166140000","planned_event_type":"DEPARTURE","event_type":"DEPARTURE","event_source":"AUTOMATIC","correction_ind":"false","offroute_ind":"false","direction_ind":"UP","line_ind":"S","platform":" 1","route":"1","train_service_code":"12228110","division_code":"23","toc_id":"23","timetable_variation":"1","variation_status":"EARLY","next_report_stanox":"32536","train_terminated":"false","delay_monitoring_point":"true","reporting_stanox":"32534","auto_expected":"true"}},{"header":{"msg_type":"0003","msg_queue_timestamp":"1713162552000","source_system_id":"TRUST","original_data_source":"SMART"},"body":{"train_id":"872H09MA15","actual_timestamp":"1713166140000","loc_stanox":"87261","gbtt_timestamp":"1713166080000","planned_timestamp":"1713166110000","planned_event_type":"DEPARTURE","event_type":"DEPARTURE","event_source":"AUTOMATIC","correction_ind":"false","offroute_ind":"false","direction_ind":"DOWN","line_ind":"S","platform":" 8","route":"1","train_service_code":"24673105","division_code":"84","toc_id":"84","timetable_variation":"1","variation_status":"LATE","next_report_stanox":"87271","next_report_run_time":"3","train_terminated":"false","delay_monitoring_point":"true","reporting_stanox":"87261","auto_expected":"true"}}]