[{"header":{"msg_type":"0003","msg_queue_timestamp":"1713560311000","source_system_id":"TRUST","original_data_source":"SMART"},"body":{"train_id":"459J63MY19","actual_timestamp":"1713563940000","loc_stanox":"87712","gbtt_timestamp":"1713564060000","planned_timestamp":"1713564030000","planned_event_type":"ARRIVAL","event_type":"ARRIVAL","event_source":"AUTOMATIC","correction_ind":"false","offroute_ind":"false","direction_ind":"DOWN","platform":" 2","route":"0","train_service_code":"22727100","division_code":"88","toc_id":"88","timetable_variation":"1","variation_status":"EARLY","next_report_stanox":"87722","next_report_run_time":"2","train_terminated":"false","delay_monitoring_point":"false","reporting_stanox":"00000","auto_expected":"true"}},{"header":{"msg_type":"0003","msg_queue_timestamp":"1713560311000","source_system_id":"TRUST","original_data_source":"SMART"},"body":{"train_id":"879J72M719","actual_timestamp":"1713563940000","loc_stanox":"87903","gbtt_timestamp":"1713563940000","planned_timestamp":"1713563910000","planned_event_type":"ARRIVAL","event_type":"ARRIVAL","event_source":"AUTOMATIC","correction_ind":"false","offroute_ind":"false","direction_ind":"UP","platform":" 1","route":"0","train_service_code":"22729000","division_code":"88","toc_id":"88","timetable_variation":"1","variation_status":"LATE","next_report_stanox":"87722","next_report_run_time":"1","train_terminated":"false","delay_monitoring_point":"true","reporting_stanox":"87903","auto_expected":"true"}},{"header":{"msg_type":"0003","msg_queue_timestamp":"1713560311000","source_system_id":"TRUST","original_data_source":"SMART"},"body":{"train_id":"879T66M719","actual_timestamp":"1713563880000","loc_stanox":"87980","gbtt_timestamp":"1713563880000","planned_timestamp":"1713563880000","planned_event_type":"DEPARTURE","event_type":"DEPARTURE","event_source":"AUTOMATIC","correction_ind":"false","offroute_ind":"false","direction_ind":"UP","line_ind":"M","platform":" 5","route":"2","train_service_code":"22721000","division_code":"88","toc_id":"88","timetable_variation":"0","variation_status":"ON TIME","next_report_stanox":"87975","next_report_run_time":"3","train_terminated":"false","delay_monitoring_point":"true","reporting_stanox":"87980","auto_expected":"true"}},{"header":{"msg_type":"0003","msg_queue_timestamp":"1713560311000","source_system_id":"TRUST","original_data_source":"SMART"},"body":{"train_id":"879D64M719","actual_timestamp":"1713563880000","loc_stanox":"52078","gbtt_timestamp":"1713563940000","planned_timestamp":"1713563910000","planned_event_type":"ARRIVAL","event_type":"ARRIVAL","event_source":"AUTOMATIC","correction_ind":"false","offroute_ind":"false","direction_ind":"UP","platform":" 1","route":"0","train_service_code":"22215003","division_code":"30","toc_id":"30","timetable_variation":"0","variation_status":"ON TIME","next_report_stanox":"52074","next_report_run_time":"1","train_terminated":"false","delay_monitoring_point":"false","reporting_stanox":"00000","auto_expected":"true"}},{"header":{"msg_type":"0003","msg_queue_timestamp":"1713560311000","source_system_id":"TRUST","original_data_source":"SMART"},"body":{"train_id":"322E93M719","actual_timestamp":"1713563820000","loc_stanox":"32000","gbtt_timestamp":"1713563880000","planned_timestamp":"1713563880000","planned_event_type":"DEPARTURE","event_type":"DEPARTURE","event_source":"AUTOMATIC","correction_ind":"false","offroute_ind":"false","direction_ind":"UP","line_ind":"E","platform":" 1","route":"1","train_service_code":"21733000","division_code":"20","toc_id":"20","timetable_variation":"1","variation_status":"EARLY","next_report_stanox":"32009","next_report_run_time":"2","train_terminated":"false","delay_monitoring_point":"true","reporting_stanox":"32000","auto_expected":"true"}},{"header":{"msg_type":"0003","msg_queue_timestamp":"1713560311000","source_system_id":"TRUST","original_data_source":"SMART"},"body":{"train_id":"629R61M719","actual_timestamp":"1713563880000","loc_stanox":"63551","planned_timestamp":"1713563910000","planned_event_type":"DEPARTURE","event_type":"DEPARTURE","event_source":"AUTOMATIC","correction_ind":"false","offroute_ind":"false","direction_ind":"UP","line_ind":"M","platform":" 1","route":"1","train_service_code":"22720000","division_code":"88","toc_id":"88","timetable_variation":"0","variation_status":"ON TIME","next_report_stanox":"63624","next_report_run_time":"3","train_terminated":"false","delay_monitoring_point":"false","reporting_stanox":"00000","auto_expected":"true"}},{"header":{"msg_type":"0003","msg_queue_timestamp":"1713560311000","source_system_id":"TRUST","original_data_source":"SMART"},"body":{"train_id":"401K20MZ19","actual_timestamp":"1713563820000","loc_stanox":"40101","gbtt_timestamp":"1713563820000","planned_timestamp":"1713563850000","planned_event_type":"DEPARTURE","event_type":"DEPARTURE","event_source":"AUTOMATIC","correction_ind":"false","offroute_ind":"false","direction_ind":"UP","line_ind":"U","platform":" 1","route":"1","train_service_code":"22340000","division_code":"71","toc_id":"71","timetable_variation":"0","variation_status":"ON TIME","next_report_stanox":"40114","next_report_run_time":"6","train_terminated":"false","delay_monitoring_point":"false","reporting_stanox":"00000","auto_expected":"true"}},{"header":{"msg_type":"0003","msg_queue_timestamp":"1713560311000","source_system_id":"TRUST","original_data_source":"SMART"},"body":{"train_id":"172A33M719","actual_timestamp":"1713563760000","loc_stanox":"18032","gbtt_timestamp":"1713563640000","planned_timestamp":"1713563670000","planned_event_type":"DEPARTURE","event_type":"DEPARTURE","event_source":"AUTOMATIC","correction_ind":"false","offroute_ind":"false","direction_ind":"DOWN","line_ind":"G","platform":" 2","route":"2","train_service_code":"11824820","division_code":"23","toc_id":"23","timetable_variation":"2","variation_status":"LATE","next_report_stanox":"18031","next_report_run_time":"3","train_terminated":"false","delay_monitoring_point":"false","reporting_stanox":"00000","auto_expected":"true"}},{"header":{"msg_type":"0003","msg_queue_timestamp":"1713560311000","source_system_id":"TRUST","original_data_source":"SMART"},"body":{"train_id":"312N57M719","actual_timestamp":"1713564000000","loc_stanox":"31049","gbtt_timestamp":"1713564000000","planned_timestamp":"1713563970000","planned_event_type":"ARRIVAL","event_type":"ARRIVAL","event_source":"AUTOMATIC","correction_ind":"false","offroute_ind":"false","direction_ind":"UP","platform":" 1","route":"0","train_service_code":"12242110","division_code":"23","toc_id":"23","timetable_variation":"1","variation_status":"LATE","next_report_stanox":"31134","next_report_run_time":"1","train_terminated":"false","delay_monitoring_point":"false","reporting_stanox":"00000","auto_expected":"true"}},{"header":{"msg_type":"0003","msg_queue_timestamp":"1713560311000","source_system_id":"TRUST","original_data_source":"SMART"},"body":{"train_id":"704V46CY19","actual_timestamp":"1713563880000","loc_stanox":"76072","planned_timestamp":"1713566310000","planned_event_type":"ARRIVAL","event_type":"ARRIVAL","event_source":"AUTOMATIC","correction_ind":"false","offroute_ind":"false","route":"0","train_service_code":"52663490","division_code":"97","toc_id":"97","timetable_variation":"40","variation_status":"EARLY","next_report_stanox":"76079","next_report_run_time":"40","train_terminated":"false","delay_monitoring_point":"true","train_file_address":"MGT","reporting_stanox":"76072","auto_expected":"true"}},{"header":{"msg_type":"0003","msg_queue_timestamp":"1713560311000","source_system_id":"TRUST","original_data_source":"SMART"},"body":{"train_id":"841S53MM19","actual_timestamp":"1713563940000","loc_stanox":"04821","planned_timestamp":"1713563940000","planned_event_type":"ARRIVAL","event_type":"ARRIVAL","event_source":"AUTOMATIC","correction_ind":"false","offroute_ind":"false","route":"0","train_service_code":"22180012","division_code":"27","toc_id":"27","timetable_variation":"0","variation_status":"ON TIME","next_report_stanox":"04811","next_report_run_time":"1","train_terminated":"false","delay_monitoring_point":"true","reporting_stanox":"04821","auto_expected":"true"}},{"header":{"msg_type":"0003","msg_queue_timestamp":"1713560311000","source_system_id":"TRUST","original_data_source":"SMART"},"body":{"train_id":"161B41MY19","actual_timestamp":"1713563880000","loc_stanox":"30041","gbtt_timestamp":"1713563880000","planned_timestamp":"1713563880000","planned_event_type":"DEPARTURE","event_type":"DEPARTURE","event_source":"AUTOMATIC","correction_ind":"false","offroute_ind":"false","direction_ind":"DOWN","platform":" 1","route":"2","train_service_code":"11837920","division_code":"23","toc_id":"23","timetable_variation":"0","variation_status":"ON TIME","next_report_stanox":"30040","next_report_run_time":"3","train_terminated":"false","delay_monitoring_point":"false","reporting_stanox":"00000","auto_expected":"true"}},{"header":{"msg_type":"0003","msg_queue_timestamp":"1713560312000","source_system_id":"TRUST","original_data_source":"SMART"},"body":{"train_id":"749U81M719","actual_timestamp":"1713563880000","loc_stanox":"73816","gbtt_timestamp":"1713563760000","planned_timestamp":"1713563760000","planned_event_type":"DEPARTURE","event_type":"DEPARTURE","event_source":"AUTOMATIC","correction_ind":"false","offroute_ind":"false","direction_ind":"UP","line_ind":"U","platform":" 4","route":"2","train_service_code":"21381001","division_code":"33","toc_id":"33","timetable_variation":"2","variation_status":"LATE","next_report_stanox":"73780","next_report_run_time":"3","train_terminated":"false","delay_monitoring_point":"false","reporting_stanox":"00000","auto_expected":"true"}},{"header":{"msg_type":"0003","msg_queue_timestamp":"1713560312000","source_system_id":"TRUST","original_data_source":"SMART"},"body":{"train_id":"852F95M719","actual_timestamp":"1713563880000","loc_stanox":"85505","planned_timestamp":"1713563850000","planned_event_type":"DEPARTURE","event_type":"DEPARTURE","event_source":"AUTOMATIC","correction_ind":"false","offroute_ind":"false","direction_ind":"DOWN","line_ind":"F","platform":"F","route":"2","train_service_code":"25478001","division_code":"25","toc_id":"25","timetable_variation":"1","variation_status":"LATE","next_report_stanox":"85507","next_report_run_time":"5","train_terminated":"false","delay_monitoring_point":"false","reporting_stanox":"00000","auto_expected":"true"}},{"header":{"msg_type":"0003","msg_queue_timestamp":"1713560312000","source_system_id":"TRUST","original_data_source":"SMART"},"body":{"train_id":"234L001S19","actual_timestamp":"1713563880000","loc_stanox":"45106","planned_timestamp":"1713563940000","planned_event_type":"DEPARTURE","event_type":"DEPARTURE","event_source":"AUTOMATIC","correction_ind":"false","offroute_ind":"false","direction_ind":"UP","line_ind":"F","platform":" 1","route":"1","train_service_code":"55460180","division_code":"54","toc_id":"54","timetable_variation":"1","variation_status":"EARLY","next_report_stanox":"45144","next_report_run_time":"3","train_terminated":"false","delay_monitoring_point":"true","train_file_address":"MHF","reporting_stanox":"45106","auto_expected":"true"}},{"header":{"msg_type":"0003","msg_queue_timestamp":"1713560312000","source_system_id":"TRUST","original_data_source":"SMART"},"body":{"train_id":"722D62M719","actual_timestamp":"1713563820000","loc_stanox":"72002","gbtt_timestamp":"1713563880000","planned_timestamp":"1713563910000","planned_event_type":"DEPARTURE","event_type":"DEPARTURE","event_source":"AUTOMATIC","correction_ind":"false","offroute_ind":"false","direction_ind":"DOWN","platform":" 1","route":"1","train_service_code":"22216000","division_code":"30","toc_id":"30","timetable_variation":"1","variation_status":"EARLY","next_report_stanox":"72000","next_report_run_time":"5","train_terminated":"false","delay_monitoring_point":"false","reporting_stanox":"00000","auto_expected":"true"}},{"header":{"msg_type":"0003","msg_queue_timestamp":"1713560312000","source_system_id":"TRUST","original_data_source":"SMART"},"body":{"train_id":"362S65M719","actual_timestamp":"1713563940000","loc_stanox":"36086","gbtt_timestamp":"1713563940000","planned_timestamp":"1713563910000","planned_event_type":"ARRIVAL","event_type":"ARRIVAL","event_source":"AUTOMATIC","correction_ind":"false","offroute_ind":"false","direction_ind":"DOWN","line_ind":"2","platform":" 2","route":"0","train_service_code":"12301012","division_code":"64","toc_id":"64","timetable_variation":"1","variation_status":"LATE","next_report_stanox":"36084","next_report_run_time":"1","train_terminated":"false","delay_monitoring_point":"true","reporting_stanox":"36086","auto_expected":"true"}},{"header":{"msg_type":"0003","msg_queue_timestamp":"1713560312000","source_system_id":"TRUST","original_data_source":"SMART"},"body":{"train_id":"514E97CY19","actual_timestamp":"1713563880000","loc_stanox":"53221","planned_timestamp":"1713562500000","planned_event_type":"DEPARTURE","event_type":"DEPARTURE","event_source":"AUTOMATIC","correction_ind":"false","offroute_ind":"false","direction_ind":"DOWN","line_ind":"S","platform":" 2","route":"1","train_service_code":"55460180","division_code":"54","toc_id":"54","timetable_variation":"23","variation_status":"LATE","next_report_stanox":"45611","next_report_run_time":"8","train_terminated":"false","delay_monitoring_point":"true","train_file_address":"MK9","reporting_stanox":"53221","auto_expected":"true"}},{"header":{"msg_type":"0003","msg_queue_timestamp":"1713560312000","source_system_id":"TRUST","original_data_source":"SMART"},"body":{"train_id":"212L86M719","actual_timestamp":"1713563880000","loc_stanox":"21141","gbtt_timestamp":"1713563880000","planned_timestamp":"1713563880000","planned_event_type":"DEPARTURE","event_type":"DEPARTURE","event_source":"AUTOMATIC","correction_ind":"false","offroute_ind":"false","direction_ind":"DOWN","line_ind":"S","platform":" 2","route":"2","train_service_code":"22836000","division_code":"28","toc_id":"28","timetable_variation":"0","variation_status":"ON TIME","next_report_stanox":"21122","next_report_run_time":"6","train_terminated":"false","delay_monitoring_point":"true","reporting_stanox":"21141","auto_expected":"true"}},{"header":{"msg_type":"0003","msg_queue_timestamp":"1713560312000","source_system_id":"TRUST","original_data_source":"SMART"},"body":{"train_id":"881H20M719","actual_timestamp":"1713563820000","loc_stanox":"89372","gbtt_timestamp":"1713563880000","planned_timestamp":"1713563880000","planned_event_type":"DEPARTURE","event_type":"DEPARTURE","event_source":"AUTOMATIC","correction_ind":"false","offroute_ind":"false","direction_ind":"DOWN","platform":" 2","route":"2","train_service_code":"24602004","division_code":"80","toc_id":"80","timetable_variation":"1","variation_status":"EARLY","next_report_stanox":"89374","next_report_run_time":"1","train_terminated":"false","delay_monitoring_point":"false","reporting_stanox":"00000","auto_expected":"true"}},{"header":{"msg_type":"0003","msg_queue_timestamp":"1713560312000","source_system_id":"TRUST","original_data_source":"SMART"},"body":{"train_id":"631C66M719","actual_timestamp":"1713563880000","loc_stanox":"89004","gbtt_timestamp":"1713563880000","planned_timestamp":"1713563880000","planned_event_type":"DEPARTURE","event_type":"DEPARTURE","event_source":"AUTOMATIC","correction_ind":"false","offroute_ind":"false","direction_ind":"DOWN","platform":" 2","route":"2","train_service_code":"24648004","division_code":"80","toc_id":"80","timetable_variation":"0","variation_status":"ON TIME","next_report_stanox":"89007","next_report_run_time":"2","train_terminated":"false","delay_monitoring_point":"true","reporting_stanox":"89004","auto_expected":"true"}},{"header":{"msg_type":"0003","msg_queue_timestamp":"1713560313000","source_system_id":"TRUST","original_data_source":"SMART"},"body":{"train_id":"722K65M719","actual_timestamp":"1713563940000","loc_stanox":"70421","gbtt_timestamp":"1713563820000","planned_timestamp":"1713563820000","planned_event_type":"ARRIVAL","event_type":"ARRIVAL","event_source":"AUTOMATIC","correction_ind":"false","offroute_ind":"false","direction_ind":"DOWN","platform":" 3","route":"0","train_service_code":"22209000","division_code":"29","toc_id":"29","timetable_variation":"2","variation_status":"LATE","next_report_stanox":"70411","next_report_run_time":"1","train_terminated":"false","delay_monitoring_point":"false","reporting_stanox":"00000","auto_expected":"true"}},{"header":{"msg_type":"0003","msg_queue_timestamp":"1713560313000","source_system_id":"TRUST","original_data_source":"SMART"},"body":{"train_id":"541T64M719","actual_timestamp":"1713563940000","loc_stanox":"47221","gbtt_timestamp":"1713564000000","planned_timestamp":"1713564000000","planned_event_type":"ARRIVAL","event_type":"ARRIVAL","event_source":"AUTOMATIC","correction_ind":"false","offroute_ind":"false","direction_ind":"DOWN","platform":" 1","route":"0","train_service_code":"21725000","division_code":"88","toc_id":"88","timetable_variation":"1","variation_status":"EARLY","next_report_stanox":"47213","next_report_run_time":"6","train_terminated":"false","delay_monitoring_point":"true","reporting_stanox":"47221","auto_expected":"true"}},{"header":{"msg_type":"0003","msg_queue_timestamp":"1713560313000","source_system_id":"TRUST","original_data_source":"SMART"},"body":{"train_id":"482J95M719","actual_timestamp":"1713563880000","loc_stanox":"48195","gbtt_timestamp":"1713563880000","planned_timestamp":"1713563910000","planned_event_type":"DEPARTURE","event_type":"DEPARTURE","event_source":"AUTOMATIC","correction_ind":"false","offroute_ind":"false","direction_ind":"UP","line_ind":"U","platform":" 1","route":"1","train_service_code":"21895002","division_code":"21","toc_id":"21","timetable_variation":"0","variation_status":"ON TIME","next_report_stanox":"48197","next_report_run_time":"4","train_terminated":"false","delay_monitoring_point":"false","reporting_stanox":"00000","auto_expected":"true"}},{"header":{"msg_type":"0003","msg_queue_timestamp":"1713560313000","source_system_id":"TRUST","original_data_source":"SMART"},"body":{"train_id":"522O14M719","actual_timestamp":"1713564000000","loc_stanox":"51702","gbtt_timestamp":"1713564060000","planned_timestamp":"1713564060000","planned_event_type":"DESTINATION","event_type":"ARRIVAL","event_source":"AUTOMATIC","correction_ind":"false","offroute_ind":"false","direction_ind":"DOWN","platform":" 2","route":"0","train_service_code":"21920000","division_code":"21","toc_id":"21","timetable_variation":"1","variation_status":"EARLY","train_terminated":"true","delay_monitoring_point":"true","reporting_stanox":"51702","auto_expected":"true"}},{"header":{"msg_type":"0003","msg_queue_timestamp":"1713560313000","source_system_id":"TRUST","original_data_source":"SMART"},"body":{"train_id":"482J95M719","actual_timestamp":"1713564060000","loc_stanox":"48197","gbtt_timestamp":"1713564120000","planned_timestamp":"1713564120000","planned_event_type":"ARRIVAL","event_type":"ARRIVAL","event_source":"AUTOMATIC","correction_ind":"false","offroute_ind":"false","direction_ind":"UP","platform":" 1","route":"0","train_service_code":"21895002","division_code":"21","toc_id":"21","timetable_variation":"1","variation_status":"EARLY","next_report_stanox":"48201","next_report_run_time":"1","train_terminated":"false","delay_monitoring_point":"false","reporting_stanox":"00000","auto_expected":"true"}},{"header":{"msg_type":"0003","msg_queue_timestamp":"1713560313000","source_system_id":"TRUST","original_data_source":"SMART"},"body":{"train_id":"522N25M719","actual_timestamp":"1713563880000","loc_stanox":"72420","gbtt_timestamp":"1713563580000","planned_timestamp":"1713563580000","planned_event_type":"DEPARTURE","event_type":"DEPARTURE","event_source":"AUTOMATIC","correction_ind":"false","offroute_ind":"false","direction_ind":"DOWN","platform":" 1","route":"1","train_service_code":"22214000","division_code":"30","toc_id":"30","timetable_variation":"5","variation_status":"LATE","next_report_stanox":"72419","next_report_run_time":"1","train_terminated":"false","delay_monitoring_point":"false","reporting_stanox":"00000","auto_expected":"true"}},{"header":{"msg_type":"0003","msg_queue_timestamp":"1713560313000","source_system_id":"TRUST","original_data_source":"SMART"},"body":{"train_id":"522T24M719","actual_timestamp":"1713564000000","loc_stanox":"52731","gbtt_timestamp":"1713564000000","planned_timestamp":"1713563940000","planned_event_type":"DESTINATION","event_type":"ARRIVAL","event_source":"AUTOMATIC","correction_ind":"false","offroute_ind":"false","direction_ind":"DOWN","platform":" 1","route":"0","train_service_code":"21235001","division_code":"30","toc_id":"30","timetable_variation":"1","variation_status":"LATE","train_terminated":"true","delay_monitoring_point":"true","reporting_stanox":"52731","auto_expected":"true"}},{"header":{"msg_type":"0003","msg_queue_timestamp":"1713560313000","source_system_id":"TRUST","original_data_source":"SMART"},"body":{"train_id":"521F60M719","actual_timestamp":"1713563880000","loc_stanox":"50423","planned_timestamp":"1713563910000","planned_event_type":"DEPARTURE","event_type":"DEPARTURE","event_source":"AUTOMATIC","correction_ind":"false","offroute_ind":"false","direction_ind":"DOWN","line_ind":"M","platform":" 2","route":"1","train_service_code":"21939001","division_code":"21","toc_id":"21","timetable_variation":"0","variation_status":"ON TIME","next_report_stanox":"50334","next_report_run_time":"5","train_terminated":"false","delay_monitoring_point":"true","reporting_stanox":"50423","auto_expected":"true"}},{"header":{"msg_type":"0003","msg_queue_timestamp":"1713560313000","source_system_id":"TRUST","original_data_source":"SMART"},"body":{"train_id":"871D70M719","actual_timestamp":"1713563820000","loc_stanox":"87302","gbtt_timestamp":"1713563880000","planned_timestamp":"1713563880000","planned_event_type":"DEPARTURE","event_type":"DEPARTURE","event_source":"AUTOMATIC","correction_ind":"false","offroute_ind":"false","direction_ind":"UP","platform":" 1","route":"1","train_service_code":"24673305","division_code":"84","toc_id":"84","timetable_variation":"1","variation_status":"EARLY","next_report_stanox":"87301","next_report_run_time":"2","train_terminated":"false","delay_monitoring_point":"false","reporting_stanox":"00000","auto_expected":"true"}},{"header":{"msg_type":"0003","msg_queue_timestamp":"1713560313000","source_system_id":"TRUST","original_data_source":"SMART"},"body":{"train_id":"882R68MZ19","actual_timestamp":"1713563940000","loc_stanox":"89326","gbtt_timestamp":"1713563820000","planned_timestamp":"1713563820000","planned_event_type":"ARRIVAL","event_type":"ARRIVAL","event_source":"AUTOMATIC","correction_ind":"false","offroute_ind":"false","direction_ind":"DOWN","platform":" 2","route":"0","train_service_code":"24605004","division_code":"80","toc_id":"80","timetable_variation":"2","variation_status":"LATE","next_report_stanox":"89323","next_report_run_time":"1","train_terminated":"false","delay_monitoring_point":"false","reporting_stanox":"00000","auto_expected":"true"}},{"header":{"msg_type":"0003","msg_queue_timestamp":"1713560313000","source_system_id":"TRUST","original_data_source":"SMART"},"body":{"train_id":"862S72M719","actual_timestamp":"1713563880000","loc_stanox":"87107","gbtt_timestamp":"1713563820000","planned_timestamp":"1713563880000","planned_event_type":"DEPARTURE","event_type":"DEPARTURE","event_source":"AUTOMATIC","correction_ind":"false","offroute_ind":"false","direction_ind":"UP","platform":" 1","route":"1","train_service_code":"24671205","division_code":"84","toc_id":"84","timetable_variation":"0","variation_status":"ON TIME","next_report_stanox":"87114","next_report_run_time":"4","train_terminated":"false","delay_monitoring_point":"false","reporting_stanox":"00000","auto_expected":"true"}}]