[{"header":{"msg_type":"0003","msg_queue_timestamp":"1713737601000","source_system_id":"TRUST","original_data_source":"SMART"},"body":{"train_id":"872K38M821","actual_timestamp":"1713741180000","loc_stanox":"89007","gbtt_timestamp":"1713741300000","planned_timestamp":"1713741270000","planned_event_type":"ARRIVAL","event_type":"ARRIVAL","event_source":"AUTOMATIC","correction_ind":"false","offroute_ind":"false","direction_ind":"DOWN","platform":" 2","route":"0","train_service_code":"24604004","division_code":"80","toc_id":"80","timetable_variation":"1","variation_status":"EARLY","next_report_stanox":"89011","next_report_run_time":"2","train_terminated":"false","delay_monitoring_point":"false","reporting_stanox":"00000","auto_expected":"true"}},{"header":{"msg_type":"0003","msg_queue_timestamp":"1713737601000","source_system_id":"TRUST","original_data_source":"SMART"},"body":{"train_id":"072L37M821","actual_timestamp":"1713741180000","loc_stanox":"06345","gbtt_timestamp":"1713740760000","planned_timestamp":"1713740760000","planned_event_type":"DEPARTURE","event_type":"DEPARTURE","event_source":"AUTOMATIC","correction_ind":"false","offroute_ind":"false","direction_ind":"DOWN","platform":" 2","route":"1","train_service_code":"23563015","division_code":"60","toc_id":"60","timetable_variation":"7","variation_status":"LATE","next_report_stanox":"06211","next_report_run_time":"2","train_terminated":"false","delay_monitoring_point":"false","reporting_stanox":"00000","auto_expected":"true"}},{"header":{"msg_type":"0003","msg_queue_timestamp":"1713737601000","source_system_id":"TRUST","original_data_source":"SMART"},"body":{"train_id":"871P63M821","actual_timestamp":"1713741240000","loc_stanox":"87810","gbtt_timestamp":"1713741240000","planned_timestamp":"1713741210000","planned_event_type":"ARRIVAL","event_type":"ARRIVAL","event_source":"AUTOMATIC","correction_ind":"false","offroute_ind":"false","direction_ind":"DOWN","platform":" 2","route":"0","train_service_code":"24786000","division_code":"88","toc_id":"88","timetable_variation":"1","variation_status":"LATE","next_report_stanox":"87811","next_report_run_time":"1","train_terminated":"false","delay_monitoring_point":"false","reporting_stanox":"00000","auto_expected":"true"}},{"header":{"msg_type":"0003","msg_queue_timestamp":"1713737601000","source_system_id":"TRUST","original_data_source":"SMART"},"body":{"train_id":"871C69M721","actual_timestamp":"1713741180000","loc_stanox":"87637","planned_timestamp":"1713740790000","planned_event_type":"DEPARTURE","event_type":"DEPARTURE","event_source":"AUTOMATIC","correction_ind":"false","offroute_ind":"false","direction_ind":"UP","line_ind":"F","platform":" 4","route":"2","train_service_code":"24748000","division_code":"88","toc_id":"88","timetable_variation":"7","variation_status":"LATE","next_report_stanox":"87616","next_report_run_time":"3","train_terminated":"false","delay_monitoring_point":"true","reporting_stanox":"87637","auto_expected":"true"}},{"header":{"msg_type":"0003","msg_queue_timestamp":"1713737602000","source_system_id":"TRUST","original_data_source":"SMART"},"body":{"train_id":"541D34M721","actual_timestamp":"1713741120000","loc_stanox":"44421","gbtt_timestamp":"1713739620000","planned_timestamp":"1713739620000","planned_event_type":"DEPARTURE","event_type":"DEPARTURE","event_source":"AUTOMATIC","correction_ind":"false","offroute_ind":"false","direction_ind":"DOWN","line_ind":"N","platform":" 4","route":"4","train_service_code":"21702001","division_code":"61","toc_id":"61","timetable_variation":"25","variation_status":"LATE","next_report_stanox":"44365","next_report_run_time":"6","train_terminated":"false","delay_monitoring_point":"true","reporting_stanox":"44421","auto_expected":"true"}},{"header":{"msg_type":"0003","msg_queue_timestamp":"1713737602000","source_system_id":"TRUST","original_data_source":"SMART"},"body":{"train_id":"422U46MZ21","actual_timestamp":"1713741180000","loc_stanox":"72316","planned_timestamp":"1713741180000","planned_event_type":"DEPARTURE","event_type":"DEPARTURE","event_source":"AUTOMATIC","correction_ind":"false","offroute_ind":"false","direction_ind":"UP","line_ind":"A","route":"2","train_service_code":"22330000","division_code":"29","toc_id":"29","timetable_variation":"0","variation_status":"ON TIME","next_report_stanox":"72410","next_report_run_time":"3","train_terminated":"false","delay_monitoring_point":"false","reporting_stanox":"00000","auto_expected":"true"}},{"header":{"msg_type":"0003","msg_queue_timestamp":"1713737602000","source_system_id":"TRUST","original_data_source":"SMART"},"body":{"train_id":"851E73MR21","actual_timestamp":"1713741180000","loc_stanox":"17151","planned_timestamp":"1713740400000","planned_event_type":"DEPARTURE","event_type":"DEPARTURE","event_source":"AUTOMATIC","correction_ind":"false","offroute_ind":"false","direction_ind":"DOWN","line_ind":"D","route":"2","train_service_code":"22180012","division_code":"27","toc_id":"27","timetable_variation":"13","variation_status":"LATE","next_report_stanox":"17135","train_terminated":"false","delay_monitoring_point":"false","reporting_stanox":"00000","auto_expected":"true"}},{"header":{"msg_type":"0003","msg_queue_timestamp":"1713737602000","source_system_id":"TRUST","original_data_source":"SMART"},"body":{"train_id":"172N29M821","actual_timestamp":"1713741120000","loc_stanox":"18305","gbtt_timestamp":"1713740940000","planned_timestamp":"1713740940000","planned_event_type":"DEPARTURE","event_type":"DEPARTURE","event_source":"AUTOMATIC","correction_ind":"false","offroute_ind":"false","direction_ind":"UP","line_ind":"P","platform":" 1","route":"1","train_service_code":"11810920","division_code":"23","toc_id":"23","timetable_variation":"3","variation_status":"LATE","next_report_stanox":"24003","next_report_run_time":"5","train_terminated":"false","delay_monitoring_point":"true","reporting_stanox":"18305","auto_expected":"true"}},{"header":{"msg_type":"0003","msg_queue_timestamp":"1713737602000","source_system_id":"TRUST","original_data_source":"SMART"},"body":{"train_id":"704Z451L21","actual_timestamp":"1713741180000","loc_stanox":"12001","planned_timestamp":"1713741690000","planned_event_type":"DEPARTURE","event_type":"DEPARTURE","event_source":"AUTOMATIC","correction_ind":"false","offroute_ind":"false","direction_ind":"DOWN","line_ind":"M","platform":" 2","route":"2","train_service_code":"52662690","division_code":"97","toc_id":"97","timetable_variation":"8","variation_status":"EARLY","next_report_stanox":"04838","next_report_run_time":"4","train_terminated":"false","delay_monitoring_point":"true","train_file_address":"NN9","reporting_stanox":"12001","auto_expected":"true"}},{"header":{"msg_type":"0003","msg_queue_timestamp":"1713737603000","source_system_id":"TRUST","original_data_source":"SMART"},"body":{"train_id":"551Y62M721","actual_timestamp":"1713741180000","loc_stanox":"24385","gbtt_timestamp":"1713741180000","planned_timestamp":"1713741180000","planned_event_type":"DEPARTURE","event_type":"DEPARTURE","event_source":"AUTOMATIC","correction_ind":"false","offroute_ind":"false","direction_ind":"DOWN","line_ind":"M","platform":" 2","route":"2","train_service_code":"21865000","division_code":"23","toc_id":"23","timetable_variation":"0","variation_status":"ON TIME","next_report_stanox":"18402","next_report_run_time":"4","train_terminated":"false","delay_monitoring_point":"true","reporting_stanox":"24385","auto_expected":"true"}},{"header":{"msg_type":"0003","msg_queue_timestamp":"1713737603000","source_system_id":"TRUST","original_data_source":"SMART"},"body":{"train_id":"235B941821","actual_timestamp":"1713741120000","loc_stanox":"18058","planned_timestamp":"1713741600000","planned_event_type":"DEPARTURE","event_type":"DEPARTURE","event_source":"AUTOMATIC","correction_ind":"false","offroute_ind":"false","direction_ind":"DOWN","line_ind":"G","platform":" 3","route":"6","train_service_code":"11817020","division_code":"20","toc_id":"20","timetable_variation":"8","variation_status":"EARLY","next_report_stanox":"18054","next_report_run_time":"2","train_terminated":"false","delay_monitoring_point":"true","reporting_stanox":"18058","auto_expected":"true"}},{"header":{"msg_type":"0003","msg_queue_timestamp":"1713737603000","source_system_id":"TRUST","original_data_source":"SMART"},"body":{"train_id":"882S72M821","actual_timestamp":"1713741240000","loc_stanox":"88483","gbtt_timestamp":"1713741300000","planned_timestamp":"1713741270000","planned_event_type":"ARRIVAL","event_type":"ARRIVAL","event_source":"AUTOMATIC","correction_ind":"false","offroute_ind":"false","direction_ind":"DOWN","platform":" 4","route":"0","train_service_code":"24655005","division_code":"80","toc_id":"80","timetable_variation":"0","variation_status":"ON TIME","next_report_stanox":"88490","next_report_run_time":"1","train_terminated":"false","delay_monitoring_point":"true","reporting_stanox":"88483","auto_expected":"true"}},{"header":{"msg_type":"0003","msg_queue_timestamp":"1713737604000","source_system_id":"TRUST","original_data_source":"SMART"},"body":{"train_id":"721S26M721","actual_timestamp":"1713741180000","loc_stanox":"45603","planned_timestamp":"1713741270000","planned_event_type":"DEPARTURE","event_type":"DEPARTURE","event_source":"AUTOMATIC","correction_ind":"false","offroute_ind":"false","direction_ind":"DOWN","line_ind":"F","route":"1","train_service_code":"23556003","division_code":"35","toc_id":"35","timetable_variation":"1","variation_status":"EARLY","next_report_stanox":"45201","next_report_run_time":"11","train_terminated":"false","delay_monitoring_point":"true","train_file_address":"NT7","reporting_stanox":"45603","auto_expected":"true"}},{"header":{"msg_type":"0003","msg_queue_timestamp":"1713737605000","source_system_id":"TRUST","original_data_source":"SMART"},"body":{"train_id":"872C77M921","actual_timestamp":"1713741120000","loc_stanox":"87214","gbtt_timestamp":"1713741180000","planned_timestamp":"1713741210000","planned_event_type":"DEPARTURE","event_type":"DEPARTURE","event_source":"AUTOMATIC","correction_ind":"false","offroute_ind":"false","direction_ind":"DOWN","platform":" 3","route":"1","train_service_code":"24672104","division_code":"84","toc_id":"84","timetable_variation":"1","variation_status":"EARLY","next_report_stanox":"87215","next_report_run_time":"2","train_terminated":"false","delay_monitoring_point":"true","reporting_stanox":"87214","auto_expected":"true"}},{"header":{"msg_type":"0003","msg_queue_timestamp":"1713737605000","source_system_id":"TRUST","original_data_source":"SMART"},"body":{"train_id":"872F74M821","actual_timestamp":"1713741240000","loc_stanox":"87219","gbtt_timestamp":"1713741300000","planned_timestamp":"1713741270000","planned_event_type":"ARRIVAL","event_type":"ARRIVAL","event_source":"AUTOMATIC","correction_ind":"false","offroute_ind":"false","direction_ind":"UP","platform":"10","route":"0","train_service_code":"24673605","division_code":"84","toc_id":"84","timetable_variation":"0","variation_status":"ON TIME","next_report_stanox":"87214","next_report_run_time":"1","train_terminated":"false","delay_monitoring_point":"true","reporting_stanox":"87219","auto_expected":"true"}},{"header":{"msg_type":"0003","msg_queue_timestamp":"1713737605000","source_system_id":"TRUST","original_data_source":"SMART"},"body":{"train_id":"652R55M821","actual_timestamp":"1713741240000","loc_stanox":"66525","gbtt_timestamp":"1713741060000","planned_timestamp":"1713741060000","planned_event_type":"ARRIVAL","event_type":"ARRIVAL","event_source":"AUTOMATIC","correction_ind":"false","offroute_ind":"false","direction_ind":"DOWN","platform":" 4","route":"0","train_service_code":"22272000","division_code":"29","toc_id":"29","timetable_variation":"3","variation_status":"LATE","next_report_stanox":"66527","next_report_run_time":"1","train_terminated":"false","delay_monitoring_point":"true","reporting_stanox":"66525","auto_expected":"true"}}]