[{"header":{"msg_type":"0003","msg_queue_timestamp":"1713729616000","source_system_id":"TRUST","original_data_source":"SMART"},"body":{"train_id":"182W73MZ21","actual_timestamp":"1713733200000","loc_stanox":"17151","planned_timestamp":"1713733290000","planned_event_type":"DEPARTURE","event_type":"DEPARTURE","event_source":"AUTOMATIC","correction_ind":"false","offroute_ind":"false","direction_ind":"DOWN","line_ind":"D","route":"2","train_service_code":"11868820","division_code":"23","toc_id":"23","timetable_variation":"1","variation_status":"EARLY","next_report_stanox":"17135","next_report_run_time":"1","train_terminated":"false","delay_monitoring_point":"false","reporting_stanox":"00000","auto_expected":"true"}},{"header":{"msg_type":"0003","msg_queue_timestamp":"1713729616000","source_system_id":"TRUST","original_data_source":"SMART"},"body":{"train_id":"512U83MZ21","actual_timestamp":"1713733200000","loc_stanox":"51950","gbtt_timestamp":"1713733200000","planned_timestamp":"1713733200000","planned_event_type":"ARRIVAL","event_type":"ARRIVAL","event_source":"AUTOMATIC","correction_ind":"false","offroute_ind":"false","direction_ind":"UP","platform":" 1","route":"0","train_service_code":"21234001","division_code":"30","toc_id":"30","timetable_variation":"0","variation_status":"ON TIME","next_report_stanox":"51951","next_report_run_time":"1","train_terminated":"false","delay_monitoring_point":"false","reporting_stanox":"00000","auto_expected":"true"}},{"header":{"msg_type":"0003","msg_queue_timestamp":"1713729616000","source_system_id":"TRUST","original_data_source":"SMART"},"body":{"train_id":"739C68M721","actual_timestamp":"1713733200000","loc_stanox":"73003","gbtt_timestamp":"1713733200000","planned_timestamp":"1713733200000","planned_event_type":"DEPARTURE","event_type":"DEPARTURE","event_source":"AUTOMATIC","correction_ind":"false","offroute_ind":"false","direction_ind":"UP","route":"1","train_service_code":"21381901","division_code":"33","toc_id":"33","timetable_variation":"0","variation_status":"ON TIME","next_report_stanox":"73112","next_report_run_time":"2","train_terminated":"false","delay_monitoring_point":"true","reporting_stanox":"73003","auto_expected":"true"}},{"header":{"msg_type":"0003","msg_queue_timestamp":"1713729616000","source_system_id":"TRUST","original_data_source":"SMART"},"body":{"train_id":"522H62MZ21","actual_timestamp":"1713733200000","loc_stanox":"52739","planned_timestamp":"1713733200000","planned_event_type":"ARRIVAL","event_type":"ARRIVAL","event_source":"AUTOMATIC","correction_ind":"false","offroute_ind":"false","route":"0","train_service_code":"21913000","division_code":"21","toc_id":"21","timetable_variation":"0","variation_status":"ON TIME","next_report_stanox":"52736","next_report_run_time":"1","train_terminated":"false","delay_monitoring_point":"true","reporting_stanox":"52739","auto_expected":"true"}},{"header":{"msg_type":"0003","msg_queue_timestamp":"1713729616000","source_system_id":"TRUST","original_data_source":"SMART"},"body":{"train_id":"741Y80MZ21","actual_timestamp":"1713733140000","loc_stanox":"74557","gbtt_timestamp":"1713733200000","planned_timestamp":"1713733200000","planned_event_type":"DEPARTURE","event_type":"DEPARTURE","event_source":"AUTOMATIC","correction_ind":"false","offroute_ind":"false","direction_ind":"DOWN","line_ind":"C","platform":" 2","route":"2","train_service_code":"25535004","division_code":"74","toc_id":"74","timetable_variation":"1","variation_status":"EARLY","next_report_stanox":"74562","next_report_run_time":"1","train_terminated":"false","delay_monitoring_point":"true","reporting_stanox":"74557","auto_expected":"true"}},{"header":{"msg_type":"0003","msg_queue_timestamp":"1713729616000","source_system_id":"TRUST","original_data_source":"SMART"},"body":{"train_id":"741Y80MZ21","actual_timestamp":"1713733200000","loc_stanox":"74562","planned_timestamp":"1713733260000","planned_event_type":"DEPARTURE","event_type":"DEPARTURE","event_source":"AUTOMATIC","correction_ind":"false","offroute_ind":"false","direction_ind":"UP","line_ind":"C","route":"2","train_service_code":"25535004","division_code":"74","toc_id":"74","timetable_variation":"1","variation_status":"EARLY","next_report_stanox":"74561","next_report_run_time":"1","train_terminated":"false","delay_monitoring_point":"false","reporting_stanox":"00000","auto_expected":"true"}},{"header":{"msg_type":"0003","msg_queue_timestamp":"1713729617000","source_system_id":"TRUST","original_data_source":"SMART"},"body":{"train_id":"161A48MW21","actual_timestamp":"1713733200000","loc_stanox":"54304","planned_timestamp":"1713733320000","planned_event_type":"DEPARTURE","event_type":"DEPARTURE","event_source":"AUTOMATIC","correction_ind":"false","offroute_ind":"false","direction_ind":"UP","line_ind":"B","route":"1","train_service_code":"21702001","division_code":"61","toc_id":"61","timetable_variation":"2","variation_status":"EARLY","next_report_stanox":"54311","next_report_run_time":"2","train_terminated":"false","delay_monitoring_point":"true","reporting_stanox":"54304","auto_expected":"true"}},{"header":{"msg_type":"0003","msg_queue_timestamp":"1713729617000","source_system_id":"TRUST","original_data_source":"SMART"},"body":{"train_id":"542V64MZ21","actual_timestamp":"1713733200000","loc_stanox":"54297","gbtt_timestamp":"1713733200000","planned_timestamp":"1713733200000","planned_event_type":"DEPARTURE","event_type":"DEPARTURE","event_source":"AUTOMATIC","correction_ind":"false","offroute_ind":"false","direction_ind":"DOWN","line_ind":"M","platform":" 3","route":"2","train_service_code":"21723000","division_code":"88","toc_id":"88","timetable_variation":"0","variation_status":"ON TIME","next_report_stanox":"54295","next_report_run_time":"2","train_terminated":"false","delay_monitoring_point":"true","reporting_stanox":"54297","auto_expected":"true"}},{"header":{"msg_type":"0003","msg_queue_timestamp":"1713729617000","source_system_id":"TRUST","original_data_source":"SMART"},"body":{"train_id":"861F32MW21","actual_timestamp":"1713733140000","loc_stanox":"81118","planned_timestamp":"1713733110000","planned_event_type":"DEPARTURE","event_type":"DEPARTURE","event_source":"AUTOMATIC","correction_ind":"false","offroute_ind":"false","direction_ind":"DOWN","route":"1","train_service_code":"25470001","division_code":"25","toc_id":"25","timetable_variation":"1","variation_status":"LATE","next_report_stanox":"76091","next_report_run_time":"1","train_terminated":"false","delay_monitoring_point":"true","reporting_stanox":"81118","auto_expected":"true"}},{"header":{"msg_type":"0003","msg_queue_timestamp":"1713729617000","source_system_id":"TRUST","original_data_source":"SMART"},"body":{"train_id":"871U68MZ21","actual_timestamp":"1713733200000","loc_stanox":"87131","gbtt_timestamp":"1713733260000","planned_timestamp":"1713733260000","planned_event_type":"ARRIVAL","event_type":"ARRIVAL","event_source":"AUTOMATIC","correction_ind":"false","offroute_ind":"false","direction_ind":"UP","platform":" 4","route":"0","train_service_code":"24671105","division_code":"84","toc_id":"84","timetable_variation":"1","variation_status":"EARLY","next_report_stanox":"87133","next_report_run_time":"4","train_terminated":"false","delay_monitoring_point":"true","reporting_stanox":"87131","auto_expected":"true"}},{"header":{"msg_type":"0003","msg_queue_timestamp":"1713729617000","source_system_id":"TRUST","original_data_source":"SMART"},"body":{"train_id":"872P69M721","actual_timestamp":"1713733140000","loc_stanox":"87212","gbtt_timestamp":"1713733200000","planned_timestamp":"1713733200000","planned_event_type":"DEPARTURE","event_type":"DEPARTURE","event_source":"AUTOMATIC","correction_ind":"false","offroute_ind":"false","direction_ind":"DOWN","line_ind":"F","platform":" 7","route":"1","train_service_code":"24621204","division_code":"84","toc_id":"84","timetable_variation":"1","variation_status":"EARLY","next_report_stanox":"87286","next_report_run_time":"1","train_terminated":"false","delay_monitoring_point":"true","reporting_stanox":"87212","auto_expected":"true"}},{"header":{"msg_type":"0003","msg_queue_timestamp":"1713729618000","source_system_id":"TRUST","original_data_source":"SMART"},"body":{"train_id":"415D32MY21","actual_timestamp":"1713733200000","loc_stanox":"42117","planned_timestamp":"1713732750000","planned_event_type":"DEPARTURE","event_type":"DEPARTURE","event_source":"AUTOMATIC","correction_ind":"false","offroute_ind":"false","direction_ind":"UP","route":"1","train_service_code":"22112002","division_code":"65","toc_id":"65","timetable_variation":"8","variation_status":"LATE","next_report_stanox":"42140","next_report_run_time":"5","train_terminated":"false","delay_monitoring_point":"false","reporting_stanox":"00000","auto_expected":"true"}},{"header":{"msg_type":"0003","msg_queue_timestamp":"1713729618000","source_system_id":"TRUST","original_data_source":"SMART"},"body":{"train_id":"881H06MZ21","actual_timestamp":"1713733200000","loc_stanox":"88410","planned_timestamp":"1713733170000","planned_event_type":"DEPARTURE","event_type":"DEPARTURE","event_source":"AUTOMATIC","correction_ind":"false","offroute_ind":"false","direction_ind":"DOWN","line_ind":"3","route":"3","train_service_code":"24602004","division_code":"80","toc_id":"80","timetable_variation":"1","variation_status":"LATE","next_report_stanox":"88429","next_report_run_time":"1","train_terminated":"false","delay_monitoring_point":"false","reporting_stanox":"00000","auto_expected":"true"}},{"header":{"msg_type":"0003","msg_queue_timestamp":"1713729618000","source_system_id":"TRUST","original_data_source":"SMART"},"body":{"train_id":"529G61MZ21","actual_timestamp":"1713733140000","loc_stanox":"88407","gbtt_timestamp":"1713733200000","planned_timestamp":"1713733230000","planned_event_type":"DEPARTURE","event_type":"DEPARTURE","event_source":"AUTOMATIC","correction_ind":"false","offroute_ind":"false","direction_ind":"DOWN","platform":" 2","route":"2","train_service_code":"22218000","division_code":"30","toc_id":"30","timetable_variation":"1","variation_status":"EARLY","next_report_stanox":"87609","next_report_run_time":"2","train_terminated":"false","delay_monitoring_point":"false","reporting_stanox":"00000","auto_expected":"true"}},{"header":{"msg_type":"0003","msg_queue_timestamp":"1713729618000","source_system_id":"TRUST","original_data_source":"SMART"},"body":{"train_id":"075W54MZ21","actual_timestamp":"1713733200000","loc_stanox":"07202","gbtt_timestamp":"1713733200000","planned_timestamp":"1713733200000","planned_event_type":"DESTINATION","event_type":"ARRIVAL","event_source":"AUTOMATIC","correction_ind":"false","offroute_ind":"false","direction_ind":"UP","route":"0","train_service_code":"13573015","division_code":"60","toc_id":"60","timetable_variation":"0","variation_status":"ON TIME","train_terminated":"true","delay_monitoring_point":"true","reporting_stanox":"07202","auto_expected":"true"}},{"header":{"msg_type":"0003","msg_queue_timestamp":"1713729618000","source_system_id":"TRUST","original_data_source":"SMART"},"body":{"train_id":"072K33M721","actual_timestamp":"1713733140000","loc_stanox":"07257","gbtt_timestamp":"1713733200000","planned_timestamp":"1713733200000","planned_event_type":"DEPARTURE","event_type":"DEPARTURE","event_source":"AUTOMATIC","correction_ind":"false","offroute_ind":"false","direction_ind":"UP","platform":"15","route":"1","train_service_code":"13573015","division_code":"60","toc_id":"60","timetable_variation":"1","variation_status":"EARLY","next_report_stanox":"07246","next_report_run_time":"2","train_terminated":"false","delay_monitoring_point":"true","reporting_stanox":"07257","auto_expected":"true"}},{"header":{"msg_type":"0003","msg_queue_timestamp":"1713729618000","source_system_id":"TRUST","original_data_source":"SMART"},"body":{"train_id":"882P65MY21","actual_timestamp":"1713733140000","loc_stanox":"88417","gbtt_timestamp":"1713733200000","planned_timestamp":"1713733200000","planned_event_type":"DEPARTURE","event_type":"DEPARTURE","event_source":"AUTOMATIC","correction_ind":"false","offroute_ind":"false","direction_ind":"UP","platform":" 1","route":"1","train_service_code":"24659005","division_code":"80","toc_id":"80","timetable_variation":"1","variation_status":"EARLY","next_report_stanox":"88416","next_report_run_time":"3","train_terminated":"false","delay_monitoring_point":"false","reporting_stanox":"00000","auto_expected":"true"}},{"header":{"msg_type":"0003","msg_queue_timestamp":"1713729618000","source_system_id":"TRUST","original_data_source":"SMART"},"body":{"train_id":"309M60MT21","actual_timestamp":"1713733200000","loc_stanox":"65826","planned_timestamp":"1713733260000","planned_event_type":"DEPARTURE","event_type":"DEPARTURE","event_source":"AUTOMATIC","correction_ind":"false","offroute_ind":"false","direction_ind":"UP","route":"2","train_service_code":"22114001","division_code":"65","toc_id":"65","timetable_variation":"1","variation_status":"EARLY","next_report_stanox":"65630","next_report_run_time":"4","train_terminated":"false","delay_monitoring_point":"false","reporting_stanox":"00000","auto_expected":"true"}},{"header":{"msg_type":"0003","msg_queue_timestamp":"1713729618000","source_system_id":"TRUST","original_data_source":"SMART"},"body":{"train_id":"652J24MZ21","actual_timestamp":"1713733260000","loc_stanox":"64813","gbtt_timestamp":"1713733140000","planned_timestamp":"1713733110000","planned_event_type":"ARRIVAL","event_type":"ARRIVAL","event_source":"AUTOMATIC","correction_ind":"false","offroute_ind":"false","direction_ind":"DOWN","platform":" 2","route":"0","train_service_code":"22266000","division_code":"29","toc_id":"29","timetable_variation":"3","variation_status":"LATE","next_report_stanox":"64229","next_report_run_time":"1","train_terminated":"false","delay_monitoring_point":"true","reporting_stanox":"64813","auto_expected":"true"}},{"header":{"msg_type":"0003","msg_queue_timestamp":"1713729619000","source_system_id":"TRUST","original_data_source":"SMART"},"body":{"train_id":"692G96MZ21","actual_timestamp":"1713733140000","loc_stanox":"69202","gbtt_timestamp":"1713733200000","planned_timestamp":"1713733200000","planned_event_type":"DEPARTURE","event_type":"DEPARTURE","event_source":"AUTOMATIC","correction_ind":"false","offroute_ind":"false","direction_ind":"UP","platform":" 2","route":"3","train_service_code":"22328000","division_code":"29","toc_id":"29","timetable_variation":"1","variation_status":"EARLY","next_report_stanox":"69308","next_report_run_time":"3","train_terminated":"false","delay_monitoring_point":"true","reporting_stanox":"69202","auto_expected":"true"}},{"header":{"msg_type":"0003","msg_queue_timestamp":"1713729619000","source_system_id":"TRUST","original_data_source":"SMART"},"body":{"train_id":"651Y46MY21","actual_timestamp":"1713733200000","loc_stanox":"70320","planned_timestamp":"1713732510000","planned_event_type":"DEPARTURE","event_type":"DEPARTURE","event_source":"AUTOMATIC","correction_ind":"false","offroute_ind":"false","direction_ind":"UP","line_ind":"F","platform":"S","route":"2","train_service_code":"12259320","division_code":"29","toc_id":"29","timetable_variation":"12","variation_status":"LATE","next_report_stanox":"70411","next_report_run_time":"5","train_terminated":"false","delay_monitoring_point":"true","reporting_stanox":"70320","auto_expected":"true"}},{"header":{"msg_type":"0003","msg_queue_timestamp":"1713729620000","source_system_id":"TRUST","original_data_source":"SMART"},"body":{"train_id":"889Y841Z21","actual_timestamp":"1713733200000","loc_stanox":"73003","gbtt_timestamp":"1713733260000","planned_timestamp":"1713733260000","planned_event_type":"DESTINATION","event_type":"ARRIVAL","event_source":"AUTOMATIC","correction_ind":"false","offroute_ind":"false","direction_ind":"DOWN","route":"0","train_service_code":"21382001","division_code":"33","toc_id":"33","timetable_variation":"1","variation_status":"EARLY","train_terminated":"true","delay_monitoring_point":"true","reporting_stanox":"73003","auto_expected":"true"}},{"header":{"msg_type":"0003","msg_queue_timestamp":"1713729620000","source_system_id":"TRUST","original_data_source":"SMART"},"body":{"train_id":"151P86MX21","actual_timestamp":"1713733140000","loc_stanox":"18438","gbtt_timestamp":"1713733020000","planned_timestamp":"1713733020000","planned_event_type":"DEPARTURE","event_type":"DEPARTURE","event_source":"AUTOMATIC","correction_ind":"false","offroute_ind":"false","direction_ind":"UP","line_ind":"F","platform":" 2","route":"2","train_service_code":"21734000","division_code":"20","toc_id":"20","timetable_variation":"2","variation_status":"LATE","next_report_stanox":"18440","next_report_run_time":"2","train_terminated":"false","delay_monitoring_point":"true","reporting_stanox":"18438","auto_expected":"true"}},{"header":{"msg_type":"0003","msg_queue_timestamp":"1713729620000","source_system_id":"TRUST","original_data_source":"SMART"},"body":{"train_id":"722C63M721","actual_timestamp":"1713733200000","loc_stanox":"72000","gbtt_timestamp":"1713733200000","planned_timestamp":"1713733200000","planned_event_type":"DEPARTURE","event_type":"DEPARTURE","event_source":"AUTOMATIC","correction_ind":"false","offroute_ind":"false","direction_ind":"UP","platform":" 4","route":"1","train_service_code":"22216000","division_code":"30","toc_id":"30","timetable_variation":"0","variation_status":"ON TIME","next_report_stanox":"72002","next_report_run_time":"2","train_terminated":"false","delay_monitoring_point":"true","reporting_stanox":"72000","auto_expected":"true"}},{"header":{"msg_type":"0003","msg_queue_timestamp":"1713729620000","source_system_id":"TRUST","original_data_source":"SMART"},"body":{"train_id":"889R881Z21","actual_timestamp":"1713733200000","loc_stanox":"63636","gbtt_timestamp":"1713733200000","planned_timestamp":"1713733200000","planned_event_type":"DEPARTURE","event_type":"DEPARTURE","event_source":"AUTOMATIC","correction_ind":"false","offroute_ind":"false","direction_ind":"DOWN","route":"2","train_service_code":"21381901","division_code":"33","toc_id":"33","timetable_variation":"0","variation_status":"ON TIME","next_report_stanox":"73113","next_report_run_time":"2","train_terminated":"false","delay_monitoring_point":"false","reporting_stanox":"00000","auto_expected":"true"}},{"header":{"msg_type":"0003","msg_queue_timestamp":"1713729620000","source_system_id":"TRUST","original_data_source":"SMART"},"body":{"train_id":"522T18MZ21","actual_timestamp":"1713733200000","loc_stanox":"52735","gbtt_timestamp":"1713733080000","planned_timestamp":"1713733080000","planned_event_type":"DEPARTURE","event_type":"DEPARTURE","event_source":"AUTOMATIC","correction_ind":"false","offroute_ind":"false","direction_ind":"DOWN","line_ind":"D","platform":" 2","route":"2","train_service_code":"21235001","division_code":"30","toc_id":"30","timetable_variation":"2","variation_status":"LATE","next_report_stanox":"51938","next_report_run_time":"1","train_terminated":"false","delay_monitoring_point":"false","reporting_stanox":"00000","auto_expected":"true"}},{"header":{"msg_type":"0003","msg_queue_timestamp":"1713729620000","source_system_id":"TRUST","original_data_source":"SMART"},"body":{"train_id":"721H38MX21","actual_timestamp":"1713733200000","loc_stanox":"32571","gbtt_timestamp":"1713732180000","planned_timestamp":"1713732210000","planned_event_type":"DEPARTURE","event_type":"DEPARTURE","event_source":"AUTOMATIC","correction_ind":"false","offroute_ind":"false","direction_ind":"DOWN","platform":" 1","route":"1","train_service_code":"22108001","division_code":"65","toc_id":"65","timetable_variation":"17","variation_status":"LATE","next_report_stanox":"32563","next_report_run_time":"9","train_terminated":"false","delay_monitoring_point":"true","reporting_stanox":"32571","auto_expected":"true"}},{"header":{"msg_type":"0003","msg_queue_timestamp":"1713729620000","source_system_id":"TRUST","original_data_source":"SMART"},"body":{"train_id":"862S501Z21","actual_timestamp":"1713733140000","loc_stanox":"86441","gbtt_timestamp":"1713733140000","planned_timestamp":"1713733140000","planned_event_type":"DEPARTURE","event_type":"DEPARTURE","event_source":"AUTOMATIC","correction_ind":"false","offroute_ind":"false","direction_ind":"UP","platform":" 2","route":"1","train_service_code":"24748000","division_code":"88","toc_id":"88","timetable_variation":"0","variation_status":"ON TIME","next_report_stanox":"86445","next_report_run_time":"3","train_terminated":"false","delay_monitoring_point":"true","reporting_stanox":"86441","auto_expected":"true"}},{"header":{"msg_type":"0003","msg_queue_timestamp":"1713729620000","source_system_id":"TRUST","original_data_source":"SMART"},"body":{"train_id":"471B23M721","actual_timestamp":"1713733140000","loc_stanox":"47344","gbtt_timestamp":"1713733200000","planned_timestamp":"1713733200000","planned_event_type":"DEPARTURE","event_type":"DEPARTURE","event_source":"AUTOMATIC","correction_ind":"false","offroute_ind":"false","direction_ind":"UP","line_ind":"D","platform":" 3","route":"1","train_service_code":"21911000","division_code":"21","toc_id":"21","timetable_variation":"1","variation_status":"EARLY","next_report_stanox":"47347","next_report_run_time":"1","train_terminated":"false","delay_monitoring_point":"true","reporting_stanox":"47344","auto_expected":"true"}},{"header":{"msg_type":"0003","msg_queue_timestamp":"1713729620000","source_system_id":"TRUST","original_data_source":"SMART"},"body":{"train_id":"879S61MY21","actual_timestamp":"1713733260000","loc_stanox":"87643","planned_timestamp":"1713733320000","planned_event_type":"ARRIVAL","event_type":"ARRIVAL","event_source":"AUTOMATIC","correction_ind":"false","offroute_ind":"false","route":"0","train_service_code":"22721000","division_code":"88","toc_id":"88","timetable_variation":"1","variation_status":"EARLY","next_report_stanox":"87700","next_report_run_time":"1","train_terminated":"false","delay_monitoring_point":"true","reporting_stanox":"87643","auto_expected":"true"}},{"header":{"msg_type":"0003","msg_queue_timestamp":"1713729620000","source_system_id":"TRUST","original_data_source":"SMART"},"body":{"train_id":"652R49MZ21","actual_timestamp":"1713733140000","loc_stanox":"65606","gbtt_timestamp":"1713733140000","planned_timestamp":"1713733140000","planned_event_type":"DEPARTURE","event_type":"DEPARTURE","event_source":"AUTOMATIC","correction_ind":"false","offroute_ind":"false","direction_ind":"UP","platform":" 2","route":"1","train_service_code":"22272000","division_code":"29","toc_id":"29","timetable_variation":"0","variation_status":"ON TIME","next_report_stanox":"65608","next_report_run_time":"2","train_terminated":"false","delay_monitoring_point":"false","reporting_stanox":"00000","auto_expected":"true"}},{"header":{"msg_type":"0003","msg_queue_timestamp":"1713729621000","source_system_id":"TRUST","original_data_source":"SMART"},"body":{"train_id":"739U73MZ21","actual_timestamp":"1713733140000","loc_stanox":"73770","gbtt_timestamp":"1713732960000","planned_timestamp":"1713732990000","planned_event_type":"DEPARTURE","event_type":"DEPARTURE","event_source":"AUTOMATIC","correction_ind":"false","offroute_ind":"false","direction_ind":"UP","line_ind":"M","platform":" 2","route":"2","train_service_code":"21381202","division_code":"33","toc_id":"33","timetable_variation":"3","variation_status":"LATE","next_report_stanox":"73663","next_report_run_time":"3","train_terminated":"false","delay_monitoring_point":"true","reporting_stanox":"73770","auto_expected":"true"}}]