[{"header":{"msg_type":"0003","msg_queue_timestamp":"1713717386000","source_system_id":"TRUST","original_data_source":"SMART"},"body":{"train_id":"722J67MU21","actual_timestamp":"1713721020000","loc_stanox":"51541","gbtt_timestamp":"1713721080000","planned_timestamp":"1713721050000","planned_event_type":"ARRIVAL","event_type":"ARRIVAL","event_source":"AUTOMATIC","correction_ind":"false","offroute_ind":"false","direction_ind":"DOWN","platform":" 2","route":"0","train_service_code":"21921000","division_code":"30","toc_id":"30","timetable_variation":"0","variation_status":"ON TIME","next_report_stanox":"51530","next_report_run_time":"1","train_terminated":"false","delay_monitoring_point":"true","reporting_stanox":"51541","auto_expected":"true"}},{"header":{"msg_type":"0003","msg_queue_timestamp":"1713717387000","source_system_id":"TRUST","original_data_source":"SMART"},"body":{"train_id":"872K26MS21","actual_timestamp":"1713720960000","loc_stanox":"89144","gbtt_timestamp":"1713720900000","planned_timestamp":"1713720900000","planned_event_type":"DEPARTURE","event_type":"DEPARTURE","event_source":"AUTOMATIC","correction_ind":"false","offroute_ind":"false","direction_ind":"DOWN","platform":" 2","route":"1","train_service_code":"24604004","division_code":"80","toc_id":"80","timetable_variation":"1","variation_status":"LATE","next_report_stanox":"89149","next_report_run_time":"4","train_terminated":"false","delay_monitoring_point":"true","reporting_stanox":"89144","auto_expected":"true"}},{"header":{"msg_type":"0003","msg_queue_timestamp":"1713717387000","source_system_id":"TRUST","original_data_source":"SMART"},"body":{"train_id":"872B05MU21","actual_timestamp":"1713720960000","loc_stanox":"87651","gbtt_timestamp":"1713720960000","planned_timestamp":"1713720990000","planned_event_type":"DEPARTURE","event_type":"DEPARTURE","event_source":"AUTOMATIC","correction_ind":"false","offroute_ind":"false","direction_ind":"UP","platform":" 3","route":"2","train_service_code":"24782000","division_code":"88","toc_id":"88","timetable_variation":"0","variation_status":"ON TIME","next_report_stanox":"87648","next_report_run_time":"3","train_terminated":"false","delay_monitoring_point":"true","reporting_stanox":"87651","auto_expected":"true"}},{"header":{"msg_type":"0003","msg_queue_timestamp":"1713717387000","source_system_id":"TRUST","original_data_source":"SMART"},"body":{"train_id":"512J66MU21","actual_timestamp":"1713721020000","loc_stanox":"63641","gbtt_timestamp":"1713721020000","planned_timestamp":"1713721020000","planned_event_type":"ARRIVAL","event_type":"ARRIVAL","event_source":"AUTOMATIC","correction_ind":"false","offroute_ind":"false","direction_ind":"UP","platform":" 1","route":"0","train_service_code":"21921000","division_code":"30","toc_id":"30","timetable_variation":"0","variation_status":"ON TIME","next_report_stanox":"63640","next_report_run_time":"1","train_terminated":"false","delay_monitoring_point":"false","reporting_stanox":"00000","auto_expected":"true"}},{"header":{"msg_type":"0003","msg_queue_timestamp":"1713717387000","source_system_id":"TRUST","original_data_source":"SMART"},"body":{"train_id":"482C20MV21","actual_timestamp":"1713720900000","loc_stanox":"48231","gbtt_timestamp":"1713720960000","planned_timestamp":"1713720960000","planned_event_type":"DEPARTURE","event_type":"DEPARTURE","event_source":"AUTOMATIC","correction_ind":"false","offroute_ind":"false","direction_ind":"UP","line_ind":"E","platform":" 4","route":"2","train_service_code":"21896002","division_code":"21","toc_id":"21","timetable_variation":"1","variation_status":"EARLY","next_report_stanox":"48236","next_report_run_time":"1","train_terminated":"false","delay_monitoring_point":"true","reporting_stanox":"48231","auto_expected":"true"}},{"header":{"msg_type":"0003","msg_queue_timestamp":"1713717387000","source_system_id":"TRUST","original_data_source":"SMART"},"body":{"train_id":"482C20MV21","actual_timestamp":"1713720960000","loc_stanox":"48236","planned_timestamp":"1713721020000","planned_event_type":"DEPARTURE","event_type":"DEPARTURE","event_source":"AUTOMATIC","correction_ind":"false","offroute_ind":"false","direction_ind":"UP","line_ind":"A","route":"3","train_service_code":"21896002","division_code":"21","toc_id":"21","timetable_variation":"1","variation_status":"EARLY","next_report_stanox":"48218","next_report_run_time":"2","train_terminated":"false","delay_monitoring_point":"false","reporting_stanox":"00000","auto_expected":"true"}},{"header":{"msg_type":"0003","msg_queue_timestamp":"1713717387000","source_system_id":"TRUST","original_data_source":"SMART"},"body":{"train_id":"871H51MU21","actual_timestamp":"1713720960000","loc_stanox":"87995","gbtt_timestamp":"1713720960000","planned_timestamp":"1713720990000","planned_event_type":"DEPARTURE","event_type":"DEPARTURE","event_source":"AUTOMATIC","correction_ind":"false","offroute_ind":"false","direction_ind":"UP","platform":" 2","route":"2","train_service_code":"24746000","division_code":"88","toc_id":"88","timetable_variation":"0","variation_status":"ON TIME","next_report_stanox":"87994","next_report_run_time":"4","train_terminated":"false","delay_monitoring_point":"true","reporting_stanox":"87995","auto_expected":"true"}},{"header":{"msg_type":"0003","msg_queue_timestamp":"1713717387000","source_system_id":"TRUST","original_data_source":"SMART"},"body":{"train_id":"631F29MS21","actual_timestamp":"1713720960000","loc_stanox":"56598","planned_timestamp":"1713720720000","planned_event_type":"DEPARTURE","event_type":"DEPARTURE","event_source":"AUTOMATIC","correction_ind":"false","offroute_ind":"false","direction_ind":"DOWN","line_ind":"M","route":"3","train_service_code":"22150000","division_code":"28","toc_id":"28","timetable_variation":"4","variation_status":"LATE","next_report_stanox":"56596","next_report_run_time":"1","train_terminated":"false","delay_monitoring_point":"true","reporting_stanox":"56598","auto_expected":"true"}},{"header":{"msg_type":"0003","msg_queue_timestamp":"1713717387000","source_system_id":"TRUST","original_data_source":"SMART"},"body":{"train_id":"321P79MP21","actual_timestamp":"1713721020000","loc_stanox":"15449","gbtt_timestamp":"1713720900000","planned_timestamp":"1713720900000","planned_event_type":"ARRIVAL","event_type":"ARRIVAL","event_source":"AUTOMATIC","correction_ind":"false","offroute_ind":"false","direction_ind":"DOWN","platform":" 2","route":"0","train_service_code":"21734000","division_code":"20","toc_id":"20","timetable_variation":"2","variation_status":"LATE","next_report_stanox":"15619","next_report_run_time":"1","train_terminated":"false","delay_monitoring_point":"true","reporting_stanox":"15449","auto_expected":"true"}},{"header":{"msg_type":"0003","msg_queue_timestamp":"1713717387000","source_system_id":"TRUST","original_data_source":"SMART"},"body":{"train_id":"041E84MN21","actual_timestamp":"1713720960000","loc_stanox":"45611","planned_timestamp":"1713720690000","planned_event_type":"DEPARTURE","event_type":"DEPARTURE","event_source":"AUTOMATIC","correction_ind":"false","offroute_ind":"false","direction_ind":"UP","line_ind":"F","platform":" 2","route":"2","train_service_code":"21499320","division_code":"45","toc_id":"45","timetable_variation":"5","variation_status":"LATE","next_report_stanox":"53221","next_report_run_time":"5","train_terminated":"false","delay_monitoring_point":"false","reporting_stanox":"00000","auto_expected":"true"}},{"header":{"msg_type":"0003","msg_queue_timestamp":"1713717388000","source_system_id":"TRUST","original_data_source":"SMART"},"body":{"train_id":"872H54MU21","actual_timestamp":"1713720900000","loc_stanox":"87171","gbtt_timestamp":"1713720960000","planned_timestamp":"1713720960000","planned_event_type":"DEPARTURE","event_type":"DEPARTURE","event_source":"AUTOMATIC","correction_ind":"false","offroute_ind":"false","direction_ind":"UP","line_ind":"S","platform":" 1","route":"2","train_service_code":"24673105","division_code":"84","toc_id":"84","timetable_variation":"1","variation_status":"EARLY","next_report_stanox":"87285","next_report_run_time":"1","train_terminated":"false","delay_monitoring_point":"true","reporting_stanox":"87171","auto_expected":"true"}},{"header":{"msg_type":"0003","msg_queue_timestamp":"1713717388000","source_system_id":"TRUST","original_data_source":"SMART"},"body":{"train_id":"172C30MU21","actual_timestamp":"1713720840000","loc_stanox":"17109","gbtt_timestamp":"1713720720000","planned_timestamp":"1713720750000","planned_event_type":"DEPARTURE","event_type":"DEPARTURE","event_source":"AUTOMATIC","correction_ind":"false","offroute_ind":"false","direction_ind":"DOWN","line_ind":"H","platform":" 2","route":"2","train_service_code":"11830920","division_code":"23","toc_id":"23","timetable_variation":"2","variation_status":"LATE","next_report_stanox":"16101","next_report_run_time":"5","train_terminated":"false","delay_monitoring_point":"false","reporting_stanox":"00000","auto_expected":"true"}},{"header":{"msg_type":"0003","msg_queue_timestamp":"1713717388000","source_system_id":"TRUST","original_data_source":"SMART"},"body":{"train_id":"172C30MU21","actual_timestamp":"1713721140000","loc_stanox":"16101","gbtt_timestamp":"1713721020000","planned_timestamp":"1713721020000","planned_event_type":"ARRIVAL","event_type":"ARRIVAL","event_source":"AUTOMATIC","correction_ind":"false","offroute_ind":"false","direction_ind":"DOWN","platform":" 2","route":"0","train_service_code":"11830920","division_code":"23","toc_id":"23","timetable_variation":"2","variation_status":"LATE","next_report_stanox":"16102","next_report_run_time":"1","train_terminated":"false","delay_monitoring_point":"false","reporting_stanox":"00000","auto_expected":"true"}},{"header":{"msg_type":"0003","msg_queue_timestamp":"1713717388000","source_system_id":"TRUST","original_data_source":"SMART"},"body":{"train_id":"232R23MV21","actual_timestamp":"1713720960000","loc_stanox":"24219","planned_timestamp":"1713720990000","planned_event_type":"DEPARTURE","event_type":"DEPARTURE","event_source":"AUTOMATIC","correction_ind":"false","offroute_ind":"false","direction_ind":"DOWN","line_ind":"S","route":"1","train_service_code":"11807820","division_code":"23","toc_id":"23","timetable_variation":"0","variation_status":"ON TIME","next_report_stanox":"24221","next_report_run_time":"4","train_terminated":"false","delay_monitoring_point":"true","reporting_stanox":"24219","auto_expected":"true"}},{"header":{"msg_type":"0001","msg_queue_timestamp":"1713717388000","source_system_id":"TRUST","original_data_source":"TSIA"},"body":{"train_id":"362S52MX21","toc_id":"64","schedule_wtt_id":"2S52M","sched_origin_stanox":"36702","creation_timestamp":"1713720988000","origin_dep_timestamp":"1713724560000","train_uid":"C92351","schedule_start_date":"2023-12-10","schedule_end_date":"2024-05-26","schedule_source":"C","schedule_type":"O","d1266_record_number":"00000","tp_origin_timestamp":"2024-04-21","train_call_type":"AUTOMATIC","train_call_mode":"NORMAL","train_service_code":"12301012"}},{"header":{"msg_type":"0001","msg_queue_timestamp":"1713717388000","source_system_id":"TRUST","original_data_source":"TSIA"},"body":{"train_id":"662L74MX21","toc_id":"74","schedule_wtt_id":"2L74M","sched_origin_stanox":"66451","creation_timestamp":"1713720988000","origin_dep_timestamp":"1713724560000","train_uid":"G08246","schedule_start_date":"2024-04-21","schedule_end_date":"2024-04-21","schedule_source":"C","schedule_type":"C","d1266_record_number":"00000","tp_origin_timestamp":"2024-04-21","train_call_type":"AUTOMATIC","train_call_mode":"NORMAL","train_service_code":"25530004"}},{"header":{"msg_type":"0002","msg_queue_timestamp":"1713717389000","source_system_id":"TRUST"},"body":{"train_id":"662L74MX21","division_code":"74","toc_id":"74","loc_stanox":"66451","canx_timestamp":"1713720960000","dep_timestamp":"1713724560000","canx_type":"ON CALL","canx_reason_code":"PD","train_service_code":"25530004"}},{"header":{"msg_type":"0001","msg_queue_timestamp":"1713717389000","source_system_id":"TRUST","original_data_source":"TSIA"},"body":{"train_id":"722J42MX21","toc_id":"91","schedule_wtt_id":"2J42M","sched_origin_stanox":"72359","creation_timestamp":"1713720988000","origin_dep_timestamp":"1713724590000","train_uid":"G27303","schedule_start_date":"2023-12-10","schedule_end_date":"2024-05-26","schedule_source":"C","schedule_type":"O","d1266_record_number":"00000","tp_origin_timestamp":"2024-04-21","train_call_type":"AUTOMATIC","train_call_mode":"NORMAL","train_service_code":"24680004"}},{"header":{"msg_type":"0001","msg_queue_timestamp":"1713717389000","source_system_id":"TRUST","original_data_source":"TSIA"},"body":{"train_id":"082A491X21","toc_id":"60","schedule_wtt_id":"2A491","sched_origin_stanox":"08618","creation_timestamp":"1713720989000","origin_dep_timestamp":"1713724560000","train_uid":"M02503","schedule_start_date":"2024-04-07","schedule_end_date":"2024-05-26","schedule_source":"C","schedule_type":"N","d1266_record_number":"00000","tp_origin_timestamp":"2024-04-21","train_call_type":"AUTOMATIC","train_call_mode":"NORMAL","train_service_code":"13577015"}},{"header":{"msg_type":"0001","msg_queue_timestamp":"1713717389000","source_system_id":"TRUST","original_data_source":"TSIA"},"body":{"train_id":"782B53MX21","toc_id":"71","schedule_wtt_id":"2B53M","sched_origin_stanox":"78451","creation_timestamp":"1713720989000","origin_dep_timestamp":"1713724560000","train_uid":"P64822","schedule_start_date":"2023-12-10","schedule_end_date":"2024-05-26","schedule_source":"C","schedule_type":"O","d1266_record_number":"00000","tp_origin_timestamp":"2024-04-21","train_call_type":"AUTOMATIC","train_call_mode":"NORMAL","train_service_code":"25430000"}},{"header":{"msg_type":"0001","msg_queue_timestamp":"1713717389000","source_system_id":"TRUST","original_data_source":"TSIA"},"body":{"train_id":"862W471X21","toc_id":"84","schedule_wtt_id":"2W471","sched_origin_stanox":"86976","creation_timestamp":"1713720989000","origin_dep_timestamp":"1713724560000","train_uid":"Q91392","schedule_start_date":"2024-04-21","schedule_end_date":"2024-04-21","schedule_source":"C","schedule_type":"N","d1266_record_number":"00000","tp_origin_timestamp":"2024-04-21","train_call_type":"AUTOMATIC","train_call_mode":"NORMAL","train_service_code":"24620104"}},{"header":{"msg_type":"0001","msg_queue_timestamp":"1713717389000","source_system_id":"TRUST","original_data_source":"TSIA"},"body":{"train_id":"632Z661X21","toc_id":"74","schedule_wtt_id":"2Z661","sched_origin_stanox":"63006","creation_timestamp":"1713720989000","origin_dep_timestamp":"1713724560000","train_uid":"S19292","schedule_start_date":"2024-04-21","schedule_end_date":"2024-04-21","schedule_source":"C","schedule_type":"N","d1266_record_number":"00000","tp_origin_timestamp":"2024-04-21","train_call_type":"AUTOMATIC","train_call_mode":"NORMAL","train_service_code":"25211004"}},{"header":{"msg_type":"0001","msg_queue_timestamp":"1713717389000","source_system_id":"TRUST","original_data_source":"TSIA"},"body":{"train_id":"892F60MX21","toc_id":"80","schedule_wtt_id":"2F60M","sched_origin_stanox":"89351","creation_timestamp":"1713720989000","origin_dep_timestamp":"1713724560000","train_uid":"W01931","schedule_start_date":"2023-12-10","schedule_end_date":"2024-05-26","schedule_source":"C","schedule_type":"O","d1266_record_number":"00000","tp_origin_timestamp":"2024-04-21","train_call_type":"AUTOMATIC","train_call_mode":"NORMAL","train_service_code":"24655005"}},{"header":{"msg_type":"0001","msg_queue_timestamp":"1713717389000","source_system_id":"TRUST","original_data_source":"TSIA"},"body":{"train_id":"172C36MX21","toc_id":"23","schedule_wtt_id":"2C36M","sched_origin_stanox":"17132","creation_timestamp":"1713720989000","origin_dep_timestamp":"1713724560000","train_uid":"W31011","schedule_start_date":"2023-12-10","schedule_end_date":"2024-05-26","schedule_source":"C","schedule_type":"O","d1266_record_number":"00000","tp_origin_timestamp":"2024-04-21","train_call_type":"AUTOMATIC","train_call_mode":"NORMAL","train_service_code":"11830920"}},{"header":{"msg_type":"0003","msg_queue_timestamp":"1713717389000","source_system_id":"TRUST","original_data_source":"SMART"},"body":{"train_id":"041V64MM21","actual_timestamp":"1713720960000","loc_stanox":"57403","gbtt_timestamp":"1713720660000","planned_timestamp":"1713720660000","planned_event_type":"DEPARTURE","event_type":"DEPARTURE","event_source":"AUTOMATIC","correction_ind":"false","offroute_ind":"false","direction_ind":"DOWN","line_ind":"F","platform":" 2","route":"2","train_service_code":"22180008","division_code":"27","toc_id":"27","timetable_variation":"5","variation_status":"LATE","next_report_stanox":"57404","next_report_run_time":"1","train_terminated":"false","delay_monitoring_point":"true","reporting_stanox":"57403","auto_expected":"true"}},{"header":{"msg_type":"0003","msg_queue_timestamp":"1713717389000","source_system_id":"TRUST","original_data_source":"SMART"},"body":{"train_id":"642I28MV21","actual_timestamp":"1713720960000","loc_stanox":"64511","gbtt_timestamp":"1713720960000","planned_timestamp":"1713720960000","planned_event_type":"DEPARTURE","event_type":"DEPARTURE","event_source":"AUTOMATIC","correction_ind":"false","offroute_ind":"false","direction_ind":"UP","platform":" 1","route":"1","train_service_code":"22335000","division_code":"71","toc_id":"71","timetable_variation":"0","variation_status":"ON TIME","next_report_stanox":"64506","next_report_run_time":"4","train_terminated":"false","delay_monitoring_point":"true","reporting_stanox":"64511","auto_expected":"true"}},{"header":{"msg_type":"0001","msg_queue_timestamp":"1713717389000","source_system_id":"TRUST","original_data_source":"TSIA"},"body":{"train_id":"072M72MX21","toc_id":"60","schedule_wtt_id":"2M72M","sched_origin_stanox":"07257","creation_timestamp":"1713720989000","origin_dep_timestamp":"1713724560000","train_uid":"W57596","schedule_start_date":"2024-04-21","schedule_end_date":"2024-04-21","schedule_source":"C","schedule_type":"P","d1266_record_number":"00000","tp_origin_timestamp":"2024-04-21","train_call_type":"AUTOMATIC","train_call_mode":"NORMAL","train_service_code":"13562015"}},{"header":{"msg_type":"0003","msg_queue_timestamp":"1713717389000","source_system_id":"TRUST","original_data_source":"SMART"},"body":{"train_id":"042H91MT21","actual_timestamp":"1713720960000","loc_stanox":"06714","gbtt_timestamp":"1713720960000","planned_timestamp":"1713720960000","planned_event_type":"DEPARTURE","event_type":"DEPARTURE","event_source":"AUTOMATIC","correction_ind":"false","offroute_ind":"false","direction_ind":"DOWN","platform":" 1","route":"2","train_service_code":"13560015","division_code":"60","toc_id":"60","timetable_variation":"0","variation_status":"ON TIME","next_report_stanox":"06712","next_report_run_time":"3","train_terminated":"false","delay_monitoring_point":"false","reporting_stanox":"00000","auto_expected":"true"}},{"header":{"msg_type":"0003","msg_queue_timestamp":"1713717389000","source_system_id":"TRUST","original_data_source":"SMART"},"body":{"train_id":"042H91MT21","actual_timestamp":"1713721140000","loc_stanox":"06712","gbtt_timestamp":"1713721200000","planned_timestamp":"1713721170000","planned_event_type":"ARRIVAL","event_type":"ARRIVAL","event_source":"AUTOMATIC","correction_ind":"false","offroute_ind":"false","direction_ind":"DOWN","platform":" 1","route":"0","train_service_code":"13560015","division_code":"60","toc_id":"60","timetable_variation":"0","variation_status":"ON TIME","next_report_stanox":"06710","next_report_run_time":"1","train_terminated":"false","delay_monitoring_point":"false","reporting_stanox":"00000","auto_expected":"true"}},{"header":{"msg_type":"0003","msg_queue_timestamp":"1713717389000","source_system_id":"TRUST","original_data_source":"SMART"},"body":{"train_id":"541D19MQ21","actual_timestamp":"1713720960000","loc_stanox":"17136","planned_timestamp":"1713720930000","planned_event_type":"DEPARTURE","event_type":"DEPARTURE","event_source":"AUTOMATIC","correction_ind":"false","offroute_ind":"false","direction_ind":"DOWN","line_ind":"H","route":"1","train_service_code":"21702001","division_code":"61","toc_id":"61","timetable_variation":"1","variation_status":"LATE","next_report_stanox":"17105","next_report_run_time":"6","train_terminated":"false","delay_monitoring_point":"true","reporting_stanox":"17136","auto_expected":"true"}},{"header":{"msg_type":"0003","msg_queue_timestamp":"1713717389000","source_system_id":"TRUST","original_data_source":"SMART"},"body":{"train_id":"172H28MU21","actual_timestamp":"1713720960000","loc_stanox":"17016","gbtt_timestamp":"1713720840000","planned_timestamp":"1713720840000","planned_event_type":"DEPARTURE","event_type":"DEPARTURE","event_source":"AUTOMATIC","correction_ind":"false","offroute_ind":"false","direction_ind":"DOWN","line_ind":"M","platform":" 2","route":"2","train_service_code":"11870820","division_code":"23","toc_id":"23","timetable_variation":"2","variation_status":"LATE","next_report_stanox":"17014","next_report_run_time":"1","train_terminated":"false","delay_monitoring_point":"false","reporting_stanox":"00000","auto_expected":"true"}},{"header":{"msg_type":"0003","msg_queue_timestamp":"1713717389000","source_system_id":"TRUST","original_data_source":"SMART"},"body":{"train_id":"172H28MU21","actual_timestamp":"1713721020000","loc_stanox":"17014","gbtt_timestamp":"1713720960000","planned_timestamp":"1713720930000","planned_event_type":"ARRIVAL","event_type":"ARRIVAL","event_source":"AUTOMATIC","correction_ind":"false","offroute_ind":"false","direction_ind":"DOWN","platform":" 2","route":"0","train_service_code":"11870820","division_code":"23","toc_id":"23","timetable_variation":"2","variation_status":"LATE","next_report_stanox":"17011","next_report_run_time":"1","train_terminated":"false","delay_monitoring_point":"false","reporting_stanox":"00000","auto_expected":"true"}}]