[{"header":{"msg_type":"0003","msg_queue_timestamp":"1713560291000","source_system_id":"TRUST","original_data_source":"SMART"},"body":{"train_id":"672P63MZ19","actual_timestamp":"1713563940000","loc_stanox":"65316","gbtt_timestamp":"1713563040000","planned_timestamp":"1713563010000","planned_event_type":"ARRIVAL","event_type":"ARRIVAL","event_source":"AUTOMATIC","correction_ind":"false","offroute_ind":"false","direction_ind":"DOWN","platform":" 1","route":"0","train_service_code":"12272820","division_code":"29","toc_id":"29","timetable_variation":"16","variation_status":"LATE","next_report_stanox":"65315","next_report_run_time":"1","train_terminated":"false","delay_monitoring_point":"true","reporting_stanox":"65316","auto_expected":"true"}},{"header":{"msg_type":"0003","msg_queue_timestamp":"1713560291000","source_system_id":"TRUST","original_data_source":"SMART"},"body":{"train_id":"041V71MU19","actual_timestamp":"1713563940000","loc_stanox":"66291","planned_timestamp":"1713563970000","planned_event_type":"ARRIVAL","event_type":"ARRIVAL","event_source":"AUTOMATIC","correction_ind":"false","offroute_ind":"false","route":"0","train_service_code":"22180008","division_code":"27","toc_id":"27","timetable_variation":"0","variation_status":"ON TIME","next_report_stanox":"66293","next_report_run_time":"1","train_terminated":"false","delay_monitoring_point":"false","reporting_stanox":"00000","auto_expected":"true"}},{"header":{"msg_type":"0003","msg_queue_timestamp":"1713560291000","source_system_id":"TRUST","original_data_source":"SDR","user_id":"#QRPESHJ","source_dev_id":"VNG8"},"body":{"train_id":"312N55MZ19","actual_timestamp":"1713563880000","loc_stanox":"29143","gbtt_timestamp":"1713564060000","planned_timestamp":"1713564060000","planned_event_type":"DESTINATION","event_type":"ARRIVAL","event_source":"MANUAL","correction_ind":"false","offroute_ind":"false","route":"0","train_service_code":"12242110","division_code":"23","toc_id":"23","timetable_variation":"3","variation_status":"EARLY","train_terminated":"true","delay_monitoring_point":"true","reporting_stanox":"29143","auto_expected":"false"}},{"header":{"msg_type":"0003","msg_queue_timestamp":"1713560292000","source_system_id":"TRUST","original_data_source":"SMART"},"body":{"train_id":"729G47M719","actual_timestamp":"1713563880000","loc_stanox":"71009","planned_timestamp":"1713563430000","planned_event_type":"DEPARTURE","event_type":"DEPARTURE","event_source":"AUTOMATIC","correction_ind":"false","offroute_ind":"false","direction_ind":"DOWN","line_ind":"F","route":"1","train_service_code":"22100001","division_code":"65","toc_id":"65","timetable_variation":"8","variation_status":"LATE","next_report_stanox":"70411","next_report_run_time":"3","train_terminated":"false","delay_monitoring_point":"true","reporting_stanox":"71009","auto_expected":"true"}},{"header":{"msg_type":"0003","msg_queue_timestamp":"1713560292000","source_system_id":"TRUST","original_data_source":"SMART"},"body":{"train_id":"529A66M719","actual_timestamp":"1713563880000","loc_stanox":"52088","gbtt_timestamp":"1713563760000","planned_timestamp":"1713563760000","planned_event_type":"ARRIVAL","event_type":"ARRIVAL","event_source":"AUTOMATIC","correction_ind":"false","offroute_ind":"false","direction_ind":"DOWN","platform":" 2","route":"0","train_service_code":"22215003","division_code":"30","toc_id":"30","timetable_variation":"2","variation_status":"LATE","next_report_stanox":"52090","next_report_run_time":"1","train_terminated":"false","delay_monitoring_point":"false","reporting_stanox":"00000","auto_expected":"true"}},{"header":{"msg_type":"0003","msg_queue_timestamp":"1713560292000","source_system_id":"TRUST","original_data_source":"SMART"},"body":{"train_id":"501K45M719","actual_timestamp":"1713563820000","loc_stanox":"50327","gbtt_timestamp":"1713563820000","planned_timestamp":"1713563850000","planned_event_type":"DEPARTURE","event_type":"DEPARTURE","event_source":"AUTOMATIC","correction_ind":"false","offroute_ind":"false","direction_ind":"UP","platform":" 1","route":"2","train_service_code":"21943001","division_code":"21","toc_id":"21","timetable_variation":"0","variation_status":"ON TIME","next_report_stanox":"50251","next_report_run_time":"5","train_terminated":"false","delay_monitoring_point":"false","reporting_stanox":"00000","auto_expected":"true"}},{"header":{"msg_type":"0003","msg_queue_timestamp":"1713560292000","source_system_id":"TRUST","original_data_source":"SMART"},"body":{"train_id":"861N37MZ19","actual_timestamp":"1713563880000","loc_stanox":"87993","gbtt_timestamp":"1713563880000","planned_timestamp":"1713563880000","planned_event_type":"ARRIVAL","event_type":"ARRIVAL","event_source":"AUTOMATIC","correction_ind":"false","offroute_ind":"false","direction_ind":"UP","platform":" 1","route":"0","train_service_code":"24744000","division_code":"88","toc_id":"88","timetable_variation":"0","variation_status":"ON TIME","next_report_stanox":"87994","next_report_run_time":"1","train_terminated":"false","delay_monitoring_point":"false","reporting_stanox":"00000","auto_expected":"true"}},{"header":{"msg_type":"0003","msg_queue_timestamp":"1713560292000","source_system_id":"TRUST","original_data_source":"SMART"},"body":{"train_id":"322T801719","actual_timestamp":"1713563880000","loc_stanox":"32525","planned_timestamp":"1713563700000","planned_event_type":"DEPARTURE","event_type":"DEPARTURE","event_source":"AUTOMATIC","correction_ind":"false","offroute_ind":"false","direction_ind":"UP","line_ind":"F","route":"1","train_service_code":"12226820","division_code":"23","toc_id":"23","timetable_variation":"3","variation_status":"LATE","next_report_stanox":"32534","next_report_run_time":"2","train_terminated":"false","delay_monitoring_point":"false","reporting_stanox":"00000","auto_expected":"true"}},{"header":{"msg_type":"0003","msg_queue_timestamp":"1713560292000","source_system_id":"TRUST","original_data_source":"SMART"},"body":{"train_id":"382Y34MZ19","actual_timestamp":"1713564000000","loc_stanox":"38314","gbtt_timestamp":"1713564060000","planned_timestamp":"1713564060000","planned_event_type":"ARRIVAL","event_type":"ARRIVAL","event_source":"AUTOMATIC","correction_ind":"false","offroute_ind":"false","direction_ind":"DOWN","platform":" 1","route":"0","train_service_code":"22306003","division_code":"64","toc_id":"64","timetable_variation":"1","variation_status":"EARLY","next_report_stanox":"38316","next_report_run_time":"1","train_terminated":"false","delay_monitoring_point":"false","reporting_stanox":"00000","auto_expected":"true"}},{"header":{"msg_type":"0003","msg_queue_timestamp":"1713560292000","source_system_id":"TRUST","original_data_source":"SMART"},"body":{"train_id":"009I67MX19","actual_timestamp":"1713563880000","loc_stanox":"63621","planned_timestamp":"1713563670000","planned_event_type":"DEPARTURE","event_type":"DEPARTURE","event_source":"AUTOMATIC","correction_ind":"false","offroute_ind":"false","direction_ind":"UP","line_ind":"U","route":"5","train_service_code":"81010001","division_code":"06","toc_id":"06","timetable_variation":"4","variation_status":"LATE","next_report_stanox":"63631","next_report_run_time":"3","train_terminated":"false","delay_monitoring_point":"true","reporting_stanox":"63621","auto_expected":"true"}},{"header":{"msg_type":"0003","msg_queue_timestamp":"1713560292000","source_system_id":"TRUST","original_data_source":"SMART"},"body":{"train_id":"122I10M719","actual_timestamp":"1713563820000","loc_stanox":"13154","gbtt_timestamp":"1713563880000","planned_timestamp":"1713563880000","planned_event_type":"DEPARTURE","event_type":"DEPARTURE","event_source":"AUTOMATIC","correction_ind":"false","offroute_ind":"false","direction_ind":"UP","line_ind":"P","route":"1","train_service_code":"11798001","division_code":"56","toc_id":"56","timetable_variation":"1","variation_status":"EARLY","next_report_stanox":"13152","next_report_run_time":"2","train_terminated":"false","delay_monitoring_point":"true","reporting_stanox":"13154","auto_expected":"true"}},{"header":{"msg_type":"0003","msg_queue_timestamp":"1713560292000","source_system_id":"TRUST","original_data_source":"SMART"},"body":{"train_id":"892D70M719","actual_timestamp":"1713563940000","loc_stanox":"89109","gbtt_timestamp":"1713564000000","planned_timestamp":"1713564000000","planned_event_type":"ARRIVAL","event_type":"ARRIVAL","event_source":"AUTOMATIC","correction_ind":"false","offroute_ind":"false","direction_ind":"UP","platform":" 1","route":"0","train_service_code":"24607006","division_code":"80","toc_id":"80","timetable_variation":"1","variation_status":"EARLY","next_report_stanox":"89139","next_report_run_time":"2","train_terminated":"false","delay_monitoring_point":"false","reporting_stanox":"00000","auto_expected":"true"}},{"header":{"msg_type":"0003","msg_queue_timestamp":"1713560292000","source_system_id":"TRUST","original_data_source":"SMART"},"body":{"train_id":"361P41MY19","actual_timestamp":"1713563880000","loc_stanox":"16909","planned_timestamp":"1713563820000","planned_event_type":"DEPARTURE","event_type":"DEPARTURE","event_source":"AUTOMATIC","correction_ind":"false","offroute_ind":"false","direction_ind":"UP","line_ind":"M","route":"1","train_service_code":"21731000","division_code":"20","toc_id":"20","timetable_variation":"1","variation_status":"LATE","next_report_stanox":"16912","next_report_run_time":"1","train_terminated":"false","delay_monitoring_point":"false","reporting_stanox":"00000","auto_expected":"true"}},{"header":{"msg_type":"0003","msg_queue_timestamp":"1713560292000","source_system_id":"TRUST","original_data_source":"SMART"},"body":{"train_id":"082A631719","actual_timestamp":"1713563880000","loc_stanox":"08605","gbtt_timestamp":"1713563940000","planned_timestamp":"1713563910000","planned_event_type":"ARRIVAL","event_type":"ARRIVAL","event_source":"AUTOMATIC","correction_ind":"false","offroute_ind":"false","direction_ind":"UP","platform":" 1","route":"0","train_service_code":"13577015","division_code":"60","toc_id":"60","timetable_variation":"0","variation_status":"ON TIME","next_report_stanox":"08602","next_report_run_time":"1","train_terminated":"false","delay_monitoring_point":"false","reporting_stanox":"00000","auto_expected":"true"}},{"header":{"msg_type":"0003","msg_queue_timestamp":"1713560292000","source_system_id":"TRUST","original_data_source":"SMART"},"body":{"train_id":"871S58MZ19","actual_timestamp":"1713564000000","loc_stanox":"89517","gbtt_timestamp":"1713563880000","planned_timestamp":"1713563880000","planned_event_type":"ARRIVAL","event_type":"ARRIVAL","event_source":"AUTOMATIC","correction_ind":"false","offroute_ind":"false","direction_ind":"DOWN","line_ind":"2","platform":" 2","route":"0","train_service_code":"24604004","division_code":"80","toc_id":"80","timetable_variation":"2","variation_status":"LATE","next_report_stanox":"89519","next_report_run_time":"1","train_terminated":"false","delay_monitoring_point":"false","reporting_stanox":"00000","auto_expected":"true"}},{"header":{"msg_type":"0003","msg_queue_timestamp":"1713560292000","source_system_id":"TRUST","original_data_source":"SMART"},"body":{"train_id":"075A071719","actual_timestamp":"1713563880000","loc_stanox":"07246","planned_timestamp":"1713564060000","planned_event_type":"DEPARTURE","event_type":"DEPARTURE","event_source":"AUTOMATIC","correction_ind":"false","offroute_ind":"false","direction_ind":"DOWN","route":"2","train_service_code":"13568015","division_code":"60","toc_id":"60","timetable_variation":"3","variation_status":"EARLY","next_report_stanox":"07257","next_report_run_time":"2","train_terminated":"false","delay_monitoring_point":"false","reporting_stanox":"00000","auto_expected":"true"}},{"header":{"msg_type":"0003","msg_queue_timestamp":"1713560292000","source_system_id":"TRUST","original_data_source":"SMART"},"body":{"train_id":"256L55CY19","actual_timestamp":"1713563880000","loc_stanox":"46014","planned_timestamp":"1713564870000","planned_event_type":"ARRIVAL","event_type":"ARRIVAL","event_source":"AUTOMATIC","correction_ind":"false","offroute_ind":"false","route":"0","train_service_code":"56161420","division_code":"05","toc_id":"05","timetable_variation":"16","variation_status":"EARLY","next_report_stanox":"45127","next_report_run_time":"16","train_terminated":"false","delay_monitoring_point":"true","train_file_address":"MDE","reporting_stanox":"46014","auto_expected":"true"}},{"header":{"msg_type":"0003","msg_queue_timestamp":"1713560292000","source_system_id":"TRUST","original_data_source":"SMART"},"body":{"train_id":"871S58MZ19","actual_timestamp":"1713563760000","loc_stanox":"89516","gbtt_timestamp":"1713563700000","planned_timestamp":"1713563700000","planned_event_type":"DEPARTURE","event_type":"DEPARTURE","event_source":"AUTOMATIC","correction_ind":"false","offroute_ind":"false","direction_ind":"DOWN","platform":" 2","route":"2","train_service_code":"24604004","division_code":"80","toc_id":"80","timetable_variation":"1","variation_status":"LATE","next_report_stanox":"89517","next_report_run_time":"3","train_terminated":"false","delay_monitoring_point":"false","reporting_stanox":"00000","auto_expected":"true"}},{"header":{"msg_type":"0003","msg_queue_timestamp":"1713560292000","source_system_id":"TRUST","original_data_source":"SMART"},"body":{"train_id":"882N44M719","actual_timestamp":"1713563880000","loc_stanox":"88457","gbtt_timestamp":"1713563820000","planned_timestamp":"1713563820000","planned_event_type":"ARRIVAL","event_type":"ARRIVAL","event_source":"AUTOMATIC","correction_ind":"false","offroute_ind":"false","direction_ind":"DOWN","platform":" 2","route":"0","train_service_code":"24657005","division_code":"80","toc_id":"80","timetable_variation":"1","variation_status":"LATE","next_report_stanox":"88459","next_report_run_time":"1","train_terminated":"false","delay_monitoring_point":"false","reporting_stanox":"00000","auto_expected":"true"}},{"header":{"msg_type":"0003","msg_queue_timestamp":"1713560293000","source_system_id":"TRUST","original_data_source":"GPS","user_id":"GPSI07"},"body":{"train_id":"862E69M719","actual_timestamp":"1713563820000","loc_stanox":"86216","gbtt_timestamp":"1713563520000","planned_timestamp":"1713563520000","planned_event_type":"DEPARTURE","event_type":"DEPARTURE","event_source":"MANUAL","correction_ind":"false","offroute_ind":"false","train_service_code":"24631104","division_code":"84","toc_id":"84","timetable_variation":"5","variation_status":"LATE","next_report_stanox":"86214","next_report_run_time":"1","train_terminated":"false","delay_monitoring_point":"false","reporting_stanox":"00000","auto_expected":"true"}},{"header":{"msg_type":"0003","msg_queue_timestamp":"1713560293000","source_system_id":"TRUST","original_data_source":"GPS","user_id":"GPSN01"},"body":{"train_id":"292L66MZ19","actual_timestamp":"1713563820000","loc_stanox":"35141","gbtt_timestamp":"1713563940000","planned_timestamp":"1713563910000","planned_event_type":"ARRIVAL","event_type":"ARRIVAL","event_source":"MANUAL","correction_ind":"false","offroute_ind":"false","route":"0","train_service_code":"12242110","division_code":"23","toc_id":"23","timetable_variation":"1","variation_status":"EARLY","next_report_stanox":"35124","next_report_run_time":"2","train_terminated":"false","delay_monitoring_point":"false","reporting_stanox":"00000","auto_expected":"true"}},{"header":{"msg_type":"0003","msg_queue_timestamp":"1713560293000","source_system_id":"TRUST","original_data_source":"GPS","user_id":"GPSI07"},"body":{"train_id":"875Y92M719","actual_timestamp":"1713563820000","loc_stanox":"87267","gbtt_timestamp":"1713564960000","planned_timestamp":"1713564960000","planned_event_type":"DESTINATION","event_type":"ARRIVAL","event_source":"MANUAL","correction_ind":"false","offroute_ind":"false","route":"0","train_service_code":"24676004","division_code":"84","toc_id":"84","timetable_variation":"19","variation_status":"EARLY","train_terminated":"true","delay_monitoring_point":"true","reporting_stanox":"00000","auto_expected":"true"}},{"header":{"msg_type":"0003","msg_queue_timestamp":"1713560293000","source_system_id":"TRUST","original_data_source":"GPS","user_id":"GPSN02"},"body":{"train_id":"672S23MZ19","actual_timestamp":"1713563820000","loc_stanox":"66459","gbtt_timestamp":"1713563880000","planned_timestamp":"1713563880000","planned_event_type":"DEPARTURE","event_type":"DEPARTURE","event_source":"MANUAL","correction_ind":"false","offroute_ind":"false","train_service_code":"22332000","division_code":"29","toc_id":"29","timetable_variation":"1","variation_status":"EARLY","next_report_stanox":"66458","next_report_run_time":"2","train_terminated":"false","delay_monitoring_point":"false","reporting_stanox":"00000","auto_expected":"true"}},{"header":{"msg_type":"0003","msg_queue_timestamp":"1713560293000","source_system_id":"TRUST","original_data_source":"GPS","user_id":"GPSI06"},"body":{"train_id":"745T33M719","actual_timestamp":"1713563820000","loc_stanox":"74802","gbtt_timestamp":"1713563280000","planned_timestamp":"1713563280000","planned_event_type":"DEPARTURE","event_type":"DEPARTURE","event_source":"MANUAL","correction_ind":"false","offroute_ind":"false","train_service_code":"25519007","division_code":"25","toc_id":"25","timetable_variation":"9","variation_status":"LATE","next_report_stanox":"74803","next_report_run_time":"1","train_terminated":"false","delay_monitoring_point":"false","reporting_stanox":"00000"}},{"header":{"msg_type":"0003","msg_queue_timestamp":"1713560293000","source_system_id":"TRUST","original_data_source":"GPS","user_id":"GPSN01"},"body":{"train_id":"352J33M719","actual_timestamp":"1713563820000","loc_stanox":"35140","gbtt_timestamp":"1713563880000","planned_timestamp":"1713563880000","planned_event_type":"ARRIVAL","event_type":"ARRIVAL","event_source":"MANUAL","correction_ind":"false","offroute_ind":"false","route":"0","train_service_code":"12225110","division_code":"23","toc_id":"23","timetable_variation":"1","variation_status":"EARLY","next_report_stanox":"35139","next_report_run_time":"1","train_terminated":"false","delay_monitoring_point":"false","reporting_stanox":"00000","auto_expected":"true"}},{"header":{"msg_type":"0003","msg_queue_timestamp":"1713560293000","source_system_id":"TRUST","original_data_source":"GPS","user_id":"GPSN01"},"body":{"train_id":"122N37M719","actual_timestamp":"1713563820000","loc_stanox":"13319","gbtt_timestamp":"1713563820000","planned_timestamp":"1713563850000","planned_event_type":"DEPARTURE","event_type":"DEPARTURE","event_source":"MANUAL","correction_ind":"false","offroute_ind":"false","train_service_code":"21794000","division_code":"23","toc_id":"23","timetable_variation":"0","variation_status":"ON TIME","next_report_stanox":"13318","next_report_run_time":"4","train_terminated":"false","delay_monitoring_point":"false","reporting_stanox":"00000"}},{"header":{"msg_type":"0003","msg_queue_timestamp":"1713560293000","source_system_id":"TRUST","original_data_source":"GPS","user_id":"GPSI02"},"body":{"train_id":"041H29MY19","actual_timestamp":"1713563820000","loc_stanox":"01157","planned_timestamp":"1713563760000","planned_event_type":"DEPARTURE","event_type":"DEPARTURE","event_source":"MANUAL","correction_ind":"false","offroute_ind":"false","train_service_code":"23549003","division_code":"60","toc_id":"60","timetable_variation":"1","variation_status":"LATE","next_report_stanox":"01154","next_report_run_time":"7","train_terminated":"false","delay_monitoring_point":"false","reporting_stanox":"00000"}},{"header":{"msg_type":"0003","msg_queue_timestamp":"1713560293000","source_system_id":"TRUST","original_data_source":"GPS","user_id":"GPSN03"},"body":{"train_id":"651L56MZ19","actual_timestamp":"1713563820000","loc_stanox":"45008","gbtt_timestamp":"1713563880000","planned_timestamp":"1713563880000","planned_event_type":"ARRIVAL","event_type":"ARRIVAL","event_source":"MANUAL","correction_ind":"false","offroute_ind":"false","route":"0","train_service_code":"22268000","division_code":"27","toc_id":"27","timetable_variation":"1","variation_status":"EARLY","next_report_stanox":"45010","next_report_run_time":"2","train_terminated":"false","delay_monitoring_point":"false","reporting_stanox":"00000"}},{"header":{"msg_type":"0003","msg_queue_timestamp":"1713560293000","source_system_id":"TRUST","original_data_source":"SMART"},"body":{"train_id":"872U70M719","actual_timestamp":"1713563820000","loc_stanox":"87135","gbtt_timestamp":"1713563880000","planned_timestamp":"1713563880000","planned_event_type":"DEPARTURE","event_type":"DEPARTURE","event_source":"AUTOMATIC","correction_ind":"false","offroute_ind":"false","direction_ind":"UP","platform":" 2","route":"2","train_service_code":"24671105","division_code":"84","toc_id":"84","timetable_variation":"1","variation_status":"EARLY","next_report_stanox":"87149","next_report_run_time":"4","train_terminated":"false","delay_monitoring_point":"true","reporting_stanox":"87135","auto_expected":"true"}},{"header":{"msg_type":"0003","msg_queue_timestamp":"1713560293000","source_system_id":"TRUST","original_data_source":"GPS","user_id":"GPSI04"},"body":{"train_id":"702C83M719","actual_timestamp":"1713563820000","loc_stanox":"70359","gbtt_timestamp":"1713563820000","planned_timestamp":"1713563850000","planned_event_type":"DEPARTURE","event_type":"DEPARTURE","event_source":"MANUAL","correction_ind":"false","offroute_ind":"false","train_service_code":"25210004","division_code":"74","toc_id":"74","timetable_variation":"0","variation_status":"ON TIME","next_report_stanox":"70360","next_report_run_time":"6","train_terminated":"false","delay_monitoring_point":"false","reporting_stanox":"00000","auto_expected":"true"}},{"header":{"msg_type":"0003","msg_queue_timestamp":"1713560293000","source_system_id":"TRUST","original_data_source":"GPS","user_id":"GPSN01"},"body":{"train_id":"301Y61MZ19","actual_timestamp":"1713563820000","loc_stanox":"32535","planned_timestamp":"1713563850000","planned_event_type":"DEPARTURE","event_type":"DEPARTURE","event_source":"MANUAL","correction_ind":"false","offroute_ind":"false","train_service_code":"12362822","division_code":"23","toc_id":"23","timetable_variation":"0","variation_status":"ON TIME","next_report_stanox":"32530","next_report_run_time":"4","train_terminated":"false","delay_monitoring_point":"false","reporting_stanox":"00000"}},{"header":{"msg_type":"0003","msg_queue_timestamp":"1713560293000","source_system_id":"TRUST","original_data_source":"GPS","user_id":"GPSI07"},"body":{"train_id":"831L76MY19","actual_timestamp":"1713563820000","loc_stanox":"86070","gbtt_timestamp":"1713563880000","planned_timestamp":"1713563880000","planned_event_type":"DEPARTURE","event_type":"DEPARTURE","event_source":"MANUAL","correction_ind":"false","offroute_ind":"false","train_service_code":"24623104","division_code":"84","toc_id":"84","timetable_variation":"1","variation_status":"EARLY","next_report_stanox":"86069","next_report_run_time":"5","train_terminated":"false","delay_monitoring_point":"false","reporting_stanox":"00000"}}]