[{"header":{"msg_type":"0003","msg_queue_timestamp":"1713110116000","source_system_id":"TRUST","original_data_source":"SMART"},"body":{"train_id":"731C22MT14","actual_timestamp":"1713113640000","loc_stanox":"74023","planned_timestamp":"1713113340000","planned_event_type":"DEPARTURE","event_type":"DEPARTURE","event_source":"AUTOMATIC","correction_ind":"false","offroute_ind":"false","direction_ind":"DOWN","line_ind":"D","platform":" 1","route":"1","train_service_code":"25397003","division_code":"25","toc_id":"25","timetable_variation":"5","variation_status":"LATE","next_report_stanox":"74233","next_report_run_time":"3","train_terminated":"false","delay_monitoring_point":"true","reporting_stanox":"74023","auto_expected":"true"}},{"header":{"msg_type":"0003","msg_queue_timestamp":"1713110116000","source_system_id":"TRUST","original_data_source":"SMART"},"body":{"train_id":"522T84MT14","actual_timestamp":"1713113640000","loc_stanox":"52732","gbtt_timestamp":"1713113640000","planned_timestamp":"1713113640000","planned_event_type":"DEPARTURE","event_type":"DEPARTURE","event_source":"AUTOMATIC","correction_ind":"false","offroute_ind":"false","direction_ind":"DOWN","line_ind":"D","platform":" 2","route":"2","train_service_code":"21235001","division_code":"30","toc_id":"30","timetable_variation":"0","variation_status":"ON TIME","next_report_stanox":"52731","next_report_run_time":"5","train_terminated":"false","delay_monitoring_point":"false","reporting_stanox":"00000","auto_expected":"true"}},{"header":{"msg_type":"0003","msg_queue_timestamp":"1713110116000","source_system_id":"TRUST","original_data_source":"SMART"},"body":{"train_id":"522Y81MS14","actual_timestamp":"1713113700000","loc_stanox":"72417","gbtt_timestamp":"1713113520000","planned_timestamp":"1713113490000","planned_event_type":"ARRIVAL","event_type":"ARRIVAL","event_source":"AUTOMATIC","correction_ind":"false","offroute_ind":"false","direction_ind":"DOWN","platform":" 1","route":"0","train_service_code":"22214000","division_code":"30","toc_id":"30","timetable_variation":"4","variation_status":"LATE","next_report_stanox":"72416","next_report_run_time":"1","train_terminated":"false","delay_monitoring_point":"false","reporting_stanox":"00000","auto_expected":"true"}},{"header":{"msg_type":"0003","msg_queue_timestamp":"1713110116000","source_system_id":"TRUST","original_data_source":"SMART"},"body":{"train_id":"432H14MT14","actual_timestamp":"1713113700000","loc_stanox":"43211","gbtt_timestamp":"1713113700000","planned_timestamp":"1713113700000","planned_event_type":"DEPARTURE","event_type":"DEPARTURE","event_source":"AUTOMATIC","correction_ind":"false","offroute_ind":"false","direction_ind":"DOWN","line_ind":"3","platform":" 3","route":"1","train_service_code":"12231820","division_code":"23","toc_id":"23","timetable_variation":"0","variation_status":"ON TIME","next_report_stanox":"43031","next_report_run_time":"7","train_terminated":"false","delay_monitoring_point":"true","reporting_stanox":"43211","auto_expected":"true"}},{"header":{"msg_type":"0003","msg_queue_timestamp":"1713110116000","source_system_id":"TRUST","original_data_source":"SMART"},"body":{"train_id":"722N30MS14","actual_timestamp":"1713113760000","loc_stanox":"72418","gbtt_timestamp":"1713113700000","planned_timestamp":"1713113700000","planned_event_type":"ARRIVAL","event_type":"ARRIVAL","event_source":"AUTOMATIC","correction_ind":"false","offroute_ind":"false","direction_ind":"UP","platform":" 2","route":"0","train_service_code":"22214000","division_code":"30","toc_id":"30","timetable_variation":"1","variation_status":"LATE","next_report_stanox":"72419","next_report_run_time":"1","train_terminated":"false","delay_monitoring_point":"false","reporting_stanox":"00000","auto_expected":"true"}},{"header":{"msg_type":"0003","msg_queue_timestamp":"1713110116000","source_system_id":"TRUST","original_data_source":"SMART"},"body":{"train_id":"872O45MS14","actual_timestamp":"1713113640000","loc_stanox":"87159","gbtt_timestamp":"1713113700000","planned_timestamp":"1713113700000","planned_event_type":"DEPARTURE","event_type":"DEPARTURE","event_source":"AUTOMATIC","correction_ind":"false","offroute_ind":"false","direction_ind":"UP","platform":" 2","route":"2","train_service_code":"24671505","division_code":"84","toc_id":"84","timetable_variation":"1","variation_status":"EARLY","next_report_stanox":"87162","next_report_run_time":"2","train_terminated":"false","delay_monitoring_point":"true","reporting_stanox":"87159","auto_expected":"true"}},{"header":{"msg_type":"0003","msg_queue_timestamp":"1713110116000","source_system_id":"TRUST","original_data_source":"SMART"},"body":{"train_id":"739W88MU14","actual_timestamp":"1713113760000","loc_stanox":"73255","gbtt_timestamp":"1713113400000","planned_timestamp":"1713113400000","planned_event_type":"ARRIVAL","event_type":"ARRIVAL","event_source":"AUTOMATIC","correction_ind":"false","offroute_ind":"false","direction_ind":"UP","line_ind":"U","platform":" 4","route":"0","train_service_code":"21381202","division_code":"33","toc_id":"33","timetable_variation":"6","variation_status":"LATE","next_report_stanox":"73253","next_report_run_time":"1","train_terminated":"false","delay_monitoring_point":"true","reporting_stanox":"73255","auto_expected":"true"}},{"header":{"msg_type":"0003","msg_queue_timestamp":"1713110116000","source_system_id":"TRUST","original_data_source":"SMART"},"body":{"train_id":"872D50MS14","actual_timestamp":"1713113760000","loc_stanox":"87304","gbtt_timestamp":"1713113820000","planned_timestamp":"1713113790000","planned_event_type":"ARRIVAL","event_type":"ARRIVAL","event_source":"AUTOMATIC","correction_ind":"false","offroute_ind":"false","direction_ind":"UP","platform":" 1","route":"0","train_service_code":"24673705","division_code":"84","toc_id":"84","timetable_variation":"0","variation_status":"ON TIME","next_report_stanox":"87303","next_report_run_time":"1","train_terminated":"false","delay_monitoring_point":"false","reporting_stanox":"00000","auto_expected":"true"}},{"header":{"msg_type":"0003","msg_queue_timestamp":"1713110116000","source_system_id":"TRUST","original_data_source":"SMART"},"body":{"train_id":"782S44MT14","actual_timestamp":"1713113640000","loc_stanox":"78456","gbtt_timestamp":"1713113640000","planned_timestamp":"1713113640000","planned_event_type":"DEPARTURE","event_type":"DEPARTURE","event_source":"AUTOMATIC","correction_ind":"false","offroute_ind":"false","direction_ind":"UP","platform":" 1","route":"1","train_service_code":"25430000","division_code":"71","toc_id":"71","timetable_variation":"0","variation_status":"ON TIME","next_report_stanox":"78451","next_report_run_time":"3","train_terminated":"false","delay_monitoring_point":"true","reporting_stanox":"78456","auto_expected":"true"}},{"header":{"msg_type":"0003","msg_queue_timestamp":"1713110116000","source_system_id":"TRUST","original_data_source":"SMART"},"body":{"train_id":"782S44MT14","actual_timestamp":"1713113760000","loc_stanox":"78451","gbtt_timestamp":"1713113880000","planned_timestamp":"1713113820000","planned_event_type":"DESTINATION","event_type":"ARRIVAL","event_source":"AUTOMATIC","correction_ind":"false","offroute_ind":"false","direction_ind":"UP","line_ind":"U","platform":" 1","route":"0","train_service_code":"25430000","division_code":"71","toc_id":"71","timetable_variation":"1","variation_status":"EARLY","train_terminated":"true","delay_monitoring_point":"true","reporting_stanox":"78451","auto_expected":"true"}},{"header":{"msg_type":"0003","msg_queue_timestamp":"1713110116000","source_system_id":"TRUST","original_data_source":"SMART"},"body":{"train_id":"062R48MS14","actual_timestamp":"1713113700000","loc_stanox":"07253","gbtt_timestamp":"1713113700000","planned_timestamp":"1713113700000","planned_event_type":"ARRIVAL","event_type":"ARRIVAL","event_source":"AUTOMATIC","correction_ind":"false","offroute_ind":"false","direction_ind":"UP","route":"0","train_service_code":"23563015","division_code":"60","toc_id":"60","timetable_variation":"0","variation_status":"ON TIME","next_report_stanox":"07255","next_report_run_time":"1","train_terminated":"false","delay_monitoring_point":"false","reporting_stanox":"00000","auto_expected":"true"}},{"header":{"msg_type":"0003","msg_queue_timestamp":"1713110116000","source_system_id":"TRUST","original_data_source":"SMART"},"body":{"train_id":"072S69MR14","actual_timestamp":"1713113700000","loc_stanox":"06136","gbtt_timestamp":"1713113700000","planned_timestamp":"1713113700000","planned_event_type":"DEPARTURE","event_type":"DEPARTURE","event_source":"AUTOMATIC","correction_ind":"false","offroute_ind":"false","direction_ind":"DOWN","platform":" 2","route":"1","train_service_code":"23563015","division_code":"60","toc_id":"60","timetable_variation":"0","variation_status":"ON TIME","next_report_stanox":"06134","next_report_run_time":"1","train_terminated":"false","delay_monitoring_point":"true","reporting_stanox":"06136","auto_expected":"true"}},{"header":{"msg_type":"0003","msg_queue_timestamp":"1713110116000","source_system_id":"TRUST","original_data_source":"SMART"},"body":{"train_id":"072S69MR14","actual_timestamp":"1713113760000","loc_stanox":"06134","gbtt_timestamp":"1713113760000","planned_timestamp":"1713113760000","planned_event_type":"ARRIVAL","event_type":"ARRIVAL","event_source":"AUTOMATIC","correction_ind":"false","offroute_ind":"false","direction_ind":"DOWN","route":"0","train_service_code":"23563015","division_code":"60","toc_id":"60","timetable_variation":"0","variation_status":"ON TIME","next_report_stanox":"06125","next_report_run_time":"1","train_terminated":"false","delay_monitoring_point":"true","reporting_stanox":"06134","auto_expected":"true"}},{"header":{"msg_type":"0003","msg_queue_timestamp":"1713110117000","source_system_id":"TRUST","original_data_source":"SMART"},"body":{"train_id":"111M89MO14","actual_timestamp":"1713113640000","loc_stanox":"30213","planned_timestamp":"1713113700000","planned_event_type":"DEPARTURE","event_type":"DEPARTURE","event_source":"AUTOMATIC","correction_ind":"false","offroute_ind":"false","direction_ind":"UP","platform":" 2","route":"2","train_service_code":"21730001","division_code":"20","toc_id":"20","timetable_variation":"1","variation_status":"EARLY","next_report_stanox":"30331","next_report_run_time":"5","train_terminated":"false","delay_monitoring_point":"false","reporting_stanox":"00000","auto_expected":"true"}},{"header":{"msg_type":"0003","msg_queue_timestamp":"1713110117000","source_system_id":"TRUST","original_data_source":"SMART"},"body":{"train_id":"879H44MS14","actual_timestamp":"1713113700000","loc_stanox":"52078","gbtt_timestamp":"1713113700000","planned_timestamp":"1713113670000","planned_event_type":"ARRIVAL","event_type":"ARRIVAL","event_source":"AUTOMATIC","correction_ind":"false","offroute_ind":"false","direction_ind":"UP","platform":" 1","route":"0","train_service_code":"22206000","division_code":"30","toc_id":"30","timetable_variation":"1","variation_status":"LATE","next_report_stanox":"52074","next_report_run_time":"1","train_terminated":"false","delay_monitoring_point":"false","reporting_stanox":"00000","auto_expected":"true"}},{"header":{"msg_type":"0003","msg_queue_timestamp":"1713110117000","source_system_id":"TRUST","original_data_source":"SMART"},"body":{"train_id":"879H45MS14","actual_timestamp":"1713113700000","loc_stanox":"87572","gbtt_timestamp":"1713113640000","planned_timestamp":"1713113670000","planned_event_type":"DEPARTURE","event_type":"DEPARTURE","event_source":"AUTOMATIC","correction_ind":"false","offroute_ind":"false","direction_ind":"UP","platform":" 1","route":"2","train_service_code":"22206000","division_code":"30","toc_id":"30","timetable_variation":"1","variation_status":"LATE","next_report_stanox":"87568","next_report_run_time":"1","train_terminated":"false","delay_monitoring_point":"false","reporting_stanox":"00000","auto_expected":"true"}},{"header":{"msg_type":"0003","msg_queue_timestamp":"1713110117000","source_system_id":"TRUST","original_data_source":"SMART"},"body":{"train_id":"629R39MR14","actual_timestamp":"1713113700000","loc_stanox":"87601","gbtt_timestamp":"1713113700000","planned_timestamp":"1713113730000","planned_event_type":"DEPARTURE","event_type":"DEPARTURE","event_source":"AUTOMATIC","correction_ind":"false","offroute_ind":"false","direction_ind":"DOWN","platform":" 4","route":"1","train_service_code":"22720000","division_code":"88","toc_id":"88","timetable_variation":"0","variation_status":"ON TIME","next_report_stanox":"87579","next_report_run_time":"3","train_terminated":"false","delay_monitoring_point":"true","reporting_stanox":"87601","auto_expected":"true"}},{"header":{"msg_type":"0003","msg_queue_timestamp":"1713110117000","source_system_id":"TRUST","original_data_source":"SMART"},"body":{"train_id":"492E80MR14","actual_timestamp":"1713113700000","loc_stanox":"46272","planned_timestamp":"1713113730000","planned_event_type":"DEPARTURE","event_type":"DEPARTURE","event_source":"AUTOMATIC","correction_ind":"false","offroute_ind":"false","direction_ind":"DOWN","line_ind":"P","route":"3","train_service_code":"21894002","division_code":"21","toc_id":"21","timetable_variation":"0","variation_status":"ON TIME","next_report_stanox":"46242","next_report_run_time":"5","train_terminated":"false","delay_monitoring_point":"true","reporting_stanox":"46272","auto_expected":"true"}},{"header":{"msg_type":"0003","msg_queue_timestamp":"1713110117000","source_system_id":"TRUST","original_data_source":"SMART"},"body":{"train_id":"142I07MT14","actual_timestamp":"1713113760000","loc_stanox":"14037","gbtt_timestamp":"1713113700000","planned_timestamp":"1713113700000","planned_event_type":"ARRIVAL","event_type":"ARRIVAL","event_source":"AUTOMATIC","correction_ind":"false","offroute_ind":"false","direction_ind":"DOWN","platform":" 2","route":"0","train_service_code":"11798001","division_code":"56","toc_id":"56","timetable_variation":"1","variation_status":"LATE","next_report_stanox":"14038","next_report_run_time":"1","train_terminated":"false","delay_monitoring_point":"false","reporting_stanox":"00000","auto_expected":"true"}},{"header":{"msg_type":"0003","msg_queue_timestamp":"1713110117000","source_system_id":"TRUST","original_data_source":"SMART"},"body":{"train_id":"129S15MS14","actual_timestamp":"1713113700000","loc_stanox":"04309","planned_timestamp":"1713113790000","planned_event_type":"DEPARTURE","event_type":"DEPARTURE","event_source":"AUTOMATIC","correction_ind":"false","offroute_ind":"false","direction_ind":"DOWN","line_ind":"N","route":"2","train_service_code":"21731000","division_code":"20","toc_id":"20","timetable_variation":"1","variation_status":"EARLY","next_report_stanox":"04303","next_report_run_time":"3","train_terminated":"false","delay_monitoring_point":"false","reporting_stanox":"00000","auto_expected":"true"}},{"header":{"msg_type":"0003","msg_queue_timestamp":"1713110117000","source_system_id":"TRUST","original_data_source":"SMART"},"body":{"train_id":"472H47MS14","actual_timestamp":"1713113700000","loc_stanox":"47321","gbtt_timestamp":"1713113220000","planned_timestamp":"1713113220000","planned_event_type":"DEPARTURE","event_type":"DEPARTURE","event_source":"AUTOMATIC","correction_ind":"false","offroute_ind":"false","direction_ind":"UP","line_ind":"U","platform":" 1","route":"1","train_service_code":"21913000","division_code":"21","toc_id":"21","timetable_variation":"8","variation_status":"LATE","next_report_stanox":"47339","next_report_run_time":"8","train_terminated":"false","delay_monitoring_point":"true","reporting_stanox":"47321","auto_expected":"true"}},{"header":{"msg_type":"0003","msg_queue_timestamp":"1713110117000","source_system_id":"TRUST","original_data_source":"SMART"},"body":{"train_id":"541S18MM14","actual_timestamp":"1713113760000","loc_stanox":"04852","planned_timestamp":"1713113130000","planned_event_type":"ARRIVAL","event_type":"ARRIVAL","event_source":"AUTOMATIC","correction_ind":"false","offroute_ind":"false","route":"0","train_service_code":"21700001","division_code":"61","toc_id":"61","timetable_variation":"11","variation_status":"LATE","next_report_stanox":"04834","next_report_run_time":"1","train_terminated":"false","delay_monitoring_point":"false","reporting_stanox":"00000","auto_expected":"true"}},{"header":{"msg_type":"0003","msg_queue_timestamp":"1713110117000","source_system_id":"TRUST","original_data_source":"SDR","user_id":"#QLP1E06","source_dev_id":"VJPE"},"body":{"train_id":"021T84MR14","actual_timestamp":"1713113640000","loc_stanox":"03069","planned_timestamp":"1713113610000","planned_event_type":"DEPARTURE","event_type":"DEPARTURE","event_source":"MANUAL","correction_ind":"false","offroute_ind":"false","train_service_code":"23540003","division_code":"60","toc_id":"60","timetable_variation":"1","variation_status":"LATE","next_report_stanox":"03095","next_report_run_time":"8","train_terminated":"false","delay_monitoring_point":"false","reporting_stanox":"00000"}},{"header":{"msg_type":"0003","msg_queue_timestamp":"1713110117000","source_system_id":"TRUST","original_data_source":"SMART"},"body":{"train_id":"361P31MP14","actual_timestamp":"1713113760000","loc_stanox":"16495","planned_timestamp":"1713113670000","planned_event_type":"ARRIVAL","event_type":"ARRIVAL","event_source":"AUTOMATIC","correction_ind":"false","offroute_ind":"false","route":"0","train_service_code":"21731000","division_code":"20","toc_id":"20","timetable_variation":"2","variation_status":"LATE","next_report_stanox":"16460","next_report_run_time":"1","train_terminated":"false","delay_monitoring_point":"true","reporting_stanox":"16495","auto_expected":"true"}},{"header":{"msg_type":"0003","msg_queue_timestamp":"1713110117000","source_system_id":"TRUST","original_data_source":"SMART"},"body":{"train_id":"172N15MR14","actual_timestamp":"1713113700000","loc_stanox":"25635","planned_timestamp":"1713113640000","planned_event_type":"DEPARTURE","event_type":"DEPARTURE","event_source":"AUTOMATIC","correction_ind":"false","offroute_ind":"false","direction_ind":"UP","line_ind":"M","route":"1","train_service_code":"11810920","division_code":"23","toc_id":"23","timetable_variation":"1","variation_status":"LATE","next_report_stanox":"25701","next_report_run_time":"2","train_terminated":"false","delay_monitoring_point":"false","reporting_stanox":"00000","auto_expected":"true"}},{"header":{"msg_type":"0003","msg_queue_timestamp":"1713110117000","source_system_id":"TRUST","original_data_source":"SMART"},"body":{"train_id":"182W65MS14","actual_timestamp":"1713113760000","loc_stanox":"18654","gbtt_timestamp":"1713113760000","planned_timestamp":"1713113730000","planned_event_type":"ARRIVAL","event_type":"ARRIVAL","event_source":"AUTOMATIC","correction_ind":"false","offroute_ind":"false","direction_ind":"UP","platform":" 2","route":"0","train_service_code":"11868820","division_code":"23","toc_id":"23","timetable_variation":"1","variation_status":"LATE","next_report_stanox":"17151","next_report_run_time":"1","train_terminated":"false","delay_monitoring_point":"false","reporting_stanox":"00000","auto_expected":"true"}},{"header":{"msg_type":"0003","msg_queue_timestamp":"1713110118000","source_system_id":"TRUST","original_data_source":"SMART"},"body":{"train_id":"651F62MR14","actual_timestamp":"1713113700000","loc_stanox":"36501","gbtt_timestamp":"1713113880000","planned_timestamp":"1713113880000","planned_event_type":"ARRIVAL","event_type":"ARRIVAL","event_source":"AUTOMATIC","correction_ind":"false","offroute_ind":"false","direction_ind":"DOWN","platform":" 2","route":"0","train_service_code":"22300000","division_code":"29","toc_id":"29","timetable_variation":"3","variation_status":"EARLY","next_report_stanox":"36401","next_report_run_time":"4","train_terminated":"false","delay_monitoring_point":"true","reporting_stanox":"36501","auto_expected":"true"}},{"header":{"msg_type":"0003","msg_queue_timestamp":"1713110118000","source_system_id":"TRUST","original_data_source":"SMART"},"body":{"train_id":"639P45MS14","actual_timestamp":"1713113640000","loc_stanox":"88431","gbtt_timestamp":"1713113700000","planned_timestamp":"1713113700000","planned_event_type":"DEPARTURE","event_type":"DEPARTURE","event_source":"AUTOMATIC","correction_ind":"false","offroute_ind":"false","direction_ind":"DOWN","platform":" 2","route":"2","train_service_code":"22728000","division_code":"88","toc_id":"88","timetable_variation":"1","variation_status":"EARLY","next_report_stanox":"88433","next_report_run_time":"1","train_terminated":"false","delay_monitoring_point":"false","reporting_stanox":"00000","auto_expected":"true"}},{"header":{"msg_type":"0003","msg_queue_timestamp":"1713110118000","source_system_id":"TRUST","original_data_source":"SMART"},"body":{"train_id":"631Y29MT14","actual_timestamp":"1713113700000","loc_stanox":"63209","planned_timestamp":"1713113730000","planned_event_type":"DEPARTURE","event_type":"DEPARTURE","event_source":"AUTOMATIC","correction_ind":"false","offroute_ind":"false","direction_ind":"DOWN","line_ind":"F","route":"2","train_service_code":"22156000","division_code":"28","toc_id":"28","timetable_variation":"0","variation_status":"ON TIME","next_report_stanox":"63201","next_report_run_time":"4","train_terminated":"false","delay_monitoring_point":"false","reporting_stanox":"00000","auto_expected":"true"}},{"header":{"msg_type":"0003","msg_queue_timestamp":"1713110118000","source_system_id":"TRUST","original_data_source":"SMART"},"body":{"train_id":"601H18MR14","actual_timestamp":"1713113700000","loc_stanox":"63623","planned_timestamp":"1713113430000","planned_event_type":"DEPARTURE","event_type":"DEPARTURE","event_source":"AUTOMATIC","correction_ind":"false","offroute_ind":"false","direction_ind":"UP","line_ind":"F","route":"1","train_service_code":"22156000","division_code":"28","toc_id":"28","timetable_variation":"5","variation_status":"LATE","next_report_stanox":"63630","next_report_run_time":"2","train_terminated":"false","delay_monitoring_point":"false","reporting_stanox":"00000","auto_expected":"true"}},{"header":{"msg_type":"0003","msg_queue_timestamp":"1713110119000","source_system_id":"TRUST","original_data_source":"SMART"},"body":{"train_id":"892K70MP14","actual_timestamp":"1713113760000","loc_stanox":"88477","gbtt_timestamp":"1713113640000","planned_timestamp":"1713113610000","planned_event_type":"ARRIVAL","event_type":"ARRIVAL","event_source":"AUTOMATIC","correction_ind":"false","offroute_ind":"false","direction_ind":"UP","platform":" 3","route":"0","train_service_code":"24604004","division_code":"80","toc_id":"80","timetable_variation":"3","variation_status":"LATE","next_report_stanox":"88476","next_report_run_time":"1","train_terminated":"false","delay_monitoring_point":"true","reporting_stanox":"88477","auto_expected":"true"}},{"header":{"msg_type":"0003","msg_queue_timestamp":"1713110119000","source_system_id":"TRUST","original_data_source":"SMART"},"body":{"train_id":"872S401T14","actual_timestamp":"1713113700000","loc_stanox":"87630","planned_timestamp":"1713113700000","planned_event_type":"DEPARTURE","event_type":"DEPARTURE","event_source":"AUTOMATIC","correction_ind":"false","offroute_ind":"false","direction_ind":"DOWN","route":"2","train_service_code":"24782000","division_code":"88","toc_id":"88","timetable_variation":"0","variation_status":"ON TIME","next_report_stanox":"87622","next_report_run_time":"1","train_terminated":"false","delay_monitoring_point":"false","reporting_stanox":"00000","auto_expected":"true"}}]