[{"header":{"msg_type":"0003","msg_queue_timestamp":"1713128101000","source_system_id":"TRUST","original_data_source":"SMART"},"body":{"train_id":"509T071714","actual_timestamp":"1713131640000","loc_stanox":"52745","gbtt_timestamp":"1713131640000","planned_timestamp":"1713131670000","planned_event_type":"DEPARTURE","event_type":"DEPARTURE","event_source":"AUTOMATIC","correction_ind":"false","offroute_ind":"false","direction_ind":"DOWN","route":"2","train_service_code":"21381001","division_code":"33","toc_id":"33","timetable_variation":"0","variation_status":"ON TIME","next_report_stanox":"63636","next_report_run_time":"2","train_terminated":"false","delay_monitoring_point":"false","reporting_stanox":"00000","auto_expected":"true"}},{"header":{"msg_type":"0003","msg_queue_timestamp":"1713128101000","source_system_id":"TRUST","original_data_source":"SMART"},"body":{"train_id":"889Y061714","actual_timestamp":"1713131700000","loc_stanox":"73113","gbtt_timestamp":"1713131700000","planned_timestamp":"1713131700000","planned_event_type":"ARRIVAL","event_type":"ARRIVAL","event_source":"AUTOMATIC","correction_ind":"false","offroute_ind":"false","direction_ind":"DOWN","route":"0","train_service_code":"21382001","division_code":"33","toc_id":"33","timetable_variation":"0","variation_status":"ON TIME","next_report_stanox":"73112","next_report_run_time":"1","train_terminated":"false","delay_monitoring_point":"false","reporting_stanox":"00000","auto_expected":"true"}},{"header":{"msg_type":"0003","msg_queue_timestamp":"1713128101000","source_system_id":"TRUST","original_data_source":"SMART"},"body":{"train_id":"521D541Z14","actual_timestamp":"1713131700000","loc_stanox":"51013","gbtt_timestamp":"1713131640000","planned_timestamp":"1713131640000","planned_event_type":"ARRIVAL","event_type":"ARRIVAL","event_source":"AUTOMATIC","correction_ind":"false","offroute_ind":"false","direction_ind":"DOWN","platform":" 3","route":"0","train_service_code":"21936004","division_code":"79","toc_id":"79","timetable_variation":"1","variation_status":"LATE","next_report_stanox":"51011","next_report_run_time":"1","train_terminated":"false","delay_monitoring_point":"true","reporting_stanox":"51013","auto_expected":"true"}},{"header":{"msg_type":"0003","msg_queue_timestamp":"1713128101000","source_system_id":"TRUST","original_data_source":"SMART"},"body":{"train_id":"739C78M714","actual_timestamp":"1713131700000","loc_stanox":"50431","gbtt_timestamp":"1713131760000","planned_timestamp":"1713131730000","planned_event_type":"ARRIVAL","event_type":"ARRIVAL","event_source":"AUTOMATIC","correction_ind":"false","offroute_ind":"false","direction_ind":"DOWN","platform":" 2","route":"0","train_service_code":"21381901","division_code":"33","toc_id":"33","timetable_variation":"0","variation_status":"ON TIME","next_report_stanox":"50423","next_report_run_time":"1","train_terminated":"false","delay_monitoring_point":"false","reporting_stanox":"00000","auto_expected":"true"}},{"header":{"msg_type":"0003","msg_queue_timestamp":"1713128101000","source_system_id":"TRUST","original_data_source":"SMART"},"body":{"train_id":"082A601714","actual_timestamp":"1713131760000","loc_stanox":"08605","gbtt_timestamp":"1713131760000","planned_timestamp":"1713131760000","planned_event_type":"ARRIVAL","event_type":"ARRIVAL","event_source":"AUTOMATIC","correction_ind":"false","offroute_ind":"false","direction_ind":"DOWN","platform":" 2","route":"0","train_service_code":"13577015","division_code":"60","toc_id":"60","timetable_variation":"0","variation_status":"ON TIME","next_report_stanox":"08618","next_report_run_time":"1","train_terminated":"false","delay_monitoring_point":"false","reporting_stanox":"00000","auto_expected":"true"}},{"header":{"msg_type":"0003","msg_queue_timestamp":"1713128101000","source_system_id":"TRUST","original_data_source":"SMART"},"body":{"train_id":"501K611714","actual_timestamp":"1713131640000","loc_stanox":"50423","planned_timestamp":"1713131610000","planned_event_type":"DEPARTURE","event_type":"DEPARTURE","event_source":"AUTOMATIC","correction_ind":"false","offroute_ind":"false","direction_ind":"UP","line_ind":"M","platform":" 1","route":"2","train_service_code":"21943001","division_code":"21","toc_id":"21","timetable_variation":"1","variation_status":"LATE","next_report_stanox":"50434","next_report_run_time":"2","train_terminated":"false","delay_monitoring_point":"true","reporting_stanox":"50423","auto_expected":"true"}},{"header":{"msg_type":"0003","msg_queue_timestamp":"1713128101000","source_system_id":"TRUST","original_data_source":"SMART"},"body":{"train_id":"091Z901Z14","actual_timestamp":"1713131700000","loc_stanox":"07416","planned_timestamp":"1713131970000","planned_event_type":"ARRIVAL","event_type":"ARRIVAL","event_source":"AUTOMATIC","correction_ind":"false","offroute_ind":"false","route":"0","train_service_code":"22114001","division_code":"65","toc_id":"65","timetable_variation":"4","variation_status":"EARLY","next_report_stanox":"07236","next_report_run_time":"4","train_terminated":"false","delay_monitoring_point":"true","reporting_stanox":"07416","auto_expected":"true"}},{"header":{"msg_type":"0003","msg_queue_timestamp":"1713128101000","source_system_id":"TRUST","original_data_source":"SMART"},"body":{"train_id":"522K601714","actual_timestamp":"1713131700000","loc_stanox":"52739","planned_timestamp":"1713131700000","planned_event_type":"DEPARTURE","event_type":"DEPARTURE","event_source":"AUTOMATIC","correction_ind":"false","offroute_ind":"false","direction_ind":"DOWN","line_ind":"M","route":"2","train_service_code":"21943001","division_code":"21","toc_id":"21","timetable_variation":"0","variation_status":"ON TIME","next_report_stanox":"52701","next_report_run_time":"2","train_terminated":"false","delay_monitoring_point":"true","reporting_stanox":"52739","auto_expected":"true"}},{"header":{"msg_type":"0003","msg_queue_timestamp":"1713128101000","source_system_id":"TRUST","original_data_source":"SMART"},"body":{"train_id":"871D68M714","actual_timestamp":"1713131640000","loc_stanox":"87214","gbtt_timestamp":"1713131700000","planned_timestamp":"1713131700000","planned_event_type":"DEPARTURE","event_type":"DEPARTURE","event_source":"AUTOMATIC","correction_ind":"false","offroute_ind":"false","direction_ind":"UP","platform":" 7","route":"2","train_service_code":"24673305","division_code":"84","toc_id":"84","timetable_variation":"1","variation_status":"EARLY","next_report_stanox":"87286","next_report_run_time":"2","train_terminated":"false","delay_monitoring_point":"true","reporting_stanox":"87214","auto_expected":"true"}},{"header":{"msg_type":"0003","msg_queue_timestamp":"1713128102000","source_system_id":"TRUST","original_data_source":"SMART"},"body":{"train_id":"895Y741714","actual_timestamp":"1713131640000","loc_stanox":"89331","planned_timestamp":"1713132240000","planned_event_type":"DEPARTURE","event_type":"DEPARTURE","event_source":"AUTOMATIC","correction_ind":"false","offroute_ind":"false","direction_ind":"UP","platform":" 1","route":"2","train_service_code":"24605004","division_code":"80","toc_id":"80","timetable_variation":"10","variation_status":"EARLY","next_report_stanox":"89363","next_report_run_time":"6","train_terminated":"false","delay_monitoring_point":"true","reporting_stanox":"89331","auto_expected":"true"}},{"header":{"msg_type":"0003","msg_queue_timestamp":"1713128102000","source_system_id":"TRUST","original_data_source":"SMART"},"body":{"train_id":"879S64M714","actual_timestamp":"1713131760000","loc_stanox":"87911","gbtt_timestamp":"1713131520000","planned_timestamp":"1713131490000","planned_event_type":"ARRIVAL","event_type":"ARRIVAL","event_source":"AUTOMATIC","correction_ind":"false","offroute_ind":"false","direction_ind":"UP","platform":" 4","route":"0","train_service_code":"22721000","division_code":"88","toc_id":"88","timetable_variation":"5","variation_status":"LATE","next_report_stanox":"87903","next_report_run_time":"1","train_terminated":"false","delay_monitoring_point":"true","reporting_stanox":"87911","auto_expected":"true"}},{"header":{"msg_type":"0003","msg_queue_timestamp":"1713128102000","source_system_id":"TRUST","original_data_source":"SMART"},"body":{"train_id":"529C66M714","actual_timestamp":"1713131640000","loc_stanox":"52074","gbtt_timestamp":"1713131640000","planned_timestamp":"1713131640000","planned_event_type":"DEPARTURE","event_type":"DEPARTURE","event_source":"AUTOMATIC","correction_ind":"false","offroute_ind":"false","direction_ind":"DOWN","line_ind":"D","platform":" 4","route":"1","train_service_code":"22215003","division_code":"30","toc_id":"30","timetable_variation":"0","variation_status":"ON TIME","next_report_stanox":"52078","next_report_run_time":"1","train_terminated":"false","delay_monitoring_point":"true","reporting_stanox":"52074","auto_expected":"true"}},{"header":{"msg_type":"0003","msg_queue_timestamp":"1713128102000","source_system_id":"TRUST","original_data_source":"SMART"},"body":{"train_id":"471T60MZ14","actual_timestamp":"1713131760000","loc_stanox":"46220","gbtt_timestamp":"1713131640000","planned_timestamp":"1713131640000","planned_event_type":"DESTINATION","event_type":"ARRIVAL","event_source":"AUTOMATIC","correction_ind":"false","offroute_ind":"false","direction_ind":"DOWN","platform":" 1","route":"0","train_service_code":"21725000","division_code":"88","toc_id":"88","timetable_variation":"2","variation_status":"LATE","train_terminated":"true","delay_monitoring_point":"true","reporting_stanox":"46220","auto_expected":"true"}},{"header":{"msg_type":"0003","msg_queue_timestamp":"1713128102000","source_system_id":"TRUST","original_data_source":"SMART"},"body":{"train_id":"151P88MY14","actual_timestamp":"1713131700000","loc_stanox":"18438","gbtt_timestamp":"1713131700000","planned_timestamp":"1713131700000","planned_event_type":"ARRIVAL","event_type":"ARRIVAL","event_source":"AUTOMATIC","correction_ind":"false","offroute_ind":"false","direction_ind":"UP","platform":" 2","route":"0","train_service_code":"21734000","division_code":"20","toc_id":"20","timetable_variation":"0","variation_status":"ON TIME","next_report_stanox":"18440","next_report_run_time":"2","train_terminated":"false","delay_monitoring_point":"true","reporting_stanox":"18438","auto_expected":"true"}},{"header":{"msg_type":"0003","msg_queue_timestamp":"1713128102000","source_system_id":"TRUST","original_data_source":"SMART"},"body":{"train_id":"172P28M714","actual_timestamp":"1713131640000","loc_stanox":"17050","gbtt_timestamp":"1713131580000","planned_timestamp":"1713131610000","planned_event_type":"DEPARTURE","event_type":"DEPARTURE","event_source":"AUTOMATIC","correction_ind":"false","offroute_ind":"false","direction_ind":"DOWN","line_ind":"M","platform":" 2","route":"2","train_service_code":"11818620","division_code":"23","toc_id":"23","timetable_variation":"1","variation_status":"LATE","next_report_stanox":"17052","next_report_run_time":"4","train_terminated":"false","delay_monitoring_point":"false","reporting_stanox":"00000","auto_expected":"true"}},{"header":{"msg_type":"0003","msg_queue_timestamp":"1713128102000","source_system_id":"TRUST","original_data_source":"SMART"},"body":{"train_id":"112Y17MZ14","actual_timestamp":"1713131640000","loc_stanox":"17033","gbtt_timestamp":"1713131640000","planned_timestamp":"1713131670000","planned_event_type":"DEPARTURE","event_type":"DEPARTURE","event_source":"AUTOMATIC","correction_ind":"false","offroute_ind":"false","direction_ind":"UP","line_ind":"M","platform":" 1","route":"1","train_service_code":"21869000","division_code":"23","toc_id":"23","timetable_variation":"0","variation_status":"ON TIME","next_report_stanox":"17052","next_report_run_time":"1","train_terminated":"false","delay_monitoring_point":"true","reporting_stanox":"17033","auto_expected":"true"}},{"header":{"msg_type":"0003","msg_queue_timestamp":"1713128102000","source_system_id":"TRUST","original_data_source":"SMART"},"body":{"train_id":"072S59MZ14","actual_timestamp":"1713131820000","loc_stanox":"06125","gbtt_timestamp":"1713131820000","planned_timestamp":"1713131790000","planned_event_type":"ARRIVAL","event_type":"ARRIVAL","event_source":"AUTOMATIC","correction_ind":"false","offroute_ind":"false","direction_ind":"DOWN","platform":" 1","route":"0","train_service_code":"23563015","division_code":"60","toc_id":"60","timetable_variation":"1","variation_status":"LATE","next_report_stanox":"06123","next_report_run_time":"1","train_terminated":"false","delay_monitoring_point":"false","reporting_stanox":"00000","auto_expected":"true"}},{"header":{"msg_type":"0003","msg_queue_timestamp":"1713128102000","source_system_id":"TRUST","original_data_source":"SMART"},"body":{"train_id":"072S59MZ14","actual_timestamp":"1713132180000","loc_stanox":"06121","gbtt_timestamp":"1713132180000","planned_timestamp":"1713132180000","planned_event_type":"DESTINATION","event_type":"ARRIVAL","event_source":"AUTOMATIC","correction_ind":"false","offroute_ind":"false","direction_ind":"DOWN","platform":" 1","route":"0","train_service_code":"23563015","division_code":"60","toc_id":"60","timetable_variation":"0","variation_status":"ON TIME","train_terminated":"true","delay_monitoring_point":"true","reporting_stanox":"06121","auto_expected":"true"}},{"header":{"msg_type":"0003","msg_queue_timestamp":"1713128102000","source_system_id":"TRUST","original_data_source":"SDR","user_id":"#QGE7014","source_dev_id":"VXC4"},"body":{"train_id":"192J31M714","actual_timestamp":"1713131640000","loc_stanox":"19023","gbtt_timestamp":"1713131580000","planned_timestamp":"1713131580000","planned_event_type":"ARRIVAL","event_type":"ARRIVAL","event_source":"MANUAL","correction_ind":"false","offroute_ind":"false","route":"0","train_service_code":"11838821","division_code":"23","toc_id":"23","timetable_variation":"1","variation_status":"LATE","next_report_stanox":"19031","next_report_run_time":"1","train_terminated":"false","delay_monitoring_point":"true","reporting_stanox":"19023","auto_expected":"false"}},{"header":{"msg_type":"0003","msg_queue_timestamp":"1713128102000","source_system_id":"TRUST","original_data_source":"SMART"},"body":{"train_id":"062H82M714","actual_timestamp":"1713131640000","loc_stanox":"06215","gbtt_timestamp":"1713131580000","planned_timestamp":"1713131580000","planned_event_type":"DEPARTURE","event_type":"DEPARTURE","event_source":"AUTOMATIC","correction_ind":"false","offroute_ind":"false","direction_ind":"UP","platform":" 1","route":"2","train_service_code":"13560015","division_code":"60","toc_id":"60","timetable_variation":"1","variation_status":"LATE","next_report_stanox":"06217","next_report_run_time":"2","train_terminated":"false","delay_monitoring_point":"false","reporting_stanox":"00000","auto_expected":"true"}},{"header":{"msg_type":"0003","msg_queue_timestamp":"1713128103000","source_system_id":"TRUST","original_data_source":"SMART"},"body":{"train_id":"062H82M714","actual_timestamp":"1713131760000","loc_stanox":"06217","gbtt_timestamp":"1713131700000","planned_timestamp":"1713131700000","planned_event_type":"ARRIVAL","event_type":"ARRIVAL","event_source":"AUTOMATIC","correction_ind":"false","offroute_ind":"false","direction_ind":"UP","platform":" 1","route":"0","train_service_code":"13560015","division_code":"60","toc_id":"60","timetable_variation":"1","variation_status":"LATE","next_report_stanox":"06219","next_report_run_time":"1","train_terminated":"false","delay_monitoring_point":"false","reporting_stanox":"00000","auto_expected":"true"}},{"header":{"msg_type":"0003","msg_queue_timestamp":"1713128103000","source_system_id":"TRUST","original_data_source":"SDR","user_id":"#QGE7014","source_dev_id":"VXC4"},"body":{"train_id":"192J31M714","actual_timestamp":"1713131700000","loc_stanox":"19023","gbtt_timestamp":"1713131640000","planned_timestamp":"1713131640000","planned_event_type":"DEPARTURE","event_type":"DEPARTURE","event_source":"MANUAL","correction_ind":"false","offroute_ind":"false","train_service_code":"11838821","division_code":"23","toc_id":"23","timetable_variation":"1","variation_status":"LATE","next_report_stanox":"19031","next_report_run_time":"5","train_terminated":"false","delay_monitoring_point":"true","reporting_stanox":"19023","auto_expected":"false"}},{"header":{"msg_type":"0003","msg_queue_timestamp":"1713128103000","source_system_id":"TRUST","original_data_source":"SMART"},"body":{"train_id":"402C55M714","actual_timestamp":"1713131700000","loc_stanox":"38202","gbtt_timestamp":"1713131640000","planned_timestamp":"1713131640000","planned_event_type":"ARRIVAL","event_type":"ARRIVAL","event_source":"AUTOMATIC","correction_ind":"false","offroute_ind":"false","direction_ind":"DOWN","platform":" 2","route":"0","train_service_code":"22306003","division_code":"64","toc_id":"64","timetable_variation":"1","variation_status":"LATE","next_report_stanox":"38201","next_report_run_time":"1","train_terminated":"false","delay_monitoring_point":"false","reporting_stanox":"00000","auto_expected":"true"}},{"header":{"msg_type":"0003","msg_queue_timestamp":"1713128103000","source_system_id":"TRUST","original_data_source":"SMART"},"body":{"train_id":"382W55M714","actual_timestamp":"1713131700000","loc_stanox":"38185","gbtt_timestamp":"1713131760000","planned_timestamp":"1713131760000","planned_event_type":"ARRIVAL","event_type":"ARRIVAL","event_source":"AUTOMATIC","correction_ind":"false","offroute_ind":"false","direction_ind":"UP","platform":" 1","route":"0","train_service_code":"12305012","division_code":"64","toc_id":"64","timetable_variation":"1","variation_status":"EARLY","next_report_stanox":"38184","next_report_run_time":"1","train_terminated":"false","delay_monitoring_point":"false","reporting_stanox":"00000","auto_expected":"true"}},{"header":{"msg_type":"0003","msg_queue_timestamp":"1713128103000","source_system_id":"TRUST","original_data_source":"SMART"},"body":{"train_id":"882D52M714","actual_timestamp":"1713131640000","loc_stanox":"88410","planned_timestamp":"1713131730000","planned_event_type":"DEPARTURE","event_type":"DEPARTURE","event_source":"AUTOMATIC","correction_ind":"false","offroute_ind":"false","direction_ind":"UP","line_ind":"6","route":"1","train_service_code":"24657005","division_code":"80","toc_id":"80","timetable_variation":"1","variation_status":"EARLY","next_report_stanox":"88412","next_report_run_time":"2","train_terminated":"false","delay_monitoring_point":"false","reporting_stanox":"00000","auto_expected":"true"}},{"header":{"msg_type":"0003","msg_queue_timestamp":"1713128103000","source_system_id":"TRUST","original_data_source":"SMART"},"body":{"train_id":"522Y00M714","actual_timestamp":"1713131640000","loc_stanox":"72238","planned_timestamp":"1713131520000","planned_event_type":"ARRIVAL","event_type":"ARRIVAL","event_source":"AUTOMATIC","correction_ind":"false","offroute_ind":"false","route":"0","train_service_code":"22214000","division_code":"30","toc_id":"30","timetable_variation":"2","variation_status":"LATE","next_report_stanox":"72242","next_report_run_time":"1","train_terminated":"false","delay_monitoring_point":"false","reporting_stanox":"00000","auto_expected":"true"}},{"header":{"msg_type":"0003","msg_queue_timestamp":"1713128103000","source_system_id":"TRUST","original_data_source":"SMART"},"body":{"train_id":"882P69MZ14","actual_timestamp":"1713131700000","loc_stanox":"88418","gbtt_timestamp":"1713131760000","planned_timestamp":"1713131730000","planned_event_type":"ARRIVAL","event_type":"ARRIVAL","event_source":"AUTOMATIC","correction_ind":"false","offroute_ind":"false","direction_ind":"UP","platform":" 1","route":"0","train_service_code":"24659005","division_code":"80","toc_id":"80","timetable_variation":"0","variation_status":"ON TIME","next_report_stanox":"88417","next_report_run_time":"1","train_terminated":"false","delay_monitoring_point":"true","reporting_stanox":"88418","auto_expected":"true"}},{"header":{"msg_type":"0003","msg_queue_timestamp":"1713128104000","source_system_id":"TRUST","original_data_source":"SMART"},"body":{"train_id":"361D12M714","actual_timestamp":"1713131700000","loc_stanox":"36501","gbtt_timestamp":"1713131820000","planned_timestamp":"1713131790000","planned_event_type":"ARRIVAL","event_type":"ARRIVAL","event_source":"AUTOMATIC","correction_ind":"false","offroute_ind":"false","direction_ind":"UP","platform":" 1","route":"0","train_service_code":"22345001","division_code":"71","toc_id":"71","timetable_variation":"1","variation_status":"EARLY","next_report_stanox":"36515","next_report_run_time":"2","train_terminated":"false","delay_monitoring_point":"true","reporting_stanox":"36501","auto_expected":"true"}},{"header":{"msg_type":"0003","msg_queue_timestamp":"1713128104000","source_system_id":"TRUST","original_data_source":"SMART"},"body":{"train_id":"862S65MZ14","actual_timestamp":"1713131760000","loc_stanox":"86112","gbtt_timestamp":"1713131820000","planned_timestamp":"1713131820000","planned_event_type":"ARRIVAL","event_type":"ARRIVAL","event_source":"AUTOMATIC","correction_ind":"false","offroute_ind":"false","direction_ind":"DOWN","platform":" 2","route":"0","train_service_code":"24629404","division_code":"84","toc_id":"84","timetable_variation":"1","variation_status":"EARLY","next_report_stanox":"86116","next_report_run_time":"1","train_terminated":"false","delay_monitoring_point":"false","reporting_stanox":"00000","auto_expected":"true"}},{"header":{"msg_type":"0003","msg_queue_timestamp":"1713128104000","source_system_id":"TRUST","original_data_source":"SMART"},"body":{"train_id":"772C38M714","actual_timestamp":"1713131640000","loc_stanox":"76090","gbtt_timestamp":"1713131700000","planned_timestamp":"1713131700000","planned_event_type":"DEPARTURE","event_type":"DEPARTURE","event_source":"AUTOMATIC","correction_ind":"false","offroute_ind":"false","direction_ind":"UP","platform":" 4","route":"2","train_service_code":"25460001","division_code":"25","toc_id":"25","timetable_variation":"1","variation_status":"EARLY","next_report_stanox":"76089","next_report_run_time":"2","train_terminated":"false","delay_monitoring_point":"true","reporting_stanox":"76090","auto_expected":"true"}},{"header":{"msg_type":"0003","msg_queue_timestamp":"1713128104000","source_system_id":"TRUST","original_data_source":"SMART"},"body":{"train_id":"522T33M714","actual_timestamp":"1713131640000","loc_stanox":"52735","gbtt_timestamp":"1713131640000","planned_timestamp":"1713131670000","planned_event_type":"DEPARTURE","event_type":"DEPARTURE","event_source":"AUTOMATIC","correction_ind":"false","offroute_ind":"false","direction_ind":"UP","line_ind":"U","platform":" 1","route":"1","train_service_code":"21235001","division_code":"30","toc_id":"30","timetable_variation":"0","variation_status":"ON TIME","next_report_stanox":"52736","next_report_run_time":"3","train_terminated":"false","delay_monitoring_point":"false","reporting_stanox":"00000","auto_expected":"true"}},{"header":{"msg_type":"0003","msg_queue_timestamp":"1713128104000","source_system_id":"TRUST","original_data_source":"SMART"},"body":{"train_id":"522T24M714","actual_timestamp":"1713131700000","loc_stanox":"52732","gbtt_timestamp":"1713131640000","planned_timestamp":"1713131610000","planned_event_type":"ARRIVAL","event_type":"ARRIVAL","event_source":"AUTOMATIC","correction_ind":"false","offroute_ind":"false","direction_ind":"DOWN","platform":" 2","route":"0","train_service_code":"21235001","division_code":"30","toc_id":"30","timetable_variation":"2","variation_status":"LATE","next_report_stanox":"52731","next_report_run_time":"1","train_terminated":"false","delay_monitoring_point":"false","reporting_stanox":"00000","auto_expected":"true"}}]