[{"header":{"msg_type":"0003","msg_queue_timestamp":"1713561333000","source_system_id":"TRUST","original_data_source":"SMART"},"body":{"train_id":"631F80M719","actual_timestamp":"1713564960000","loc_stanox":"59002","planned_timestamp":"1713564870000","planned_event_type":"ARRIVAL","event_type":"ARRIVAL","event_source":"AUTOMATIC","correction_ind":"false","offroute_ind":"false","route":"0","train_service_code":"22150000","division_code":"28","toc_id":"28","timetable_variation":"2","variation_status":"LATE","next_report_stanox":"56605","next_report_run_time":"1","train_terminated":"false","delay_monitoring_point":"true","reporting_stanox":"59002","auto_expected":"true"}},{"header":{"msg_type":"0003","msg_queue_timestamp":"1713561333000","source_system_id":"TRUST","original_data_source":"SMART"},"body":{"train_id":"479S69M719","actual_timestamp":"1713564960000","loc_stanox":"53004","gbtt_timestamp":"1713564420000","planned_timestamp":"1713564390000","planned_event_type":"ARRIVAL","event_type":"ARRIVAL","event_source":"AUTOMATIC","correction_ind":"false","offroute_ind":"false","direction_ind":"UP","platform":" 1","route":"0","train_service_code":"22726100","division_code":"88","toc_id":"88","timetable_variation":"10","variation_status":"LATE","next_report_stanox":"53011","next_report_run_time":"1","train_terminated":"false","delay_monitoring_point":"true","reporting_stanox":"53004","auto_expected":"true"}},{"header":{"msg_type":"0003","msg_queue_timestamp":"1713561333000","source_system_id":"TRUST","original_data_source":"SMART"},"body":{"train_id":"071M18MV19","actual_timestamp":"1713564900000","loc_stanox":"70411","planned_timestamp":"1713564270000","planned_event_type":"DEPARTURE","event_type":"DEPARTURE","event_source":"AUTOMATIC","correction_ind":"false","offroute_ind":"false","direction_ind":"UP","line_ind":"F","platform":" 2","route":"2","train_service_code":"22112001","division_code":"65","toc_id":"65","timetable_variation":"11","variation_status":"LATE","next_report_stanox":"71009","next_report_run_time":"4","train_terminated":"false","delay_monitoring_point":"true","reporting_stanox":"70411","auto_expected":"true"}},{"header":{"msg_type":"0003","msg_queue_timestamp":"1713561333000","source_system_id":"TRUST","original_data_source":"SMART"},"body":{"train_id":"072L17M819","actual_timestamp":"1713564900000","loc_stanox":"07480","gbtt_timestamp":"1713564900000","planned_timestamp":"1713564900000","planned_event_type":"DEPARTURE","event_type":"DEPARTURE","event_source":"AUTOMATIC","correction_ind":"false","offroute_ind":"false","direction_ind":"DOWN","platform":" 1","route":"2","train_service_code":"23563015","division_code":"60","toc_id":"60","timetable_variation":"0","variation_status":"ON TIME","next_report_stanox":"07486","next_report_run_time":"3","train_terminated":"false","delay_monitoring_point":"false","reporting_stanox":"00000","auto_expected":"true"}},{"header":{"msg_type":"0003","msg_queue_timestamp":"1713561333000","source_system_id":"TRUST","original_data_source":"SMART"},"body":{"train_id":"672C31M719","actual_timestamp":"1713564960000","loc_stanox":"65933","gbtt_timestamp":"1713565020000","planned_timestamp":"1713564990000","planned_event_type":"ARRIVAL","event_type":"ARRIVAL","event_source":"AUTOMATIC","correction_ind":"false","offroute_ind":"false","direction_ind":"DOWN","line_ind":"2","platform":" 2","route":"0","train_service_code":"22332000","division_code":"29","toc_id":"29","timetable_variation":"0","variation_status":"ON TIME","next_report_stanox":"65929","next_report_run_time":"1","train_terminated":"false","delay_monitoring_point":"true","reporting_stanox":"65933","auto_expected":"true"}},{"header":{"msg_type":"0003","msg_queue_timestamp":"1713561333000","source_system_id":"TRUST","original_data_source":"SMART"},"body":{"train_id":"072D65M819","actual_timestamp":"1713565020000","loc_stanox":"07124","gbtt_timestamp":"1713564960000","planned_timestamp":"1713564960000","planned_event_type":"ARRIVAL","event_type":"ARRIVAL","event_source":"AUTOMATIC","correction_ind":"false","offroute_ind":"false","direction_ind":"DOWN","route":"0","train_service_code":"13565015","division_code":"60","toc_id":"60","timetable_variation":"1","variation_status":"LATE","next_report_stanox":"07119","next_report_run_time":"1","train_terminated":"false","delay_monitoring_point":"false","reporting_stanox":"00000","auto_expected":"true"}},{"header":{"msg_type":"0003","msg_queue_timestamp":"1713561333000","source_system_id":"TRUST","original_data_source":"SMART"},"body":{"train_id":"072G65M819","actual_timestamp":"1713564900000","loc_stanox":"07150","gbtt_timestamp":"1713564960000","planned_timestamp":"1713564930000","planned_event_type":"ARRIVAL","event_type":"ARRIVAL","event_source":"AUTOMATIC","correction_ind":"false","offroute_ind":"false","direction_ind":"DOWN","platform":" 2","route":"0","train_service_code":"13569815","division_code":"60","toc_id":"60","timetable_variation":"0","variation_status":"ON TIME","next_report_stanox":"07147","next_report_run_time":"1","train_terminated":"false","delay_monitoring_point":"false","reporting_stanox":"00000","auto_expected":"true"}},{"header":{"msg_type":"0003","msg_queue_timestamp":"1713561333000","source_system_id":"TRUST","original_data_source":"SMART"},"body":{"train_id":"872S71M719","actual_timestamp":"1713564840000","loc_stanox":"87150","gbtt_timestamp":"1713564840000","planned_timestamp":"1713564870000","planned_event_type":"DEPARTURE","event_type":"DEPARTURE","event_source":"AUTOMATIC","correction_ind":"false","offroute_ind":"false","direction_ind":"DOWN","platform":" 2","route":"2","train_service_code":"24671205","division_code":"84","toc_id":"84","timetable_variation":"0","variation_status":"ON TIME","next_report_stanox":"87148","next_report_run_time":"2","train_terminated":"false","delay_monitoring_point":"false","reporting_stanox":"00000","auto_expected":"true"}},{"header":{"msg_type":"0003","msg_queue_timestamp":"1713561333000","source_system_id":"TRUST","original_data_source":"SMART"},"body":{"train_id":"872G72M719","actual_timestamp":"1713564900000","loc_stanox":"87169","planned_timestamp":"1713564900000","planned_event_type":"DEPARTURE","event_type":"DEPARTURE","event_source":"AUTOMATIC","correction_ind":"false","offroute_ind":"false","direction_ind":"UP","line_ind":"S","platform":" 1","route":"2","train_service_code":"24673505","division_code":"84","toc_id":"84","timetable_variation":"0","variation_status":"ON TIME","next_report_stanox":"87271","next_report_run_time":"1","train_terminated":"false","delay_monitoring_point":"true","reporting_stanox":"87169","auto_expected":"true"}},{"header":{"msg_type":"0003","msg_queue_timestamp":"1713561334000","source_system_id":"TRUST","original_data_source":"SMART"},"body":{"train_id":"899P64MZ19","actual_timestamp":"1713564960000","loc_stanox":"63551","gbtt_timestamp":"1713565080000","planned_timestamp":"1713565080000","planned_event_type":"DESTINATION","event_type":"ARRIVAL","event_source":"AUTOMATIC","correction_ind":"false","offroute_ind":"false","direction_ind":"DOWN","platform":" 3","route":"0","train_service_code":"22761000","division_code":"88","toc_id":"88","timetable_variation":"2","variation_status":"EARLY","train_terminated":"true","delay_monitoring_point":"true","reporting_stanox":"00000","auto_expected":"true"}},{"header":{"msg_type":"0003","msg_queue_timestamp":"1713561334000","source_system_id":"TRUST","original_data_source":"SMART"},"body":{"train_id":"722C68M819","actual_timestamp":"1713564900000","loc_stanox":"72000","gbtt_timestamp":"1713564900000","planned_timestamp":"1713564900000","planned_event_type":"DEPARTURE","event_type":"DEPARTURE","event_source":"AUTOMATIC","correction_ind":"false","offroute_ind":"false","direction_ind":"UP","platform":" 3","route":"1","train_service_code":"22216000","division_code":"30","toc_id":"30","timetable_variation":"0","variation_status":"ON TIME","next_report_stanox":"72002","next_report_run_time":"2","train_terminated":"false","delay_monitoring_point":"true","reporting_stanox":"72000","auto_expected":"true"}},{"header":{"msg_type":"0003","msg_queue_timestamp":"1713561334000","source_system_id":"TRUST","original_data_source":"SMART"},"body":{"train_id":"702K60M719","actual_timestamp":"1713564960000","loc_stanox":"72003","gbtt_timestamp":"1713564840000","planned_timestamp":"1713564810000","planned_event_type":"ARRIVAL","event_type":"ARRIVAL","event_source":"AUTOMATIC","correction_ind":"false","offroute_ind":"false","direction_ind":"UP","platform":" 6","route":"0","train_service_code":"22209000","division_code":"29","toc_id":"29","timetable_variation":"3","variation_status":"LATE","next_report_stanox":"72007","next_report_run_time":"1","train_terminated":"false","delay_monitoring_point":"false","reporting_stanox":"00000","auto_expected":"true"}},{"header":{"msg_type":"0003","msg_queue_timestamp":"1713561334000","source_system_id":"TRUST","original_data_source":"SMART"},"body":{"train_id":"651F72MZ19","actual_timestamp":"1713565020000","loc_stanox":"36151","gbtt_timestamp":"1713565080000","planned_timestamp":"1713565080000","planned_event_type":"DESTINATION","event_type":"ARRIVAL","event_source":"AUTOMATIC","correction_ind":"false","offroute_ind":"false","direction_ind":"DOWN","line_ind":"6","platform":" 6","route":"0","train_service_code":"22300000","division_code":"29","toc_id":"29","timetable_variation":"1","variation_status":"EARLY","train_terminated":"true","delay_monitoring_point":"true","reporting_stanox":"36151","auto_expected":"true"}},{"header":{"msg_type":"0003","msg_queue_timestamp":"1713561334000","source_system_id":"TRUST","original_data_source":"SMART"},"body":{"train_id":"749U81M719","actual_timestamp":"1713564900000","loc_stanox":"73255","planned_timestamp":"1713564720000","planned_event_type":"DEPARTURE","event_type":"DEPARTURE","event_source":"AUTOMATIC","correction_ind":"false","offroute_ind":"false","direction_ind":"UP","line_ind":"U","platform":" 4","route":"1","train_service_code":"21381001","division_code":"33","toc_id":"33","timetable_variation":"3","variation_status":"LATE","next_report_stanox":"73253","next_report_run_time":"1","train_terminated":"false","delay_monitoring_point":"true","reporting_stanox":"73255","auto_expected":"true"}},{"header":{"msg_type":"0003","msg_queue_timestamp":"1713561334000","source_system_id":"TRUST","original_data_source":"SMART"},"body":{"train_id":"813P80M819","actual_timestamp":"1713564960000","loc_stanox":"81305","planned_timestamp":"1713564960000","planned_event_type":"ARRIVAL","event_type":"ARRIVAL","event_source":"AUTOMATIC","correction_ind":"false","offroute_ind":"false","route":"0","train_service_code":"25375002","division_code":"25","toc_id":"25","timetable_variation":"0","variation_status":"ON TIME","next_report_stanox":"81109","next_report_run_time":"1","train_terminated":"false","delay_monitoring_point":"true","reporting_stanox":"81305","auto_expected":"true"}},{"header":{"msg_type":"0003","msg_queue_timestamp":"1713561334000","source_system_id":"TRUST","original_data_source":"SMART"},"body":{"train_id":"512D83M719","actual_timestamp":"1713564840000","loc_stanox":"51203","gbtt_timestamp":"1713564840000","planned_timestamp":"1713564870000","planned_event_type":"DEPARTURE","event_type":"DEPARTURE","event_source":"AUTOMATIC","correction_ind":"false","offroute_ind":"false","direction_ind":"UP","line_ind":"U","platform":" 1","route":"1","train_service_code":"24936004","division_code":"79","toc_id":"79","timetable_variation":"0","variation_status":"ON TIME","next_report_stanox":"51311","next_report_run_time":"3","train_terminated":"false","delay_monitoring_point":"true","reporting_stanox":"51203","auto_expected":"true"}},{"header":{"msg_type":"0003","msg_queue_timestamp":"1713561335000","source_system_id":"TRUST","original_data_source":"SMART"},"body":{"train_id":"361L21M719","actual_timestamp":"1713564900000","loc_stanox":"33091","planned_timestamp":"1713565110000","planned_event_type":"DEPARTURE","event_type":"DEPARTURE","event_source":"AUTOMATIC","correction_ind":"false","offroute_ind":"false","direction_ind":"UP","route":"2","train_service_code":"22269000","division_code":"28","toc_id":"28","timetable_variation":"3","variation_status":"EARLY","next_report_stanox":"33088","next_report_run_time":"5","train_terminated":"false","delay_monitoring_point":"false","reporting_stanox":"00000","auto_expected":"true"}},{"header":{"msg_type":"0003","msg_queue_timestamp":"1713561335000","source_system_id":"TRUST","original_data_source":"SMART"},"body":{"train_id":"522Y26M719","actual_timestamp":"1713564960000","loc_stanox":"72413","gbtt_timestamp":"1713564780000","planned_timestamp":"1713564750000","planned_event_type":"ARRIVAL","event_type":"ARRIVAL","event_source":"AUTOMATIC","correction_ind":"false","offroute_ind":"false","direction_ind":"DOWN","platform":" 1","route":"0","train_service_code":"22214000","division_code":"30","toc_id":"30","timetable_variation":"4","variation_status":"LATE","next_report_stanox":"72273","next_report_run_time":"1","train_terminated":"false","delay_monitoring_point":"false","reporting_stanox":"00000","auto_expected":"true"}},{"header":{"msg_type":"0003","msg_queue_timestamp":"1713561336000","source_system_id":"TRUST","original_data_source":"SMART"},"body":{"train_id":"882P74M719","actual_timestamp":"1713564900000","loc_stanox":"88515","gbtt_timestamp":"1713564840000","planned_timestamp":"1713564870000","planned_event_type":"DEPARTURE","event_type":"DEPARTURE","event_source":"AUTOMATIC","correction_ind":"false","offroute_ind":"false","direction_ind":"DOWN","platform":" 1","route":"2","train_service_code":"24659005","division_code":"80","toc_id":"80","timetable_variation":"1","variation_status":"LATE","next_report_stanox":"88516","next_report_run_time":"3","train_terminated":"false","delay_monitoring_point":"true","reporting_stanox":"88515","auto_expected":"true"}}]