[{"header":{"msg_type":"0003","msg_queue_timestamp":"1713717595000","source_system_id":"TRUST","original_data_source":"SMART"},"body":{"train_id":"311J20MT21","actual_timestamp":"1713721140000","loc_stanox":"18464","gbtt_timestamp":"1713721080000","planned_timestamp":"1713721080000","planned_event_type":"DEPARTURE","event_type":"DEPARTURE","event_source":"AUTOMATIC","correction_ind":"false","offroute_ind":"false","direction_ind":"DOWN","line_ind":"H","platform":" 2","route":"2","train_service_code":"11871821","division_code":"23","toc_id":"23","timetable_variation":"1","variation_status":"LATE","next_report_stanox":"18635","next_report_run_time":"11","train_terminated":"false","delay_monitoring_point":"true","reporting_stanox":"18464","auto_expected":"true"}},{"header":{"msg_type":"0003","msg_queue_timestamp":"1713717595000","source_system_id":"TRUST","original_data_source":"SMART"},"body":{"train_id":"651V27MU21","actual_timestamp":"1713721140000","loc_stanox":"65935","planned_event_type":"DEPARTURE","event_type":"DEPARTURE","event_source":"AUTOMATIC","correction_ind":"false","offroute_ind":"true","train_service_code":"22329000","division_code":"29","toc_id":"29","timetable_variation":"0","variation_status":"OFF ROUTE","train_terminated":"false","delay_monitoring_point":"false"}},{"header":{"msg_type":"0003","msg_queue_timestamp":"1713717595000","source_system_id":"TRUST","original_data_source":"SMART"},"body":{"train_id":"641S20MT21","actual_timestamp":"1713721200000","loc_stanox":"64312","gbtt_timestamp":"1713720780000","planned_timestamp":"1713720780000","planned_event_type":"ARRIVAL","event_type":"ARRIVAL","event_source":"AUTOMATIC","correction_ind":"false","offroute_ind":"false","direction_ind":"UP","platform":" 1","route":"0","train_service_code":"22334000","division_code":"71","toc_id":"71","timetable_variation":"7","variation_status":"LATE","next_report_stanox":"64307","next_report_run_time":"1","train_terminated":"false","delay_monitoring_point":"true","reporting_stanox":"64312","auto_expected":"true"}},{"header":{"msg_type":"0003","msg_queue_timestamp":"1713717595000","source_system_id":"TRUST","original_data_source":"SMART"},"body":{"train_id":"889Y241V21","actual_timestamp":"1713721140000","loc_stanox":"52253","gbtt_timestamp":"1713721140000","planned_timestamp":"1713721170000","planned_event_type":"DEPARTURE","event_type":"DEPARTURE","event_source":"AUTOMATIC","correction_ind":"false","offroute_ind":"false","direction_ind":"DOWN","route":"2","train_service_code":"21382001","division_code":"33","toc_id":"33","timetable_variation":"0","variation_status":"ON TIME","next_report_stanox":"52208","next_report_run_time":"3","train_terminated":"false","delay_monitoring_point":"false","reporting_stanox":"00000","auto_expected":"true"}},{"header":{"msg_type":"0003","msg_queue_timestamp":"1713717595000","source_system_id":"TRUST","original_data_source":"SMART"},"body":{"train_id":"631L50MU21","actual_timestamp":"1713721200000","loc_stanox":"89556","planned_timestamp":"1713721020000","planned_event_type":"DEPARTURE","event_type":"DEPARTURE","event_source":"AUTOMATIC","correction_ind":"false","offroute_ind":"false","direction_ind":"DOWN","line_ind":"D","route":"1","train_service_code":"24647004","division_code":"80","toc_id":"80","timetable_variation":"3","variation_status":"LATE","next_report_stanox":"89566","next_report_run_time":"4","train_terminated":"false","delay_monitoring_point":"true","reporting_stanox":"89556","auto_expected":"true"}},{"header":{"msg_type":"0003","msg_queue_timestamp":"1713717595000","source_system_id":"TRUST","original_data_source":"SDR","user_id":"#QLP1F01","source_dev_id":"SKHB"},"body":{"train_id":"011A56MQ21","actual_timestamp":"1713721140000","loc_stanox":"02071","gbtt_timestamp":"1713721140000","planned_timestamp":"1713721140000","planned_event_type":"DESTINATION","event_type":"ARRIVAL","event_source":"MANUAL","correction_ind":"false","offroute_ind":"false","route":"0","train_service_code":"23547003","division_code":"60","toc_id":"60","timetable_variation":"0","variation_status":"ON TIME","train_terminated":"true","delay_monitoring_point":"true","reporting_stanox":"02071","auto_expected":"false"}},{"header":{"msg_type":"0003","msg_queue_timestamp":"1713717595000","source_system_id":"TRUST","original_data_source":"SMART"},"body":{"train_id":"662J64MU21","actual_timestamp":"1713721200000","loc_stanox":"66430","gbtt_timestamp":"1713721260000","planned_timestamp":"1713721230000","planned_event_type":"ARRIVAL","event_type":"ARRIVAL","event_source":"AUTOMATIC","correction_ind":"false","offroute_ind":"false","direction_ind":"DOWN","platform":" 1","route":"0","train_service_code":"12257320","division_code":"29","toc_id":"29","timetable_variation":"0","variation_status":"ON TIME","next_report_stanox":"66460","next_report_run_time":"1","train_terminated":"false","delay_monitoring_point":"false","reporting_stanox":"00000","auto_expected":"true"}},{"header":{"msg_type":"0003","msg_queue_timestamp":"1713717595000","source_system_id":"TRUST","original_data_source":"SMART"},"body":{"train_id":"879B46MU21","actual_timestamp":"1713721140000","loc_stanox":"52074","gbtt_timestamp":"1713721200000","planned_timestamp":"1713721230000","planned_event_type":"DEPARTURE","event_type":"DEPARTURE","event_source":"AUTOMATIC","correction_ind":"false","offroute_ind":"false","direction_ind":"UP","line_ind":"U","platform":" 1","route":"2","train_service_code":"22215003","division_code":"30","toc_id":"30","timetable_variation":"1","variation_status":"EARLY","next_report_stanox":"87660","next_report_run_time":"2","train_terminated":"false","delay_monitoring_point":"true","reporting_stanox":"52074","auto_expected":"true"}},{"header":{"msg_type":"0003","msg_queue_timestamp":"1713717595000","source_system_id":"TRUST","original_data_source":"SMART"},"body":{"train_id":"889F47MU21","actual_timestamp":"1713721140000","loc_stanox":"87568","gbtt_timestamp":"1713720900000","planned_timestamp":"1713720930000","planned_event_type":"DEPARTURE","event_type":"DEPARTURE","event_source":"AUTOMATIC","correction_ind":"false","offroute_ind":"false","direction_ind":"UP","platform":" 4","route":"2","train_service_code":"22218000","division_code":"30","toc_id":"30","timetable_variation":"4","variation_status":"LATE","next_report_stanox":"87566","next_report_run_time":"1","train_terminated":"false","delay_monitoring_point":"true","reporting_stanox":"87568","auto_expected":"true"}}]