[{"header":{"msg_type":"0003","msg_queue_timestamp":"1713135116000","source_system_id":"TRUST","original_data_source":"SMART"},"body":{"train_id":"502K671814","actual_timestamp":"1713138660000","loc_stanox":"50401","gbtt_timestamp":"1713137820000","planned_timestamp":"1713137850000","planned_event_type":"DEPARTURE","event_type":"DEPARTURE","event_source":"AUTOMATIC","correction_ind":"false","offroute_ind":"false","direction_ind":"UP","line_ind":"M","platform":" 2","route":"2","train_service_code":"21943001","division_code":"21","toc_id":"21","timetable_variation":"14","variation_status":"LATE","next_report_stanox":"50423","next_report_run_time":"5","train_terminated":"false","delay_monitoring_point":"true","reporting_stanox":"50401","auto_expected":"true"}},{"header":{"msg_type":"0003","msg_queue_timestamp":"1713135116000","source_system_id":"TRUST","original_data_source":"SMART"},"body":{"train_id":"725N961914","actual_timestamp":"1713138720000","loc_stanox":"72273","planned_timestamp":"1713139140000","planned_event_type":"DEPARTURE","event_type":"DEPARTURE","event_source":"AUTOMATIC","correction_ind":"false","offroute_ind":"false","direction_ind":"DOWN","route":"1","train_service_code":"22216001","division_code":"30","toc_id":"30","timetable_variation":"7","variation_status":"EARLY","next_report_stanox":"72267","next_report_run_time":"4","train_terminated":"false","delay_monitoring_point":"false","reporting_stanox":"00000","auto_expected":"true"}},{"header":{"msg_type":"0003","msg_queue_timestamp":"1713135116000","source_system_id":"TRUST","original_data_source":"SMART"},"body":{"train_id":"515O75M914","actual_timestamp":"1713138660000","loc_stanox":"51707","planned_timestamp":"1713138750000","planned_event_type":"DEPARTURE","event_type":"DEPARTURE","event_source":"AUTOMATIC","correction_ind":"false","offroute_ind":"false","direction_ind":"UP","line_ind":"U","platform":" 1","route":"1","train_service_code":"21916400","division_code":"21","toc_id":"21","timetable_variation":"1","variation_status":"EARLY","next_report_stanox":"51720","next_report_run_time":"6","train_terminated":"false","delay_monitoring_point":"false","reporting_stanox":"00000","auto_expected":"true"}},{"header":{"msg_type":"0003","msg_queue_timestamp":"1713135116000","source_system_id":"TRUST","original_data_source":"SMART"},"body":{"train_id":"729G66M714","actual_timestamp":"1713138720000","loc_stanox":"65627","planned_timestamp":"1713138690000","planned_event_type":"DEPARTURE","event_type":"DEPARTURE","event_source":"AUTOMATIC","correction_ind":"false","offroute_ind":"false","direction_ind":"DOWN","route":"2","train_service_code":"22100001","division_code":"65","toc_id":"65","timetable_variation":"1","variation_status":"LATE","next_report_stanox":"65625","next_report_run_time":"1","train_terminated":"false","delay_monitoring_point":"false","reporting_stanox":"00000","auto_expected":"true"}},{"header":{"msg_type":"0003","msg_queue_timestamp":"1713135117000","source_system_id":"TRUST","original_data_source":"SMART"},"body":{"train_id":"425H20M914","actual_timestamp":"1713138720000","loc_stanox":"32568","planned_timestamp":"1713139350000","planned_event_type":"ARRIVAL","event_type":"ARRIVAL","event_source":"AUTOMATIC","correction_ind":"false","offroute_ind":"false","route":"0","train_service_code":"22112002","division_code":"65","toc_id":"65","timetable_variation":"10","variation_status":"EARLY","next_report_stanox":"32563","next_report_run_time":"10","train_terminated":"false","delay_monitoring_point":"true","reporting_stanox":"32568","auto_expected":"true"}},{"header":{"msg_type":"0003","msg_queue_timestamp":"1713135117000","source_system_id":"TRUST","original_data_source":"SMART"},"body":{"train_id":"311J32M814","actual_timestamp":"1713138780000","loc_stanox":"18464","gbtt_timestamp":"1713137820000","planned_timestamp":"1713137820000","planned_event_type":"ARRIVAL","event_type":"ARRIVAL","event_source":"AUTOMATIC","correction_ind":"false","offroute_ind":"false","direction_ind":"DOWN","platform":" 2","route":"0","train_service_code":"11871821","division_code":"23","toc_id":"23","timetable_variation":"16","variation_status":"LATE","next_report_stanox":"18635","next_report_run_time":"1","train_terminated":"false","delay_monitoring_point":"true","reporting_stanox":"18464","auto_expected":"true"}},{"header":{"msg_type":"0003","msg_queue_timestamp":"1713135117000","source_system_id":"TRUST","original_data_source":"SMART"},"body":{"train_id":"165M22M814","actual_timestamp":"1713138720000","loc_stanox":"16460","planned_timestamp":"1713137790000","planned_event_type":"DEPARTURE","event_type":"DEPARTURE","event_source":"AUTOMATIC","correction_ind":"false","offroute_ind":"false","direction_ind":"UP","line_ind":"M","route":"2","train_service_code":"21731000","division_code":"20","toc_id":"20","timetable_variation":"16","variation_status":"LATE","next_report_stanox":"16470","next_report_run_time":"4","train_terminated":"false","delay_monitoring_point":"true","reporting_stanox":"16460","auto_expected":"true"}},{"header":{"msg_type":"0003","msg_queue_timestamp":"1713135117000","source_system_id":"TRUST","original_data_source":"SMART"},"body":{"train_id":"151P92M714","actual_timestamp":"1713138660000","loc_stanox":"17145","planned_timestamp":"1713138780000","planned_event_type":"DEPARTURE","event_type":"DEPARTURE","event_source":"AUTOMATIC","correction_ind":"false","offroute_ind":"false","direction_ind":"UP","line_ind":"M","platform":" 2","route":"1","train_service_code":"21734000","division_code":"20","toc_id":"20","timetable_variation":"2","variation_status":"EARLY","next_report_stanox":"18438","next_report_run_time":"4","train_terminated":"false","delay_monitoring_point":"false","reporting_stanox":"00000","auto_expected":"true"}},{"header":{"msg_type":"0003","msg_queue_timestamp":"1713135118000","source_system_id":"TRUST","original_data_source":"SMART"},"body":{"train_id":"405D301914","actual_timestamp":"1713138660000","loc_stanox":"40073","planned_timestamp":"1713138570000","planned_event_type":"DEPARTURE","event_type":"DEPARTURE","event_source":"AUTOMATIC","correction_ind":"false","offroute_ind":"false","direction_ind":"UP","line_ind":"U","platform":" 1","route":"2","train_service_code":"22340000","division_code":"71","toc_id":"71","timetable_variation":"2","variation_status":"LATE","next_report_stanox":"40076","next_report_run_time":"3","train_terminated":"false","delay_monitoring_point":"false","reporting_stanox":"00000","auto_expected":"true"}},{"header":{"msg_type":"0003","msg_queue_timestamp":"1713135118000","source_system_id":"TRUST","original_data_source":"SMART"},"body":{"train_id":"872Y60M914","actual_timestamp":"1713138660000","loc_stanox":"72243","gbtt_timestamp":"1713138660000","planned_timestamp":"1713138660000","planned_event_type":"DEPARTURE","event_type":"DEPARTURE","event_source":"AUTOMATIC","correction_ind":"false","offroute_ind":"false","direction_ind":"DOWN","platform":" 4","route":"1","train_service_code":"22204000","division_code":"30","toc_id":"30","timetable_variation":"0","variation_status":"ON TIME","next_report_stanox":"72241","next_report_run_time":"2","train_terminated":"false","delay_monitoring_point":"false","reporting_stanox":"00000","auto_expected":"true"}},{"header":{"msg_type":"0003","msg_queue_timestamp":"1713135118000","source_system_id":"TRUST","original_data_source":"SMART"},"body":{"train_id":"796H31C914","actual_timestamp":"1713138720000","loc_stanox":"76398","planned_timestamp":"1713140010000","planned_event_type":"DEPARTURE","event_type":"DEPARTURE","event_source":"AUTOMATIC","correction_ind":"false","offroute_ind":"false","direction_ind":"UP","route":"2","current_train_id":"790H31C914","train_service_code":"59430444","division_code":"05","toc_id":"05","timetable_variation":"21","variation_status":"EARLY","next_report_stanox":"76099","next_report_run_time":"6","train_terminated":"false","delay_monitoring_point":"false","train_file_address":"G9Y","reporting_stanox":"00000","auto_expected":"true"}},{"header":{"msg_type":"0003","msg_queue_timestamp":"1713135119000","source_system_id":"TRUST","original_data_source":"SMART"},"body":{"train_id":"629W17M814","actual_timestamp":"1713138660000","loc_stanox":"63629","gbtt_timestamp":"1713138720000","planned_timestamp":"1713138720000","planned_event_type":"DEPARTURE","event_type":"DEPARTURE","event_source":"AUTOMATIC","correction_ind":"false","offroute_ind":"false","direction_ind":"UP","line_ind":"M","route":"1","train_service_code":"22720000","division_code":"88","toc_id":"88","timetable_variation":"1","variation_status":"EARLY","next_report_stanox":"63633","next_report_run_time":"3","train_terminated":"false","delay_monitoring_point":"true","reporting_stanox":"63629","auto_expected":"true"}},{"header":{"msg_type":"0003","msg_queue_timestamp":"1713135119000","source_system_id":"TRUST","original_data_source":"SMART"},"body":{"train_id":"521K681914","actual_timestamp":"1713138720000","loc_stanox":"50334","planned_timestamp":"1713138720000","planned_event_type":"ARRIVAL","event_type":"ARRIVAL","event_source":"AUTOMATIC","correction_ind":"false","offroute_ind":"false","route":"0","train_service_code":"21943001","division_code":"21","toc_id":"21","timetable_variation":"0","variation_status":"ON TIME","next_report_stanox":"50328","next_report_run_time":"1","train_terminated":"false","delay_monitoring_point":"true","reporting_stanox":"50334","auto_expected":"true"}},{"header":{"msg_type":"0003","msg_queue_timestamp":"1713135119000","source_system_id":"TRUST","original_data_source":"SMART"},"body":{"train_id":"521Z641814","actual_timestamp":"1713138660000","loc_stanox":"51004","gbtt_timestamp":"1713138480000","planned_timestamp":"1713138480000","planned_event_type":"DEPARTURE","event_type":"DEPARTURE","event_source":"AUTOMATIC","correction_ind":"false","offroute_ind":"false","direction_ind":"DOWN","line_ind":"D","platform":" 2","route":"1","train_service_code":"21936004","division_code":"79","toc_id":"79","timetable_variation":"3","variation_status":"LATE","next_report_stanox":"50499","next_report_run_time":"1","train_terminated":"false","delay_monitoring_point":"true","reporting_stanox":"51004","auto_expected":"true"}},{"header":{"msg_type":"0003","msg_queue_timestamp":"1713135119000","source_system_id":"TRUST","original_data_source":"SMART"},"body":{"train_id":"075V66M914","actual_timestamp":"1713138780000","loc_stanox":"07257","gbtt_timestamp":"1713139080000","planned_timestamp":"1713139080000","planned_event_type":"DESTINATION","event_type":"ARRIVAL","event_source":"AUTOMATIC","correction_ind":"false","offroute_ind":"false","direction_ind":"DOWN","platform":" 7","route":"0","train_service_code":"13562015","division_code":"60","toc_id":"60","timetable_variation":"5","variation_status":"EARLY","train_terminated":"true","delay_monitoring_point":"true","reporting_stanox":"07257","auto_expected":"true"}},{"header":{"msg_type":"0003","msg_queue_timestamp":"1713135119000","source_system_id":"TRUST","original_data_source":"SMART"},"body":{"train_id":"815M75M914","actual_timestamp":"1713138660000","loc_stanox":"81109","gbtt_timestamp":"1713139320000","planned_timestamp":"1713139320000","planned_event_type":"DEPARTURE","event_type":"DEPARTURE","event_source":"AUTOMATIC","correction_ind":"false","offroute_ind":"false","direction_ind":"DOWN","line_ind":"G","route":"5","train_service_code":"25466001","division_code":"25","toc_id":"25","timetable_variation":"11","variation_status":"EARLY","next_report_stanox":"81119","next_report_run_time":"3","train_terminated":"false","delay_monitoring_point":"true","reporting_stanox":"81109","auto_expected":"true"}},{"header":{"msg_type":"0003","msg_queue_timestamp":"1713135120000","source_system_id":"TRUST","original_data_source":"SMART"},"body":{"train_id":"722C73M914","actual_timestamp":"1713138780000","loc_stanox":"72009","gbtt_timestamp":"1713138720000","planned_timestamp":"1713138720000","planned_event_type":"ARRIVAL","event_type":"ARRIVAL","event_source":"AUTOMATIC","correction_ind":"false","offroute_ind":"false","direction_ind":"UP","platform":" 2","route":"0","train_service_code":"22216000","division_code":"30","toc_id":"30","timetable_variation":"1","variation_status":"LATE","next_report_stanox":"72010","next_report_run_time":"1","train_terminated":"false","delay_monitoring_point":"false","reporting_stanox":"00000","auto_expected":"true"}},{"header":{"msg_type":"0003","msg_queue_timestamp":"1713135120000","source_system_id":"TRUST","original_data_source":"SMART"},"body":{"train_id":"722C73M914","actual_timestamp":"1713138660000","loc_stanox":"72008","gbtt_timestamp":"1713138600000","planned_timestamp":"1713138600000","planned_event_type":"DEPARTURE","event_type":"DEPARTURE","event_source":"AUTOMATIC","correction_ind":"false","offroute_ind":"false","direction_ind":"UP","platform":" 1","route":"2","train_service_code":"22216000","division_code":"30","toc_id":"30","timetable_variation":"1","variation_status":"LATE","next_report_stanox":"72009","next_report_run_time":"2","train_terminated":"false","delay_monitoring_point":"false","reporting_stanox":"00000","auto_expected":"true"}},{"header":{"msg_type":"0003","msg_queue_timestamp":"1713135121000","source_system_id":"TRUST","original_data_source":"SMART"},"body":{"train_id":"871D76M914","actual_timestamp":"1713138660000","loc_stanox":"87219","gbtt_timestamp":"1713138600000","planned_timestamp":"1713138600000","planned_event_type":"DEPARTURE","event_type":"DEPARTURE","event_source":"AUTOMATIC","correction_ind":"false","offroute_ind":"false","direction_ind":"UP","line_ind":"S","platform":"10","route":"7","train_service_code":"24673305","division_code":"84","toc_id":"84","timetable_variation":"1","variation_status":"LATE","next_report_stanox":"87214","next_report_run_time":"4","train_terminated":"false","delay_monitoring_point":"true","reporting_stanox":"87219","auto_expected":"true"}}]