[{"header":{"msg_type":"0003","msg_queue_timestamp":"1713112564000","source_system_id":"TRUST","original_data_source":"SMART"},"body":{"train_id":"871L49MU14","actual_timestamp":"1713116220000","loc_stanox":"87745","gbtt_timestamp":"1713116280000","planned_timestamp":"1713116280000","planned_event_type":"ARRIVAL","event_type":"ARRIVAL","event_source":"AUTOMATIC","correction_ind":"false","offroute_ind":"false","direction_ind":"UP","platform":" 1","route":"0","train_service_code":"24749000","division_code":"88","toc_id":"88","timetable_variation":"1","variation_status":"EARLY","next_report_stanox":"87744","next_report_run_time":"1","train_terminated":"false","delay_monitoring_point":"false","reporting_stanox":"00000","auto_expected":"true"}},{"header":{"msg_type":"0003","msg_queue_timestamp":"1713112564000","source_system_id":"TRUST","original_data_source":"SMART"},"body":{"train_id":"311P83MT14","actual_timestamp":"1713116160000","loc_stanox":"18447","planned_timestamp":"1713116370000","planned_event_type":"DEPARTURE","event_type":"DEPARTURE","event_source":"AUTOMATIC","correction_ind":"false","offroute_ind":"false","direction_ind":"DOWN","line_ind":"M","route":"1","train_service_code":"21734000","division_code":"20","toc_id":"20","timetable_variation":"3","variation_status":"EARLY","next_report_stanox":"18455","next_report_run_time":"5","train_terminated":"false","delay_monitoring_point":"false","reporting_stanox":"00000","auto_expected":"true"}},{"header":{"msg_type":"0003","msg_queue_timestamp":"1713112564000","source_system_id":"TRUST","original_data_source":"SMART"},"body":{"train_id":"172K69MU14","actual_timestamp":"1713116160000","loc_stanox":"18654","gbtt_timestamp":"1713116220000","planned_timestamp":"1713116190000","planned_event_type":"ARRIVAL","event_type":"ARRIVAL","event_source":"AUTOMATIC","correction_ind":"false","offroute_ind":"false","direction_ind":"DOWN","platform":" 1","route":"0","train_service_code":"11868820","division_code":"23","toc_id":"23","timetable_variation":"0","variation_status":"ON TIME","next_report_stanox":"18651","next_report_run_time":"1","train_terminated":"false","delay_monitoring_point":"false","reporting_stanox":"00000","auto_expected":"true"}},{"header":{"msg_type":"0003","msg_queue_timestamp":"1713112564000","source_system_id":"TRUST","original_data_source":"SMART"},"body":{"train_id":"892C541S14","actual_timestamp":"1713116100000","loc_stanox":"88315","planned_timestamp":"1713116160000","planned_event_type":"DEPARTURE","event_type":"DEPARTURE","event_source":"AUTOMATIC","correction_ind":"false","offroute_ind":"false","direction_ind":"UP","line_ind":"M","platform":" 2","route":"2","train_service_code":"24605004","division_code":"80","toc_id":"80","timetable_variation":"1","variation_status":"EARLY","next_report_stanox":"88314","next_report_run_time":"1","train_terminated":"false","delay_monitoring_point":"true","reporting_stanox":"88315","auto_expected":"true"}},{"header":{"msg_type":"0003","msg_queue_timestamp":"1713112564000","source_system_id":"TRUST","original_data_source":"SMART"},"body":{"train_id":"761M14MR14","actual_timestamp":"1713116220000","loc_stanox":"65630","gbtt_timestamp":"1713116220000","planned_timestamp":"1713116220000","planned_event_type":"DESTINATION","event_type":"ARRIVAL","event_source":"AUTOMATIC","correction_ind":"false","offroute_ind":"false","direction_ind":"UP","line_ind":"E","platform":"11","route":"0","train_service_code":"22329000","division_code":"29","toc_id":"29","timetable_variation":"0","variation_status":"ON TIME","train_terminated":"true","delay_monitoring_point":"true","reporting_stanox":"65630","auto_expected":"true"}},{"header":{"msg_type":"0003","msg_queue_timestamp":"1713112564000","source_system_id":"TRUST","original_data_source":"SMART"},"body":{"train_id":"161R64MT14","actual_timestamp":"1713116040000","loc_stanox":"19221","gbtt_timestamp":"1713115860000","planned_timestamp":"1713115860000","planned_event_type":"DEPARTURE","event_type":"DEPARTURE","event_source":"AUTOMATIC","correction_ind":"false","offroute_ind":"false","direction_ind":"DOWN","line_ind":"H","platform":" 2","route":"2","train_service_code":"21806000","division_code":"23","toc_id":"23","timetable_variation":"3","variation_status":"LATE","next_report_stanox":"19215","next_report_run_time":"6","train_terminated":"false","delay_monitoring_point":"false","reporting_stanox":"00000","auto_expected":"true"}},{"header":{"msg_type":"0003","msg_queue_timestamp":"1713112564000","source_system_id":"TRUST","original_data_source":"SMART"},"body":{"train_id":"652A45MU14","actual_timestamp":"1713116100000","loc_stanox":"65822","gbtt_timestamp":"1713116160000","planned_timestamp":"1713116160000","planned_event_type":"DEPARTURE","event_type":"DEPARTURE","event_source":"AUTOMATIC","correction_ind":"false","offroute_ind":"false","direction_ind":"UP","platform":" 4","route":"2","train_service_code":"12256320","division_code":"29","toc_id":"29","timetable_variation":"1","variation_status":"EARLY","next_report_stanox":"65823","train_terminated":"false","delay_monitoring_point":"false","reporting_stanox":"00000","auto_expected":"true"}},{"header":{"msg_type":"0003","msg_queue_timestamp":"1713112564000","source_system_id":"TRUST","original_data_source":"SMART"},"body":{"train_id":"652A45MU14","actual_timestamp":"1713116160000","loc_stanox":"65823","planned_timestamp":"1713116190000","planned_event_type":"DEPARTURE","event_type":"DEPARTURE","event_source":"AUTOMATIC","correction_ind":"false","offroute_ind":"false","direction_ind":"UP","route":"2","train_service_code":"12256320","division_code":"29","toc_id":"29","timetable_variation":"0","variation_status":"ON TIME","next_report_stanox":"65824","next_report_run_time":"1","train_terminated":"false","delay_monitoring_point":"true","reporting_stanox":"65823","auto_expected":"true"}},{"header":{"msg_type":"0003","msg_queue_timestamp":"1713112565000","source_system_id":"TRUST","original_data_source":"SMART"},"body":{"train_id":"731C90MU14","actual_timestamp":"1713116160000","loc_stanox":"74250","planned_timestamp":"1713115830000","planned_event_type":"ARRIVAL","event_type":"ARRIVAL","event_source":"AUTOMATIC","correction_ind":"false","offroute_ind":"false","route":"0","train_service_code":"25397003","division_code":"25","toc_id":"25","timetable_variation":"6","variation_status":"LATE","next_report_stanox":"74265","next_report_run_time":"1","train_terminated":"false","delay_monitoring_point":"false","reporting_stanox":"00000","auto_expected":"true"}},{"header":{"msg_type":"0003","msg_queue_timestamp":"1713112565000","source_system_id":"TRUST","original_data_source":"SMART"},"body":{"train_id":"521D381T14","actual_timestamp":"1713116100000","loc_stanox":"51023","gbtt_timestamp":"1713116160000","planned_timestamp":"1713116190000","planned_event_type":"DEPARTURE","event_type":"DEPARTURE","event_source":"AUTOMATIC","correction_ind":"false","offroute_ind":"false","direction_ind":"DOWN","line_ind":"D","platform":" 2","route":"1","train_service_code":"21936004","division_code":"79","toc_id":"79","timetable_variation":"1","variation_status":"EARLY","next_report_stanox":"51016","next_report_run_time":"8","train_terminated":"false","delay_monitoring_point":"true","reporting_stanox":"51023","auto_expected":"true"}},{"header":{"msg_type":"0003","msg_queue_timestamp":"1713112565000","source_system_id":"TRUST","original_data_source":"SMART"},"body":{"train_id":"522Y85MU14","actual_timestamp":"1713116100000","loc_stanox":"52048","gbtt_timestamp":"1713116100000","planned_timestamp":"1713116130000","planned_event_type":"DEPARTURE","event_type":"DEPARTURE","event_source":"AUTOMATIC","correction_ind":"false","offroute_ind":"false","direction_ind":"UP","line_ind":"U","platform":" 3","route":"1","train_service_code":"22214000","division_code":"30","toc_id":"30","timetable_variation":"0","variation_status":"ON TIME","next_report_stanox":"52054","next_report_run_time":"1","train_terminated":"false","delay_monitoring_point":"false","reporting_stanox":"00000","auto_expected":"true"}},{"header":{"msg_type":"0003","msg_queue_timestamp":"1713112565000","source_system_id":"TRUST","original_data_source":"SMART"},"body":{"train_id":"522Y85MU14","actual_timestamp":"1713116160000","loc_stanox":"52054","planned_timestamp":"1713116160000","planned_event_type":"DEPARTURE","event_type":"DEPARTURE","event_source":"AUTOMATIC","correction_ind":"false","offroute_ind":"false","direction_ind":"UP","line_ind":"U","route":"1","train_service_code":"22214000","division_code":"30","toc_id":"30","timetable_variation":"0","variation_status":"ON TIME","next_report_stanox":"52053","next_report_run_time":"1","train_terminated":"false","delay_monitoring_point":"true","reporting_stanox":"52054","auto_expected":"true"}},{"header":{"msg_type":"0003","msg_queue_timestamp":"1713112565000","source_system_id":"TRUST","original_data_source":"SMART"},"body":{"train_id":"722N32MT14","actual_timestamp":"1713116160000","loc_stanox":"72422","planned_timestamp":"1713116070000","planned_event_type":"DEPARTURE","event_type":"DEPARTURE","event_source":"AUTOMATIC","correction_ind":"false","offroute_ind":"false","direction_ind":"DOWN","route":"1","train_service_code":"22214000","division_code":"30","toc_id":"30","timetable_variation":"2","variation_status":"LATE","next_report_stanox":"52058","next_report_run_time":"2","train_terminated":"false","delay_monitoring_point":"false","reporting_stanox":"00000","auto_expected":"true"}},{"header":{"msg_type":"0003","msg_queue_timestamp":"1713112565000","source_system_id":"TRUST","original_data_source":"SMART"},"body":{"train_id":"092N16MR14","actual_timestamp":"1713116160000","loc_stanox":"13156","gbtt_timestamp":"1713116220000","planned_timestamp":"1713116190000","planned_event_type":"ARRIVAL","event_type":"ARRIVAL","event_source":"AUTOMATIC","correction_ind":"false","offroute_ind":"false","direction_ind":"UP","platform":" 1","route":"0","train_service_code":"21793000","division_code":"23","toc_id":"23","timetable_variation":"0","variation_status":"ON TIME","next_report_stanox":"13151","next_report_run_time":"1","train_terminated":"false","delay_monitoring_point":"false","reporting_stanox":"00000","auto_expected":"true"}},{"header":{"msg_type":"0003","msg_queue_timestamp":"1713112566000","source_system_id":"TRUST","original_data_source":"SMART"},"body":{"train_id":"122I02MT14","actual_timestamp":"1713116160000","loc_stanox":"14003","gbtt_timestamp":"1713116100000","planned_timestamp":"1713116070000","planned_event_type":"ARRIVAL","event_type":"ARRIVAL","event_source":"AUTOMATIC","correction_ind":"false","offroute_ind":"false","direction_ind":"UP","platform":" 1","route":"0","train_service_code":"11798001","division_code":"56","toc_id":"56","timetable_variation":"2","variation_status":"LATE","next_report_stanox":"14006","next_report_run_time":"1","train_terminated":"false","delay_monitoring_point":"false","reporting_stanox":"00000","auto_expected":"true"}}]