[{"header":{"msg_type":"0003","msg_queue_timestamp":"1713131955000","source_system_id":"TRUST","original_data_source":"SMART"},"body":{"train_id":"062C70M814","actual_timestamp":"1713135540000","loc_stanox":"06361","planned_timestamp":"1713135510000","planned_event_type":"DEPARTURE","event_type":"DEPARTURE","event_source":"AUTOMATIC","correction_ind":"false","offroute_ind":"false","direction_ind":"UP","route":"2","train_service_code":"23563015","division_code":"60","toc_id":"60","timetable_variation":"1","variation_status":"LATE","next_report_stanox":"07275","next_report_run_time":"2","train_terminated":"false","delay_monitoring_point":"false","reporting_stanox":"00000","auto_expected":"true"}},{"header":{"msg_type":"0003","msg_queue_timestamp":"1713131955000","source_system_id":"TRUST","original_data_source":"SMART"},"body":{"train_id":"315P971814","actual_timestamp":"1713135480000","loc_stanox":"31510","gbtt_timestamp":"1713134940000","planned_timestamp":"1713134940000","planned_event_type":"DEPARTURE","event_type":"DEPARTURE","event_source":"AUTOMATIC","correction_ind":"false","offroute_ind":"false","direction_ind":"DOWN","line_ind":"T","platform":" 3","route":"9","train_service_code":"21734000","division_code":"20","toc_id":"20","timetable_variation":"9","variation_status":"LATE","next_report_stanox":"31513","next_report_run_time":"3","train_terminated":"false","delay_monitoring_point":"true","reporting_stanox":"31510","auto_expected":"true"}},{"header":{"msg_type":"0003","msg_queue_timestamp":"1713131955000","source_system_id":"TRUST","original_data_source":"SMART"},"body":{"train_id":"315P971814","actual_timestamp":"1713135600000","loc_stanox":"31513","gbtt_timestamp":"1713135120000","planned_timestamp":"1713135120000","planned_event_type":"ARRIVAL","event_type":"ARRIVAL","event_source":"AUTOMATIC","correction_ind":"false","offroute_ind":"false","direction_ind":"DOWN","platform":" 3","route":"0","train_service_code":"21734000","division_code":"20","toc_id":"20","timetable_variation":"8","variation_status":"LATE","next_report_stanox":"31510","next_report_run_time":"10","train_terminated":"false","delay_monitoring_point":"false","reporting_stanox":"00000","auto_expected":"true"}},{"header":{"msg_type":"0003","msg_queue_timestamp":"1713131955000","source_system_id":"TRUST","original_data_source":"SMART"},"body":{"train_id":"361D13M814","actual_timestamp":"1713135540000","loc_stanox":"36056","planned_timestamp":"1713135570000","planned_event_type":"DEPARTURE","event_type":"DEPARTURE","event_source":"AUTOMATIC","correction_ind":"false","offroute_ind":"false","direction_ind":"UP","line_ind":"F","route":"1","train_service_code":"22345001","division_code":"71","toc_id":"71","timetable_variation":"0","variation_status":"ON TIME","next_report_stanox":"36170","next_report_run_time":"2","train_terminated":"false","delay_monitoring_point":"false","reporting_stanox":"00000","auto_expected":"true"}},{"header":{"msg_type":"0002","msg_queue_timestamp":"1713131955000","source_system_id":"TRUST","original_data_source":"SDR","user_id":"#QBP0011","source_dev_id":"VLAH"},"body":{"train_id":"872A06M615","division_code":"88","toc_id":"88","loc_stanox":"87722","canx_timestamp":"1713135540000","dep_timestamp":"1713163140000","canx_type":"AT ORIGIN","canx_reason_code":"IR","train_service_code":"24745000"}},{"header":{"msg_type":"0003","msg_queue_timestamp":"1713131955000","source_system_id":"TRUST","original_data_source":"SMART"},"body":{"train_id":"171J80M714","actual_timestamp":"1713135540000","loc_stanox":"31134","planned_timestamp":"1713135060000","planned_event_type":"DEPARTURE","event_type":"DEPARTURE","event_source":"AUTOMATIC","correction_ind":"false","offroute_ind":"false","direction_ind":"UP","route":"1","train_service_code":"11871821","division_code":"23","toc_id":"23","timetable_variation":"8","variation_status":"LATE","next_report_stanox":"31304","next_report_run_time":"4","train_terminated":"false","delay_monitoring_point":"false","reporting_stanox":"00000","auto_expected":"true"}},{"header":{"msg_type":"0003","msg_queue_timestamp":"1713131955000","source_system_id":"TRUST","original_data_source":"SMART"},"body":{"train_id":"365N872814","actual_timestamp":"1713135540000","loc_stanox":"36170","planned_timestamp":"1713135930000","planned_event_type":"DEPARTURE","event_type":"DEPARTURE","event_source":"AUTOMATIC","correction_ind":"false","offroute_ind":"false","direction_ind":"DOWN","line_ind":"S","platform":" 2","route":"1","train_service_code":"12974820","division_code":"23","toc_id":"23","timetable_variation":"6","variation_status":"EARLY","next_report_stanox":"36056","next_report_run_time":"1","train_terminated":"false","delay_monitoring_point":"false","reporting_stanox":"00000","auto_expected":"true"}},{"header":{"msg_type":"0003","msg_queue_timestamp":"1713131955000","source_system_id":"TRUST","original_data_source":"SMART"},"body":{"train_id":"891C73M714","actual_timestamp":"1713135540000","loc_stanox":"52213","planned_timestamp":"1713135540000","planned_event_type":"DEPARTURE","event_type":"DEPARTURE","event_source":"AUTOMATIC","correction_ind":"false","offroute_ind":"false","direction_ind":"UP","line_ind":"U","route":"5","train_service_code":"24648005","division_code":"80","toc_id":"80","timetable_variation":"0","variation_status":"ON TIME","next_report_stanox":"52215","next_report_run_time":"1","train_terminated":"false","delay_monitoring_point":"true","reporting_stanox":"52213","auto_expected":"true"}}]