[{"header":{"msg_type":"0003","msg_queue_timestamp":"1713122821000","source_system_id":"TRUST","original_data_source":"SMART"},"body":{"train_id":"881D42MY14","actual_timestamp":"1713126420000","loc_stanox":"88453","gbtt_timestamp":"1713126540000","planned_timestamp":"1713126510000","planned_event_type":"ARRIVAL","event_type":"ARRIVAL","event_source":"AUTOMATIC","correction_ind":"false","offroute_ind":"false","direction_ind":"UP","platform":" 1","route":"0","train_service_code":"24657005","division_code":"80","toc_id":"80","timetable_variation":"1","variation_status":"EARLY","next_report_stanox":"88451","next_report_run_time":"2","train_terminated":"false","delay_monitoring_point":"false","reporting_stanox":"00000","auto_expected":"true"}},{"header":{"msg_type":"0003","msg_queue_timestamp":"1713122821000","source_system_id":"TRUST","original_data_source":"SMART"},"body":{"train_id":"402C53MZ14","actual_timestamp":"1713126360000","loc_stanox":"38208","gbtt_timestamp":"1713126360000","planned_timestamp":"1713126390000","planned_event_type":"DEPARTURE","event_type":"DEPARTURE","event_source":"AUTOMATIC","correction_ind":"false","offroute_ind":"false","direction_ind":"UP","platform":" 2","route":"1","train_service_code":"22306003","division_code":"64","toc_id":"64","timetable_variation":"0","variation_status":"ON TIME","next_report_stanox":"38201","next_report_run_time":"3","train_terminated":"false","delay_monitoring_point":"false","reporting_stanox":"00000","auto_expected":"true"}},{"header":{"msg_type":"0003","msg_queue_timestamp":"1713122821000","source_system_id":"TRUST","original_data_source":"SMART"},"body":{"train_id":"402C53MZ14","actual_timestamp":"1713126480000","loc_stanox":"38201","gbtt_timestamp":"1713126540000","planned_timestamp":"1713126540000","planned_event_type":"ARRIVAL","event_type":"ARRIVAL","event_source":"AUTOMATIC","correction_ind":"false","offroute_ind":"false","direction_ind":"UP","platform":" 1","route":"0","train_service_code":"22306003","division_code":"64","toc_id":"64","timetable_variation":"1","variation_status":"EARLY","next_report_stanox":"38202","next_report_run_time":"1","train_terminated":"false","delay_monitoring_point":"true","reporting_stanox":"38201","auto_expected":"true"}},{"header":{"msg_type":"0003","msg_queue_timestamp":"1713122821000","source_system_id":"TRUST","original_data_source":"SMART"},"body":{"train_id":"031V68MQ14","actual_timestamp":"1713126360000","loc_stanox":"67003","planned_timestamp":"1713126540000","planned_event_type":"DEPARTURE","event_type":"DEPARTURE","event_source":"AUTOMATIC","correction_ind":"false","offroute_ind":"false","direction_ind":"DOWN","line_ind":"4","platform":" 4","route":"2","train_service_code":"22180008","division_code":"27","toc_id":"27","timetable_variation":"3","variation_status":"EARLY","next_report_stanox":"67008","next_report_run_time":"1","train_terminated":"false","delay_monitoring_point":"true","reporting_stanox":"67003","auto_expected":"true"}},{"header":{"msg_type":"0003","msg_queue_timestamp":"1713122821000","source_system_id":"TRUST","original_data_source":"SMART"},"body":{"train_id":"721Y47MW14","actual_timestamp":"1713126360000","loc_stanox":"69211","gbtt_timestamp":"1713126360000","planned_timestamp":"1713126360000","planned_event_type":"DEPARTURE","event_type":"DEPARTURE","event_source":"AUTOMATIC","correction_ind":"false","offroute_ind":"false","direction_ind":"DOWN","platform":" 1","route":"1","train_service_code":"22209000","division_code":"29","toc_id":"29","timetable_variation":"0","variation_status":"ON TIME","next_report_stanox":"69213","next_report_run_time":"3","train_terminated":"false","delay_monitoring_point":"false","reporting_stanox":"00000","auto_expected":"true"}},{"header":{"msg_type":"0003","msg_queue_timestamp":"1713122821000","source_system_id":"TRUST","original_data_source":"SMART"},"body":{"train_id":"321V89MY14","actual_timestamp":"1713126480000","loc_stanox":"65005","planned_timestamp":"1713126360000","planned_event_type":"ARRIVAL","event_type":"ARRIVAL","event_source":"AUTOMATIC","correction_ind":"false","offroute_ind":"false","route":"0","train_service_code":"22180014","division_code":"27","toc_id":"27","timetable_variation":"2","variation_status":"LATE","next_report_stanox":"65006","next_report_run_time":"1","train_terminated":"false","delay_monitoring_point":"false","reporting_stanox":"00000","auto_expected":"true"}},{"header":{"msg_type":"0003","msg_queue_timestamp":"1713122821000","source_system_id":"TRUST","original_data_source":"SMART"},"body":{"train_id":"361B92MY14","actual_timestamp":"1713126420000","loc_stanox":"32534","gbtt_timestamp":"1713126360000","planned_timestamp":"1713126360000","planned_event_type":"ARRIVAL","event_type":"ARRIVAL","event_source":"AUTOMATIC","correction_ind":"false","offroute_ind":"false","direction_ind":"UP","platform":" 1","route":"0","train_service_code":"11817020","division_code":"20","toc_id":"20","timetable_variation":"1","variation_status":"LATE","next_report_stanox":"32536","next_report_run_time":"1","train_terminated":"false","delay_monitoring_point":"true","reporting_stanox":"32534","auto_expected":"true"}},{"header":{"msg_type":"0003","msg_queue_timestamp":"1713122821000","source_system_id":"TRUST","original_data_source":"SMART"},"body":{"train_id":"312N52MY14","actual_timestamp":"1713126360000","loc_stanox":"29173","gbtt_timestamp":"1713126360000","planned_timestamp":"1713126360000","planned_event_type":"DEPARTURE","event_type":"DEPARTURE","event_source":"AUTOMATIC","correction_ind":"false","offroute_ind":"false","direction_ind":"DOWN","line_ind":"M","platform":" 2","route":"2","train_service_code":"12349820","division_code":"23","toc_id":"23","timetable_variation":"0","variation_status":"ON TIME","next_report_stanox":"29150","next_report_run_time":"7","train_terminated":"false","delay_monitoring_point":"false","reporting_stanox":"00000","auto_expected":"true"}},{"header":{"msg_type":"0003","msg_queue_timestamp":"1713122821000","source_system_id":"TRUST","original_data_source":"SMART"},"body":{"train_id":"111M93MW14","actual_timestamp":"1713126480000","loc_stanox":"11720","gbtt_timestamp":"1713126480000","planned_timestamp":"1713126450000","planned_event_type":"ARRIVAL","event_type":"ARRIVAL","event_source":"AUTOMATIC","correction_ind":"false","offroute_ind":"false","direction_ind":"UP","platform":" 4","route":"0","train_service_code":"21730001","division_code":"20","toc_id":"20","timetable_variation":"1","variation_status":"LATE","next_report_stanox":"11727","next_report_run_time":"1","train_terminated":"false","delay_monitoring_point":"true","reporting_stanox":"11720","auto_expected":"true"}},{"header":{"msg_type":"0003","msg_queue_timestamp":"1713122821000","source_system_id":"TRUST","original_data_source":"SMART"},"body":{"train_id":"882P63MY14","actual_timestamp":"1713126360000","loc_stanox":"88418","gbtt_timestamp":"1713126360000","planned_timestamp":"1713126390000","planned_event_type":"DEPARTURE","event_type":"DEPARTURE","event_source":"AUTOMATIC","correction_ind":"false","offroute_ind":"false","direction_ind":"UP","platform":" 1","route":"2","train_service_code":"24659005","division_code":"80","toc_id":"80","timetable_variation":"0","variation_status":"ON TIME","next_report_stanox":"88417","next_report_run_time":"3","train_terminated":"false","delay_monitoring_point":"true","reporting_stanox":"88418","auto_expected":"true"}},{"header":{"msg_type":"0003","msg_queue_timestamp":"1713122822000","source_system_id":"TRUST","original_data_source":"SMART"},"body":{"train_id":"879Y61MZ14","actual_timestamp":"1713126360000","loc_stanox":"87606","gbtt_timestamp":"1713126240000","planned_timestamp":"1713126270000","planned_event_type":"DEPARTURE","event_type":"DEPARTURE","event_source":"AUTOMATIC","correction_ind":"false","offroute_ind":"false","direction_ind":"DOWN","platform":" 4","route":"2","train_service_code":"22742000","division_code":"88","toc_id":"88","timetable_variation":"2","variation_status":"LATE","next_report_stanox":"87604","next_report_run_time":"1","train_terminated":"false","delay_monitoring_point":"false","reporting_stanox":"00000","auto_expected":"true"}},{"header":{"msg_type":"0003","msg_queue_timestamp":"1713122822000","source_system_id":"TRUST","original_data_source":"SMART"},"body":{"train_id":"072M79MZ14","actual_timestamp":"1713126420000","loc_stanox":"07585","gbtt_timestamp":"1713126420000","planned_timestamp":"1713126420000","planned_event_type":"ARRIVAL","event_type":"ARRIVAL","event_source":"AUTOMATIC","correction_ind":"false","offroute_ind":"false","direction_ind":"UP","platform":" 1","route":"0","train_service_code":"13562015","division_code":"60","toc_id":"60","timetable_variation":"0","variation_status":"ON TIME","next_report_stanox":"07587","next_report_run_time":"1","train_terminated":"false","delay_monitoring_point":"false","reporting_stanox":"00000","auto_expected":"true"}},{"header":{"msg_type":"0003","msg_queue_timestamp":"1713122822000","source_system_id":"TRUST","original_data_source":"SMART"},"body":{"train_id":"072M79MZ14","actual_timestamp":"1713126360000","loc_stanox":"07583","gbtt_timestamp":"1713126300000","planned_timestamp":"1713126330000","planned_event_type":"DEPARTURE","event_type":"DEPARTURE","event_source":"AUTOMATIC","correction_ind":"false","offroute_ind":"false","direction_ind":"UP","platform":" 2","route":"1","train_service_code":"13562015","division_code":"60","toc_id":"60","timetable_variation":"1","variation_status":"LATE","next_report_stanox":"07585","next_report_run_time":"2","train_terminated":"false","delay_monitoring_point":"false","reporting_stanox":"00000","auto_expected":"true"}},{"header":{"msg_type":"0003","msg_queue_timestamp":"1713122823000","source_system_id":"TRUST","original_data_source":"SMART"},"body":{"train_id":"862J62MZ14","actual_timestamp":"1713126480000","loc_stanox":"74249","gbtt_timestamp":"1713126420000","planned_timestamp":"1713126480000","planned_event_type":"ARRIVAL","event_type":"ARRIVAL","event_source":"AUTOMATIC","correction_ind":"false","offroute_ind":"false","direction_ind":"UP","platform":" 2","route":"0","train_service_code":"25518007","division_code":"25","toc_id":"25","timetable_variation":"0","variation_status":"ON TIME","next_report_stanox":"74250","next_report_run_time":"1","train_terminated":"false","delay_monitoring_point":"false","reporting_stanox":"00000","auto_expected":"true"}},{"header":{"msg_type":"0003","msg_queue_timestamp":"1713122823000","source_system_id":"TRUST","original_data_source":"SMART"},"body":{"train_id":"731B88MY14","actual_timestamp":"1713126420000","loc_stanox":"74327","planned_timestamp":"1713126570000","planned_event_type":"DEPARTURE","event_type":"DEPARTURE","event_source":"AUTOMATIC","correction_ind":"false","offroute_ind":"false","direction_ind":"DOWN","line_ind":"M","route":"1","train_service_code":"25375002","division_code":"25","toc_id":"25","timetable_variation":"2","variation_status":"EARLY","next_report_stanox":"74329","next_report_run_time":"2","train_terminated":"false","delay_monitoring_point":"false","reporting_stanox":"00000","auto_expected":"true"}},{"header":{"msg_type":"0003","msg_queue_timestamp":"1713122823000","source_system_id":"TRUST","original_data_source":"SMART"},"body":{"train_id":"731C91MW14","actual_timestamp":"1713126360000","loc_stanox":"83607","planned_timestamp":"1713126360000","planned_event_type":"DEPARTURE","event_type":"DEPARTURE","event_source":"AUTOMATIC","correction_ind":"false","offroute_ind":"false","direction_ind":"DOWN","line_ind":"1","platform":" 1","route":"1","train_service_code":"25397003","division_code":"25","toc_id":"25","timetable_variation":"0","variation_status":"ON TIME","next_report_stanox":"83624","next_report_run_time":"5","train_terminated":"false","delay_monitoring_point":"false","reporting_stanox":"00000","auto_expected":"true"}},{"header":{"msg_type":"0003","msg_queue_timestamp":"1713122824000","source_system_id":"TRUST","original_data_source":"SMART"},"body":{"train_id":"872C65MZ14","actual_timestamp":"1713126420000","loc_stanox":"87135","gbtt_timestamp":"1713126480000","planned_timestamp":"1713126480000","planned_event_type":"ARRIVAL","event_type":"ARRIVAL","event_source":"AUTOMATIC","correction_ind":"false","offroute_ind":"false","direction_ind":"DOWN","platform":" 1","route":"0","train_service_code":"24672104","division_code":"84","toc_id":"84","timetable_variation":"1","variation_status":"EARLY","next_report_stanox":"87131","next_report_run_time":"2","train_terminated":"false","delay_monitoring_point":"true","reporting_stanox":"87135","auto_expected":"true"}},{"header":{"msg_type":"0003","msg_queue_timestamp":"1713122824000","source_system_id":"TRUST","original_data_source":"SMART"},"body":{"train_id":"601H34MY14","actual_timestamp":"1713126420000","loc_stanox":"62410","gbtt_timestamp":"1713126480000","planned_timestamp":"1713126450000","planned_event_type":"ARRIVAL","event_type":"ARRIVAL","event_source":"AUTOMATIC","correction_ind":"false","offroute_ind":"false","direction_ind":"UP","platform":" 3","route":"0","train_service_code":"22156000","division_code":"28","toc_id":"28","timetable_variation":"0","variation_status":"ON TIME","next_report_stanox":"62423","next_report_run_time":"1","train_terminated":"false","delay_monitoring_point":"false","reporting_stanox":"00000","auto_expected":"true"}},{"header":{"msg_type":"0003","msg_queue_timestamp":"1713122824000","source_system_id":"TRUST","original_data_source":"SMART"},"body":{"train_id":"631L62MZ14","actual_timestamp":"1713126360000","loc_stanox":"89530","gbtt_timestamp":"1713126300000","planned_timestamp":"1713126330000","planned_event_type":"DEPARTURE","event_type":"DEPARTURE","event_source":"AUTOMATIC","correction_ind":"false","offroute_ind":"false","direction_ind":"DOWN","line_ind":"D","platform":" 3","route":"1","train_service_code":"24647004","division_code":"80","toc_id":"80","timetable_variation":"1","variation_status":"LATE","next_report_stanox":"89532","next_report_run_time":"1","train_terminated":"false","delay_monitoring_point":"true","reporting_stanox":"89530","auto_expected":"true"}},{"header":{"msg_type":"0003","msg_queue_timestamp":"1713122824000","source_system_id":"TRUST","original_data_source":"SMART"},"body":{"train_id":"631L62MZ14","actual_timestamp":"1713126420000","loc_stanox":"89532","planned_timestamp":"1713126360000","planned_event_type":"DEPARTURE","event_type":"DEPARTURE","event_source":"AUTOMATIC","correction_ind":"false","offroute_ind":"false","direction_ind":"DOWN","line_ind":"D","route":"1","train_service_code":"24647004","division_code":"80","toc_id":"80","timetable_variation":"1","variation_status":"LATE","next_report_stanox":"89540","next_report_run_time":"1","train_terminated":"false","delay_monitoring_point":"true","reporting_stanox":"89532","auto_expected":"true"}},{"header":{"msg_type":"0003","msg_queue_timestamp":"1713122825000","source_system_id":"TRUST","original_data_source":"SMART"},"body":{"train_id":"541N32MY14","actual_timestamp":"1713126420000","loc_stanox":"45002","planned_timestamp":"1713126360000","planned_event_type":"DEPARTURE","event_type":"DEPARTURE","event_source":"AUTOMATIC","correction_ind":"false","offroute_ind":"false","direction_ind":"DOWN","line_ind":"F","route":"1","train_service_code":"21700001","division_code":"61","toc_id":"61","timetable_variation":"1","variation_status":"LATE","next_report_stanox":"44999","next_report_run_time":"7","train_terminated":"false","delay_monitoring_point":"true","reporting_stanox":"45002","auto_expected":"true"}},{"header":{"msg_type":"0003","msg_queue_timestamp":"1713122825000","source_system_id":"TRUST","original_data_source":"SMART"},"body":{"train_id":"871L61MZ14","actual_timestamp":"1713126420000","loc_stanox":"87751","gbtt_timestamp":"1713126540000","planned_timestamp":"1713126510000","planned_event_type":"ARRIVAL","event_type":"ARRIVAL","event_source":"AUTOMATIC","correction_ind":"false","offroute_ind":"false","direction_ind":"UP","platform":" 1","route":"0","train_service_code":"24749000","division_code":"88","toc_id":"88","timetable_variation":"1","variation_status":"EARLY","next_report_stanox":"87746","next_report_run_time":"2","train_terminated":"false","delay_monitoring_point":"true","reporting_stanox":"87751","auto_expected":"true"}},{"header":{"msg_type":"0003","msg_queue_timestamp":"1713122825000","source_system_id":"TRUST","original_data_source":"SMART"},"body":{"train_id":"322F12MY14","actual_timestamp":"1713126420000","loc_stanox":"33088","gbtt_timestamp":"1713126480000","planned_timestamp":"1713126450000","planned_event_type":"ARRIVAL","event_type":"ARRIVAL","event_source":"AUTOMATIC","correction_ind":"false","offroute_ind":"false","direction_ind":"DOWN","platform":" 2","route":"0","train_service_code":"12233820","division_code":"23","toc_id":"23","timetable_variation":"0","variation_status":"ON TIME","next_report_stanox":"33102","next_report_run_time":"1","train_terminated":"false","delay_monitoring_point":"true","reporting_stanox":"33088","auto_expected":"true"}},{"header":{"msg_type":"0003","msg_queue_timestamp":"1713122825000","source_system_id":"TRUST","original_data_source":"SMART"},"body":{"train_id":"361N84MZ14","actual_timestamp":"1713126360000","loc_stanox":"36605","gbtt_timestamp":"1713126360000","planned_timestamp":"1713126360000","planned_event_type":"DEPARTURE","event_type":"DEPARTURE","event_source":"AUTOMATIC","correction_ind":"false","offroute_ind":"false","direction_ind":"UP","line_ind":"P","platform":" 4","route":"3","train_service_code":"12249820","division_code":"23","toc_id":"23","timetable_variation":"0","variation_status":"ON TIME","next_report_stanox":"36611","next_report_run_time":"3","train_terminated":"false","delay_monitoring_point":"true","reporting_stanox":"36605","auto_expected":"true"}}]