[{"header":{"msg_type":"0001","msg_queue_timestamp":"1713717929000","source_system_id":"TRUST","original_data_source":"TSIA"},"body":{"train_id":"722C54MX21","toc_id":"30","schedule_wtt_id":"2C54M","sched_origin_stanox":"72000","creation_timestamp":"1713721529000","origin_dep_timestamp":"1713725100000","train_uid":"L00153","schedule_start_date":"2023-12-10","schedule_end_date":"2024-05-26","schedule_source":"C","schedule_type":"O","d1266_record_number":"00000","tp_origin_timestamp":"2024-04-21","train_call_type":"AUTOMATIC","train_call_mode":"NORMAL","train_service_code":"22216000"}},{"header":{"msg_type":"0001","msg_queue_timestamp":"1713717929000","source_system_id":"TRUST","original_data_source":"TSIA"},"body":{"train_id":"522D06MX21","toc_id":"30","schedule_wtt_id":"2D06M","sched_origin_stanox":"52741","creation_timestamp":"1713721529000","origin_dep_timestamp":"1713725100000","train_uid":"L00245","schedule_start_date":"2024-04-21","schedule_end_date":"2024-04-21","schedule_source":"C","schedule_type":"P","d1266_record_number":"00000","tp_origin_timestamp":"2024-04-21","train_call_type":"AUTOMATIC","train_call_mode":"NORMAL","train_service_code":"21234001"}},{"header":{"msg_type":"0001","msg_queue_timestamp":"1713717929000","source_system_id":"TRUST","original_data_source":"TSIA"},"body":{"train_id":"722D52MX21","toc_id":"30","schedule_wtt_id":"2D52M","sched_origin_stanox":"72410","creation_timestamp":"1713721529000","origin_dep_timestamp":"1713725100000","train_uid":"L00443","schedule_start_date":"2023-12-10","schedule_end_date":"2024-05-26","schedule_source":"C","schedule_type":"O","d1266_record_number":"00000","tp_origin_timestamp":"2024-04-21","train_call_type":"AUTOMATIC","train_call_mode":"NORMAL","train_service_code":"22216000"}},{"header":{"msg_type":"0003","msg_queue_timestamp":"1713717929000","source_system_id":"TRUST","original_data_source":"SMART"},"body":{"train_id":"881H36MS21","actual_timestamp":"1713721560000","loc_stanox":"89398","gbtt_timestamp":"1713721440000","planned_timestamp":"1713721440000","planned_event_type":"ARRIVAL","event_type":"ARRIVAL","event_source":"AUTOMATIC","correction_ind":"false","offroute_ind":"false","direction_ind":"DOWN","platform":" 2","route":"0","train_service_code":"24602004","division_code":"80","toc_id":"80","timetable_variation":"2","variation_status":"LATE","next_report_stanox":"89399","next_report_run_time":"1","train_terminated":"false","delay_monitoring_point":"false","reporting_stanox":"00000","auto_expected":"true"}},{"header":{"msg_type":"0003","msg_queue_timestamp":"1713717929000","source_system_id":"TRUST","original_data_source":"SMART"},"body":{"train_id":"639O44MV21","actual_timestamp":"1713721500000","loc_stanox":"89532","planned_timestamp":"1713721440000","planned_event_type":"DEPARTURE","event_type":"DEPARTURE","event_source":"AUTOMATIC","correction_ind":"false","offroute_ind":"false","direction_ind":"DOWN","line_ind":"D","route":"1","train_service_code":"81010001","division_code":"06","toc_id":"06","timetable_variation":"1","variation_status":"LATE","next_report_stanox":"89540","train_terminated":"false","delay_monitoring_point":"true","reporting_stanox":"89532","auto_expected":"true"}},{"header":{"msg_type":"0001","msg_queue_timestamp":"1713717929000","source_system_id":"TRUST","original_data_source":"TSIA"},"body":{"train_id":"522O62MX21","toc_id":"21","schedule_wtt_id":"2O62M","sched_origin_stanox":"52226","creation_timestamp":"1713721529000","origin_dep_timestamp":"1713725100000","train_uid":"L20144","schedule_start_date":"2023-12-10","schedule_end_date":"2024-05-26","schedule_source":"C","schedule_type":"O","d1266_record_number":"00000","tp_origin_timestamp":"2024-04-21","train_call_type":"AUTOMATIC","train_call_mode":"NORMAL","train_service_code":"21920000"}},{"header":{"msg_type":"0001","msg_queue_timestamp":"1713717929000","source_system_id":"TRUST","original_data_source":"TSIA"},"body":{"train_id":"872P23MX21","toc_id":"88","schedule_wtt_id":"2P23M","sched_origin_stanox":"87801","creation_timestamp":"1713721529000","origin_dep_timestamp":"1713725100000","train_uid":"P19292","schedule_start_date":"2023-12-10","schedule_end_date":"2024-05-26","schedule_source":"C","schedule_type":"O","d1266_record_number":"00000","tp_origin_timestamp":"2024-04-21","train_call_type":"AUTOMATIC","train_call_mode":"NORMAL","train_service_code":"24786000"}},{"header":{"msg_type":"0001","msg_queue_timestamp":"1713717929000","source_system_id":"TRUST","original_data_source":"TSIA"},"body":{"train_id":"162C39MX21","toc_id":"23","schedule_wtt_id":"2C39M","sched_origin_stanox":"16416","creation_timestamp":"1713721529000","origin_dep_timestamp":"1713725100000","train_uid":"W31032","schedule_start_date":"2023-12-10","schedule_end_date":"2024-05-26","schedule_source":"C","schedule_type":"O","d1266_record_number":"00000","tp_origin_timestamp":"2024-04-21","train_call_type":"AUTOMATIC","train_call_mode":"NORMAL","train_service_code":"11830920"}},{"header":{"msg_type":"0001","msg_queue_timestamp":"1713717929000","source_system_id":"TRUST","original_data_source":"TSIA"},"body":{"train_id":"322G58MX21","toc_id":"23","schedule_wtt_id":"2G58M","sched_origin_stanox":"32255","creation_timestamp":"1713721529000","origin_dep_timestamp":"1713725100000","train_uid":"W31887","schedule_start_date":"2023-12-10","schedule_end_date":"2024-05-26","schedule_source":"C","schedule_type":"O","d1266_record_number":"00000","tp_origin_timestamp":"2024-04-21","train_call_type":"AUTOMATIC","train_call_mode":"NORMAL","train_service_code":"12230110"}},{"header":{"msg_type":"0001","msg_queue_timestamp":"1713717929000","source_system_id":"TRUST","original_data_source":"TSIA"},"body":{"train_id":"252L16MX21","toc_id":"23","schedule_wtt_id":"2L16M","sched_origin_stanox":"25701","creation_timestamp":"1713721529000","origin_dep_timestamp":"1713725100000","train_uid":"W32690","schedule_start_date":"2023-12-10","schedule_end_date":"2024-05-26","schedule_source":"C","schedule_type":"O","d1266_record_number":"00000","tp_origin_timestamp":"2024-04-21","train_call_type":"AUTOMATIC","train_call_mode":"NORMAL","train_service_code":"11802820"}},{"header":{"msg_type":"0003","msg_queue_timestamp":"1713717929000","source_system_id":"TRUST","original_data_source":"SMART"},"body":{"train_id":"301B34MQ21","actual_timestamp":"1713721560000","loc_stanox":"16604","gbtt_timestamp":"1713721080000","planned_timestamp":"1713721050000","planned_event_type":"ARRIVAL","event_type":"ARRIVAL","event_source":"AUTOMATIC","correction_ind":"false","offroute_ind":"false","direction_ind":"DOWN","platform":" 1","route":"0","train_service_code":"21737000","division_code":"23","toc_id":"23","timetable_variation":"9","variation_status":"LATE","next_report_stanox":"16602","next_report_run_time":"1","train_terminated":"false","delay_monitoring_point":"false","reporting_stanox":"00000","auto_expected":"true"}},{"header":{"msg_type":"0001","msg_queue_timestamp":"1713717929000","source_system_id":"TRUST","original_data_source":"TSIA"},"body":{"train_id":"312N51MX21","toc_id":"23","schedule_wtt_id":"2N51M","sched_origin_stanox":"31510","creation_timestamp":"1713721529000","origin_dep_timestamp":"1713725100000","train_uid":"W33002","schedule_start_date":"2024-02-18","schedule_end_date":"2024-05-26","schedule_source":"C","schedule_type":"O","d1266_record_number":"00000","tp_origin_timestamp":"2024-04-21","train_call_type":"AUTOMATIC","train_call_mode":"NORMAL","train_service_code":"12349820"}},{"header":{"msg_type":"0003","msg_queue_timestamp":"1713717929000","source_system_id":"TRUST","original_data_source":"SMART"},"body":{"train_id":"362F47MV21","actual_timestamp":"1713721380000","loc_stanox":"36050","gbtt_timestamp":"1713721380000","planned_timestamp":"1713721380000","planned_event_type":"DEPARTURE","event_type":"DEPARTURE","event_source":"AUTOMATIC","correction_ind":"false","offroute_ind":"false","direction_ind":"UP","platform":" 1","route":"2","train_service_code":"12303012","division_code":"64","toc_id":"64","timetable_variation":"0","variation_status":"ON TIME","next_report_stanox":"36052","next_report_run_time":"3","train_terminated":"false","delay_monitoring_point":"true","reporting_stanox":"36050","auto_expected":"true"}},{"header":{"msg_type":"0003","msg_queue_timestamp":"1713717930000","source_system_id":"TRUST","original_data_source":"SMART"},"body":{"train_id":"362F47MV21","actual_timestamp":"1713721560000","loc_stanox":"36052","gbtt_timestamp":"1713721560000","planned_timestamp":"1713721560000","planned_event_type":"ARRIVAL","event_type":"ARRIVAL","event_source":"AUTOMATIC","correction_ind":"false","offroute_ind":"false","direction_ind":"UP","platform":" 1","route":"0","train_service_code":"12303012","division_code":"64","toc_id":"64","timetable_variation":"0","variation_status":"ON TIME","next_report_stanox":"36053","next_report_run_time":"1","train_terminated":"false","delay_monitoring_point":"false","reporting_stanox":"00000","auto_expected":"true"}},{"header":{"msg_type":"0003","msg_queue_timestamp":"1713717930000","source_system_id":"TRUST","original_data_source":"SMART"},"body":{"train_id":"382N45MU21","actual_timestamp":"1713721500000","loc_stanox":"38181","gbtt_timestamp":"1713721560000","planned_timestamp":"1713721560000","planned_event_type":"DEPARTURE","event_type":"DEPARTURE","event_source":"AUTOMATIC","correction_ind":"false","offroute_ind":"false","direction_ind":"UP","platform":" 3","route":"1","train_service_code":"12305012","division_code":"64","toc_id":"64","timetable_variation":"1","variation_status":"EARLY","next_report_stanox":"38182","next_report_run_time":"1","train_terminated":"false","delay_monitoring_point":"false","reporting_stanox":"00000","auto_expected":"true"}},{"header":{"msg_type":"0003","msg_queue_timestamp":"1713717930000","source_system_id":"TRUST","original_data_source":"SMART"},"body":{"train_id":"872V47MU21","actual_timestamp":"1713721440000","loc_stanox":"87150","gbtt_timestamp":"1713721260000","planned_timestamp":"1713721260000","planned_event_type":"DEPARTURE","event_type":"DEPARTURE","event_source":"AUTOMATIC","correction_ind":"false","offroute_ind":"false","direction_ind":"DOWN","platform":" 2","route":"2","train_service_code":"24671505","division_code":"84","toc_id":"84","timetable_variation":"3","variation_status":"LATE","next_report_stanox":"87148","next_report_run_time":"2","train_terminated":"false","delay_monitoring_point":"false","reporting_stanox":"00000","auto_expected":"true"}},{"header":{"msg_type":"0001","msg_queue_timestamp":"1713717930000","source_system_id":"TRUST","original_data_source":"TSIA"},"body":{"train_id":"322S82MX21","toc_id":"23","schedule_wtt_id":"2S82M","sched_origin_stanox":"32000","creation_timestamp":"1713721529000","origin_dep_timestamp":"1713725100000","train_uid":"W33823","schedule_start_date":"2024-04-21","schedule_end_date":"2024-04-21","schedule_source":"C","schedule_type":"P","d1266_record_number":"00000","tp_origin_timestamp":"2024-04-21","train_call_type":"AUTOMATIC","train_call_mode":"NORMAL","train_service_code":"12226820"}},{"header":{"msg_type":"0003","msg_queue_timestamp":"1713717930000","source_system_id":"TRUST","original_data_source":"SMART"},"body":{"train_id":"542C46MU21","actual_timestamp":"1713721560000","loc_stanox":"53223","gbtt_timestamp":"1713721320000","planned_timestamp":"1713721320000","planned_event_type":"ARRIVAL","event_type":"ARRIVAL","event_source":"AUTOMATIC","correction_ind":"false","offroute_ind":"false","direction_ind":"DOWN","platform":" 4","route":"0","train_service_code":"21726000","division_code":"88","toc_id":"88","timetable_variation":"4","variation_status":"LATE","next_report_stanox":"53221","next_report_run_time":"1","train_terminated":"false","delay_monitoring_point":"true","reporting_stanox":"53223","auto_expected":"true"}},{"header":{"msg_type":"0003","msg_queue_timestamp":"1713717930000","source_system_id":"TRUST","original_data_source":"SMART"},"body":{"train_id":"161B33MQ21","actual_timestamp":"1713721500000","loc_stanox":"30120","gbtt_timestamp":"1713721500000","planned_timestamp":"1713721500000","planned_event_type":"DEPARTURE","event_type":"DEPARTURE","event_source":"AUTOMATIC","correction_ind":"false","offroute_ind":"false","direction_ind":"DOWN","platform":" 1","route":"3","train_service_code":"11837920","division_code":"23","toc_id":"23","timetable_variation":"0","variation_status":"ON TIME","next_report_stanox":"30116","next_report_run_time":"1","train_terminated":"false","delay_monitoring_point":"true","reporting_stanox":"30120","auto_expected":"true"}},{"header":{"msg_type":"0003","msg_queue_timestamp":"1713717930000","source_system_id":"TRUST","original_data_source":"SMART"},"body":{"train_id":"422K98MV21","actual_timestamp":"1713721560000","loc_stanox":"43031","gbtt_timestamp":"1713721560000","planned_timestamp":"1713721530000","planned_event_type":"ARRIVAL","event_type":"ARRIVAL","event_source":"AUTOMATIC","correction_ind":"false","offroute_ind":"false","direction_ind":"UP","platform":" 3","route":"0","train_service_code":"22327000","division_code":"29","toc_id":"29","timetable_variation":"1","variation_status":"LATE","next_report_stanox":"43044","next_report_run_time":"1","train_terminated":"false","delay_monitoring_point":"true","reporting_stanox":"43031","auto_expected":"true"}},{"header":{"msg_type":"0003","msg_queue_timestamp":"1713717930000","source_system_id":"TRUST","original_data_source":"SMART"},"body":{"train_id":"091Z691T21","actual_timestamp":"1713721560000","loc_stanox":"07945","planned_timestamp":"1713721530000","planned_event_type":"ARRIVAL","event_type":"ARRIVAL","event_source":"AUTOMATIC","correction_ind":"false","offroute_ind":"false","route":"0","train_service_code":"22114001","division_code":"65","toc_id":"65","timetable_variation":"1","variation_status":"LATE","next_report_stanox":"07431","next_report_run_time":"1","train_terminated":"false","delay_monitoring_point":"false","reporting_stanox":"00000","auto_expected":"true"}},{"header":{"msg_type":"0001","msg_queue_timestamp":"1713717930000","source_system_id":"TRUST","original_data_source":"TSIA"},"body":{"train_id":"872A66MX21","toc_id":"84","schedule_wtt_id":"2A66M","sched_origin_stanox":"87021","creation_timestamp":"1713721530000","origin_dep_timestamp":"1713725100000","train_uid":"Y01269","schedule_start_date":"2023-12-10","schedule_end_date":"2024-05-26","schedule_source":"C","schedule_type":"O","d1266_record_number":"00000","tp_origin_timestamp":"2024-04-21","train_call_type":"AUTOMATIC","train_call_mode":"NORMAL","train_service_code":"24632204"}},{"header":{"msg_type":"0001","msg_queue_timestamp":"1713717930000","source_system_id":"TRUST","original_data_source":"TSIA"},"body":{"train_id":"009I67MX21","toc_id":"06","schedule_wtt_id":"9I67M","sched_origin_stanox":"00950","creation_timestamp":"1713721530000","origin_dep_timestamp":"1713725100000","train_uid":"C20344","schedule_start_date":"2024-04-21","schedule_end_date":"2024-04-21","schedule_source":"C","schedule_type":"P","d1266_record_number":"00000","tp_origin_timestamp":"2024-04-21","train_call_type":"AUTOMATIC","train_call_mode":"NORMAL","train_service_code":"81010001"}},{"header":{"msg_type":"0003","msg_queue_timestamp":"1713717930000","source_system_id":"TRUST","original_data_source":"SMART"},"body":{"train_id":"882T17MV21","actual_timestamp":"1713721560000","loc_stanox":"88415","gbtt_timestamp":"1713721560000","planned_timestamp":"1713721560000","planned_event_type":"ARRIVAL","event_type":"ARRIVAL","event_source":"AUTOMATIC","correction_ind":"false","offroute_ind":"false","direction_ind":"DOWN","platform":" 4","route":"0","train_service_code":"24650005","division_code":"80","toc_id":"80","timetable_variation":"0","variation_status":"ON TIME","next_report_stanox":"88416","next_report_run_time":"1","train_terminated":"false","delay_monitoring_point":"true","reporting_stanox":"88415","auto_expected":"true"}},{"header":{"msg_type":"0003","msg_queue_timestamp":"1713717930000","source_system_id":"TRUST","original_data_source":"SMART"},"body":{"train_id":"541C401T21","actual_timestamp":"1713721620000","loc_stanox":"47221","gbtt_timestamp":"1713721680000","planned_timestamp":"1713721680000","planned_event_type":"DESTINATION","event_type":"ARRIVAL","event_source":"AUTOMATIC","correction_ind":"false","offroute_ind":"false","direction_ind":"DOWN","platform":" 7","route":"0","train_service_code":"22726100","division_code":"88","toc_id":"88","timetable_variation":"1","variation_status":"EARLY","train_terminated":"true","delay_monitoring_point":"true","reporting_stanox":"47221","auto_expected":"true"}},{"header":{"msg_type":"0001","msg_queue_timestamp":"1713717930000","source_system_id":"TRUST","original_data_source":"TSIA"},"body":{"train_id":"529B36MX21","toc_id":"79","schedule_wtt_id":"9B36M","sched_origin_stanox":"52741","creation_timestamp":"1713721530000","origin_dep_timestamp":"1713725100000","train_uid":"G06360","schedule_start_date":"2024-04-21","schedule_end_date":"2024-04-21","schedule_source":"C","schedule_type":"P","d1266_record_number":"00000","tp_origin_timestamp":"2024-04-21","train_call_type":"AUTOMATIC","train_call_mode":"NORMAL","train_service_code":"21936004"}},{"header":{"msg_type":"0001","msg_queue_timestamp":"1713717930000","source_system_id":"TRUST","original_data_source":"TSIA"},"body":{"train_id":"739C22MX21","toc_id":"33","schedule_wtt_id":"9C22M","sched_origin_stanox":"73003","creation_timestamp":"1713721530000","origin_dep_timestamp":"1713725100000","train_uid":"G79441","schedule_start_date":"2023-12-10","schedule_end_date":"2024-05-26","schedule_source":"C","schedule_type":"O","d1266_record_number":"00000","tp_origin_timestamp":"2024-04-21","train_call_type":"AUTOMATIC","train_call_mode":"NORMAL","train_service_code":"21381901"}},{"header":{"msg_type":"0001","msg_queue_timestamp":"1713717930000","source_system_id":"TRUST","original_data_source":"TSIA"},"body":{"train_id":"739U33MX21","toc_id":"33","schedule_wtt_id":"9U33M","sched_origin_stanox":"73777","creation_timestamp":"1713721530000","origin_dep_timestamp":"1713725100000","train_uid":"P09622","schedule_start_date":"2024-04-21","schedule_end_date":"2024-04-21","schedule_source":"C","schedule_type":"P","d1266_record_number":"00000","tp_origin_timestamp":"2024-04-21","train_call_type":"AUTOMATIC","train_call_mode":"NORMAL","train_service_code":"21381202"}},{"header":{"msg_type":"0003","msg_queue_timestamp":"1713717931000","source_system_id":"TRUST","original_data_source":"SMART"},"body":{"train_id":"509T05MS21","actual_timestamp":"1713721500000","loc_stanox":"73778","gbtt_timestamp":"1713720720000","planned_timestamp":"1713720750000","planned_event_type":"DEPARTURE","event_type":"DEPARTURE","event_source":"AUTOMATIC","correction_ind":"false","offroute_ind":"false","direction_ind":"DOWN","platform":" 1","route":"3","train_service_code":"21381001","division_code":"33","toc_id":"33","timetable_variation":"13","variation_status":"LATE","next_report_stanox":"73767","next_report_run_time":"4","train_terminated":"false","delay_monitoring_point":"true","reporting_stanox":"73778","auto_expected":"true"}}]