[{"header":{"msg_type":"0003","msg_queue_timestamp":"1713159691000","source_system_id":"TRUST","original_data_source":"SMART"},"body":{"train_id":"872J07N615","actual_timestamp":"1713163200000","loc_stanox":"87214","gbtt_timestamp":"1713163200000","planned_timestamp":"1713163200000","planned_event_type":"DEPARTURE","event_type":"DEPARTURE","event_source":"AUTOMATIC","correction_ind":"false","offroute_ind":"false","direction_ind":"DOWN","platform":" 8","route":"1","train_service_code":"24673205","division_code":"84","toc_id":"84","timetable_variation":"0","variation_status":"ON TIME","next_report_stanox":"87219","next_report_run_time":"4","train_terminated":"false","delay_monitoring_point":"true","reporting_stanox":"87214","auto_expected":"true"}},{"header":{"msg_type":"0003","msg_queue_timestamp":"1713159691000","source_system_id":"TRUST","original_data_source":"SMART"},"body":{"train_id":"882S06M615","actual_timestamp":"1713163320000","loc_stanox":"88468","gbtt_timestamp":"1713163380000","planned_timestamp":"1713163380000","planned_event_type":"ARRIVAL","event_type":"ARRIVAL","event_source":"AUTOMATIC","correction_ind":"false","offroute_ind":"false","direction_ind":"DOWN","line_ind":"S","platform":" 4","route":"0","train_service_code":"24655005","division_code":"80","toc_id":"80","timetable_variation":"1","variation_status":"EARLY","next_report_stanox":"88483","next_report_run_time":"1","train_terminated":"false","delay_monitoring_point":"false","reporting_stanox":"00000","auto_expected":"true"}},{"header":{"msg_type":"0003","msg_queue_timestamp":"1713159691000","source_system_id":"TRUST","original_data_source":"SMART"},"body":{"train_id":"639P03M515","actual_timestamp":"1713163320000","loc_stanox":"88522","gbtt_timestamp":"1713163320000","planned_timestamp":"1713163320000","planned_event_type":"ARRIVAL","event_type":"ARRIVAL","event_source":"AUTOMATIC","correction_ind":"false","offroute_ind":"false","direction_ind":"DOWN","platform":" 2","route":"0","train_service_code":"22728000","division_code":"88","toc_id":"88","timetable_variation":"0","variation_status":"ON TIME","next_report_stanox":"88601","next_report_run_time":"1","train_terminated":"false","delay_monitoring_point":"true","reporting_stanox":"88522","auto_expected":"true"}},{"header":{"msg_type":"0003","msg_queue_timestamp":"1713159691000","source_system_id":"TRUST","original_data_source":"SMART"},"body":{"train_id":"161P56M515","actual_timestamp":"1713163260000","loc_stanox":"31515","planned_timestamp":"1713163290000","planned_event_type":"DEPARTURE","event_type":"DEPARTURE","event_source":"AUTOMATIC","correction_ind":"false","offroute_ind":"false","direction_ind":"DOWN","route":"2","train_service_code":"21734000","division_code":"20","toc_id":"20","timetable_variation":"0","variation_status":"ON TIME","next_report_stanox":"31519","next_report_run_time":"1","train_terminated":"false","delay_monitoring_point":"false","reporting_stanox":"00000","auto_expected":"true"}},{"header":{"msg_type":"0003","msg_queue_timestamp":"1713159691000","source_system_id":"TRUST","original_data_source":"SMART"},"body":{"train_id":"161P56M515","actual_timestamp":"1713163320000","loc_stanox":"31519","planned_timestamp":"1713163320000","planned_event_type":"ARRIVAL","event_type":"ARRIVAL","event_source":"AUTOMATIC","correction_ind":"false","offroute_ind":"false","route":"0","train_service_code":"21734000","division_code":"20","toc_id":"20","timetable_variation":"0","variation_status":"ON TIME","next_report_stanox":"33102","next_report_run_time":"1","train_terminated":"false","delay_monitoring_point":"false","reporting_stanox":"00000","auto_expected":"true"}},{"header":{"msg_type":"0003","msg_queue_timestamp":"1713159691000","source_system_id":"TRUST","original_data_source":"SMART"},"body":{"train_id":"312J29M615","actual_timestamp":"1713163260000","loc_stanox":"31510","gbtt_timestamp":"1713163260000","planned_timestamp":"1713163260000","planned_event_type":"DEPARTURE","event_type":"DEPARTURE","event_source":"AUTOMATIC","correction_ind":"false","offroute_ind":"false","direction_ind":"DOWN","line_ind":"U","platform":" 2","route":"1","train_service_code":"12242110","division_code":"23","toc_id":"23","timetable_variation":"0","variation_status":"ON TIME","next_report_stanox":"31339","next_report_run_time":"3","train_terminated":"false","delay_monitoring_point":"true","reporting_stanox":"31510","auto_expected":"true"}},{"header":{"msg_type":"0003","msg_queue_timestamp":"1713159691000","source_system_id":"TRUST","original_data_source":"SMART"},"body":{"train_id":"322H80M615","actual_timestamp":"1713163260000","loc_stanox":"32525","planned_timestamp":"1713163290000","planned_event_type":"DEPARTURE","event_type":"DEPARTURE","event_source":"AUTOMATIC","correction_ind":"false","offroute_ind":"false","direction_ind":"DOWN","line_ind":"F","route":"2","train_service_code":"12231820","division_code":"23","toc_id":"23","timetable_variation":"0","variation_status":"ON TIME","next_report_stanox":"32515","next_report_run_time":"3","train_terminated":"false","delay_monitoring_point":"false","reporting_stanox":"00000","auto_expected":"true"}},{"header":{"msg_type":"0003","msg_queue_timestamp":"1713159691000","source_system_id":"TRUST","original_data_source":"SMART"},"body":{"train_id":"425F42M615","actual_timestamp":"1713163260000","loc_stanox":"36056","planned_timestamp":"1713163560000","planned_event_type":"DEPARTURE","event_type":"DEPARTURE","event_source":"AUTOMATIC","correction_ind":"false","offroute_ind":"false","direction_ind":"DOWN","line_ind":"F","route":"2","train_service_code":"22977000","division_code":"29","toc_id":"29","timetable_variation":"5","variation_status":"EARLY","next_report_stanox":"36151","next_report_run_time":"7","train_terminated":"false","delay_monitoring_point":"false","reporting_stanox":"00000","auto_expected":"true"}},{"header":{"msg_type":"0003","msg_queue_timestamp":"1713159691000","source_system_id":"TRUST","original_data_source":"SMART"},"body":{"train_id":"482J62M615","actual_timestamp":"1713163200000","loc_stanox":"48201","gbtt_timestamp":"1713163200000","planned_timestamp":"1713163230000","planned_event_type":"DEPARTURE","event_type":"DEPARTURE","event_source":"AUTOMATIC","correction_ind":"false","offroute_ind":"false","direction_ind":"DOWN","line_ind":"L","platform":" 2","route":"2","train_service_code":"21895002","division_code":"21","toc_id":"21","timetable_variation":"0","variation_status":"ON TIME","next_report_stanox":"48195","next_report_run_time":"10","train_terminated":"false","delay_monitoring_point":"false","reporting_stanox":"00000","auto_expected":"true"}},{"header":{"msg_type":"0003","msg_queue_timestamp":"1713159691000","source_system_id":"TRUST","original_data_source":"SMART"},"body":{"train_id":"522N04M515","actual_timestamp":"1713163260000","loc_stanox":"50028","gbtt_timestamp":"1713163260000","planned_timestamp":"1713163290000","planned_event_type":"DEPARTURE","event_type":"DEPARTURE","event_source":"AUTOMATIC","correction_ind":"false","offroute_ind":"false","direction_ind":"DOWN","platform":" 2","route":"3","train_service_code":"21939001","division_code":"21","toc_id":"21","timetable_variation":"0","variation_status":"ON TIME","next_report_stanox":"50024","next_report_run_time":"11","train_terminated":"false","delay_monitoring_point":"false","reporting_stanox":"00000","auto_expected":"true"}},{"header":{"msg_type":"0003","msg_queue_timestamp":"1713159691000","source_system_id":"TRUST","original_data_source":"SMART"},"body":{"train_id":"462W03M615","actual_timestamp":"1713163260000","loc_stanox":"49011","planned_timestamp":"1713163320000","planned_event_type":"DEPARTURE","event_type":"DEPARTURE","event_source":"AUTOMATIC","correction_ind":"false","offroute_ind":"false","direction_ind":"UP","route":"1","train_service_code":"21894002","division_code":"21","toc_id":"21","timetable_variation":"1","variation_status":"EARLY","next_report_stanox":"49014","next_report_run_time":"3","train_terminated":"false","delay_monitoring_point":"false","reporting_stanox":"00000","auto_expected":"true"}},{"header":{"msg_type":"0003","msg_queue_timestamp":"1713159692000","source_system_id":"TRUST","original_data_source":"SMART"},"body":{"train_id":"889K08M615","actual_timestamp":"1713163260000","loc_stanox":"88478","gbtt_timestamp":"1713163200000","planned_timestamp":"1713163230000","planned_event_type":"DEPARTURE","event_type":"DEPARTURE","event_source":"AUTOMATIC","correction_ind":"false","offroute_ind":"false","direction_ind":"UP","line_ind":"F","platform":" 1","route":"1","train_service_code":"22742000","division_code":"88","toc_id":"88","timetable_variation":"1","variation_status":"LATE","next_report_stanox":"88477","next_report_run_time":"2","train_terminated":"false","delay_monitoring_point":"false","reporting_stanox":"00000","auto_expected":"true"}},{"header":{"msg_type":"0003","msg_queue_timestamp":"1713159692000","source_system_id":"TRUST","original_data_source":"SMART"},"body":{"train_id":"172S00M615","actual_timestamp":"1713163380000","loc_stanox":"09531","gbtt_timestamp":"1713163260000","planned_timestamp":"1713163110000","planned_event_type":"DESTINATION","event_type":"ARRIVAL","event_source":"AUTOMATIC","correction_ind":"false","offroute_ind":"false","direction_ind":"DOWN","platform":" 1","route":"0","train_service_code":"11820820","division_code":"23","toc_id":"23","timetable_variation":"5","variation_status":"LATE","train_terminated":"true","delay_monitoring_point":"true","reporting_stanox":"09531","auto_expected":"true"}},{"header":{"msg_type":"0003","msg_queue_timestamp":"1713159692000","source_system_id":"TRUST","original_data_source":"SMART"},"body":{"train_id":"522O60M515","actual_timestamp":"1713163380000","loc_stanox":"51707","gbtt_timestamp":"1713163380000","planned_timestamp":"1713163380000","planned_event_type":"ARRIVAL","event_type":"ARRIVAL","event_source":"AUTOMATIC","correction_ind":"false","offroute_ind":"false","direction_ind":"DOWN","platform":" 1","route":"0","train_service_code":"21920000","division_code":"21","toc_id":"21","timetable_variation":"0","variation_status":"ON TIME","next_report_stanox":"51702","next_report_run_time":"1","train_terminated":"false","delay_monitoring_point":"false","reporting_stanox":"00000","auto_expected":"true"}},{"header":{"msg_type":"0003","msg_queue_timestamp":"1713159692000","source_system_id":"TRUST","original_data_source":"SMART"},"body":{"train_id":"502V04M615","actual_timestamp":"1713163200000","loc_stanox":"50401","gbtt_timestamp":"1713163260000","planned_timestamp":"1713163260000","planned_event_type":"DEPARTURE","event_type":"DEPARTURE","event_source":"AUTOMATIC","correction_ind":"false","offroute_ind":"false","direction_ind":"UP","line_ind":"U","platform":" 1","route":"1","train_service_code":"21237001","division_code":"30","toc_id":"30","timetable_variation":"1","variation_status":"EARLY","next_report_stanox":"50391","next_report_run_time":"4","train_terminated":"false","delay_monitoring_point":"true","reporting_stanox":"50401","auto_expected":"true"}},{"header":{"msg_type":"0003","msg_queue_timestamp":"1713159692000","source_system_id":"TRUST","original_data_source":"SMART"},"body":{"train_id":"502V04M615","actual_timestamp":"1713163740000","loc_stanox":"50392","gbtt_timestamp":"1713163800000","planned_timestamp":"1713163800000","planned_event_type":"DESTINATION","event_type":"ARRIVAL","event_source":"AUTOMATIC","correction_ind":"false","offroute_ind":"false","direction_ind":"DOWN","route":"0","train_service_code":"21237001","division_code":"30","toc_id":"30","timetable_variation":"1","variation_status":"EARLY","train_terminated":"true","delay_monitoring_point":"true","reporting_stanox":"50392","auto_expected":"true"}},{"header":{"msg_type":"0003","msg_queue_timestamp":"1713159692000","source_system_id":"TRUST","original_data_source":"SMART"},"body":{"train_id":"871L04M515","actual_timestamp":"1713163200000","loc_stanox":"87755","gbtt_timestamp":"1713163260000","planned_timestamp":"1713163260000","planned_event_type":"DEPARTURE","event_type":"DEPARTURE","event_source":"AUTOMATIC","correction_ind":"false","offroute_ind":"false","direction_ind":"DOWN","platform":" 2","route":"2","train_service_code":"24749000","division_code":"88","toc_id":"88","timetable_variation":"1","variation_status":"EARLY","next_report_stanox":"87757","next_report_run_time":"3","train_terminated":"false","delay_monitoring_point":"false","reporting_stanox":"00000","auto_expected":"true"}},{"header":{"msg_type":"0003","msg_queue_timestamp":"1713159692000","source_system_id":"TRUST","original_data_source":"SMART"},"body":{"train_id":"871L04M515","actual_timestamp":"1713163380000","loc_stanox":"87757","gbtt_timestamp":"1713163440000","planned_timestamp":"1713163440000","planned_event_type":"ARRIVAL","event_type":"ARRIVAL","event_source":"AUTOMATIC","correction_ind":"false","offroute_ind":"false","direction_ind":"DOWN","platform":" 2","route":"0","train_service_code":"24749000","division_code":"88","toc_id":"88","timetable_variation":"1","variation_status":"EARLY","next_report_stanox":"87759","next_report_run_time":"1","train_terminated":"false","delay_monitoring_point":"false","reporting_stanox":"00000","auto_expected":"true"}},{"header":{"msg_type":"0003","msg_queue_timestamp":"1713159692000","source_system_id":"TRUST","original_data_source":"SMART"},"body":{"train_id":"872B05M615","actual_timestamp":"1713163260000","loc_stanox":"87631","gbtt_timestamp":"1713163260000","planned_timestamp":"1713163290000","planned_event_type":"DEPARTURE","event_type":"DEPARTURE","event_source":"AUTOMATIC","correction_ind":"false","offroute_ind":"false","direction_ind":"UP","platform":" 2","route":"2","train_service_code":"24782000","division_code":"88","toc_id":"88","timetable_variation":"0","variation_status":"ON TIME","next_report_stanox":"87616","next_report_run_time":"1","train_terminated":"false","delay_monitoring_point":"false","reporting_stanox":"00000","auto_expected":"true"}},{"header":{"msg_type":"0003","msg_queue_timestamp":"1713159692000","source_system_id":"TRUST","original_data_source":"SMART"},"body":{"train_id":"879O12M615","actual_timestamp":"1713163200000","loc_stanox":"87615","gbtt_timestamp":"1713163200000","planned_timestamp":"1713163200000","planned_event_type":"DEPARTURE","event_type":"DEPARTURE","event_source":"AUTOMATIC","correction_ind":"false","offroute_ind":"false","direction_ind":"UP","platform":" 1","route":"6","train_service_code":"22722000","division_code":"88","toc_id":"88","timetable_variation":"0","variation_status":"ON TIME","next_report_stanox":"87614","next_report_run_time":"2","train_terminated":"false","delay_monitoring_point":"false","reporting_stanox":"00000","auto_expected":"true"}},{"header":{"msg_type":"0003","msg_queue_timestamp":"1713159692000","source_system_id":"TRUST","original_data_source":"SMART"},"body":{"train_id":"879O12M615","actual_timestamp":"1713163320000","loc_stanox":"87614","gbtt_timestamp":"1713163380000","planned_timestamp":"1713163350000","planned_event_type":"ARRIVAL","event_type":"ARRIVAL","event_source":"AUTOMATIC","correction_ind":"false","offroute_ind":"false","direction_ind":"UP","platform":" 1","route":"0","train_service_code":"22722000","division_code":"88","toc_id":"88","timetable_variation":"0","variation_status":"ON TIME","next_report_stanox":"87617","next_report_run_time":"1","train_terminated":"false","delay_monitoring_point":"false","reporting_stanox":"00000","auto_expected":"true"}},{"header":{"msg_type":"0003","msg_queue_timestamp":"1713159693000","source_system_id":"TRUST","original_data_source":"SMART"},"body":{"train_id":"522N54M615","actual_timestamp":"1713163260000","loc_stanox":"72414","gbtt_timestamp":"1713163320000","planned_timestamp":"1713163320000","planned_event_type":"DEPARTURE","event_type":"DEPARTURE","event_source":"AUTOMATIC","correction_ind":"false","offroute_ind":"false","direction_ind":"DOWN","platform":" 1","route":"1","train_service_code":"22214000","division_code":"30","toc_id":"30","timetable_variation":"1","variation_status":"EARLY","next_report_stanox":"72413","next_report_run_time":"1","train_terminated":"false","delay_monitoring_point":"false","reporting_stanox":"00000","auto_expected":"true"}},{"header":{"msg_type":"0003","msg_queue_timestamp":"1713159693000","source_system_id":"TRUST","original_data_source":"SMART"},"body":{"train_id":"165T271615","actual_timestamp":"1713163260000","loc_stanox":"17132","gbtt_timestamp":"1713163260000","planned_timestamp":"1713163260000","planned_event_type":"DEPARTURE","event_type":"DEPARTURE","event_source":"AUTOMATIC","correction_ind":"false","offroute_ind":"false","direction_ind":"DOWN","line_ind":"F","platform":"12","route":"1","train_service_code":"21732000","division_code":"20","toc_id":"20","timetable_variation":"0","variation_status":"ON TIME","next_report_stanox":"17131","next_report_run_time":"1","train_terminated":"false","delay_monitoring_point":"true","reporting_stanox":"17132","auto_expected":"true"}},{"header":{"msg_type":"0003","msg_queue_timestamp":"1713159693000","source_system_id":"TRUST","original_data_source":"SMART"},"body":{"train_id":"085A911615","actual_timestamp":"1713163260000","loc_stanox":"08605","planned_timestamp":"1713163350000","planned_event_type":"DEPARTURE","event_type":"DEPARTURE","event_source":"AUTOMATIC","correction_ind":"false","offroute_ind":"false","direction_ind":"DOWN","platform":" 2","route":"2","train_service_code":"13568015","division_code":"60","toc_id":"60","timetable_variation":"1","variation_status":"EARLY","next_report_stanox":"08618","next_report_run_time":"3","train_terminated":"false","delay_monitoring_point":"false","reporting_stanox":"00000","auto_expected":"true"}},{"header":{"msg_type":"0003","msg_queue_timestamp":"1713159693000","source_system_id":"TRUST","original_data_source":"SMART"},"body":{"train_id":"511B23M615","actual_timestamp":"1713163320000","loc_stanox":"51013","gbtt_timestamp":"1713163320000","planned_timestamp":"1713163320000","planned_event_type":"ARRIVAL","event_type":"ARRIVAL","event_source":"AUTOMATIC","correction_ind":"false","offroute_ind":"false","direction_ind":"UP","platform":" 1","route":"0","train_service_code":"26936004","division_code":"79","toc_id":"79","timetable_variation":"0","variation_status":"ON TIME","next_report_stanox":"51014","next_report_run_time":"1","train_terminated":"false","delay_monitoring_point":"true","reporting_stanox":"51013","auto_expected":"true"}},{"header":{"msg_type":"0003","msg_queue_timestamp":"1713159693000","source_system_id":"TRUST","original_data_source":"SMART"},"body":{"train_id":"075K091615","actual_timestamp":"1713163320000","loc_stanox":"07140","planned_timestamp":"1713163560000","planned_event_type":"ARRIVAL","event_type":"ARRIVAL","event_source":"AUTOMATIC","correction_ind":"false","offroute_ind":"false","route":"0","train_service_code":"13573015","division_code":"60","toc_id":"60","timetable_variation":"4","variation_status":"EARLY","next_report_stanox":"07112","next_report_run_time":"4","train_terminated":"false","delay_monitoring_point":"true","reporting_stanox":"07140","auto_expected":"true"}},{"header":{"msg_type":"0002","msg_queue_timestamp":"1713159693000","source_system_id":"TRUST","original_data_source":"SDR","user_id":"#QRP0014","source_dev_id":"V3HS"},"body":{"train_id":"236M67C415","division_code":"54","toc_id":"54","loc_stanox":"23451","canx_timestamp":"1713163260000","dep_timestamp":"1713157140000","canx_type":"AT ORIGIN","canx_reason_code":"ZX","train_service_code":"51464580","train_file_address":"GHX"}},{"header":{"msg_type":"0003","msg_queue_timestamp":"1713159693000","source_system_id":"TRUST","original_data_source":"SMART"},"body":{"train_id":"862V52M415","actual_timestamp":"1713163260000","loc_stanox":"82086","planned_timestamp":"1713163290000","planned_event_type":"DEPARTURE","event_type":"DEPARTURE","event_source":"AUTOMATIC","correction_ind":"false","offroute_ind":"false","direction_ind":"DOWN","route":"2","train_service_code":"25470001","division_code":"25","toc_id":"25","timetable_variation":"0","variation_status":"ON TIME","next_report_stanox":"82085","next_report_run_time":"4","train_terminated":"false","delay_monitoring_point":"false","reporting_stanox":"00000","auto_expected":"true"}},{"header":{"msg_type":"0003","msg_queue_timestamp":"1713159693000","source_system_id":"TRUST","original_data_source":"SMART"},"body":{"train_id":"041R05M615","actual_timestamp":"1713163320000","loc_stanox":"06454","planned_timestamp":"1713163230000","planned_event_type":"ARRIVAL","event_type":"ARRIVAL","event_source":"AUTOMATIC","correction_ind":"false","offroute_ind":"false","route":"0","train_service_code":"23548003","division_code":"60","toc_id":"60","timetable_variation":"2","variation_status":"LATE","next_report_stanox":"06443","next_report_run_time":"1","train_terminated":"false","delay_monitoring_point":"true","reporting_stanox":"06454","auto_expected":"true"}},{"header":{"msg_type":"0003","msg_queue_timestamp":"1713159693000","source_system_id":"TRUST","original_data_source":"SMART"},"body":{"train_id":"031L22M515","actual_timestamp":"1713163200000","loc_stanox":"03291","gbtt_timestamp":"1713163200000","planned_timestamp":"1713163230000","planned_event_type":"DEPARTURE","event_type":"DEPARTURE","event_source":"AUTOMATIC","correction_ind":"false","offroute_ind":"false","direction_ind":"UP","platform":" 1","route":"2","train_service_code":"23536003","division_code":"60","toc_id":"60","timetable_variation":"0","variation_status":"ON TIME","next_report_stanox":"03295","next_report_run_time":"4","train_terminated":"false","delay_monitoring_point":"false","reporting_stanox":"00000","auto_expected":"true"}},{"header":{"msg_type":"0003","msg_queue_timestamp":"1713159694000","source_system_id":"TRUST","original_data_source":"SMART"},"body":{"train_id":"871C03M515","actual_timestamp":"1713163380000","loc_stanox":"87201","gbtt_timestamp":"1713163500000","planned_timestamp":"1713163500000","planned_event_type":"DESTINATION","event_type":"ARRIVAL","event_source":"AUTOMATIC","correction_ind":"false","offroute_ind":"false","direction_ind":"UP","platform":"16","route":"0","train_service_code":"24748000","division_code":"88","toc_id":"88","timetable_variation":"2","variation_status":"EARLY","train_terminated":"true","delay_monitoring_point":"true","reporting_stanox":"87201","auto_expected":"true"}},{"header":{"msg_type":"0003","msg_queue_timestamp":"1713159694000","source_system_id":"TRUST","original_data_source":"SMART"},"body":{"train_id":"641I00M515","actual_timestamp":"1713163260000","loc_stanox":"65625","planned_timestamp":"1713163260000","planned_event_type":"DEPARTURE","event_type":"DEPARTURE","event_source":"AUTOMATIC","correction_ind":"false","offroute_ind":"false","direction_ind":"UP","line_ind":"C","route":"2","train_service_code":"22261000","division_code":"71","toc_id":"71","timetable_variation":"0","variation_status":"ON TIME","next_report_stanox":"65627","train_terminated":"false","delay_monitoring_point":"false","reporting_stanox":"00000","auto_expected":"true"}}]