[{"header":{"msg_type":"0003","msg_queue_timestamp":"1713122471000","source_system_id":"TRUST","original_data_source":"SMART"},"body":{"train_id":"251C53MX14","actual_timestamp":"1713126000000","loc_stanox":"61100","planned_timestamp":"1713126090000","planned_event_type":"DEPARTURE","event_type":"DEPARTURE","event_source":"AUTOMATIC","correction_ind":"false","offroute_ind":"false","direction_ind":"UP","line_ind":"F","platform":" 2","route":"2","train_service_code":"22152000","division_code":"28","toc_id":"28","timetable_variation":"1","variation_status":"EARLY","next_report_stanox":"62001","next_report_run_time":"5","train_terminated":"false","delay_monitoring_point":"true","reporting_stanox":"61100","auto_expected":"true"}},{"header":{"msg_type":"0003","msg_queue_timestamp":"1713122471000","source_system_id":"TRUST","original_data_source":"SMART"},"body":{"train_id":"471B13MY14","actual_timestamp":"1713126060000","loc_stanox":"51938","planned_timestamp":"1713126060000","planned_event_type":"DEPARTURE","event_type":"DEPARTURE","event_source":"AUTOMATIC","correction_ind":"false","offroute_ind":"false","direction_ind":"UP","line_ind":"U","route":"1","train_service_code":"21911000","division_code":"21","toc_id":"21","timetable_variation":"0","variation_status":"ON TIME","next_report_stanox":"52736","next_report_run_time":"3","train_terminated":"false","delay_monitoring_point":"false","reporting_stanox":"00000","auto_expected":"true"}},{"header":{"msg_type":"0003","msg_queue_timestamp":"1713122471000","source_system_id":"TRUST","original_data_source":"SMART"},"body":{"train_id":"835E19MW14","actual_timestamp":"1713126060000","loc_stanox":"81305","planned_timestamp":"1713121800000","planned_event_type":"ARRIVAL","event_type":"ARRIVAL","event_source":"AUTOMATIC","correction_ind":"false","offroute_ind":"false","route":"0","train_service_code":"25467001","division_code":"25","toc_id":"25","timetable_variation":"71","variation_status":"LATE","next_report_stanox":"81109","next_report_run_time":"1","train_terminated":"false","delay_monitoring_point":"true","reporting_stanox":"81305","auto_expected":"true"}},{"header":{"msg_type":"0003","msg_queue_timestamp":"1713122471000","source_system_id":"TRUST","original_data_source":"SMART"},"body":{"train_id":"509Y81MY14","actual_timestamp":"1713126000000","loc_stanox":"50423","gbtt_timestamp":"1713126060000","planned_timestamp":"1713126060000","planned_event_type":"DEPARTURE","event_type":"DEPARTURE","event_source":"AUTOMATIC","correction_ind":"false","offroute_ind":"false","direction_ind":"UP","line_ind":"E","platform":" 3","route":"2","train_service_code":"21381001","division_code":"33","toc_id":"33","timetable_variation":"1","variation_status":"EARLY","next_report_stanox":"50431","next_report_run_time":"2","train_terminated":"false","delay_monitoring_point":"true","reporting_stanox":"50423","auto_expected":"true"}},{"header":{"msg_type":"0003","msg_queue_timestamp":"1713122471000","source_system_id":"TRUST","original_data_source":"SMART"},"body":{"train_id":"521K541Z14","actual_timestamp":"1713126000000","loc_stanox":"50401","planned_event_type":"DEPARTURE","event_type":"DEPARTURE","event_source":"AUTOMATIC","correction_ind":"false","offroute_ind":"true","train_service_code":"21943001","division_code":"21","toc_id":"21","timetable_variation":"0","variation_status":"OFF ROUTE","train_terminated":"false","delay_monitoring_point":"false"}},{"header":{"msg_type":"0003","msg_queue_timestamp":"1713122471000","source_system_id":"TRUST","original_data_source":"SMART"},"body":{"train_id":"731C90MU14","actual_timestamp":"1713126120000","loc_stanox":"84139","gbtt_timestamp":"1713125520000","planned_timestamp":"1713125520000","planned_event_type":"ARRIVAL","event_type":"ARRIVAL","event_source":"AUTOMATIC","correction_ind":"false","offroute_ind":"false","direction_ind":"DOWN","line_ind":"4","platform":" 4","route":"0","train_service_code":"25397003","division_code":"25","toc_id":"25","timetable_variation":"10","variation_status":"LATE","next_report_stanox":"84293","next_report_run_time":"1","train_terminated":"false","delay_monitoring_point":"true","reporting_stanox":"84139","auto_expected":"true"}},{"header":{"msg_type":"0003","msg_queue_timestamp":"1713122471000","source_system_id":"TRUST","original_data_source":"SDR","user_id":"#QDP4315","source_dev_id":"VDEM"},"body":{"train_id":"662V22MW14","actual_timestamp":"1713126000000","loc_stanox":"67116","gbtt_timestamp":"1713126000000","planned_timestamp":"1713126000000","planned_event_type":"DESTINATION","event_type":"ARRIVAL","event_source":"MANUAL","correction_ind":"false","offroute_ind":"false","route":"0","train_service_code":"22254000","division_code":"29","toc_id":"29","timetable_variation":"0","variation_status":"ON TIME","train_terminated":"true","delay_monitoring_point":"true","reporting_stanox":"67116","auto_expected":"false"}},{"header":{"msg_type":"0003","msg_queue_timestamp":"1713122472000","source_system_id":"TRUST","original_data_source":"SMART"},"body":{"train_id":"122W43MY14","actual_timestamp":"1713126060000","loc_stanox":"12934","planned_timestamp":"1713125790000","planned_event_type":"DEPARTURE","event_type":"DEPARTURE","event_source":"AUTOMATIC","correction_ind":"false","offroute_ind":"false","direction_ind":"UP","line_ind":"C","route":"1","train_service_code":"21796000","division_code":"23","toc_id":"23","timetable_variation":"5","variation_status":"LATE","next_report_stanox":"12932","next_report_run_time":"1","train_terminated":"false","delay_monitoring_point":"false","reporting_stanox":"00000","auto_expected":"true"}},{"header":{"msg_type":"0003","msg_queue_timestamp":"1713122472000","source_system_id":"TRUST","original_data_source":"SMART"},"body":{"train_id":"072G47MZ14","actual_timestamp":"1713126060000","loc_stanox":"07246","planned_timestamp":"1713126120000","planned_event_type":"DEPARTURE","event_type":"DEPARTURE","event_source":"AUTOMATIC","correction_ind":"false","offroute_ind":"false","direction_ind":"UP","route":"1","train_service_code":"13569815","division_code":"60","toc_id":"60","timetable_variation":"1","variation_status":"EARLY","next_report_stanox":"07200","next_report_run_time":"2","train_terminated":"false","delay_monitoring_point":"false","reporting_stanox":"00000","auto_expected":"true"}},{"header":{"msg_type":"0003","msg_queue_timestamp":"1713122472000","source_system_id":"TRUST","original_data_source":"SMART"},"body":{"train_id":"545Y20MY14","actual_timestamp":"1713126000000","loc_stanox":"54311","gbtt_timestamp":"1713124560000","planned_timestamp":"1713124560000","planned_event_type":"DEPARTURE","event_type":"DEPARTURE","event_source":"AUTOMATIC","correction_ind":"false","offroute_ind":"false","direction_ind":"DOWN","line_ind":"E","platform":" 7","route":"2","train_service_code":"21704001","division_code":"61","toc_id":"61","timetable_variation":"24","variation_status":"LATE","next_report_stanox":"54304","next_report_run_time":"2","train_terminated":"false","delay_monitoring_point":"true","reporting_stanox":"54311","auto_expected":"true"}},{"header":{"msg_type":"0003","msg_queue_timestamp":"1713122472000","source_system_id":"TRUST","original_data_source":"SMART"},"body":{"train_id":"722G431Z14","actual_timestamp":"1713126060000","loc_stanox":"72422","planned_timestamp":"1713125940000","planned_event_type":"DEPARTURE","event_type":"DEPARTURE","event_source":"AUTOMATIC","correction_ind":"false","offroute_ind":"false","direction_ind":"DOWN","route":"1","train_service_code":"22214000","division_code":"30","toc_id":"30","timetable_variation":"2","variation_status":"LATE","next_report_stanox":"52058","next_report_run_time":"1","train_terminated":"false","delay_monitoring_point":"false","reporting_stanox":"00000","auto_expected":"true"}},{"header":{"msg_type":"0003","msg_queue_timestamp":"1713122472000","source_system_id":"TRUST","original_data_source":"SMART"},"body":{"train_id":"062C58MY14","actual_timestamp":"1713126060000","loc_stanox":"07413","planned_timestamp":"1713126060000","planned_event_type":"DEPARTURE","event_type":"DEPARTURE","event_source":"AUTOMATIC","correction_ind":"false","offroute_ind":"false","direction_ind":"UP","route":"3","train_service_code":"23563015","division_code":"60","toc_id":"60","timetable_variation":"0","variation_status":"ON TIME","next_report_stanox":"07416","next_report_run_time":"1","train_terminated":"false","delay_monitoring_point":"true","reporting_stanox":"07413","auto_expected":"true"}},{"header":{"msg_type":"0003","msg_queue_timestamp":"1713122472000","source_system_id":"TRUST","original_data_source":"SMART"},"body":{"train_id":"122I03MY14","actual_timestamp":"1713126000000","loc_stanox":"14003","gbtt_timestamp":"1713126000000","planned_timestamp":"1713126000000","planned_event_type":"DEPARTURE","event_type":"DEPARTURE","event_source":"AUTOMATIC","correction_ind":"false","offroute_ind":"false","direction_ind":"UP","line_ind":"S","platform":" 1","route":"1","train_service_code":"11798001","division_code":"56","toc_id":"56","timetable_variation":"0","variation_status":"ON TIME","next_report_stanox":"14006","next_report_run_time":"2","train_terminated":"false","delay_monitoring_point":"false","reporting_stanox":"00000","auto_expected":"true"}},{"header":{"msg_type":"0003","msg_queue_timestamp":"1713122473000","source_system_id":"TRUST","original_data_source":"SMART"},"body":{"train_id":"032L54MY14","actual_timestamp":"1713126120000","loc_stanox":"03298","gbtt_timestamp":"1713126060000","planned_timestamp":"1713126030000","planned_event_type":"ARRIVAL","event_type":"ARRIVAL","event_source":"AUTOMATIC","correction_ind":"false","offroute_ind":"false","direction_ind":"UP","platform":" 1","route":"0","train_service_code":"23536003","division_code":"60","toc_id":"60","timetable_variation":"2","variation_status":"LATE","next_report_stanox":"03331","next_report_run_time":"1","train_terminated":"false","delay_monitoring_point":"false","reporting_stanox":"00000","auto_expected":"true"}},{"header":{"msg_type":"0003","msg_queue_timestamp":"1713122473000","source_system_id":"TRUST","original_data_source":"SMART"},"body":{"train_id":"875J671Z14","actual_timestamp":"1713126000000","loc_stanox":"87601","gbtt_timestamp":"1713126000000","planned_timestamp":"1713126000000","planned_event_type":"DEPARTURE","event_type":"DEPARTURE","event_source":"AUTOMATIC","correction_ind":"false","offroute_ind":"false","direction_ind":"DOWN","platform":"12","route":"1","train_service_code":"24747000","division_code":"88","toc_id":"88","timetable_variation":"0","variation_status":"ON TIME","next_report_stanox":"87591","next_report_run_time":"3","train_terminated":"false","delay_monitoring_point":"true","reporting_stanox":"87601","auto_expected":"true"}},{"header":{"msg_type":"0003","msg_queue_timestamp":"1713122473000","source_system_id":"TRUST","original_data_source":"SMART"},"body":{"train_id":"529C58MY14","actual_timestamp":"1713126000000","loc_stanox":"87629","gbtt_timestamp":"1713125940000","planned_timestamp":"1713125970000","planned_event_type":"DEPARTURE","event_type":"DEPARTURE","event_source":"AUTOMATIC","correction_ind":"false","offroute_ind":"false","direction_ind":"DOWN","line_ind":"S","platform":" 2","route":"2","train_service_code":"22215003","division_code":"30","toc_id":"30","timetable_variation":"1","variation_status":"LATE","next_report_stanox":"87628","next_report_run_time":"2","train_terminated":"false","delay_monitoring_point":"false","reporting_stanox":"00000","auto_expected":"true"}},{"header":{"msg_type":"0003","msg_queue_timestamp":"1713122473000","source_system_id":"TRUST","original_data_source":"SMART"},"body":{"train_id":"721H38MX14","actual_timestamp":"1713126060000","loc_stanox":"43308","planned_timestamp":"1713125970000","planned_event_type":"DEPARTURE","event_type":"DEPARTURE","event_source":"AUTOMATIC","correction_ind":"false","offroute_ind":"false","direction_ind":"DOWN","platform":"H","route":"1","train_service_code":"22108001","division_code":"65","toc_id":"65","timetable_variation":"2","variation_status":"LATE","next_report_stanox":"43222","next_report_run_time":"6","train_terminated":"false","delay_monitoring_point":"true","reporting_stanox":"43308","auto_expected":"true"}},{"header":{"msg_type":"0003","msg_queue_timestamp":"1713122473000","source_system_id":"TRUST","original_data_source":"SMART"},"body":{"train_id":"362F57MZ14","actual_timestamp":"1713126060000","loc_stanox":"36057","gbtt_timestamp":"1713126060000","planned_timestamp":"1713126060000","planned_event_type":"ARRIVAL","event_type":"ARRIVAL","event_source":"AUTOMATIC","correction_ind":"false","offroute_ind":"false","direction_ind":"UP","platform":" 1","route":"0","train_service_code":"12303012","division_code":"64","toc_id":"64","timetable_variation":"0","variation_status":"ON TIME","next_report_stanox":"36076","next_report_run_time":"1","train_terminated":"false","delay_monitoring_point":"false","reporting_stanox":"00000","auto_expected":"true"}},{"header":{"msg_type":"0003","msg_queue_timestamp":"1713122474000","source_system_id":"TRUST","original_data_source":"SMART"},"body":{"train_id":"841A97MY14","actual_timestamp":"1713126000000","loc_stanox":"83421","gbtt_timestamp":"1713126060000","planned_timestamp":"1713126090000","planned_event_type":"DEPARTURE","event_type":"DEPARTURE","event_source":"AUTOMATIC","correction_ind":"false","offroute_ind":"false","direction_ind":"UP","line_ind":"5","platform":" 5","route":"2","train_service_code":"25397003","division_code":"25","toc_id":"25","timetable_variation":"1","variation_status":"EARLY","next_report_stanox":"83398","next_report_run_time":"2","train_terminated":"false","delay_monitoring_point":"true","reporting_stanox":"83421","auto_expected":"true"}},{"header":{"msg_type":"0003","msg_queue_timestamp":"1713122474000","source_system_id":"TRUST","original_data_source":"SMART"},"body":{"train_id":"782Y84MY14","actual_timestamp":"1713126000000","loc_stanox":"77301","gbtt_timestamp":"1713126060000","planned_timestamp":"1713126060000","planned_event_type":"DEPARTURE","event_type":"DEPARTURE","event_source":"AUTOMATIC","correction_ind":"false","offroute_ind":"false","direction_ind":"DOWN","platform":" 7","route":"4","train_service_code":"25447000","division_code":"71","toc_id":"71","timetable_variation":"1","variation_status":"EARLY","next_report_stanox":"78699","next_report_run_time":"3","train_terminated":"false","delay_monitoring_point":"true","reporting_stanox":"77301","auto_expected":"true"}},{"header":{"msg_type":"0003","msg_queue_timestamp":"1713122474000","source_system_id":"TRUST","original_data_source":"SMART"},"body":{"train_id":"772C89MY14","actual_timestamp":"1713126060000","loc_stanox":"81907","planned_timestamp":"1713126120000","planned_event_type":"DEPARTURE","event_type":"DEPARTURE","event_source":"AUTOMATIC","correction_ind":"false","offroute_ind":"false","direction_ind":"DOWN","route":"3","train_service_code":"25460001","division_code":"25","toc_id":"25","timetable_variation":"1","variation_status":"EARLY","next_report_stanox":"81909","next_report_run_time":"1","train_terminated":"false","delay_monitoring_point":"true","reporting_stanox":"81907","auto_expected":"true"}},{"header":{"msg_type":"0003","msg_queue_timestamp":"1713122474000","source_system_id":"TRUST","original_data_source":"SMART"},"body":{"train_id":"879V64MY14","actual_timestamp":"1713126000000","loc_stanox":"63252","gbtt_timestamp":"1713125940000","planned_timestamp":"1713125940000","planned_event_type":"DEPARTURE","event_type":"DEPARTURE","event_source":"AUTOMATIC","correction_ind":"false","offroute_ind":"false","direction_ind":"DOWN","line_ind":"S","platform":" 2","route":"2","train_service_code":"22722000","division_code":"88","toc_id":"88","timetable_variation":"1","variation_status":"LATE","next_report_stanox":"63216","next_report_run_time":"1","train_terminated":"false","delay_monitoring_point":"false","reporting_stanox":"00000","auto_expected":"true"}},{"header":{"msg_type":"0003","msg_queue_timestamp":"1713122474000","source_system_id":"TRUST","original_data_source":"SMART"},"body":{"train_id":"832F26MY14","actual_timestamp":"1713126060000","loc_stanox":"83602","gbtt_timestamp":"1713126060000","planned_timestamp":"1713126060000","planned_event_type":"DEPARTURE","event_type":"DEPARTURE","event_source":"AUTOMATIC","correction_ind":"false","offroute_ind":"false","direction_ind":"UP","line_ind":"U","platform":" 2","route":"2","train_service_code":"25462001","division_code":"25","toc_id":"25","timetable_variation":"0","variation_status":"ON TIME","next_report_stanox":"83518","next_report_run_time":"7","train_terminated":"false","delay_monitoring_point":"false","reporting_stanox":"00000","auto_expected":"true"}},{"header":{"msg_type":"0003","msg_queue_timestamp":"1713122474000","source_system_id":"TRUST","original_data_source":"SMART"},"body":{"train_id":"832M71MZ14","actual_timestamp":"1713126060000","loc_stanox":"83010","planned_timestamp":"1713126090000","planned_event_type":"DEPARTURE","event_type":"DEPARTURE","event_source":"AUTOMATIC","correction_ind":"false","offroute_ind":"false","direction_ind":"UP","line_ind":"M","route":"2","train_service_code":"25467001","division_code":"25","toc_id":"25","timetable_variation":"0","variation_status":"ON TIME","next_report_stanox":"81924","next_report_run_time":"5","train_terminated":"false","delay_monitoring_point":"true","reporting_stanox":"83010","auto_expected":"true"}},{"header":{"msg_type":"0003","msg_queue_timestamp":"1713122474000","source_system_id":"TRUST","original_data_source":"SMART"},"body":{"train_id":"862W591Z14","actual_timestamp":"1713126000000","loc_stanox":"86935","gbtt_timestamp":"1713125880000","planned_timestamp":"1713125910000","planned_event_type":"DEPARTURE","event_type":"DEPARTURE","event_source":"AUTOMATIC","correction_ind":"false","offroute_ind":"false","direction_ind":"DOWN","platform":" 2","route":"1","train_service_code":"24620104","division_code":"84","toc_id":"84","timetable_variation":"2","variation_status":"LATE","next_report_stanox":"86951","next_report_run_time":"4","train_terminated":"false","delay_monitoring_point":"true","reporting_stanox":"86935","auto_expected":"true"}},{"header":{"msg_type":"0003","msg_queue_timestamp":"1713122474000","source_system_id":"TRUST","original_data_source":"SMART"},"body":{"train_id":"872M61MZ14","actual_timestamp":"1713126000000","loc_stanox":"87212","gbtt_timestamp":"1713126060000","planned_timestamp":"1713126060000","planned_event_type":"DEPARTURE","event_type":"DEPARTURE","event_source":"AUTOMATIC","correction_ind":"false","offroute_ind":"false","direction_ind":"DOWN","line_ind":"S","platform":" 5","route":"1","train_service_code":"24673405","division_code":"84","toc_id":"84","timetable_variation":"1","variation_status":"EARLY","next_report_stanox":"87286","next_report_run_time":"1","train_terminated":"false","delay_monitoring_point":"true","reporting_stanox":"87212","auto_expected":"true"}},{"header":{"msg_type":"0003","msg_queue_timestamp":"1713122474000","source_system_id":"TRUST","original_data_source":"SMART"},"body":{"train_id":"321N64MX14","actual_timestamp":"1713126000000","loc_stanox":"30044","gbtt_timestamp":"1713125340000","planned_timestamp":"1713125370000","planned_event_type":"DEPARTURE","event_type":"DEPARTURE","event_source":"AUTOMATIC","correction_ind":"false","offroute_ind":"false","direction_ind":"DOWN","line_ind":"2","platform":" 2","route":"3","train_service_code":"12362822","division_code":"23","toc_id":"23","timetable_variation":"11","variation_status":"LATE","next_report_stanox":"30041","next_report_run_time":"8","train_terminated":"false","delay_monitoring_point":"true","reporting_stanox":"30044","auto_expected":"true"}},{"header":{"msg_type":"0003","msg_queue_timestamp":"1713122475000","source_system_id":"TRUST","original_data_source":"SMART"},"body":{"train_id":"309M47MP14","actual_timestamp":"1713126120000","loc_stanox":"70306","planned_timestamp":"1713126030000","planned_event_type":"ARRIVAL","event_type":"ARRIVAL","event_source":"AUTOMATIC","correction_ind":"false","offroute_ind":"false","route":"0","train_service_code":"22114001","division_code":"65","toc_id":"65","timetable_variation":"2","variation_status":"LATE","next_report_stanox":"70320","next_report_run_time":"1","train_terminated":"false","delay_monitoring_point":"true","reporting_stanox":"70306","auto_expected":"true"}},{"header":{"msg_type":"0003","msg_queue_timestamp":"1713122475000","source_system_id":"TRUST","original_data_source":"SMART"},"body":{"train_id":"872I58MZ14","actual_timestamp":"1713126060000","loc_stanox":"87617","planned_timestamp":"1713126120000","planned_event_type":"DEPARTURE","event_type":"DEPARTURE","event_source":"AUTOMATIC","correction_ind":"false","offroute_ind":"false","direction_ind":"DOWN","route":"1","train_service_code":"24785000","division_code":"88","toc_id":"88","timetable_variation":"1","variation_status":"EARLY","next_report_stanox":"87659","next_report_run_time":"3","train_terminated":"false","delay_monitoring_point":"false","reporting_stanox":"00000","auto_expected":"true"}},{"header":{"msg_type":"0003","msg_queue_timestamp":"1713122475000","source_system_id":"TRUST","original_data_source":"SMART"},"body":{"train_id":"629V71MY14","actual_timestamp":"1713126000000","loc_stanox":"87245","gbtt_timestamp":"1713126060000","planned_timestamp":"1713126060000","planned_event_type":"DEPARTURE","event_type":"DEPARTURE","event_source":"AUTOMATIC","correction_ind":"false","offroute_ind":"false","direction_ind":"DOWN","platform":" 1","route":"2","train_service_code":"22728000","division_code":"88","toc_id":"88","timetable_variation":"1","variation_status":"EARLY","next_report_stanox":"88395","next_report_run_time":"1","train_terminated":"false","delay_monitoring_point":"true","reporting_stanox":"87245","auto_expected":"true"}},{"header":{"msg_type":"0003","msg_queue_timestamp":"1713122475000","source_system_id":"TRUST","original_data_source":"SMART"},"body":{"train_id":"872L61MY14","actual_timestamp":"1713126120000","loc_stanox":"86066","gbtt_timestamp":"1713126060000","planned_timestamp":"1713126060000","planned_event_type":"DESTINATION","event_type":"ARRIVAL","event_source":"AUTOMATIC","correction_ind":"false","offroute_ind":"false","direction_ind":"DOWN","platform":" 1","route":"0","train_service_code":"24629204","division_code":"84","toc_id":"84","timetable_variation":"1","variation_status":"LATE","train_terminated":"true","delay_monitoring_point":"true","reporting_stanox":"86066","auto_expected":"true"}},{"header":{"msg_type":"0003","msg_queue_timestamp":"1713122475000","source_system_id":"TRUST","original_data_source":"SMART"},"body":{"train_id":"321A61MW14","actual_timestamp":"1713126060000","loc_stanox":"72268","planned_timestamp":"1713126120000","planned_event_type":"DEPARTURE","event_type":"DEPARTURE","event_source":"AUTOMATIC","correction_ind":"false","offroute_ind":"false","direction_ind":"UP","line_ind":"F","route":"2","train_service_code":"22108001","division_code":"65","toc_id":"65","timetable_variation":"1","variation_status":"EARLY","next_report_stanox":"72315","next_report_run_time":"3","train_terminated":"false","delay_monitoring_point":"true","reporting_stanox":"72268","auto_expected":"true"}}]