[{"header":{"msg_type":"0003","msg_queue_timestamp":"1713737405000","source_system_id":"TRUST","original_data_source":"SMART"},"body":{"train_id":"889T18M821","actual_timestamp":"1713741060000","loc_stanox":"73778","gbtt_timestamp":"1713741000000","planned_timestamp":"1713740970000","planned_event_type":"ARRIVAL","event_type":"ARRIVAL","event_source":"AUTOMATIC","correction_ind":"false","offroute_ind":"false","direction_ind":"DOWN","platform":" 1","route":"0","train_service_code":"21381901","division_code":"33","toc_id":"33","timetable_variation":"2","variation_status":"LATE","next_report_stanox":"73767","next_report_run_time":"1","train_terminated":"false","delay_monitoring_point":"true","reporting_stanox":"73778","auto_expected":"true"}},{"header":{"msg_type":"0003","msg_queue_timestamp":"1713737405000","source_system_id":"TRUST","original_data_source":"SMART"},"body":{"train_id":"664L02CW21","actual_timestamp":"1713740940000","loc_stanox":"50223","planned_timestamp":"1713738000000","planned_event_type":"DEPARTURE","event_type":"DEPARTURE","event_source":"AUTOMATIC","correction_ind":"false","offroute_ind":"false","direction_ind":"DOWN","line_ind":"D","platform":" 2","route":"1","train_service_code":"55460180","division_code":"54","toc_id":"54","timetable_variation":"49","variation_status":"LATE","next_report_stanox":"50211","next_report_run_time":"10","train_terminated":"false","delay_monitoring_point":"true","train_file_address":"NS4","reporting_stanox":"50223","auto_expected":"true"}},{"header":{"msg_type":"0003","msg_queue_timestamp":"1713737405000","source_system_id":"TRUST","original_data_source":"SMART"},"body":{"train_id":"456M01C721","actual_timestamp":"1713740940000","loc_stanox":"72421","planned_timestamp":"1713741330000","planned_event_type":"DEPARTURE","event_type":"DEPARTURE","event_source":"AUTOMATIC","correction_ind":"false","offroute_ind":"false","direction_ind":"DOWN","platform":" 1","route":"1","train_service_code":"56161420","division_code":"05","toc_id":"05","timetable_variation":"6","variation_status":"EARLY","next_report_stanox":"72419","next_report_run_time":"4","train_terminated":"false","delay_monitoring_point":"true","train_file_address":"NV9","reporting_stanox":"72421","auto_expected":"true"}},{"header":{"msg_type":"0003","msg_queue_timestamp":"1713737405000","source_system_id":"TRUST","original_data_source":"SMART"},"body":{"train_id":"695A581721","actual_timestamp":"1713740940000","loc_stanox":"73521","planned_timestamp":"1713741180000","planned_event_type":"DEPARTURE","event_type":"DEPARTURE","event_source":"AUTOMATIC","correction_ind":"false","offroute_ind":"false","direction_ind":"DOWN","route":"3","train_service_code":"25530004","division_code":"74","toc_id":"74","timetable_variation":"4","variation_status":"EARLY","next_report_stanox":"70353","next_report_run_time":"8","train_terminated":"false","delay_monitoring_point":"false","reporting_stanox":"00000","auto_expected":"true"}},{"header":{"msg_type":"0003","msg_queue_timestamp":"1713737405000","source_system_id":"TRUST","original_data_source":"SMART"},"body":{"train_id":"661H841721","actual_timestamp":"1713741000000","loc_stanox":"63018","planned_timestamp":"1713740760000","planned_event_type":"DEPARTURE","event_type":"DEPARTURE","event_source":"AUTOMATIC","correction_ind":"false","offroute_ind":"false","direction_ind":"UP","line_ind":"M","route":"3","train_service_code":"25530004","division_code":"74","toc_id":"74","timetable_variation":"4","variation_status":"LATE","next_report_stanox":"63021","next_report_run_time":"9","train_terminated":"false","delay_monitoring_point":"true","reporting_stanox":"63018","auto_expected":"true"}},{"header":{"msg_type":"0003","msg_queue_timestamp":"1713737406000","source_system_id":"TRUST","original_data_source":"SMART"},"body":{"train_id":"361G71M721","actual_timestamp":"1713740940000","loc_stanox":"65822","gbtt_timestamp":"1713741000000","planned_timestamp":"1713741000000","planned_event_type":"DEPARTURE","event_type":"DEPARTURE","event_source":"AUTOMATIC","correction_ind":"false","offroute_ind":"false","direction_ind":"UP","platform":" 4","route":"2","train_service_code":"22300000","division_code":"29","toc_id":"29","timetable_variation":"1","variation_status":"EARLY","next_report_stanox":"65823","next_report_run_time":"1","train_terminated":"false","delay_monitoring_point":"false","reporting_stanox":"00000","auto_expected":"true"}},{"header":{"msg_type":"0003","msg_queue_timestamp":"1713737406000","source_system_id":"TRUST","original_data_source":"SMART"},"body":{"train_id":"361G71M721","actual_timestamp":"1713741000000","loc_stanox":"65823","planned_timestamp":"1713741090000","planned_event_type":"DEPARTURE","event_type":"DEPARTURE","event_source":"AUTOMATIC","correction_ind":"false","offroute_ind":"false","direction_ind":"UP","route":"2","train_service_code":"22300000","division_code":"29","toc_id":"29","timetable_variation":"1","variation_status":"EARLY","next_report_stanox":"65826","next_report_run_time":"2","train_terminated":"false","delay_monitoring_point":"true","reporting_stanox":"65823","auto_expected":"true"}}]