[{"header":{"msg_type":"0003","msg_queue_timestamp":"1713132641000","source_system_id":"TRUST","original_data_source":"SMART"},"body":{"train_id":"629T73M814","actual_timestamp":"1713136200000","loc_stanox":"63405","gbtt_timestamp":"1713136200000","planned_timestamp":"1713136200000","planned_event_type":"DEPARTURE","event_type":"DEPARTURE","event_source":"AUTOMATIC","correction_ind":"false","offroute_ind":"false","direction_ind":"UP","line_ind":"S","platform":" 1","route":"1","train_service_code":"22720000","division_code":"88","toc_id":"88","timetable_variation":"0","variation_status":"ON TIME","next_report_stanox":"63451","next_report_run_time":"2","train_terminated":"false","delay_monitoring_point":"false","reporting_stanox":"00000","auto_expected":"true"}},{"header":{"msg_type":"0003","msg_queue_timestamp":"1713132641000","source_system_id":"TRUST","original_data_source":"SMART"},"body":{"train_id":"332O74M714","actual_timestamp":"1713136200000","loc_stanox":"36184","planned_timestamp":"1713134790000","planned_event_type":"DEPARTURE","event_type":"DEPARTURE","event_source":"AUTOMATIC","correction_ind":"false","offroute_ind":"false","direction_ind":"DOWN","route":"1","train_service_code":"12236820","division_code":"23","toc_id":"23","timetable_variation":"24","variation_status":"LATE","next_report_stanox":"36175","next_report_run_time":"2","train_terminated":"false","delay_monitoring_point":"false","reporting_stanox":"00000","auto_expected":"true"}},{"header":{"msg_type":"0003","msg_queue_timestamp":"1713132641000","source_system_id":"TRUST","original_data_source":"SMART"},"body":{"train_id":"221B51MZ14","actual_timestamp":"1713136320000","loc_stanox":"32000","gbtt_timestamp":"1713136500000","planned_timestamp":"1713136380000","planned_event_type":"DESTINATION","event_type":"ARRIVAL","event_source":"AUTOMATIC","correction_ind":"false","offroute_ind":"false","direction_ind":"DOWN","platform":" 2","route":"0","train_service_code":"11817020","division_code":"20","toc_id":"20","timetable_variation":"1","variation_status":"EARLY","train_terminated":"true","delay_monitoring_point":"true","reporting_stanox":"32000","auto_expected":"true"}},{"header":{"msg_type":"0003","msg_queue_timestamp":"1713132641000","source_system_id":"TRUST","original_data_source":"SMART"},"body":{"train_id":"302H91M814","actual_timestamp":"1713136260000","loc_stanox":"30221","gbtt_timestamp":"1713136320000","planned_timestamp":"1713136290000","planned_event_type":"ARRIVAL","event_type":"ARRIVAL","event_source":"AUTOMATIC","correction_ind":"false","offroute_ind":"false","direction_ind":"UP","platform":" 1","route":"0","train_service_code":"12355820","division_code":"23","toc_id":"23","timetable_variation":"0","variation_status":"ON TIME","next_report_stanox":"30225","next_report_run_time":"1","train_terminated":"false","delay_monitoring_point":"false","reporting_stanox":"00000","auto_expected":"true"}},{"header":{"msg_type":"0003","msg_queue_timestamp":"1713132642000","source_system_id":"TRUST","original_data_source":"SDR","user_id":"#QDP0004","source_dev_id":"VDSA"},"body":{"train_id":"321V78MZ14","actual_timestamp":"1713136200000","loc_stanox":"76371","planned_timestamp":"1713135270000","planned_event_type":"DEPARTURE","event_type":"DEPARTURE","event_source":"MANUAL","correction_ind":"false","offroute_ind":"false","train_service_code":"25434000","division_code":"71","toc_id":"71","timetable_variation":"16","variation_status":"LATE","next_report_stanox":"76370","next_report_run_time":"4","train_terminated":"false","delay_monitoring_point":"false","reporting_stanox":"00000"}},{"header":{"msg_type":"0003","msg_queue_timestamp":"1713132642000","source_system_id":"TRUST","original_data_source":"SMART"},"body":{"train_id":"891J73M714","actual_timestamp":"1713136260000","loc_stanox":"52215","gbtt_timestamp":"1713136200000","planned_timestamp":"1713136170000","planned_event_type":"ARRIVAL","event_type":"ARRIVAL","event_source":"AUTOMATIC","correction_ind":"false","offroute_ind":"false","direction_ind":"UP","platform":" 2","route":"0","train_service_code":"24647004","division_code":"80","toc_id":"80","timetable_variation":"2","variation_status":"LATE","next_report_stanox":"52217","next_report_run_time":"1","train_terminated":"false","delay_monitoring_point":"true","reporting_stanox":"52215","auto_expected":"true"}},{"header":{"msg_type":"0003","msg_queue_timestamp":"1713132642000","source_system_id":"TRUST","original_data_source":"SMART"},"body":{"train_id":"882U78M814","actual_timestamp":"1713136200000","loc_stanox":"87604","planned_timestamp":"1713136260000","planned_event_type":"DEPARTURE","event_type":"DEPARTURE","event_source":"AUTOMATIC","correction_ind":"false","offroute_ind":"false","direction_ind":"UP","line_ind":"F","route":"2","train_service_code":"24650005","division_code":"80","toc_id":"80","timetable_variation":"1","variation_status":"EARLY","next_report_stanox":"87606","next_report_run_time":"2","train_terminated":"false","delay_monitoring_point":"false","reporting_stanox":"00000","auto_expected":"true"}},{"header":{"msg_type":"0003","msg_queue_timestamp":"1713132642000","source_system_id":"TRUST","original_data_source":"SMART"},"body":{"train_id":"879Y69M814","actual_timestamp":"1713136260000","loc_stanox":"89346","gbtt_timestamp":"1713136200000","planned_timestamp":"1713136170000","planned_event_type":"ARRIVAL","event_type":"ARRIVAL","event_source":"AUTOMATIC","correction_ind":"false","offroute_ind":"false","direction_ind":"DOWN","platform":" 2","route":"0","train_service_code":"22742000","division_code":"88","toc_id":"88","timetable_variation":"2","variation_status":"LATE","next_report_stanox":"89348","next_report_run_time":"1","train_terminated":"false","delay_monitoring_point":"false","reporting_stanox":"00000","auto_expected":"true"}},{"header":{"msg_type":"0003","msg_queue_timestamp":"1713132642000","source_system_id":"TRUST","original_data_source":"SMART"},"body":{"train_id":"885F59M714","actual_timestamp":"1713136260000","loc_stanox":"87701","gbtt_timestamp":"1713135600000","planned_timestamp":"1713135600000","planned_event_type":"ARRIVAL","event_type":"ARRIVAL","event_source":"AUTOMATIC","correction_ind":"false","offroute_ind":"false","direction_ind":"UP","platform":" 3","route":"0","train_service_code":"24788005","division_code":"88","toc_id":"88","timetable_variation":"11","variation_status":"LATE","next_report_stanox":"87700","next_report_run_time":"1","train_terminated":"false","delay_monitoring_point":"true","reporting_stanox":"87701","auto_expected":"true"}},{"header":{"msg_type":"0003","msg_queue_timestamp":"1713132642000","source_system_id":"TRUST","original_data_source":"SMART"},"body":{"train_id":"871C96M814","actual_timestamp":"1713136200000","loc_stanox":"87936","planned_timestamp":"1713135960000","planned_event_type":"DEPARTURE","event_type":"DEPARTURE","event_source":"AUTOMATIC","correction_ind":"false","offroute_ind":"false","direction_ind":"DOWN","platform":" 2","route":"2","train_service_code":"24745000","division_code":"88","toc_id":"88","timetable_variation":"4","variation_status":"LATE","next_report_stanox":"87941","next_report_run_time":"3","train_terminated":"false","delay_monitoring_point":"false","reporting_stanox":"00000","auto_expected":"true"}},{"header":{"msg_type":"0003","msg_queue_timestamp":"1713132642000","source_system_id":"TRUST","original_data_source":"SMART"},"body":{"train_id":"872B46M814","actual_timestamp":"1713136260000","loc_stanox":"87663","gbtt_timestamp":"1713136320000","planned_timestamp":"1713136290000","planned_event_type":"ARRIVAL","event_type":"ARRIVAL","event_source":"AUTOMATIC","correction_ind":"false","offroute_ind":"false","direction_ind":"DOWN","platform":" 2","route":"0","train_service_code":"24782000","division_code":"88","toc_id":"88","timetable_variation":"0","variation_status":"ON TIME","next_report_stanox":"87665","next_report_run_time":"1","train_terminated":"false","delay_monitoring_point":"false","reporting_stanox":"00000","auto_expected":"true"}},{"header":{"msg_type":"0003","msg_queue_timestamp":"1713132643000","source_system_id":"TRUST","original_data_source":"SMART"},"body":{"train_id":"652A65M814","actual_timestamp":"1713136200000","loc_stanox":"65651","gbtt_timestamp":"1713136080000","planned_timestamp":"1713136080000","planned_event_type":"DEPARTURE","event_type":"DEPARTURE","event_source":"AUTOMATIC","correction_ind":"false","offroute_ind":"false","direction_ind":"DOWN","platform":" 1","route":"1","train_service_code":"12256320","division_code":"29","toc_id":"29","timetable_variation":"2","variation_status":"LATE","next_report_stanox":"65663","next_report_run_time":"1","train_terminated":"false","delay_monitoring_point":"true","reporting_stanox":"65651","auto_expected":"true"}},{"header":{"msg_type":"0003","msg_queue_timestamp":"1713132643000","source_system_id":"TRUST","original_data_source":"SMART"},"body":{"train_id":"591P34M814","actual_timestamp":"1713136200000","loc_stanox":"66321","planned_timestamp":"1713136260000","planned_event_type":"DEPARTURE","event_type":"DEPARTURE","event_source":"AUTOMATIC","correction_ind":"false","offroute_ind":"false","direction_ind":"DOWN","line_ind":"B","route":"1","train_service_code":"22260000","division_code":"27","toc_id":"27","timetable_variation":"1","variation_status":"EARLY","next_report_stanox":"65627","next_report_run_time":"1","train_terminated":"false","delay_monitoring_point":"true","reporting_stanox":"66321","auto_expected":"true"}},{"header":{"msg_type":"0003","msg_queue_timestamp":"1713132643000","source_system_id":"TRUST","original_data_source":"SMART"},"body":{"train_id":"305G97M714","actual_timestamp":"1713136200000","loc_stanox":"65041","planned_timestamp":"1713137130000","planned_event_type":"DEPARTURE","event_type":"DEPARTURE","event_source":"AUTOMATIC","correction_ind":"false","offroute_ind":"false","direction_ind":"DOWN","line_ind":"T","route":"3","train_service_code":"22112002","division_code":"65","toc_id":"65","timetable_variation":"15","variation_status":"EARLY","next_report_stanox":"65039","next_report_run_time":"3","train_terminated":"false","delay_monitoring_point":"false","reporting_stanox":"00000","auto_expected":"true"}},{"header":{"msg_type":"0003","msg_queue_timestamp":"1713132643000","source_system_id":"TRUST","original_data_source":"SMART"},"body":{"train_id":"652H73M814","actual_timestamp":"1713136260000","loc_stanox":"65519","gbtt_timestamp":"1713136320000","planned_timestamp":"1713136290000","planned_event_type":"ARRIVAL","event_type":"ARRIVAL","event_source":"AUTOMATIC","correction_ind":"false","offroute_ind":"false","direction_ind":"DOWN","line_ind":"2","platform":" 2","route":"0","train_service_code":"22263110","division_code":"29","toc_id":"29","timetable_variation":"0","variation_status":"ON TIME","next_report_stanox":"65517","next_report_run_time":"1","train_terminated":"false","delay_monitoring_point":"false","reporting_stanox":"00000","auto_expected":"true"}},{"header":{"msg_type":"0003","msg_queue_timestamp":"1713132643000","source_system_id":"TRUST","original_data_source":"SMART"},"body":{"train_id":"895Y121814","actual_timestamp":"1713136260000","loc_stanox":"89398","planned_timestamp":"1713136050000","planned_event_type":"ARRIVAL","event_type":"ARRIVAL","event_source":"AUTOMATIC","correction_ind":"false","offroute_ind":"false","route":"0","train_service_code":"24602004","division_code":"80","toc_id":"80","timetable_variation":"4","variation_status":"LATE","next_report_stanox":"88284","next_report_run_time":"1","train_terminated":"false","delay_monitoring_point":"false","reporting_stanox":"00000","auto_expected":"true"}},{"header":{"msg_type":"0001","msg_queue_timestamp":"1713132644000","source_system_id":"TRUST","original_data_source":"TSIA"},"body":{"train_id":"456L69C515","toc_id":"05","schedule_wtt_id":"6L69C","sched_origin_stanox":"45100","creation_timestamp":"1713136244000","origin_dep_timestamp":"1713157680000","train_uid":"H43925","schedule_start_date":"2023-12-11","schedule_end_date":"2024-05-31","schedule_source":"C","schedule_type":"O","d1266_record_number":"00000","tp_origin_timestamp":"2024-04-15","train_call_type":"MANUAL","train_call_mode":"NORMAL","train_service_code":"53400830"}},{"header":{"msg_type":"0003","msg_queue_timestamp":"1713132644000","source_system_id":"TRUST","original_data_source":"SMART"},"body":{"train_id":"872C73M814","actual_timestamp":"1713136200000","loc_stanox":"87100","gbtt_timestamp":"1713136140000","planned_timestamp":"1713136350000","planned_event_type":"DEPARTURE","event_type":"DEPARTURE","event_source":"AUTOMATIC","correction_ind":"false","offroute_ind":"false","direction_ind":"DOWN","platform":" 2","route":"2","train_service_code":"24672104","division_code":"84","toc_id":"84","timetable_variation":"2","variation_status":"EARLY","next_report_stanox":"87101","next_report_run_time":"3","train_terminated":"false","delay_monitoring_point":"false","reporting_stanox":"00000","auto_expected":"true"}},{"header":{"msg_type":"0003","msg_queue_timestamp":"1713132644000","source_system_id":"TRUST","original_data_source":"SMART"},"body":{"train_id":"872C73M814","actual_timestamp":"1713136320000","loc_stanox":"87101","gbtt_timestamp":"1713136320000","planned_timestamp":"1713136500000","planned_event_type":"ARRIVAL","event_type":"ARRIVAL","event_source":"AUTOMATIC","correction_ind":"false","offroute_ind":"false","direction_ind":"DOWN","platform":" 2","route":"0","train_service_code":"24672104","division_code":"84","toc_id":"84","timetable_variation":"3","variation_status":"EARLY","next_report_stanox":"87004","next_report_run_time":"4","train_terminated":"false","delay_monitoring_point":"true","reporting_stanox":"87101","auto_expected":"true"}},{"header":{"msg_type":"0003","msg_queue_timestamp":"1713132644000","source_system_id":"TRUST","original_data_source":"SMART"},"body":{"train_id":"885F60M814","actual_timestamp":"1713136260000","loc_stanox":"88249","planned_timestamp":"1713136440000","planned_event_type":"DEPARTURE","event_type":"DEPARTURE","event_source":"AUTOMATIC","correction_ind":"false","offroute_ind":"false","direction_ind":"UP","route":"1","train_service_code":"24788005","division_code":"88","toc_id":"88","timetable_variation":"3","variation_status":"EARLY","next_report_stanox":"88254","next_report_run_time":"5","train_terminated":"false","delay_monitoring_point":"true","reporting_stanox":"88249","auto_expected":"true"}},{"header":{"msg_type":"0003","msg_queue_timestamp":"1713132644000","source_system_id":"TRUST","original_data_source":"SMART"},"body":{"train_id":"512J12M914","actual_timestamp":"1713136200000","loc_stanox":"51541","gbtt_timestamp":"1713136200000","planned_timestamp":"1713136230000","planned_event_type":"DEPARTURE","event_type":"DEPARTURE","event_source":"AUTOMATIC","correction_ind":"false","offroute_ind":"false","direction_ind":"UP","line_ind":"T","platform":" 1","route":"1","train_service_code":"21921000","division_code":"30","toc_id":"30","timetable_variation":"0","variation_status":"ON TIME","next_report_stanox":"51545","next_report_run_time":"2","train_terminated":"false","delay_monitoring_point":"true","reporting_stanox":"51541","auto_expected":"true"}},{"header":{"msg_type":"0003","msg_queue_timestamp":"1713132644000","source_system_id":"TRUST","original_data_source":"SMART"},"body":{"train_id":"512J12M914","actual_timestamp":"1713136320000","loc_stanox":"51545","gbtt_timestamp":"1713136380000","planned_timestamp":"1713136350000","planned_event_type":"ARRIVAL","event_type":"ARRIVAL","event_source":"AUTOMATIC","correction_ind":"false","offroute_ind":"false","direction_ind":"UP","platform":" 1","route":"0","train_service_code":"21921000","division_code":"30","toc_id":"30","timetable_variation":"0","variation_status":"ON TIME","next_report_stanox":"51547","next_report_run_time":"1","train_terminated":"false","delay_monitoring_point":"false","reporting_stanox":"00000","auto_expected":"true"}},{"header":{"msg_type":"0003","msg_queue_timestamp":"1713132644000","source_system_id":"TRUST","original_data_source":"SMART"},"body":{"train_id":"521K641814","actual_timestamp":"1713136200000","loc_stanox":"50327","gbtt_timestamp":"1713136260000","planned_timestamp":"1713136260000","planned_event_type":"DEPARTURE","event_type":"DEPARTURE","event_source":"AUTOMATIC","correction_ind":"false","offroute_ind":"false","direction_ind":"DOWN","line_ind":"D","platform":" 2","route":"3","train_service_code":"21943001","division_code":"21","toc_id":"21","timetable_variation":"1","variation_status":"EARLY","next_report_stanox":"50324","next_report_run_time":"8","train_terminated":"false","delay_monitoring_point":"false","reporting_stanox":"00000","auto_expected":"true"}},{"header":{"msg_type":"0003","msg_queue_timestamp":"1713132645000","source_system_id":"TRUST","original_data_source":"SMART"},"body":{"train_id":"361E57M814","actual_timestamp":"1713136260000","loc_stanox":"35321","gbtt_timestamp":"1713136260000","planned_timestamp":"1713136260000","planned_event_type":"ARRIVAL","event_type":"ARRIVAL","event_source":"AUTOMATIC","correction_ind":"false","offroute_ind":"false","direction_ind":"UP","platform":" 1","route":"0","train_service_code":"21733000","division_code":"20","toc_id":"20","timetable_variation":"0","variation_status":"ON TIME","next_report_stanox":"35309","next_report_run_time":"1","train_terminated":"false","delay_monitoring_point":"false","reporting_stanox":"00000","auto_expected":"true"}},{"header":{"msg_type":"0003","msg_queue_timestamp":"1713132645000","source_system_id":"TRUST","original_data_source":"SMART"},"body":{"train_id":"835E36M914","actual_timestamp":"1713136200000","loc_stanox":"83421","gbtt_timestamp":"1713136020000","planned_timestamp":"1713136020000","planned_event_type":"DEPARTURE","event_type":"DEPARTURE","event_source":"AUTOMATIC","correction_ind":"false","offroute_ind":"false","direction_ind":"DOWN","line_ind":"3","platform":" 3","route":"1","train_service_code":"25482001","division_code":"25","toc_id":"25","timetable_variation":"3","variation_status":"LATE","next_report_stanox":"83426","next_report_run_time":"1","train_terminated":"false","delay_monitoring_point":"true","reporting_stanox":"83421","auto_expected":"true"}},{"header":{"msg_type":"0003","msg_queue_timestamp":"1713132645000","source_system_id":"TRUST","original_data_source":"SMART"},"body":{"train_id":"362S66M814","actual_timestamp":"1713136200000","loc_stanox":"36060","gbtt_timestamp":"1713135780000","planned_timestamp":"1713135810000","planned_event_type":"DEPARTURE","event_type":"DEPARTURE","event_source":"AUTOMATIC","correction_ind":"false","offroute_ind":"false","direction_ind":"DOWN","platform":" 2","route":"1","train_service_code":"12301012","division_code":"64","toc_id":"64","timetable_variation":"7","variation_status":"LATE","next_report_stanox":"35001","next_report_run_time":"6","train_terminated":"false","delay_monitoring_point":"false","reporting_stanox":"00000","auto_expected":"true"}},{"header":{"msg_type":"0003","msg_queue_timestamp":"1713132646000","source_system_id":"TRUST","original_data_source":"SMART"},"body":{"train_id":"175W791814","actual_timestamp":"1713136320000","loc_stanox":"18464","gbtt_timestamp":"1713136320000","planned_timestamp":"1713136320000","planned_event_type":"ARRIVAL","event_type":"ARRIVAL","event_source":"AUTOMATIC","correction_ind":"false","offroute_ind":"false","direction_ind":"UP","platform":" 1","route":"0","train_service_code":"22974000","division_code":"23","toc_id":"23","timetable_variation":"0","variation_status":"ON TIME","next_report_stanox":"18465","next_report_run_time":"1","train_terminated":"false","delay_monitoring_point":"true","reporting_stanox":"18464","auto_expected":"true"}}]