[{"header":{"msg_type":"0003","msg_queue_timestamp":"1713115691000","source_system_id":"TRUST","original_data_source":"SMART"},"body":{"train_id":"551B47MW14","actual_timestamp":"1713119340000","loc_stanox":"59002","gbtt_timestamp":"1713119340000","planned_timestamp":"1713119340000","planned_event_type":"ARRIVAL","event_type":"ARRIVAL","event_source":"AUTOMATIC","correction_ind":"false","offroute_ind":"false","direction_ind":"UP","platform":" 2","route":"0","train_service_code":"22154000","division_code":"28","toc_id":"28","timetable_variation":"0","variation_status":"ON TIME","next_report_stanox":"59019","next_report_run_time":"1","train_terminated":"false","delay_monitoring_point":"true","reporting_stanox":"59002","auto_expected":"true"}},{"header":{"msg_type":"0003","msg_queue_timestamp":"1713115691000","source_system_id":"TRUST","original_data_source":"SMART"},"body":{"train_id":"742N61MV14","actual_timestamp":"1713119280000","loc_stanox":"74260","planned_timestamp":"1713119280000","planned_event_type":"DEPARTURE","event_type":"DEPARTURE","event_source":"AUTOMATIC","correction_ind":"false","offroute_ind":"false","direction_ind":"DOWN","line_ind":"D","route":"1","train_service_code":"25506005","division_code":"25","toc_id":"25","timetable_variation":"0","variation_status":"ON TIME","next_report_stanox":"74271","next_report_run_time":"1","train_terminated":"false","delay_monitoring_point":"false","reporting_stanox":"00000","auto_expected":"true"}},{"header":{"msg_type":"0003","msg_queue_timestamp":"1713115691000","source_system_id":"TRUST","original_data_source":"SMART"},"body":{"train_id":"731T77MW14","actual_timestamp":"1713119220000","loc_stanox":"73253","planned_event_type":"DEPARTURE","event_type":"DEPARTURE","event_source":"AUTOMATIC","correction_ind":"false","offroute_ind":"true","train_service_code":"25905000","division_code":"86","toc_id":"86","timetable_variation":"0","variation_status":"OFF ROUTE","train_terminated":"false","delay_monitoring_point":"false"}},{"header":{"msg_type":"0003","msg_queue_timestamp":"1713115691000","source_system_id":"TRUST","original_data_source":"SMART"},"body":{"train_id":"861M66MT14","actual_timestamp":"1713119280000","loc_stanox":"74320","planned_timestamp":"1713119280000","planned_event_type":"DEPARTURE","event_type":"DEPARTURE","event_source":"AUTOMATIC","correction_ind":"false","offroute_ind":"false","direction_ind":"DOWN","route":"1","train_service_code":"22180010","division_code":"27","toc_id":"27","timetable_variation":"0","variation_status":"ON TIME","next_report_stanox":"74322","next_report_run_time":"1","train_terminated":"false","delay_monitoring_point":"false","reporting_stanox":"00000","auto_expected":"true"}},{"header":{"msg_type":"0003","msg_queue_timestamp":"1713115691000","source_system_id":"TRUST","original_data_source":"SMART"},"body":{"train_id":"041R05MW14","actual_timestamp":"1713119220000","loc_stanox":"05109","gbtt_timestamp":"1713119220000","planned_timestamp":"1713119220000","planned_event_type":"DEPARTURE","event_type":"DEPARTURE","event_source":"AUTOMATIC","correction_ind":"false","offroute_ind":"false","direction_ind":"DOWN","platform":" 2","route":"2","train_service_code":"23548003","division_code":"60","toc_id":"60","timetable_variation":"0","variation_status":"ON TIME","next_report_stanox":"05024","next_report_run_time":"3","train_terminated":"false","delay_monitoring_point":"true","reporting_stanox":"05109","auto_expected":"true"}},{"header":{"msg_type":"0003","msg_queue_timestamp":"1713115692000","source_system_id":"TRUST","original_data_source":"SMART"},"body":{"train_id":"502K471V14","actual_timestamp":"1713119280000","loc_stanox":"50328","gbtt_timestamp":"1713119340000","planned_timestamp":"1713119310000","planned_event_type":"ARRIVAL","event_type":"ARRIVAL","event_source":"AUTOMATIC","correction_ind":"false","offroute_ind":"false","direction_ind":"UP","platform":" 2","route":"0","train_service_code":"21943001","division_code":"21","toc_id":"21","timetable_variation":"0","variation_status":"ON TIME","next_report_stanox":"50334","next_report_run_time":"3","train_terminated":"false","delay_monitoring_point":"true","reporting_stanox":"50328","auto_expected":"true"}},{"header":{"msg_type":"0003","msg_queue_timestamp":"1713115692000","source_system_id":"TRUST","original_data_source":"SMART"},"body":{"train_id":"501N22MV14","actual_timestamp":"1713119340000","loc_stanox":"50113","gbtt_timestamp":"1713119340000","planned_timestamp":"1713119340000","planned_event_type":"ARRIVAL","event_type":"ARRIVAL","event_source":"AUTOMATIC","correction_ind":"false","offroute_ind":"false","direction_ind":"DOWN","platform":" 2","route":"0","train_service_code":"21939001","division_code":"21","toc_id":"21","timetable_variation":"0","variation_status":"ON TIME","next_report_stanox":"50105","next_report_run_time":"1","train_terminated":"false","delay_monitoring_point":"false","reporting_stanox":"00000","auto_expected":"true"}},{"header":{"msg_type":"0003","msg_queue_timestamp":"1713115692000","source_system_id":"TRUST","original_data_source":"SMART"},"body":{"train_id":"522T96MW14","actual_timestamp":"1713119400000","loc_stanox":"52731","gbtt_timestamp":"1713119340000","planned_timestamp":"1713119340000","planned_event_type":"DESTINATION","event_type":"ARRIVAL","event_source":"AUTOMATIC","correction_ind":"false","offroute_ind":"false","direction_ind":"DOWN","platform":" 2","route":"0","train_service_code":"21235001","division_code":"30","toc_id":"30","timetable_variation":"1","variation_status":"LATE","train_terminated":"true","delay_monitoring_point":"true","reporting_stanox":"52731","auto_expected":"true"}},{"header":{"msg_type":"0003","msg_queue_timestamp":"1713115692000","source_system_id":"TRUST","original_data_source":"SMART"},"body":{"train_id":"662P42MW14","actual_timestamp":"1713119220000","loc_stanox":"66529","gbtt_timestamp":"1713119220000","planned_timestamp":"1713119220000","planned_event_type":"DEPARTURE","event_type":"DEPARTURE","event_source":"AUTOMATIC","correction_ind":"false","offroute_ind":"false","direction_ind":"UP","platform":" 1","route":"1","train_service_code":"12272820","division_code":"29","toc_id":"29","timetable_variation":"0","variation_status":"ON TIME","next_report_stanox":"66526","next_report_run_time":"2","train_terminated":"false","delay_monitoring_point":"true","reporting_stanox":"66529","auto_expected":"true"}},{"header":{"msg_type":"0003","msg_queue_timestamp":"1713115692000","source_system_id":"TRUST","original_data_source":"SMART"},"body":{"train_id":"662P42MW14","actual_timestamp":"1713119400000","loc_stanox":"66526","planned_timestamp":"1713119370000","planned_event_type":"DEPARTURE","event_type":"DEPARTURE","event_source":"AUTOMATIC","correction_ind":"false","offroute_ind":"false","direction_ind":"UP","route":"1","train_service_code":"12272820","division_code":"29","toc_id":"29","timetable_variation":"1","variation_status":"LATE","next_report_stanox":"66527","next_report_run_time":"3","train_terminated":"false","delay_monitoring_point":"false","reporting_stanox":"00000","auto_expected":"true"}},{"header":{"msg_type":"0003","msg_queue_timestamp":"1713115692000","source_system_id":"TRUST","original_data_source":"SMART"},"body":{"train_id":"662P42MW14","actual_timestamp":"1713119520000","loc_stanox":"66527","gbtt_timestamp":"1713119520000","planned_timestamp":"1713119520000","planned_event_type":"ARRIVAL","event_type":"ARRIVAL","event_source":"AUTOMATIC","correction_ind":"false","offroute_ind":"false","direction_ind":"UP","platform":" 1","route":"0","train_service_code":"12272820","division_code":"29","toc_id":"29","timetable_variation":"0","variation_status":"ON TIME","next_report_stanox":"66525","next_report_run_time":"1","train_terminated":"false","delay_monitoring_point":"false","reporting_stanox":"00000","auto_expected":"true"}},{"header":{"msg_type":"0003","msg_queue_timestamp":"1713115692000","source_system_id":"TRUST","original_data_source":"SMART"},"body":{"train_id":"541D24MV14","actual_timestamp":"1713119280000","loc_stanox":"45002","planned_timestamp":"1713119340000","planned_event_type":"DEPARTURE","event_type":"DEPARTURE","event_source":"AUTOMATIC","correction_ind":"false","offroute_ind":"false","direction_ind":"DOWN","line_ind":"F","route":"1","train_service_code":"21702001","division_code":"61","toc_id":"61","timetable_variation":"1","variation_status":"EARLY","next_report_stanox":"44999","next_report_run_time":"7","train_terminated":"false","delay_monitoring_point":"true","reporting_stanox":"45002","auto_expected":"true"}},{"header":{"msg_type":"0003","msg_queue_timestamp":"1713115693000","source_system_id":"TRUST","original_data_source":"SMART"},"body":{"train_id":"722I45MV14","actual_timestamp":"1713119280000","loc_stanox":"72272","gbtt_timestamp":"1713119340000","planned_timestamp":"1713119340000","planned_event_type":"ARRIVAL","event_type":"ARRIVAL","event_source":"AUTOMATIC","correction_ind":"false","offroute_ind":"false","direction_ind":"DOWN","platform":" 2","route":"0","train_service_code":"24680004","division_code":"91","toc_id":"91","timetable_variation":"1","variation_status":"EARLY","next_report_stanox":"72277","next_report_run_time":"1","train_terminated":"false","delay_monitoring_point":"false","reporting_stanox":"00000","auto_expected":"true"}},{"header":{"msg_type":"0003","msg_queue_timestamp":"1713115693000","source_system_id":"TRUST","original_data_source":"SMART"},"body":{"train_id":"871A49MV14","actual_timestamp":"1713119220000","loc_stanox":"87701","gbtt_timestamp":"1713119220000","planned_timestamp":"1713119220000","planned_event_type":"DEPARTURE","event_type":"DEPARTURE","event_source":"AUTOMATIC","correction_ind":"false","offroute_ind":"false","direction_ind":"UP","line_ind":"F","platform":" 1","route":"2","train_service_code":"24747000","division_code":"88","toc_id":"88","timetable_variation":"0","variation_status":"ON TIME","next_report_stanox":"87700","next_report_run_time":"1","train_terminated":"false","delay_monitoring_point":"true","reporting_stanox":"87701","auto_expected":"true"}},{"header":{"msg_type":"0003","msg_queue_timestamp":"1713115693000","source_system_id":"TRUST","original_data_source":"SMART"},"body":{"train_id":"872J51MV14","actual_timestamp":"1713119220000","loc_stanox":"87701","gbtt_timestamp":"1713119280000","planned_timestamp":"1713119310000","planned_event_type":"DEPARTURE","event_type":"DEPARTURE","event_source":"AUTOMATIC","correction_ind":"false","offroute_ind":"false","direction_ind":"DOWN","line_ind":"S","platform":" 6","route":"1","train_service_code":"24787000","division_code":"88","toc_id":"88","timetable_variation":"1","variation_status":"EARLY","next_report_stanox":"87704","next_report_run_time":"2","train_terminated":"false","delay_monitoring_point":"true","reporting_stanox":"87701","auto_expected":"true"}},{"header":{"msg_type":"0003","msg_queue_timestamp":"1713115693000","source_system_id":"TRUST","original_data_source":"SMART"},"body":{"train_id":"811M93MS14","actual_timestamp":"1713119220000","loc_stanox":"43031","planned_timestamp":"1713119190000","planned_event_type":"DEPARTURE","event_type":"DEPARTURE","event_source":"AUTOMATIC","correction_ind":"false","offroute_ind":"false","direction_ind":"DOWN","line_ind":"2","platform":" 2","route":"1","train_service_code":"22180013","division_code":"27","toc_id":"27","timetable_variation":"1","variation_status":"LATE","next_report_stanox":"43013","next_report_run_time":"4","train_terminated":"false","delay_monitoring_point":"true","reporting_stanox":"43031","auto_expected":"true"}},{"header":{"msg_type":"0003","msg_queue_timestamp":"1713115693000","source_system_id":"TRUST","original_data_source":"SMART"},"body":{"train_id":"115T571W14","actual_timestamp":"1713119400000","loc_stanox":"30120","gbtt_timestamp":"1713119460000","planned_timestamp":"1713119490000","planned_event_type":"ARRIVAL","event_type":"ARRIVAL","event_source":"AUTOMATIC","correction_ind":"false","offroute_ind":"false","direction_ind":"UP","platform":"P","route":"0","train_service_code":"22974000","division_code":"23","toc_id":"23","timetable_variation":"1","variation_status":"EARLY","next_report_stanox":"30127","next_report_run_time":"7","train_terminated":"false","delay_monitoring_point":"true","reporting_stanox":"30120","auto_expected":"true"}},{"header":{"msg_type":"0003","msg_queue_timestamp":"1713115693000","source_system_id":"TRUST","original_data_source":"SMART"},"body":{"train_id":"879R58MW14","actual_timestamp":"1713119280000","loc_stanox":"87920","gbtt_timestamp":"1713119220000","planned_timestamp":"1713119220000","planned_event_type":"DEPARTURE","event_type":"DEPARTURE","event_source":"AUTOMATIC","correction_ind":"false","offroute_ind":"false","direction_ind":"UP","line_ind":"F","platform":" 1","route":"2","train_service_code":"22729000","division_code":"88","toc_id":"88","timetable_variation":"1","variation_status":"LATE","next_report_stanox":"87911","next_report_run_time":"4","train_terminated":"false","delay_monitoring_point":"true","reporting_stanox":"87920","auto_expected":"true"}},{"header":{"msg_type":"0003","msg_queue_timestamp":"1713115693000","source_system_id":"TRUST","original_data_source":"SMART"},"body":{"train_id":"401H88MV14","actual_timestamp":"1713119280000","loc_stanox":"31747","planned_timestamp":"1713118800000","planned_event_type":"DEPARTURE","event_type":"DEPARTURE","event_source":"AUTOMATIC","correction_ind":"false","offroute_ind":"false","direction_ind":"UP","route":"2","train_service_code":"22345000","division_code":"71","toc_id":"71","timetable_variation":"8","variation_status":"LATE","next_report_stanox":"31739","next_report_run_time":"4","train_terminated":"false","delay_monitoring_point":"true","reporting_stanox":"31747","auto_expected":"true"}},{"header":{"msg_type":"0003","msg_queue_timestamp":"1713115693000","source_system_id":"TRUST","original_data_source":"SMART"},"body":{"train_id":"879B50MW14","actual_timestamp":"1713119280000","loc_stanox":"52088","gbtt_timestamp":"1713119280000","planned_timestamp":"1713119280000","planned_event_type":"ARRIVAL","event_type":"ARRIVAL","event_source":"AUTOMATIC","correction_ind":"false","offroute_ind":"false","direction_ind":"UP","platform":" 1","route":"0","train_service_code":"22215003","division_code":"30","toc_id":"30","timetable_variation":"0","variation_status":"ON TIME","next_report_stanox":"52084","next_report_run_time":"1","train_terminated":"false","delay_monitoring_point":"false","reporting_stanox":"00000","auto_expected":"true"}},{"header":{"msg_type":"0003","msg_queue_timestamp":"1713115694000","source_system_id":"TRUST","original_data_source":"SMART"},"body":{"train_id":"629T55MV14","actual_timestamp":"1713119220000","loc_stanox":"63201","gbtt_timestamp":"1713119220000","planned_timestamp":"1713119250000","planned_event_type":"DEPARTURE","event_type":"DEPARTURE","event_source":"AUTOMATIC","correction_ind":"false","offroute_ind":"false","direction_ind":"UP","line_ind":"S","platform":" 1","route":"2","train_service_code":"22720000","division_code":"88","toc_id":"88","timetable_variation":"0","variation_status":"ON TIME","next_report_stanox":"63209","next_report_run_time":"5","train_terminated":"false","delay_monitoring_point":"true","reporting_stanox":"63201","auto_expected":"true"}},{"header":{"msg_type":"0003","msg_queue_timestamp":"1713115694000","source_system_id":"TRUST","original_data_source":"SMART"},"body":{"train_id":"782F20MW14","actual_timestamp":"1713119100000","loc_stanox":"78817","gbtt_timestamp":"1713119160000","planned_timestamp":"1713119160000","planned_event_type":"DEPARTURE","event_type":"DEPARTURE","event_source":"AUTOMATIC","correction_ind":"false","offroute_ind":"false","direction_ind":"UP","platform":" 1","route":"1","train_service_code":"25442000","division_code":"71","toc_id":"71","timetable_variation":"1","variation_status":"EARLY","next_report_stanox":"78810","next_report_run_time":"3","train_terminated":"false","delay_monitoring_point":"true","reporting_stanox":"78817","auto_expected":"true"}},{"header":{"msg_type":"0003","msg_queue_timestamp":"1713115694000","source_system_id":"TRUST","original_data_source":"SMART"},"body":{"train_id":"782F20MW14","actual_timestamp":"1713119340000","loc_stanox":"78810","gbtt_timestamp":"1713119400000","planned_timestamp":"1713119370000","planned_event_type":"ARRIVAL","event_type":"ARRIVAL","event_source":"AUTOMATIC","correction_ind":"false","offroute_ind":"false","direction_ind":"UP","platform":" 1","route":"0","train_service_code":"25442000","division_code":"71","toc_id":"71","timetable_variation":"0","variation_status":"ON TIME","next_report_stanox":"78805","next_report_run_time":"1","train_terminated":"false","delay_monitoring_point":"true","reporting_stanox":"78810","auto_expected":"true"}},{"header":{"msg_type":"0003","msg_queue_timestamp":"1713115694000","source_system_id":"TRUST","original_data_source":"SMART"},"body":{"train_id":"841A26MQ14","actual_timestamp":"1713119220000","loc_stanox":"74023","planned_timestamp":"1713118680000","planned_event_type":"DEPARTURE","event_type":"DEPARTURE","event_source":"AUTOMATIC","correction_ind":"false","offroute_ind":"false","direction_ind":"UP","line_ind":"U","platform":" 2","route":"2","train_service_code":"25397003","division_code":"25","toc_id":"25","timetable_variation":"9","variation_status":"LATE","next_report_stanox":"74005","next_report_run_time":"3","train_terminated":"false","delay_monitoring_point":"true","reporting_stanox":"74023","auto_expected":"true"}},{"header":{"msg_type":"0003","msg_queue_timestamp":"1713115694000","source_system_id":"TRUST","original_data_source":"SMART"},"body":{"train_id":"782M24MV14","actual_timestamp":"1713119220000","loc_stanox":"77301","gbtt_timestamp":"1713119280000","planned_timestamp":"1713119280000","planned_event_type":"DEPARTURE","event_type":"DEPARTURE","event_source":"AUTOMATIC","correction_ind":"false","offroute_ind":"false","direction_ind":"UP","platform":" 6","route":"3","train_service_code":"25442000","division_code":"71","toc_id":"71","timetable_variation":"1","variation_status":"EARLY","next_report_stanox":"78527","train_terminated":"false","delay_monitoring_point":"true","reporting_stanox":"77301","auto_expected":"true"}},{"header":{"msg_type":"0003","msg_queue_timestamp":"1713115694000","source_system_id":"TRUST","original_data_source":"SMART"},"body":{"train_id":"325T671W14","actual_timestamp":"1713119340000","loc_stanox":"32000","planned_timestamp":"1713119310000","planned_event_type":"ARRIVAL","event_type":"ARRIVAL","event_source":"AUTOMATIC","correction_ind":"false","offroute_ind":"false","route":"0","train_service_code":"21731000","division_code":"20","toc_id":"20","timetable_variation":"1","variation_status":"LATE","next_report_stanox":"33087","next_report_run_time":"1","train_terminated":"false","delay_monitoring_point":"true","reporting_stanox":"32000","auto_expected":"true"}},{"header":{"msg_type":"0003","msg_queue_timestamp":"1713115694000","source_system_id":"TRUST","original_data_source":"SMART"},"body":{"train_id":"322F19MT14","actual_timestamp":"1713119280000","loc_stanox":"36170","planned_timestamp":"1713118680000","planned_event_type":"DEPARTURE","event_type":"DEPARTURE","event_source":"AUTOMATIC","correction_ind":"false","offroute_ind":"false","direction_ind":"DOWN","line_ind":"S","platform":" 2","route":"1","train_service_code":"12233820","division_code":"23","toc_id":"23","timetable_variation":"10","variation_status":"LATE","next_report_stanox":"36056","next_report_run_time":"1","train_terminated":"false","delay_monitoring_point":"false","reporting_stanox":"00000","auto_expected":"true"}},{"header":{"msg_type":"0003","msg_queue_timestamp":"1713115694000","source_system_id":"TRUST","original_data_source":"SMART"},"body":{"train_id":"862L62MV14","actual_timestamp":"1713119220000","loc_stanox":"86031","gbtt_timestamp":"1713119280000","planned_timestamp":"1713119280000","planned_event_type":"DEPARTURE","event_type":"DEPARTURE","event_source":"AUTOMATIC","correction_ind":"false","offroute_ind":"false","direction_ind":"UP","line_ind":"S","platform":" 1","route":"2","train_service_code":"24629204","division_code":"84","toc_id":"84","timetable_variation":"1","variation_status":"EARLY","next_report_stanox":"86022","next_report_run_time":"4","train_terminated":"false","delay_monitoring_point":"true","reporting_stanox":"86031","auto_expected":"true"}},{"header":{"msg_type":"0003","msg_queue_timestamp":"1713115695000","source_system_id":"TRUST","original_data_source":"SMART"},"body":{"train_id":"401F99MV14","actual_timestamp":"1713119280000","loc_stanox":"36184","planned_timestamp":"1713119160000","planned_event_type":"DEPARTURE","event_type":"DEPARTURE","event_source":"AUTOMATIC","correction_ind":"false","offroute_ind":"false","direction_ind":"DOWN","route":"1","train_service_code":"22345001","division_code":"71","toc_id":"71","timetable_variation":"2","variation_status":"LATE","next_report_stanox":"36175","next_report_run_time":"1","train_terminated":"false","delay_monitoring_point":"false","reporting_stanox":"00000","auto_expected":"true"}},{"header":{"msg_type":"0003","msg_queue_timestamp":"1713115695000","source_system_id":"TRUST","original_data_source":"SMART"},"body":{"train_id":"861W60MR14","actual_timestamp":"1713119340000","loc_stanox":"87171","planned_timestamp":"1713119400000","planned_event_type":"ARRIVAL","event_type":"ARRIVAL","event_source":"AUTOMATIC","correction_ind":"false","offroute_ind":"false","route":"0","train_service_code":"24620104","division_code":"84","toc_id":"84","timetable_variation":"1","variation_status":"EARLY","next_report_stanox":"87285","next_report_run_time":"1","train_terminated":"false","delay_monitoring_point":"true","reporting_stanox":"87171","auto_expected":"true"}},{"header":{"msg_type":"0003","msg_queue_timestamp":"1713115695000","source_system_id":"TRUST","original_data_source":"SMART"},"body":{"train_id":"872L55MV14","actual_timestamp":"1713119280000","loc_stanox":"86041","gbtt_timestamp":"1713119280000","planned_timestamp":"1713119310000","planned_event_type":"DEPARTURE","event_type":"DEPARTURE","event_source":"AUTOMATIC","correction_ind":"false","offroute_ind":"false","direction_ind":"DOWN","line_ind":"S","platform":" 2","route":"2","train_service_code":"24629204","division_code":"84","toc_id":"84","timetable_variation":"0","variation_status":"ON TIME","next_report_stanox":"87043","next_report_run_time":"3","train_terminated":"false","delay_monitoring_point":"false","reporting_stanox":"00000","auto_expected":"true"}},{"header":{"msg_type":"0003","msg_queue_timestamp":"1713115695000","source_system_id":"TRUST","original_data_source":"SMART"},"body":{"train_id":"481M80MR14","actual_timestamp":"1713119340000","loc_stanox":"55247","gbtt_timestamp":"1713119520000","planned_timestamp":"1713119490000","planned_event_type":"ARRIVAL","event_type":"ARRIVAL","event_source":"AUTOMATIC","correction_ind":"false","offroute_ind":"false","direction_ind":"UP","platform":" 4","route":"0","train_service_code":"22269000","division_code":"28","toc_id":"28","timetable_variation":"2","variation_status":"EARLY","next_report_stanox":"55221","next_report_run_time":"18","train_terminated":"false","delay_monitoring_point":"true","reporting_stanox":"55247","auto_expected":"true"}}]