[{"header":{"msg_type":"0003","msg_queue_timestamp":"1713737479000","source_system_id":"TRUST","original_data_source":"SMART"},"body":{"train_id":"722J11M821","actual_timestamp":"1713741000000","loc_stanox":"51551","gbtt_timestamp":"1713741060000","planned_timestamp":"1713741090000","planned_event_type":"DEPARTURE","event_type":"DEPARTURE","event_source":"AUTOMATIC","correction_ind":"false","offroute_ind":"false","direction_ind":"DOWN","line_ind":"D","platform":" 2","route":"2","train_service_code":"21921000","division_code":"30","toc_id":"30","timetable_variation":"1","variation_status":"EARLY","next_report_stanox":"51547","next_report_run_time":"2","train_terminated":"false","delay_monitoring_point":"false","reporting_stanox":"00000","auto_expected":"true"}},{"header":{"msg_type":"0003","msg_queue_timestamp":"1713737479000","source_system_id":"TRUST","original_data_source":"SMART"},"body":{"train_id":"522N04M821","actual_timestamp":"1713741120000","loc_stanox":"87136","gbtt_timestamp":"1713741120000","planned_timestamp":"1713741120000","planned_event_type":"ARRIVAL","event_type":"ARRIVAL","event_source":"AUTOMATIC","correction_ind":"false","offroute_ind":"false","direction_ind":"DOWN","platform":" 2","route":"0","train_service_code":"22214000","division_code":"30","toc_id":"30","timetable_variation":"0","variation_status":"ON TIME","next_report_stanox":"87132","next_report_run_time":"1","train_terminated":"false","delay_monitoring_point":"false","reporting_stanox":"00000","auto_expected":"true"}},{"header":{"msg_type":"0003","msg_queue_timestamp":"1713737479000","source_system_id":"TRUST","original_data_source":"SMART"},"body":{"train_id":"722J11M821","actual_timestamp":"1713741120000","loc_stanox":"51547","gbtt_timestamp":"1713741180000","planned_timestamp":"1713741180000","planned_event_type":"ARRIVAL","event_type":"ARRIVAL","event_source":"AUTOMATIC","correction_ind":"false","offroute_ind":"false","direction_ind":"DOWN","platform":" 2","route":"0","train_service_code":"21921000","division_code":"30","toc_id":"30","timetable_variation":"1","variation_status":"EARLY","next_report_stanox":"51545","next_report_run_time":"1","train_terminated":"false","delay_monitoring_point":"false","reporting_stanox":"00000","auto_expected":"true"}},{"header":{"msg_type":"0003","msg_queue_timestamp":"1713737480000","source_system_id":"TRUST","original_data_source":"SMART"},"body":{"train_id":"885D20M921","actual_timestamp":"1713741000000","loc_stanox":"88461","planned_timestamp":"1713741780000","planned_event_type":"DEPARTURE","event_type":"DEPARTURE","event_source":"AUTOMATIC","correction_ind":"false","offroute_ind":"false","direction_ind":"UP","platform":" 1","route":"2","train_service_code":"24657005","division_code":"80","toc_id":"80","timetable_variation":"13","variation_status":"EARLY","next_report_stanox":"88453","next_report_run_time":"9","train_terminated":"false","delay_monitoring_point":"true","reporting_stanox":"88461","auto_expected":"true"}}]