[{"header":{"msg_type":"0003","msg_queue_timestamp":"1713730690000","source_system_id":"TRUST","original_data_source":"SMART"},"body":{"train_id":"072H05MZ21","actual_timestamp":"1713734340000","loc_stanox":"06701","gbtt_timestamp":"1713734340000","planned_timestamp":"1713734340000","planned_event_type":"ARRIVAL","event_type":"ARRIVAL","event_source":"AUTOMATIC","correction_ind":"false","offroute_ind":"false","direction_ind":"DOWN","platform":" 1","route":"0","train_service_code":"13560015","division_code":"60","toc_id":"60","timetable_variation":"0","variation_status":"ON TIME","next_report_stanox":"06600","next_report_run_time":"1","train_terminated":"false","delay_monitoring_point":"true","reporting_stanox":"06701","auto_expected":"true"}},{"header":{"msg_type":"0003","msg_queue_timestamp":"1713730690000","source_system_id":"TRUST","original_data_source":"SMART"},"body":{"train_id":"072L33MZ21","actual_timestamp":"1713734280000","loc_stanox":"06203","gbtt_timestamp":"1713734160000","planned_timestamp":"1713734190000","planned_event_type":"DEPARTURE","event_type":"DEPARTURE","event_source":"AUTOMATIC","correction_ind":"false","offroute_ind":"false","direction_ind":"DOWN","platform":" 2","route":"2","train_service_code":"23563015","division_code":"60","toc_id":"60","timetable_variation":"2","variation_status":"LATE","next_report_stanox":"06137","next_report_run_time":"4","train_terminated":"false","delay_monitoring_point":"false","reporting_stanox":"00000","auto_expected":"true"}},{"header":{"msg_type":"0003","msg_queue_timestamp":"1713730691000","source_system_id":"TRUST","original_data_source":"SMART"},"body":{"train_id":"889Y981721","actual_timestamp":"1713734280000","loc_stanox":"88529","planned_timestamp":"1713734280000","planned_event_type":"DEPARTURE","event_type":"DEPARTURE","event_source":"AUTOMATIC","correction_ind":"false","offroute_ind":"false","direction_ind":"UP","route":"2","train_service_code":"21382001","division_code":"33","toc_id":"33","timetable_variation":"0","variation_status":"ON TIME","next_report_stanox":"88528","next_report_run_time":"2","train_terminated":"false","delay_monitoring_point":"false","reporting_stanox":"00000","auto_expected":"true"}},{"header":{"msg_type":"0003","msg_queue_timestamp":"1713730691000","source_system_id":"TRUST","original_data_source":"SMART"},"body":{"train_id":"872N48MZ21","actual_timestamp":"1713734280000","loc_stanox":"72413","gbtt_timestamp":"1713734220000","planned_timestamp":"1713734190000","planned_event_type":"ARRIVAL","event_type":"ARRIVAL","event_source":"AUTOMATIC","correction_ind":"false","offroute_ind":"false","direction_ind":"UP","platform":" 2","route":"0","train_service_code":"22214000","division_code":"30","toc_id":"30","timetable_variation":"2","variation_status":"LATE","next_report_stanox":"72414","next_report_run_time":"1","train_terminated":"false","delay_monitoring_point":"false","reporting_stanox":"00000","auto_expected":"true"}},{"header":{"msg_type":"0003","msg_queue_timestamp":"1713730691000","source_system_id":"TRUST","original_data_source":"SMART"},"body":{"train_id":"721S25MZ21","actual_timestamp":"1713734220000","loc_stanox":"72416","planned_timestamp":"1713734220000","planned_event_type":"DEPARTURE","event_type":"DEPARTURE","event_source":"AUTOMATIC","correction_ind":"false","offroute_ind":"false","direction_ind":"UP","platform":" 2","route":"2","train_service_code":"23558003","division_code":"35","toc_id":"35","timetable_variation":"0","variation_status":"ON TIME","next_report_stanox":"72419","next_report_run_time":"6","train_terminated":"false","delay_monitoring_point":"false","train_file_address":"NQ6","reporting_stanox":"00000","auto_expected":"true"}},{"header":{"msg_type":"0003","msg_queue_timestamp":"1713730691000","source_system_id":"TRUST","original_data_source":"SMART"},"body":{"train_id":"872L49MZ21","actual_timestamp":"1713734340000","loc_stanox":"72275","gbtt_timestamp":"1713734340000","planned_timestamp":"1713734310000","planned_event_type":"ARRIVAL","event_type":"ARRIVAL","event_source":"AUTOMATIC","correction_ind":"false","offroute_ind":"false","direction_ind":"UP","line_ind":"U","platform":" 4","route":"0","train_service_code":"22204000","division_code":"30","toc_id":"30","timetable_variation":"1","variation_status":"LATE","next_report_stanox":"72273","next_report_run_time":"1","train_terminated":"false","delay_monitoring_point":"true","reporting_stanox":"72275","auto_expected":"true"}}]