[{"header":{"msg_type":"0003","msg_queue_timestamp":"1713738691000","source_system_id":"TRUST","original_data_source":"SMART"},"body":{"train_id":"851A50M721","actual_timestamp":"1713742260000","loc_stanox":"84075","planned_timestamp":"1713742110000","planned_event_type":"DEPARTURE","event_type":"DEPARTURE","event_source":"AUTOMATIC","correction_ind":"false","offroute_ind":"false","direction_ind":"UP","line_ind":"U","platform":"U","route":"2","train_service_code":"25396002","division_code":"25","toc_id":"25","timetable_variation":"3","variation_status":"LATE","next_report_stanox":"84067","next_report_run_time":"5","train_terminated":"false","delay_monitoring_point":"true","reporting_stanox":"84075","auto_expected":"true"}},{"header":{"msg_type":"0001","msg_queue_timestamp":"1713738691000","source_system_id":"TRUST","original_data_source":"TSIA"},"body":{"train_id":"184R48C622","toc_id":"05","schedule_wtt_id":"4R48C","sched_origin_stanox":"18001","creation_timestamp":"1713742291000","origin_dep_timestamp":"1713767400000","train_uid":"H42980","schedule_start_date":"2023-12-11","schedule_end_date":"2024-05-31","schedule_source":"C","schedule_type":"O","d1266_record_number":"00000","tp_origin_timestamp":"2024-04-22","train_call_type":"MANUAL","train_call_mode":"NORMAL","train_service_code":"55303021"}},{"header":{"msg_type":"0003","msg_queue_timestamp":"1713738691000","source_system_id":"TRUST","original_data_source":"SMART"},"body":{"train_id":"665B30M921","actual_timestamp":"1713742260000","loc_stanox":"66409","gbtt_timestamp":"1713742200000","planned_timestamp":"1713742200000","planned_event_type":"DEPARTURE","event_type":"DEPARTURE","event_source":"AUTOMATIC","correction_ind":"false","offroute_ind":"false","direction_ind":"UP","line_ind":"3","platform":" 1","route":"2","train_service_code":"22977000","division_code":"29","toc_id":"29","timetable_variation":"1","variation_status":"LATE","next_report_stanox":"66411","next_report_run_time":"2","train_terminated":"false","delay_monitoring_point":"true","reporting_stanox":"66409","auto_expected":"true"}},{"header":{"msg_type":"0003","msg_queue_timestamp":"1713738691000","source_system_id":"TRUST","original_data_source":"SMART"},"body":{"train_id":"672G61M921","actual_timestamp":"1713742320000","loc_stanox":"66503","gbtt_timestamp":"1713742320000","planned_timestamp":"1713742320000","planned_event_type":"ARRIVAL","event_type":"ARRIVAL","event_source":"AUTOMATIC","correction_ind":"false","offroute_ind":"false","direction_ind":"UP","platform":" 1","route":"0","train_service_code":"12272820","division_code":"29","toc_id":"29","timetable_variation":"0","variation_status":"ON TIME","next_report_stanox":"66502","next_report_run_time":"1","train_terminated":"false","delay_monitoring_point":"false","reporting_stanox":"00000","auto_expected":"true"}},{"header":{"msg_type":"0003","msg_queue_timestamp":"1713738691000","source_system_id":"TRUST","original_data_source":"SMART"},"body":{"train_id":"665B30M921","actual_timestamp":"1713742380000","loc_stanox":"66411","planned_timestamp":"1713742320000","planned_event_type":"ARRIVAL","event_type":"ARRIVAL","event_source":"AUTOMATIC","correction_ind":"false","offroute_ind":"false","route":"0","train_service_code":"22977000","division_code":"29","toc_id":"29","timetable_variation":"1","variation_status":"LATE","next_report_stanox":"66421","next_report_run_time":"1","train_terminated":"false","delay_monitoring_point":"true","reporting_stanox":"66411","auto_expected":"true"}},{"header":{"msg_type":"0003","msg_queue_timestamp":"1713738692000","source_system_id":"TRUST","original_data_source":"SMART"},"body":{"train_id":"672G61M921","actual_timestamp":"1713742260000","loc_stanox":"66510","gbtt_timestamp":"1713742200000","planned_timestamp":"1713742200000","planned_event_type":"DEPARTURE","event_type":"DEPARTURE","event_source":"AUTOMATIC","correction_ind":"false","offroute_ind":"false","direction_ind":"UP","platform":" 1","route":"2","train_service_code":"12272820","division_code":"29","toc_id":"29","timetable_variation":"1","variation_status":"LATE","next_report_stanox":"66503","next_report_run_time":"2","train_terminated":"false","delay_monitoring_point":"true","reporting_stanox":"66510","auto_expected":"true"}},{"header":{"msg_type":"0003","msg_queue_timestamp":"1713738692000","source_system_id":"TRUST","original_data_source":"SMART"},"body":{"train_id":"522M07M921","actual_timestamp":"1713742260000","loc_stanox":"72418","gbtt_timestamp":"1713742200000","planned_timestamp":"1713742200000","planned_event_type":"DEPARTURE","event_type":"DEPARTURE","event_source":"AUTOMATIC","correction_ind":"false","offroute_ind":"false","direction_ind":"DOWN","platform":" 1","route":"1","train_service_code":"22214000","division_code":"30","toc_id":"30","timetable_variation":"1","variation_status":"LATE","next_report_stanox":"72417","next_report_run_time":"1","train_terminated":"false","delay_monitoring_point":"false","reporting_stanox":"00000","auto_expected":"true"}},{"header":{"msg_type":"0003","msg_queue_timestamp":"1713738692000","source_system_id":"TRUST","original_data_source":"SMART"},"body":{"train_id":"382W57M821","actual_timestamp":"1713742260000","loc_stanox":"38004","gbtt_timestamp":"1713742320000","planned_timestamp":"1713742320000","planned_event_type":"DEPARTURE","event_type":"DEPARTURE","event_source":"AUTOMATIC","correction_ind":"false","offroute_ind":"false","direction_ind":"DOWN","platform":" 2","route":"2","train_service_code":"12305012","division_code":"64","toc_id":"64","timetable_variation":"1","variation_status":"EARLY","next_report_stanox":"38001","next_report_run_time":"4","train_terminated":"false","delay_monitoring_point":"false","reporting_stanox":"00000","auto_expected":"true"}},{"header":{"msg_type":"0003","msg_queue_timestamp":"1713738693000","source_system_id":"TRUST","original_data_source":"SMART"},"body":{"train_id":"152D33M821","actual_timestamp":"1713742260000","loc_stanox":"15319","planned_timestamp":"1713742260000","planned_event_type":"DEPARTURE","event_type":"DEPARTURE","event_source":"AUTOMATIC","correction_ind":"false","offroute_ind":"false","direction_ind":"UP","line_ind":"S","route":"3","train_service_code":"21801000","division_code":"23","toc_id":"23","timetable_variation":"0","variation_status":"ON TIME","next_report_stanox":"15229","next_report_run_time":"1","train_terminated":"false","delay_monitoring_point":"true","reporting_stanox":"15319","auto_expected":"true"}},{"header":{"msg_type":"0003","msg_queue_timestamp":"1713738693000","source_system_id":"TRUST","original_data_source":"SMART"},"body":{"train_id":"072L37M821","actual_timestamp":"1713742260000","loc_stanox":"06134","gbtt_timestamp":"1713741840000","planned_timestamp":"1713741840000","planned_event_type":"DEPARTURE","event_type":"DEPARTURE","event_source":"AUTOMATIC","correction_ind":"false","offroute_ind":"false","direction_ind":"DOWN","platform":" 2","route":"3","train_service_code":"23563015","division_code":"60","toc_id":"60","timetable_variation":"7","variation_status":"LATE","next_report_stanox":"06125","next_report_run_time":"2","train_terminated":"false","delay_monitoring_point":"true","reporting_stanox":"06134","auto_expected":"true"}},{"header":{"msg_type":"0003","msg_queue_timestamp":"1713738693000","source_system_id":"TRUST","original_data_source":"SMART"},"body":{"train_id":"872I70M921","actual_timestamp":"1713742200000","loc_stanox":"87659","gbtt_timestamp":"1713742200000","planned_timestamp":"1713742230000","planned_event_type":"DEPARTURE","event_type":"DEPARTURE","event_source":"AUTOMATIC","correction_ind":"false","offroute_ind":"false","direction_ind":"DOWN","platform":" 2","route":"2","train_service_code":"24785000","division_code":"88","toc_id":"88","timetable_variation":"0","variation_status":"ON TIME","next_report_stanox":"87661","next_report_run_time":"3","train_terminated":"false","delay_monitoring_point":"false","reporting_stanox":"00000","auto_expected":"true"}},{"header":{"msg_type":"0003","msg_queue_timestamp":"1713738693000","source_system_id":"TRUST","original_data_source":"SMART"},"body":{"train_id":"879T69M721","actual_timestamp":"1713742260000","loc_stanox":"87967","gbtt_timestamp":"1713742260000","planned_timestamp":"1713742290000","planned_event_type":"DEPARTURE","event_type":"DEPARTURE","event_source":"AUTOMATIC","correction_ind":"false","offroute_ind":"false","direction_ind":"DOWN","platform":" 2","route":"1","train_service_code":"22721000","division_code":"88","toc_id":"88","timetable_variation":"0","variation_status":"ON TIME","next_report_stanox":"87969","next_report_run_time":"4","train_terminated":"false","delay_monitoring_point":"true","reporting_stanox":"87967","auto_expected":"true"}},{"header":{"msg_type":"0001","msg_queue_timestamp":"1713738694000","source_system_id":"TRUST","original_data_source":"TSIA"},"body":{"train_id":"305N68M022","toc_id":"23","schedule_wtt_id":"5N68M","sched_origin_stanox":"30021","creation_timestamp":"1713742293000","origin_dep_timestamp":"1713745860000","train_uid":"W35252","schedule_start_date":"2024-04-22","schedule_end_date":"2024-04-22","schedule_source":"V","schedule_type":"C","d1266_record_number":"00000","tp_origin_timestamp":"2024-04-22","train_call_type":"AUTOMATIC","train_call_mode":"NORMAL","train_service_code":"22974000"}},{"header":{"msg_type":"0002","msg_queue_timestamp":"1713738694000","source_system_id":"TRUST"},"body":{"train_id":"305N68M022","division_code":"23","toc_id":"23","loc_stanox":"30021","canx_timestamp":"1713742260000","dep_timestamp":"1713745860000","canx_type":"ON CALL","canx_reason_code":"PG","train_service_code":"22974000"}},{"header":{"msg_type":"0003","msg_queue_timestamp":"1713738694000","source_system_id":"TRUST","original_data_source":"SMART"},"body":{"train_id":"362A94M821","actual_timestamp":"1713742260000","loc_stanox":"32000","gbtt_timestamp":"1713742260000","planned_timestamp":"1713742260000","planned_event_type":"DEPARTURE","event_type":"DEPARTURE","event_source":"AUTOMATIC","correction_ind":"false","offroute_ind":"false","direction_ind":"UP","line_ind":"S","platform":"13","route":"1","train_service_code":"12298820","division_code":"23","toc_id":"23","timetable_variation":"0","variation_status":"ON TIME","next_report_stanox":"32009","next_report_run_time":"1","train_terminated":"false","delay_monitoring_point":"true","reporting_stanox":"32000","auto_expected":"true"}},{"header":{"msg_type":"0001","msg_queue_timestamp":"1713738694000","source_system_id":"TRUST","original_data_source":"TSIA"},"body":{"train_id":"875V71M022","toc_id":"84","schedule_wtt_id":"5V71M","sched_origin_stanox":"87161","creation_timestamp":"1713742294000","origin_dep_timestamp":"1713745860000","train_uid":"Y05615","schedule_start_date":"2024-04-22","schedule_end_date":"2024-04-22","schedule_source":"C","schedule_type":"C","d1266_record_number":"00000","tp_origin_timestamp":"2024-04-22","train_call_type":"AUTOMATIC","train_call_mode":"NORMAL","train_service_code":"24676004"}},{"header":{"msg_type":"0002","msg_queue_timestamp":"1713738694000","source_system_id":"TRUST"},"body":{"train_id":"875V71M022","division_code":"84","toc_id":"84","loc_stanox":"87161","canx_timestamp":"1713742260000","dep_timestamp":"1713745860000","canx_type":"ON CALL","canx_reason_code":"PD","train_service_code":"24676004"}},{"header":{"msg_type":"0003","msg_queue_timestamp":"1713738694000","source_system_id":"TRUST","original_data_source":"SMART"},"body":{"train_id":"722C71M921","actual_timestamp":"1713742260000","loc_stanox":"72033","gbtt_timestamp":"1713742320000","planned_timestamp":"1713742290000","planned_event_type":"ARRIVAL","event_type":"ARRIVAL","event_source":"AUTOMATIC","correction_ind":"false","offroute_ind":"false","direction_ind":"UP","platform":" 1","route":"0","train_service_code":"22216000","division_code":"30","toc_id":"30","timetable_variation":"0","variation_status":"ON TIME","next_report_stanox":"72277","next_report_run_time":"1","train_terminated":"false","delay_monitoring_point":"false","reporting_stanox":"00000","auto_expected":"true"}},{"header":{"msg_type":"0003","msg_queue_timestamp":"1713738694000","source_system_id":"TRUST","original_data_source":"SMART"},"body":{"train_id":"631T69M821","actual_timestamp":"1713742320000","loc_stanox":"74436","gbtt_timestamp":"1713742320000","planned_timestamp":"1713742320000","planned_event_type":"ARRIVAL","event_type":"ARRIVAL","event_source":"AUTOMATIC","correction_ind":"false","offroute_ind":"false","direction_ind":"UP","line_ind":"1","platform":" 1","route":"0","train_service_code":"25535004","division_code":"74","toc_id":"74","timetable_variation":"0","variation_status":"ON TIME","next_report_stanox":"74425","next_report_run_time":"2","train_terminated":"false","delay_monitoring_point":"true","reporting_stanox":"74436","auto_expected":"true"}},{"header":{"msg_type":"0003","msg_queue_timestamp":"1713738695000","source_system_id":"TRUST","original_data_source":"SMART"},"body":{"train_id":"872F73M921","actual_timestamp":"1713742320000","loc_stanox":"87171","gbtt_timestamp":"1713742500000","planned_timestamp":"1713742470000","planned_event_type":"ARRIVAL","event_type":"ARRIVAL","event_source":"AUTOMATIC","correction_ind":"false","offroute_ind":"false","direction_ind":"DOWN","platform":" 3","route":"0","train_service_code":"24673605","division_code":"84","toc_id":"84","timetable_variation":"2","variation_status":"EARLY","next_report_stanox":"87177","next_report_run_time":"3","train_terminated":"false","delay_monitoring_point":"true","reporting_stanox":"87171","auto_expected":"true"}},{"header":{"msg_type":"0003","msg_queue_timestamp":"1713738695000","source_system_id":"TRUST","original_data_source":"SMART"},"body":{"train_id":"872L77M921","actual_timestamp":"1713742260000","loc_stanox":"87177","planned_timestamp":"1713742320000","planned_event_type":"DEPARTURE","event_type":"DEPARTURE","event_source":"AUTOMATIC","correction_ind":"false","offroute_ind":"false","direction_ind":"DOWN","line_ind":"S","platform":" 3","route":"1","train_service_code":"24629204","division_code":"84","toc_id":"84","timetable_variation":"1","variation_status":"EARLY","next_report_stanox":"86005","next_report_run_time":"4","train_terminated":"false","delay_monitoring_point":"false","reporting_stanox":"00000","auto_expected":"true"}},{"header":{"msg_type":"0003","msg_queue_timestamp":"1713738695000","source_system_id":"TRUST","original_data_source":"SMART"},"body":{"train_id":"722Y59M721","actual_timestamp":"1713742320000","loc_stanox":"70070","planned_timestamp":"1713742290000","planned_event_type":"DEPARTURE","event_type":"DEPARTURE","event_source":"AUTOMATIC","correction_ind":"false","offroute_ind":"false","direction_ind":"DOWN","line_ind":"N","route":"1","train_service_code":"22209000","division_code":"29","toc_id":"29","timetable_variation":"1","variation_status":"LATE","next_report_stanox":"70030","next_report_run_time":"2","train_terminated":"false","delay_monitoring_point":"false","reporting_stanox":"00000","auto_expected":"true"}},{"header":{"msg_type":"0003","msg_queue_timestamp":"1713738696000","source_system_id":"TRUST","original_data_source":"SMART"},"body":{"train_id":"871S75M821","actual_timestamp":"1713742320000","loc_stanox":"87121","gbtt_timestamp":"1713742320000","planned_timestamp":"1713742290000","planned_event_type":"ARRIVAL","event_type":"ARRIVAL","event_source":"AUTOMATIC","correction_ind":"false","offroute_ind":"false","direction_ind":"DOWN","line_ind":"M","platform":" 2","route":"0","train_service_code":"24671205","division_code":"84","toc_id":"84","timetable_variation":"1","variation_status":"LATE","next_report_stanox":"87117","next_report_run_time":"1","train_terminated":"false","delay_monitoring_point":"true","reporting_stanox":"87121","auto_expected":"true"}}]