[{"header":{"msg_type":"0003","msg_queue_timestamp":"1713717906000","source_system_id":"TRUST","original_data_source":"SMART"},"body":{"train_id":"782E20MV21","actual_timestamp":"1713721680000","loc_stanox":"78144","gbtt_timestamp":"1713721740000","planned_timestamp":"1713721680000","planned_event_type":"ARRIVAL","event_type":"ARRIVAL","event_source":"AUTOMATIC","correction_ind":"false","offroute_ind":"false","direction_ind":"DOWN","line_ind":"D","platform":" 1","route":"0","train_service_code":"25446000","division_code":"71","toc_id":"71","timetable_variation":"0","variation_status":"ON TIME","next_report_stanox":"78146","next_report_run_time":"2","train_terminated":"false","delay_monitoring_point":"false","reporting_stanox":"00000","auto_expected":"true"}},{"header":{"msg_type":"0003","msg_queue_timestamp":"1713717906000","source_system_id":"TRUST","original_data_source":"SMART"},"body":{"train_id":"882T15MU21","actual_timestamp":"1713721440000","loc_stanox":"88424","gbtt_timestamp":"1713721320000","planned_timestamp":"1713721350000","planned_event_type":"DEPARTURE","event_type":"DEPARTURE","event_source":"AUTOMATIC","correction_ind":"false","offroute_ind":"false","direction_ind":"UP","line_ind":"U","platform":" 1","route":"2","train_service_code":"24650005","division_code":"80","toc_id":"80","timetable_variation":"2","variation_status":"LATE","next_report_stanox":"88604","next_report_run_time":"2","train_terminated":"false","delay_monitoring_point":"true","reporting_stanox":"88424","auto_expected":"true"}},{"header":{"msg_type":"0003","msg_queue_timestamp":"1713717906000","source_system_id":"TRUST","original_data_source":"SMART"},"body":{"train_id":"782E20MV21","actual_timestamp":"1713721440000","loc_stanox":"78142","gbtt_timestamp":"1713721500000","planned_timestamp":"1713721500000","planned_event_type":"DEPARTURE","event_type":"DEPARTURE","event_source":"AUTOMATIC","correction_ind":"false","offroute_ind":"false","direction_ind":"DOWN","platform":" 1","route":"2","train_service_code":"25446000","division_code":"71","toc_id":"71","timetable_variation":"1","variation_status":"EARLY","next_report_stanox":"78144","next_report_run_time":"3","train_terminated":"false","delay_monitoring_point":"false","reporting_stanox":"00000","auto_expected":"true"}},{"header":{"msg_type":"0003","msg_queue_timestamp":"1713717906000","source_system_id":"TRUST","original_data_source":"SMART"},"body":{"train_id":"631C50MU21","actual_timestamp":"1713721440000","loc_stanox":"88721","gbtt_timestamp":"1713721440000","planned_timestamp":"1713721440000","planned_event_type":"DEPARTURE","event_type":"DEPARTURE","event_source":"AUTOMATIC","correction_ind":"false","offroute_ind":"false","direction_ind":"DOWN","platform":" 2","route":"1","train_service_code":"24648004","division_code":"80","toc_id":"80","timetable_variation":"0","variation_status":"ON TIME","next_report_stanox":"88740","next_report_run_time":"4","train_terminated":"false","delay_monitoring_point":"true","reporting_stanox":"88721","auto_expected":"true"}},{"header":{"msg_type":"0003","msg_queue_timestamp":"1713717907000","source_system_id":"TRUST","original_data_source":"SMART"},"body":{"train_id":"661H72MV21","actual_timestamp":"1713721560000","loc_stanox":"66431","gbtt_timestamp":"1713721500000","planned_timestamp":"1713721500000","planned_event_type":"ARRIVAL","event_type":"ARRIVAL","event_source":"AUTOMATIC","correction_ind":"false","offroute_ind":"false","direction_ind":"UP","platform":" 1","route":"0","train_service_code":"25530004","division_code":"74","toc_id":"74","timetable_variation":"1","variation_status":"LATE","next_report_stanox":"66463","next_report_run_time":"1","train_terminated":"false","delay_monitoring_point":"false","reporting_stanox":"00000","auto_expected":"true"}},{"header":{"msg_type":"0003","msg_queue_timestamp":"1713717907000","source_system_id":"TRUST","original_data_source":"SMART"},"body":{"train_id":"509Y31MU21","actual_timestamp":"1713721440000","loc_stanox":"50412","gbtt_timestamp":"1713721440000","planned_timestamp":"1713721470000","planned_event_type":"DEPARTURE","event_type":"DEPARTURE","event_source":"AUTOMATIC","correction_ind":"false","offroute_ind":"false","direction_ind":"UP","route":"2","train_service_code":"21381001","division_code":"33","toc_id":"33","timetable_variation":"0","variation_status":"ON TIME","next_report_stanox":"50417","next_report_run_time":"2","train_terminated":"false","delay_monitoring_point":"false","reporting_stanox":"00000","auto_expected":"true"}},{"header":{"msg_type":"0003","msg_queue_timestamp":"1713717907000","source_system_id":"TRUST","original_data_source":"SMART"},"body":{"train_id":"872E40MV21","actual_timestamp":"1713721440000","loc_stanox":"87766","gbtt_timestamp":"1713721500000","planned_timestamp":"1713721530000","planned_event_type":"DEPARTURE","event_type":"DEPARTURE","event_source":"AUTOMATIC","correction_ind":"false","offroute_ind":"false","direction_ind":"UP","line_ind":"U","platform":" 1","route":"2","train_service_code":"24749000","division_code":"88","toc_id":"88","timetable_variation":"1","variation_status":"EARLY","next_report_stanox":"87764","next_report_run_time":"5","train_terminated":"false","delay_monitoring_point":"true","reporting_stanox":"87766","auto_expected":"true"}},{"header":{"msg_type":"0003","msg_queue_timestamp":"1713717907000","source_system_id":"TRUST","original_data_source":"SMART"},"body":{"train_id":"522D42MU21","actual_timestamp":"1713721500000","loc_stanox":"51351","gbtt_timestamp":"1713721560000","planned_timestamp":"1713721530000","planned_event_type":"ARRIVAL","event_type":"ARRIVAL","event_source":"AUTOMATIC","correction_ind":"false","offroute_ind":"false","direction_ind":"DOWN","platform":" 2","route":"0","train_service_code":"24936004","division_code":"79","toc_id":"79","timetable_variation":"0","variation_status":"ON TIME","next_report_stanox":"51309","next_report_run_time":"1","train_terminated":"false","delay_monitoring_point":"true","reporting_stanox":"51351","auto_expected":"true"}},{"header":{"msg_type":"0003","msg_queue_timestamp":"1713717907000","source_system_id":"TRUST","original_data_source":"SMART"},"body":{"train_id":"872E40MV21","actual_timestamp":"1713721740000","loc_stanox":"87764","gbtt_timestamp":"1713721860000","planned_timestamp":"1713721830000","planned_event_type":"ARRIVAL","event_type":"ARRIVAL","event_source":"AUTOMATIC","correction_ind":"false","offroute_ind":"false","direction_ind":"UP","platform":" 1","route":"0","train_service_code":"24749000","division_code":"88","toc_id":"88","timetable_variation":"1","variation_status":"EARLY","next_report_stanox":"87765","next_report_run_time":"2","train_terminated":"false","delay_monitoring_point":"false","reporting_stanox":"00000","auto_expected":"true"}},{"header":{"msg_type":"0003","msg_queue_timestamp":"1713717907000","source_system_id":"TRUST","original_data_source":"SMART"},"body":{"train_id":"881H50MT21","actual_timestamp":"1713721440000","loc_stanox":"88483","planned_timestamp":"1713721500000","planned_event_type":"DEPARTURE","event_type":"DEPARTURE","event_source":"AUTOMATIC","correction_ind":"false","offroute_ind":"false","direction_ind":"UP","platform":" 1","route":"3","train_service_code":"24602004","division_code":"80","toc_id":"80","timetable_variation":"1","variation_status":"EARLY","next_report_stanox":"88481","next_report_run_time":"2","train_terminated":"false","delay_monitoring_point":"true","reporting_stanox":"88483","auto_expected":"true"}},{"header":{"msg_type":"0003","msg_queue_timestamp":"1713717907000","source_system_id":"TRUST","original_data_source":"SMART"},"body":{"train_id":"522K40MT21","actual_timestamp":"1713721500000","loc_stanox":"50315","gbtt_timestamp":"1713721560000","planned_timestamp":"1713721530000","planned_event_type":"ARRIVAL","event_type":"ARRIVAL","event_source":"AUTOMATIC","correction_ind":"false","offroute_ind":"false","direction_ind":"DOWN","platform":" 2","route":"0","train_service_code":"21943001","division_code":"21","toc_id":"21","timetable_variation":"0","variation_status":"ON TIME","next_report_stanox":"50314","next_report_run_time":"1","train_terminated":"false","delay_monitoring_point":"false","reporting_stanox":"00000","auto_expected":"true"}},{"header":{"msg_type":"0003","msg_queue_timestamp":"1713717907000","source_system_id":"TRUST","original_data_source":"SMART"},"body":{"train_id":"362S48MV21","actual_timestamp":"1713721560000","loc_stanox":"36084","gbtt_timestamp":"1713721560000","planned_timestamp":"1713721560000","planned_event_type":"ARRIVAL","event_type":"ARRIVAL","event_source":"AUTOMATIC","correction_ind":"false","offroute_ind":"false","direction_ind":"DOWN","platform":" 1","route":"0","train_service_code":"12301012","division_code":"64","toc_id":"64","timetable_variation":"0","variation_status":"ON TIME","next_report_stanox":"36082","next_report_run_time":"1","train_terminated":"false","delay_monitoring_point":"false","reporting_stanox":"00000","auto_expected":"true"}},{"header":{"msg_type":"0003","msg_queue_timestamp":"1713717907000","source_system_id":"TRUST","original_data_source":"SMART"},"body":{"train_id":"362S48MV21","actual_timestamp":"1713721440000","loc_stanox":"36086","gbtt_timestamp":"1713721440000","planned_timestamp":"1713721440000","planned_event_type":"DEPARTURE","event_type":"DEPARTURE","event_source":"AUTOMATIC","correction_ind":"false","offroute_ind":"false","direction_ind":"DOWN","line_ind":"2","platform":" 2","route":"1","train_service_code":"12301012","division_code":"64","toc_id":"64","timetable_variation":"0","variation_status":"ON TIME","next_report_stanox":"36084","next_report_run_time":"2","train_terminated":"false","delay_monitoring_point":"true","reporting_stanox":"36086","auto_expected":"true"}},{"header":{"msg_type":"0003","msg_queue_timestamp":"1713717907000","source_system_id":"TRUST","original_data_source":"SMART"},"body":{"train_id":"362K45MV21","actual_timestamp":"1713721440000","loc_stanox":"36057","gbtt_timestamp":"1713721440000","planned_timestamp":"1713721470000","planned_event_type":"DEPARTURE","event_type":"DEPARTURE","event_source":"AUTOMATIC","correction_ind":"false","offroute_ind":"false","direction_ind":"DOWN","platform":" 2","route":"1","train_service_code":"12303012","division_code":"64","toc_id":"64","timetable_variation":"0","variation_status":"ON TIME","next_report_stanox":"36055","next_report_run_time":"1","train_terminated":"false","delay_monitoring_point":"false","reporting_stanox":"00000","auto_expected":"true"}},{"header":{"msg_type":"0003","msg_queue_timestamp":"1713717908000","source_system_id":"TRUST","original_data_source":"SMART"},"body":{"train_id":"741Y65MU21","actual_timestamp":"1713721440000","loc_stanox":"69505","gbtt_timestamp":"1713721320000","planned_timestamp":"1713721320000","planned_event_type":"DEPARTURE","event_type":"DEPARTURE","event_source":"AUTOMATIC","correction_ind":"false","offroute_ind":"false","direction_ind":"DOWN","platform":" 2","route":"1","train_service_code":"25535004","division_code":"74","toc_id":"74","timetable_variation":"2","variation_status":"LATE","next_report_stanox":"73508","next_report_run_time":"5","train_terminated":"false","delay_monitoring_point":"false","reporting_stanox":"00000","auto_expected":"true"}},{"header":{"msg_type":"0003","msg_queue_timestamp":"1713717908000","source_system_id":"TRUST","original_data_source":"SMART"},"body":{"train_id":"505N72MU21","actual_timestamp":"1713721560000","loc_stanox":"50024","planned_timestamp":"1713721560000","planned_event_type":"ARRIVAL","event_type":"ARRIVAL","event_source":"AUTOMATIC","correction_ind":"false","offroute_ind":"false","route":"0","train_service_code":"21945001","division_code":"21","toc_id":"21","timetable_variation":"0","variation_status":"ON TIME","next_report_stanox":"50022","next_report_run_time":"1","train_terminated":"false","delay_monitoring_point":"true","reporting_stanox":"50024","auto_expected":"true"}},{"header":{"msg_type":"0003","msg_queue_timestamp":"1713717908000","source_system_id":"TRUST","original_data_source":"SMART"},"body":{"train_id":"721H30MR21","actual_timestamp":"1713721440000","loc_stanox":"43013","planned_timestamp":"1713720990000","planned_event_type":"DEPARTURE","event_type":"DEPARTURE","event_source":"AUTOMATIC","correction_ind":"false","offroute_ind":"false","direction_ind":"DOWN","platform":" 2","route":"1","train_service_code":"22108001","division_code":"65","toc_id":"65","timetable_variation":"8","variation_status":"LATE","next_report_stanox":"32571","next_report_run_time":"6","train_terminated":"false","delay_monitoring_point":"false","reporting_stanox":"00000","auto_expected":"true"}},{"header":{"msg_type":"0003","msg_queue_timestamp":"1713717908000","source_system_id":"TRUST","original_data_source":"SMART"},"body":{"train_id":"831A30MV21","actual_timestamp":"1713721560000","loc_stanox":"83038","planned_timestamp":"1713721500000","planned_event_type":"ARRIVAL","event_type":"ARRIVAL","event_source":"AUTOMATIC","correction_ind":"false","offroute_ind":"false","route":"0","train_service_code":"25370002","division_code":"25","toc_id":"25","timetable_variation":"1","variation_status":"LATE","next_report_stanox":"83028","next_report_run_time":"1","train_terminated":"false","delay_monitoring_point":"true","reporting_stanox":"83038","auto_expected":"true"}},{"header":{"msg_type":"0003","msg_queue_timestamp":"1713717908000","source_system_id":"TRUST","original_data_source":"SMART"},"body":{"train_id":"529G49MV21","actual_timestamp":"1713721440000","loc_stanox":"52084","gbtt_timestamp":"1713721500000","planned_timestamp":"1713721500000","planned_event_type":"DEPARTURE","event_type":"DEPARTURE","event_source":"AUTOMATIC","correction_ind":"false","offroute_ind":"false","direction_ind":"DOWN","line_ind":"D","platform":" 6","route":"1","train_service_code":"22218000","division_code":"30","toc_id":"30","timetable_variation":"1","variation_status":"EARLY","next_report_stanox":"52088","next_report_run_time":"1","train_terminated":"false","delay_monitoring_point":"true","reporting_stanox":"52084","auto_expected":"true"}},{"header":{"msg_type":"0003","msg_queue_timestamp":"1713717908000","source_system_id":"TRUST","original_data_source":"SMART"},"body":{"train_id":"879D47MU21","actual_timestamp":"1713721500000","loc_stanox":"52078","gbtt_timestamp":"1713721500000","planned_timestamp":"1713721470000","planned_event_type":"ARRIVAL","event_type":"ARRIVAL","event_source":"AUTOMATIC","correction_ind":"false","offroute_ind":"false","direction_ind":"UP","platform":" 1","route":"0","train_service_code":"22215003","division_code":"30","toc_id":"30","timetable_variation":"1","variation_status":"LATE","next_report_stanox":"52074","next_report_run_time":"1","train_terminated":"false","delay_monitoring_point":"false","reporting_stanox":"00000","auto_expected":"true"}},{"header":{"msg_type":"0003","msg_queue_timestamp":"1713717909000","source_system_id":"TRUST","original_data_source":"SMART"},"body":{"train_id":"629H631U21","actual_timestamp":"1713721440000","loc_stanox":"63212","gbtt_timestamp":"1713721440000","planned_timestamp":"1713721470000","planned_event_type":"DEPARTURE","event_type":"DEPARTURE","event_source":"AUTOMATIC","correction_ind":"false","offroute_ind":"false","direction_ind":"UP","line_ind":"S","platform":" 1","route":"1","train_service_code":"22728000","division_code":"88","toc_id":"88","timetable_variation":"0","variation_status":"ON TIME","next_report_stanox":"63214","next_report_run_time":"3","train_terminated":"false","delay_monitoring_point":"false","reporting_stanox":"00000","auto_expected":"true"}},{"header":{"msg_type":"0003","msg_queue_timestamp":"1713717909000","source_system_id":"TRUST","original_data_source":"SMART"},"body":{"train_id":"639G401U21","actual_timestamp":"1713721440000","loc_stanox":"62400","gbtt_timestamp":"1713721500000","planned_timestamp":"1713721530000","planned_event_type":"DEPARTURE","event_type":"DEPARTURE","event_source":"AUTOMATIC","correction_ind":"false","offroute_ind":"false","direction_ind":"DOWN","line_ind":"S","platform":" 3","route":"1","train_service_code":"22720000","division_code":"88","toc_id":"88","timetable_variation":"1","variation_status":"EARLY","next_report_stanox":"62211","next_report_run_time":"3","train_terminated":"false","delay_monitoring_point":"true","reporting_stanox":"62400","auto_expected":"true"}},{"header":{"msg_type":"0003","msg_queue_timestamp":"1713717909000","source_system_id":"TRUST","original_data_source":"SMART"},"body":{"train_id":"171A43MU21","actual_timestamp":"1713721500000","loc_stanox":"23120","planned_timestamp":"1713721200000","planned_event_type":"DEPARTURE","event_type":"DEPARTURE","event_source":"AUTOMATIC","correction_ind":"false","offroute_ind":"false","direction_ind":"UP","line_ind":"L","route":"3","train_service_code":"21702001","division_code":"61","toc_id":"61","timetable_variation":"5","variation_status":"LATE","next_report_stanox":"23118","train_terminated":"false","delay_monitoring_point":"true","reporting_stanox":"23120","auto_expected":"true"}},{"header":{"msg_type":"0003","msg_queue_timestamp":"1713717909000","source_system_id":"TRUST","original_data_source":"SMART"},"body":{"train_id":"361L14MR21","actual_timestamp":"1713721500000","loc_stanox":"25705","planned_timestamp":"1713721470000","planned_event_type":"DEPARTURE","event_type":"DEPARTURE","event_source":"AUTOMATIC","correction_ind":"false","offroute_ind":"false","direction_ind":"UP","line_ind":"M","route":"2","train_service_code":"22269000","division_code":"28","toc_id":"28","timetable_variation":"1","variation_status":"LATE","next_report_stanox":"27272","next_report_run_time":"7","train_terminated":"false","delay_monitoring_point":"true","reporting_stanox":"25705","auto_expected":"true"}},{"header":{"msg_type":"0003","msg_queue_timestamp":"1713717909000","source_system_id":"TRUST","original_data_source":"SMART"},"body":{"train_id":"122I03MU21","actual_timestamp":"1713721500000","loc_stanox":"13152","planned_timestamp":"1713721500000","planned_event_type":"DEPARTURE","event_type":"DEPARTURE","event_source":"AUTOMATIC","correction_ind":"false","offroute_ind":"false","direction_ind":"UP","line_ind":"S","route":"1","train_service_code":"11798001","division_code":"56","toc_id":"56","timetable_variation":"0","variation_status":"ON TIME","next_report_stanox":"13150","next_report_run_time":"2","train_terminated":"false","delay_monitoring_point":"true","reporting_stanox":"13152","auto_expected":"true"}},{"header":{"msg_type":"0003","msg_queue_timestamp":"1713717909000","source_system_id":"TRUST","original_data_source":"SMART"},"body":{"train_id":"252N66MV21","actual_timestamp":"1713721440000","loc_stanox":"24799","gbtt_timestamp":"1713721320000","planned_timestamp":"1713721350000","planned_event_type":"DEPARTURE","event_type":"DEPARTURE","event_source":"AUTOMATIC","correction_ind":"false","offroute_ind":"false","direction_ind":"UP","line_ind":"T","platform":" 2","route":"1","train_service_code":"11810920","division_code":"23","toc_id":"23","timetable_variation":"2","variation_status":"LATE","next_report_stanox":"24701","next_report_run_time":"5","train_terminated":"false","delay_monitoring_point":"true","reporting_stanox":"24799","auto_expected":"true"}},{"header":{"msg_type":"0003","msg_queue_timestamp":"1713717910000","source_system_id":"TRUST","original_data_source":"SMART"},"body":{"train_id":"092H66MS21","actual_timestamp":"1713721920000","loc_stanox":"09529","planned_timestamp":"1713721770000","planned_event_type":"ARRIVAL","event_type":"ARRIVAL","event_source":"AUTOMATIC","correction_ind":"false","offroute_ind":"false","route":"0","train_service_code":"21151900","division_code":"23","toc_id":"23","timetable_variation":"3","variation_status":"LATE","next_report_stanox":"09531","next_report_run_time":"1","train_terminated":"false","delay_monitoring_point":"false","reporting_stanox":"00000","auto_expected":"true"}},{"header":{"msg_type":"0003","msg_queue_timestamp":"1713717910000","source_system_id":"TRUST","original_data_source":"SMART"},"body":{"train_id":"091E20MQ21","actual_timestamp":"1713721380000","loc_stanox":"17016","gbtt_timestamp":"1713721380000","planned_timestamp":"1713721380000","planned_event_type":"DEPARTURE","event_type":"DEPARTURE","event_source":"AUTOMATIC","correction_ind":"false","offroute_ind":"false","direction_ind":"UP","line_ind":"M","platform":" 1","route":"1","train_service_code":"21151900","division_code":"23","toc_id":"23","timetable_variation":"0","variation_status":"ON TIME","next_report_stanox":"17033","next_report_run_time":"5","train_terminated":"false","delay_monitoring_point":"false","reporting_stanox":"00000","auto_expected":"true"}},{"header":{"msg_type":"0003","msg_queue_timestamp":"1713717910000","source_system_id":"TRUST","original_data_source":"SMART"},"body":{"train_id":"011B54MQ21","actual_timestamp":"1713721440000","loc_stanox":"03161","planned_timestamp":"1713721530000","planned_event_type":"DEPARTURE","event_type":"DEPARTURE","event_source":"AUTOMATIC","correction_ind":"false","offroute_ind":"false","direction_ind":"UP","platform":" 1","route":"1","train_service_code":"23549003","division_code":"60","toc_id":"60","timetable_variation":"1","variation_status":"EARLY","next_report_stanox":"03401","next_report_run_time":"5","train_terminated":"false","delay_monitoring_point":"true","reporting_stanox":"03161","auto_expected":"true"}},{"header":{"msg_type":"0003","msg_queue_timestamp":"1713717910000","source_system_id":"TRUST","original_data_source":"SMART"},"body":{"train_id":"723C02MV21","actual_timestamp":"1713721500000","loc_stanox":"73003","gbtt_timestamp":"1713721440000","planned_timestamp":"1713721440000","planned_event_type":"DESTINATION","event_type":"ARRIVAL","event_source":"AUTOMATIC","correction_ind":"false","offroute_ind":"false","direction_ind":"UP","route":"0","train_service_code":"21383208","division_code":"33","toc_id":"33","timetable_variation":"1","variation_status":"LATE","train_terminated":"true","delay_monitoring_point":"true","reporting_stanox":"73003","auto_expected":"true"}},{"header":{"msg_type":"0003","msg_queue_timestamp":"1713717910000","source_system_id":"TRUST","original_data_source":"SMART"},"body":{"train_id":"522R40MV21","actual_timestamp":"1713721440000","loc_stanox":"52702","gbtt_timestamp":"1713721440000","planned_timestamp":"1713721470000","planned_event_type":"DEPARTURE","event_type":"DEPARTURE","event_source":"AUTOMATIC","correction_ind":"false","offroute_ind":"false","direction_ind":"DOWN","line_ind":"D","platform":" 8","route":"1","train_service_code":"27936004","division_code":"79","toc_id":"79","timetable_variation":"0","variation_status":"ON TIME","next_report_stanox":"51531","next_report_run_time":"5","train_terminated":"false","delay_monitoring_point":"true","reporting_stanox":"52702","auto_expected":"true"}},{"header":{"msg_type":"0003","msg_queue_timestamp":"1713717910000","source_system_id":"TRUST","original_data_source":"SMART"},"body":{"train_id":"742K78MV21","actual_timestamp":"1713721440000","loc_stanox":"74237","gbtt_timestamp":"1713721500000","planned_timestamp":"1713721500000","planned_event_type":"DEPARTURE","event_type":"DEPARTURE","event_source":"AUTOMATIC","correction_ind":"false","offroute_ind":"false","direction_ind":"DOWN","line_ind":"D","platform":" 3","route":"3","train_service_code":"25519007","division_code":"25","toc_id":"25","timetable_variation":"1","variation_status":"EARLY","next_report_stanox":"74250","next_report_run_time":"2","train_terminated":"false","delay_monitoring_point":"true","reporting_stanox":"74237","auto_expected":"true"}}]