[{"header":{"msg_type":"0003","msg_queue_timestamp":"1713561094000","source_system_id":"TRUST","original_data_source":"SMART"},"body":{"train_id":"899P64MZ19","actual_timestamp":"1713564720000","loc_stanox":"63629","gbtt_timestamp":"1713564780000","planned_timestamp":"1713564750000","planned_event_type":"ARRIVAL","event_type":"ARRIVAL","event_source":"AUTOMATIC","correction_ind":"false","offroute_ind":"false","direction_ind":"DOWN","route":"0","train_service_code":"22761000","division_code":"88","toc_id":"88","timetable_variation":"0","variation_status":"ON TIME","next_report_stanox":"63624","next_report_run_time":"1","train_terminated":"false","delay_monitoring_point":"true","reporting_stanox":"63629","auto_expected":"true"}},{"header":{"msg_type":"0003","msg_queue_timestamp":"1713561094000","source_system_id":"TRUST","original_data_source":"SMART"},"body":{"train_id":"872B42M819","actual_timestamp":"1713564720000","loc_stanox":"87220","gbtt_timestamp":"1713564720000","planned_timestamp":"1713564720000","planned_event_type":"ARRIVAL","event_type":"ARRIVAL","event_source":"AUTOMATIC","correction_ind":"false","offroute_ind":"false","direction_ind":"DOWN","line_ind":"S","platform":" 1","route":"0","train_service_code":"24782000","division_code":"88","toc_id":"88","timetable_variation":"0","variation_status":"ON TIME","next_report_stanox":"87222","next_report_run_time":"1","train_terminated":"false","delay_monitoring_point":"false","reporting_stanox":"00000","auto_expected":"true"}},{"header":{"msg_type":"0003","msg_queue_timestamp":"1713561094000","source_system_id":"TRUST","original_data_source":"SDR","user_id":"#QGE7010","source_dev_id":"VCJM"},"body":{"train_id":"161U88M719","actual_timestamp":"1713564600000","loc_stanox":"16232","gbtt_timestamp":"1713564540000","planned_timestamp":"1713564540000","planned_event_type":"ARRIVAL","event_type":"ARRIVAL","event_source":"MANUAL","correction_ind":"false","offroute_ind":"false","route":"0","train_service_code":"21732000","division_code":"20","toc_id":"20","timetable_variation":"1","variation_status":"LATE","next_report_stanox":"16233","next_report_run_time":"1","train_terminated":"false","delay_monitoring_point":"true","reporting_stanox":"16232","auto_expected":"false"}},{"header":{"msg_type":"0003","msg_queue_timestamp":"1713561094000","source_system_id":"TRUST","original_data_source":"SDR","user_id":"#QGE7010","source_dev_id":"VCJM"},"body":{"train_id":"161U88M719","actual_timestamp":"1713564660000","loc_stanox":"16232","gbtt_timestamp":"1713564600000","planned_timestamp":"1713564630000","planned_event_type":"DEPARTURE","event_type":"DEPARTURE","event_source":"MANUAL","correction_ind":"false","offroute_ind":"false","train_service_code":"21732000","division_code":"20","toc_id":"20","timetable_variation":"1","variation_status":"LATE","next_report_stanox":"16233","next_report_run_time":"8","train_terminated":"false","delay_monitoring_point":"true","reporting_stanox":"16232","auto_expected":"false"}},{"header":{"msg_type":"0003","msg_queue_timestamp":"1713561095000","source_system_id":"TRUST","original_data_source":"SMART"},"body":{"train_id":"512B49M719","actual_timestamp":"1713564600000","loc_stanox":"51011","gbtt_timestamp":"1713564660000","planned_timestamp":"1713564660000","planned_event_type":"DEPARTURE","event_type":"DEPARTURE","event_source":"AUTOMATIC","correction_ind":"false","offroute_ind":"false","direction_ind":"UP","line_ind":"U","platform":" 1","route":"1","train_service_code":"21936004","division_code":"79","toc_id":"79","timetable_variation":"1","variation_status":"EARLY","next_report_stanox":"51013","next_report_run_time":"2","train_terminated":"false","delay_monitoring_point":"true","reporting_stanox":"51011","auto_expected":"true"}},{"header":{"msg_type":"0003","msg_queue_timestamp":"1713561095000","source_system_id":"TRUST","original_data_source":"SMART"},"body":{"train_id":"521B36M719","actual_timestamp":"1713564660000","loc_stanox":"47611","planned_timestamp":"1713564540000","planned_event_type":"DEPARTURE","event_type":"DEPARTURE","event_source":"AUTOMATIC","correction_ind":"false","offroute_ind":"false","direction_ind":"DOWN","line_ind":"D","platform":" 3","route":"1","train_service_code":"21911000","division_code":"21","toc_id":"21","timetable_variation":"2","variation_status":"LATE","next_report_stanox":"47412","next_report_run_time":"8","train_terminated":"false","delay_monitoring_point":"true","reporting_stanox":"47611","auto_expected":"true"}},{"header":{"msg_type":"0003","msg_queue_timestamp":"1713561095000","source_system_id":"TRUST","original_data_source":"SMART"},"body":{"train_id":"812C99M819","actual_timestamp":"1713564720000","loc_stanox":"81903","gbtt_timestamp":"1713564780000","planned_timestamp":"1713564780000","planned_event_type":"ARRIVAL","event_type":"ARRIVAL","event_source":"AUTOMATIC","correction_ind":"false","offroute_ind":"false","direction_ind":"DOWN","platform":" 1","route":"0","train_service_code":"25467001","division_code":"25","toc_id":"25","timetable_variation":"1","variation_status":"EARLY","next_report_stanox":"81905","next_report_run_time":"2","train_terminated":"false","delay_monitoring_point":"true","reporting_stanox":"81903","auto_expected":"true"}},{"header":{"msg_type":"0003","msg_queue_timestamp":"1713561095000","source_system_id":"TRUST","original_data_source":"SMART"},"body":{"train_id":"721P09M719","actual_timestamp":"1713564660000","loc_stanox":"69023","planned_timestamp":"1713564750000","planned_event_type":"DEPARTURE","event_type":"DEPARTURE","event_source":"AUTOMATIC","correction_ind":"false","offroute_ind":"false","direction_ind":"DOWN","line_ind":"F","route":"1","train_service_code":"22112001","division_code":"65","toc_id":"65","timetable_variation":"1","variation_status":"EARLY","next_report_stanox":"69021","next_report_run_time":"2","train_terminated":"false","delay_monitoring_point":"false","reporting_stanox":"00000","auto_expected":"true"}},{"header":{"msg_type":"0003","msg_queue_timestamp":"1713561096000","source_system_id":"TRUST","original_data_source":"SMART"},"body":{"train_id":"514S831R19","actual_timestamp":"1713564720000","loc_stanox":"70030","planned_timestamp":"1713564870000","planned_event_type":"ARRIVAL","event_type":"ARRIVAL","event_source":"AUTOMATIC","correction_ind":"false","offroute_ind":"false","route":"0","train_service_code":"57623170","division_code":"09","toc_id":"09","timetable_variation":"2","variation_status":"EARLY","next_report_stanox":"70029","next_report_run_time":"2","train_terminated":"false","delay_monitoring_point":"true","train_file_address":"M7J","reporting_stanox":"70030","auto_expected":"true"}}]