[{"header":{"msg_type":"0003","msg_queue_timestamp":"1713565710000","source_system_id":"TRUST","original_data_source":"SMART"},"body":{"train_id":"881V56M919","actual_timestamp":"1713569280000","loc_stanox":"87601","gbtt_timestamp":"1713569340000","planned_timestamp":"1713569340000","planned_event_type":"ARRIVAL","event_type":"ARRIVAL","event_source":"AUTOMATIC","correction_ind":"false","offroute_ind":"false","direction_ind":"DOWN","line_ind":"S","platform":" 6","route":"0","train_service_code":"24653005","division_code":"80","toc_id":"80","timetable_variation":"1","variation_status":"EARLY","next_report_stanox":"88412","next_report_run_time":"2","train_terminated":"false","delay_monitoring_point":"true","reporting_stanox":"87601","auto_expected":"true"}},{"header":{"msg_type":"0003","msg_queue_timestamp":"1713565710000","source_system_id":"TRUST","original_data_source":"SMART"},"body":{"train_id":"882N60M919","actual_timestamp":"1713569280000","loc_stanox":"88401","gbtt_timestamp":"1713569280000","planned_timestamp":"1713569280000","planned_event_type":"DEPARTURE","event_type":"DEPARTURE","event_source":"AUTOMATIC","correction_ind":"false","offroute_ind":"false","direction_ind":"DOWN","line_ind":"S","platform":" 2","route":"1","train_service_code":"24657005","division_code":"80","toc_id":"80","timetable_variation":"0","variation_status":"ON TIME","next_report_stanox":"88402","next_report_run_time":"2","train_terminated":"false","delay_monitoring_point":"true","reporting_stanox":"88401","auto_expected":"true"}},{"header":{"msg_type":"0003","msg_queue_timestamp":"1713565710000","source_system_id":"TRUST","original_data_source":"SMART"},"body":{"train_id":"879V94M819","actual_timestamp":"1713569280000","loc_stanox":"87244","gbtt_timestamp":"1713569280000","planned_timestamp":"1713569310000","planned_event_type":"DEPARTURE","event_type":"DEPARTURE","event_source":"AUTOMATIC","correction_ind":"false","offroute_ind":"false","direction_ind":"UP","platform":" 1","route":"1","train_service_code":"22722000","division_code":"88","toc_id":"88","timetable_variation":"0","variation_status":"ON TIME","next_report_stanox":"63633","next_report_run_time":"2","train_terminated":"false","delay_monitoring_point":"false","reporting_stanox":"00000","auto_expected":"true"}},{"header":{"msg_type":"0003","msg_queue_timestamp":"1713565710000","source_system_id":"TRUST","original_data_source":"SMART"},"body":{"train_id":"879B71M919","actual_timestamp":"1713569280000","loc_stanox":"52090","gbtt_timestamp":"1713569100000","planned_timestamp":"1713569130000","planned_event_type":"DEPARTURE","event_type":"DEPARTURE","event_source":"AUTOMATIC","correction_ind":"false","offroute_ind":"false","direction_ind":"UP","platform":" 1","route":"1","train_service_code":"22215003","division_code":"30","toc_id":"30","timetable_variation":"3","variation_status":"LATE","next_report_stanox":"52088","next_report_run_time":"2","train_terminated":"false","delay_monitoring_point":"false","reporting_stanox":"00000","auto_expected":"true"}},{"header":{"msg_type":"0003","msg_queue_timestamp":"1713565710000","source_system_id":"TRUST","original_data_source":"SMART"},"body":{"train_id":"142I01M919","actual_timestamp":"1713569280000","loc_stanox":"14031","gbtt_timestamp":"1713569220000","planned_timestamp":"1713569250000","planned_event_type":"DEPARTURE","event_type":"DEPARTURE","event_source":"AUTOMATIC","correction_ind":"false","offroute_ind":"false","direction_ind":"DOWN","line_ind":"S","platform":" 4","route":"2","train_service_code":"11798001","division_code":"56","toc_id":"56","timetable_variation":"1","variation_status":"LATE","next_report_stanox":"14023","next_report_run_time":"1","train_terminated":"false","delay_monitoring_point":"true","reporting_stanox":"14031","auto_expected":"true"}},{"header":{"msg_type":"0003","msg_queue_timestamp":"1713565710000","source_system_id":"TRUST","original_data_source":"SMART"},"body":{"train_id":"122I04M819","actual_timestamp":"1713569280000","loc_stanox":"14039","gbtt_timestamp":"1713569280000","planned_timestamp":"1713569250000","planned_event_type":"ARRIVAL","event_type":"ARRIVAL","event_source":"AUTOMATIC","correction_ind":"false","offroute_ind":"false","direction_ind":"UP","platform":" 1","route":"0","train_service_code":"11798001","division_code":"56","toc_id":"56","timetable_variation":"1","variation_status":"LATE","next_report_stanox":"14023","next_report_run_time":"1","train_terminated":"false","delay_monitoring_point":"false","reporting_stanox":"00000","auto_expected":"true"}},{"header":{"msg_type":"0003","msg_queue_timestamp":"1713565711000","source_system_id":"TRUST","original_data_source":"SMART"},"body":{"train_id":"862P86M919","actual_timestamp":"1713569220000","loc_stanox":"86321","gbtt_timestamp":"1713569280000","planned_timestamp":"1713569280000","planned_event_type":"DEPARTURE","event_type":"DEPARTURE","event_source":"AUTOMATIC","correction_ind":"false","offroute_ind":"false","direction_ind":"UP","line_ind":"M","platform":" 1","route":"2","train_service_code":"24621204","division_code":"84","toc_id":"84","timetable_variation":"1","variation_status":"EARLY","next_report_stanox":"86332","next_report_run_time":"3","train_terminated":"false","delay_monitoring_point":"true","reporting_stanox":"86321","auto_expected":"true"}},{"header":{"msg_type":"0003","msg_queue_timestamp":"1713565711000","source_system_id":"TRUST","original_data_source":"SMART"},"body":{"train_id":"232B91M919","actual_timestamp":"1713569220000","loc_stanox":"23115","gbtt_timestamp":"1713569160000","planned_timestamp":"1713569160000","planned_event_type":"DEPARTURE","event_type":"DEPARTURE","event_source":"AUTOMATIC","correction_ind":"false","offroute_ind":"false","direction_ind":"DOWN","line_ind":"L","platform":" 2","route":"2","train_service_code":"11824820","division_code":"23","toc_id":"23","timetable_variation":"1","variation_status":"LATE","next_report_stanox":"23118","next_report_run_time":"3","train_terminated":"false","delay_monitoring_point":"false","reporting_stanox":"00000","auto_expected":"true"}}]