[{"header":{"msg_type":"0003","msg_queue_timestamp":"1713745318000","source_system_id":"TRUST","original_data_source":"SMART"},"body":{"train_id":"165P95M122","actual_timestamp":"1713748860000","loc_stanox":"16416","gbtt_timestamp":"1713748800000","planned_timestamp":"1713748800000","planned_event_type":"DEPARTURE","event_type":"DEPARTURE","event_source":"AUTOMATIC","correction_ind":"false","offroute_ind":"false","direction_ind":"DOWN","line_ind":"L","platform":"11","route":"2","train_service_code":"21734000","division_code":"20","toc_id":"20","timetable_variation":"1","variation_status":"LATE","next_report_stanox":"16413","next_report_run_time":"5","train_terminated":"false","delay_monitoring_point":"true","reporting_stanox":"16416","auto_expected":"true"}}]