[{"header":{"msg_type":"0003","msg_queue_timestamp":"1713157671000","source_system_id":"TRUST","original_data_source":"SMART"},"body":{"train_id":"879R06M615","actual_timestamp":"1713161280000","loc_stanox":"87905","gbtt_timestamp":"1713161340000","planned_timestamp":"1713161310000","planned_event_type":"ARRIVAL","event_type":"ARRIVAL","event_source":"AUTOMATIC","correction_ind":"false","offroute_ind":"false","direction_ind":"UP","platform":" 1","route":"0","train_service_code":"22729000","division_code":"88","toc_id":"88","timetable_variation":"0","variation_status":"ON TIME","next_report_stanox":"87903","next_report_run_time":"1","train_terminated":"false","delay_monitoring_point":"false","reporting_stanox":"00000","auto_expected":"true"}},{"header":{"msg_type":"0003","msg_queue_timestamp":"1713157671000","source_system_id":"TRUST","original_data_source":"SMART"},"body":{"train_id":"871L05M615","actual_timestamp":"1713161220000","loc_stanox":"87759","gbtt_timestamp":"1713161040000","planned_timestamp":"1713161040000","planned_event_type":"DEPARTURE","event_type":"DEPARTURE","event_source":"AUTOMATIC","correction_ind":"false","offroute_ind":"false","direction_ind":"UP","line_ind":"U","platform":" 2","route":"1","train_service_code":"24749000","division_code":"88","toc_id":"88","timetable_variation":"3","variation_status":"LATE","next_report_stanox":"87757","next_report_run_time":"3","train_terminated":"false","delay_monitoring_point":"true","reporting_stanox":"87759","auto_expected":"true"}},{"header":{"msg_type":"0003","msg_queue_timestamp":"1713157671000","source_system_id":"TRUST","original_data_source":"SMART"},"body":{"train_id":"871L05M615","actual_timestamp":"1713161460000","loc_stanox":"87757","gbtt_timestamp":"1713161280000","planned_timestamp":"1713161250000","planned_event_type":"ARRIVAL","event_type":"ARRIVAL","event_source":"AUTOMATIC","correction_ind":"false","offroute_ind":"false","direction_ind":"UP","platform":" 1","route":"0","train_service_code":"24749000","division_code":"88","toc_id":"88","timetable_variation":"4","variation_status":"LATE","next_report_stanox":"87755","next_report_run_time":"1","train_terminated":"false","delay_monitoring_point":"false","reporting_stanox":"00000","auto_expected":"true"}},{"header":{"msg_type":"0003","msg_queue_timestamp":"1713157671000","source_system_id":"TRUST","original_data_source":"SMART"},"body":{"train_id":"810B36C515","actual_timestamp":"1713161220000","loc_stanox":"76090","planned_timestamp":"1713160980000","planned_event_type":"DEPARTURE","event_type":"DEPARTURE","event_source":"AUTOMATIC","correction_ind":"false","offroute_ind":"false","direction_ind":"DOWN","platform":" 3","route":"1","train_service_code":"50510170","division_code":"09","toc_id":"09","timetable_variation":"4","variation_status":"LATE","next_report_stanox":"76099","next_report_run_time":"11","train_terminated":"false","delay_monitoring_point":"true","train_file_address":"GJB","reporting_stanox":"76090","auto_expected":"true"}},{"header":{"msg_type":"0003","msg_queue_timestamp":"1713157671000","source_system_id":"TRUST","original_data_source":"SMART"},"body":{"train_id":"045R11M615","actual_timestamp":"1713161280000","loc_stanox":"04641","planned_timestamp":"1713162900000","planned_event_type":"DEPARTURE","event_type":"DEPARTURE","event_source":"AUTOMATIC","correction_ind":"false","offroute_ind":"false","direction_ind":"DOWN","line_ind":"F","route":"1","train_service_code":"23548003","division_code":"60","toc_id":"60","timetable_variation":"27","variation_status":"EARLY","next_report_stanox":"04517","next_report_run_time":"2","train_terminated":"false","delay_monitoring_point":"false","reporting_stanox":"00000","auto_expected":"true"}},{"header":{"msg_type":"0003","msg_queue_timestamp":"1713157671000","source_system_id":"TRUST","original_data_source":"SMART"},"body":{"train_id":"739R22M615","actual_timestamp":"1713161280000","loc_stanox":"73253","gbtt_timestamp":"1713161400000","planned_timestamp":"1713161400000","planned_event_type":"ARRIVAL","event_type":"ARRIVAL","event_source":"AUTOMATIC","correction_ind":"false","offroute_ind":"false","direction_ind":"DOWN","platform":" 3","route":"0","train_service_code":"21381001","division_code":"33","toc_id":"33","timetable_variation":"2","variation_status":"EARLY","next_report_stanox":"73255","next_report_run_time":"3","train_terminated":"false","delay_monitoring_point":"true","reporting_stanox":"73253","auto_expected":"true"}},{"header":{"msg_type":"0003","msg_queue_timestamp":"1713157671000","source_system_id":"TRUST","original_data_source":"SMART"},"body":{"train_id":"042P11M615","actual_timestamp":"1713161280000","loc_stanox":"04235","gbtt_timestamp":"1713161280000","planned_timestamp":"1713161250000","planned_event_type":"ARRIVAL","event_type":"ARRIVAL","event_source":"AUTOMATIC","correction_ind":"false","offroute_ind":"false","direction_ind":"DOWN","platform":" 4","route":"0","train_service_code":"23576003","division_code":"60","toc_id":"60","timetable_variation":"1","variation_status":"LATE","next_report_stanox":"04221","next_report_run_time":"1","train_terminated":"false","delay_monitoring_point":"true","reporting_stanox":"04235","auto_expected":"true"}},{"header":{"msg_type":"0003","msg_queue_timestamp":"1713157671000","source_system_id":"TRUST","original_data_source":"SMART"},"body":{"train_id":"075M81M015","actual_timestamp":"1713161340000","loc_stanox":"04235","planned_timestamp":"1713159690000","planned_event_type":"ARRIVAL","event_type":"ARRIVAL","event_source":"AUTOMATIC","correction_ind":"false","offroute_ind":"false","route":"0","train_service_code":"21730001","division_code":"20","toc_id":"20","timetable_variation":"28","variation_status":"LATE","next_report_stanox":"04291","next_report_run_time":"1","train_terminated":"false","delay_monitoring_point":"true","reporting_stanox":"04235","auto_expected":"true"}},{"header":{"msg_type":"0003","msg_queue_timestamp":"1713157671000","source_system_id":"TRUST","original_data_source":"SMART"},"body":{"train_id":"639P03M515","actual_timestamp":"1713161280000","loc_stanox":"87244","gbtt_timestamp":"1713161280000","planned_timestamp":"1713161280000","planned_event_type":"ARRIVAL","event_type":"ARRIVAL","event_source":"AUTOMATIC","correction_ind":"false","offroute_ind":"false","direction_ind":"DOWN","platform":" 2","route":"0","train_service_code":"22728000","division_code":"88","toc_id":"88","timetable_variation":"0","variation_status":"ON TIME","next_report_stanox":"87245","next_report_run_time":"1","train_terminated":"false","delay_monitoring_point":"false","reporting_stanox":"00000","auto_expected":"true"}},{"header":{"msg_type":"0003","msg_queue_timestamp":"1713157671000","source_system_id":"TRUST","original_data_source":"SMART"},"body":{"train_id":"639L03M515","actual_timestamp":"1713161280000","loc_stanox":"87601","gbtt_timestamp":"1713161340000","planned_timestamp":"1713161340000","planned_event_type":"ARRIVAL","event_type":"ARRIVAL","event_source":"AUTOMATIC","correction_ind":"false","offroute_ind":"false","direction_ind":"DOWN","platform":" 4","route":"0","train_service_code":"22729001","division_code":"88","toc_id":"88","timetable_variation":"1","variation_status":"EARLY","next_report_stanox":"87579","next_report_run_time":"2","train_terminated":"false","delay_monitoring_point":"true","reporting_stanox":"87601","auto_expected":"true"}},{"header":{"msg_type":"0003","msg_queue_timestamp":"1713157672000","source_system_id":"TRUST","original_data_source":"SMART"},"body":{"train_id":"791L01M315","actual_timestamp":"1713161280000","loc_stanox":"75242","planned_timestamp":"1713161340000","planned_event_type":"DEPARTURE","event_type":"DEPARTURE","event_source":"AUTOMATIC","correction_ind":"false","offroute_ind":"false","direction_ind":"UP","route":"2","train_service_code":"25375002","division_code":"25","toc_id":"25","timetable_variation":"1","variation_status":"EARLY","next_report_stanox":"75012","next_report_run_time":"5","train_terminated":"false","delay_monitoring_point":"true","reporting_stanox":"75242","auto_expected":"true"}},{"header":{"msg_type":"0003","msg_queue_timestamp":"1713157672000","source_system_id":"TRUST","original_data_source":"SMART"},"body":{"train_id":"861N94M415","actual_timestamp":"1713161280000","loc_stanox":"86499","planned_timestamp":"1713160470000","planned_event_type":"ARRIVAL","event_type":"ARRIVAL","event_source":"AUTOMATIC","correction_ind":"false","offroute_ind":"false","route":"0","train_service_code":"24744000","division_code":"88","toc_id":"88","timetable_variation":"14","variation_status":"LATE","next_report_stanox":"86513","next_report_run_time":"1","train_terminated":"false","delay_monitoring_point":"true","reporting_stanox":"86499","auto_expected":"true"}},{"header":{"msg_type":"0003","msg_queue_timestamp":"1713157672000","source_system_id":"TRUST","original_data_source":"SMART"},"body":{"train_id":"575C17M515","actual_timestamp":"1713161340000","loc_stanox":"27263","gbtt_timestamp":"1713161520000","planned_timestamp":"1713161550000","planned_event_type":"ARRIVAL","event_type":"ARRIVAL","event_source":"AUTOMATIC","correction_ind":"false","offroute_ind":"false","direction_ind":"DOWN","platform":" 1","route":"0","train_service_code":"22150007","division_code":"28","toc_id":"28","timetable_variation":"3","variation_status":"EARLY","next_report_stanox":"27272","next_report_run_time":"4","train_terminated":"false","delay_monitoring_point":"true","reporting_stanox":"27263","auto_expected":"true"}},{"header":{"msg_type":"0003","msg_queue_timestamp":"1713157672000","source_system_id":"TRUST","original_data_source":"SMART"},"body":{"train_id":"551B07M515","actual_timestamp":"1713161340000","loc_stanox":"59241","gbtt_timestamp":"1713161340000","planned_timestamp":"1713161310000","planned_event_type":"ARRIVAL","event_type":"ARRIVAL","event_source":"AUTOMATIC","correction_ind":"false","offroute_ind":"false","direction_ind":"UP","platform":" 3","route":"0","train_service_code":"22153000","division_code":"28","toc_id":"28","timetable_variation":"1","variation_status":"LATE","next_report_stanox":"59321","next_report_run_time":"1","train_terminated":"false","delay_monitoring_point":"true","reporting_stanox":"59241","auto_expected":"true"}},{"header":{"msg_type":"0003","msg_queue_timestamp":"1713157672000","source_system_id":"TRUST","original_data_source":"SMART"},"body":{"train_id":"551V03M615","actual_timestamp":"1713161280000","loc_stanox":"55202","gbtt_timestamp":"1713161340000","planned_timestamp":"1713161340000","planned_event_type":"ARRIVAL","event_type":"ARRIVAL","event_source":"AUTOMATIC","correction_ind":"false","offroute_ind":"false","direction_ind":"UP","platform":" 2","route":"0","train_service_code":"22333000","division_code":"27","toc_id":"27","timetable_variation":"1","variation_status":"EARLY","next_report_stanox":"56601","next_report_run_time":"1","train_terminated":"false","delay_monitoring_point":"false","reporting_stanox":"00000","auto_expected":"true"}},{"header":{"msg_type":"0003","msg_queue_timestamp":"1713157673000","source_system_id":"TRUST","original_data_source":"SMART"},"body":{"train_id":"522U02M615","actual_timestamp":"1713161220000","loc_stanox":"52737","gbtt_timestamp":"1713161220000","planned_timestamp":"1713161250000","planned_event_type":"DEPARTURE","event_type":"DEPARTURE","event_source":"AUTOMATIC","correction_ind":"false","offroute_ind":"false","direction_ind":"DOWN","platform":" 2","route":"2","train_service_code":"21234001","division_code":"30","toc_id":"30","timetable_variation":"0","variation_status":"ON TIME","next_report_stanox":"52736","next_report_run_time":"2","train_terminated":"false","delay_monitoring_point":"false","reporting_stanox":"00000","auto_expected":"true"}},{"header":{"msg_type":"0003","msg_queue_timestamp":"1713157673000","source_system_id":"TRUST","original_data_source":"SMART"},"body":{"train_id":"872U08M515","actual_timestamp":"1713161220000","loc_stanox":"87114","gbtt_timestamp":"1713161280000","planned_timestamp":"1713161280000","planned_event_type":"DEPARTURE","event_type":"DEPARTURE","event_source":"AUTOMATIC","correction_ind":"false","offroute_ind":"false","direction_ind":"UP","line_ind":"M","platform":" 1","route":"3","train_service_code":"24671105","division_code":"84","toc_id":"84","timetable_variation":"1","variation_status":"EARLY","next_report_stanox":"87117","next_report_run_time":"2","train_terminated":"false","delay_monitoring_point":"true","reporting_stanox":"87114","auto_expected":"true"}},{"header":{"msg_type":"0003","msg_queue_timestamp":"1713157673000","source_system_id":"TRUST","original_data_source":"SMART"},"body":{"train_id":"742K24M515","actual_timestamp":"1713161280000","loc_stanox":"74803","gbtt_timestamp":"1713161460000","planned_timestamp":"1713161460000","planned_event_type":"DESTINATION","event_type":"ARRIVAL","event_source":"AUTOMATIC","correction_ind":"false","offroute_ind":"false","direction_ind":"DOWN","platform":" 3","route":"0","train_service_code":"25519007","division_code":"25","toc_id":"25","timetable_variation":"3","variation_status":"EARLY","train_terminated":"true","delay_monitoring_point":"true","reporting_stanox":"74803","auto_expected":"true"}},{"header":{"msg_type":"0003","msg_queue_timestamp":"1713157674000","source_system_id":"TRUST","original_data_source":"SMART"},"body":{"train_id":"352C01M515","actual_timestamp":"1713161280000","loc_stanox":"35405","gbtt_timestamp":"1713161280000","planned_timestamp":"1713161280000","planned_event_type":"ARRIVAL","event_type":"ARRIVAL","event_source":"AUTOMATIC","correction_ind":"false","offroute_ind":"false","direction_ind":"DOWN","platform":" 2","route":"0","train_service_code":"12297820","division_code":"23","toc_id":"23","timetable_variation":"0","variation_status":"ON TIME","next_report_stanox":"36616","next_report_run_time":"1","train_terminated":"false","delay_monitoring_point":"true","reporting_stanox":"35405","auto_expected":"true"}},{"header":{"msg_type":"0003","msg_queue_timestamp":"1713157674000","source_system_id":"TRUST","original_data_source":"SMART"},"body":{"train_id":"882S04M515","actual_timestamp":"1713161280000","loc_stanox":"88481","gbtt_timestamp":"1713161280000","planned_timestamp":"1713161280000","planned_event_type":"ARRIVAL","event_type":"ARRIVAL","event_source":"AUTOMATIC","correction_ind":"false","offroute_ind":"false","direction_ind":"DOWN","platform":" 5","route":"0","train_service_code":"24655005","division_code":"80","toc_id":"80","timetable_variation":"0","variation_status":"ON TIME","next_report_stanox":"88468","next_report_run_time":"1","train_terminated":"false","delay_monitoring_point":"true","reporting_stanox":"88481","auto_expected":"true"}},{"header":{"msg_type":"0003","msg_queue_timestamp":"1713157674000","source_system_id":"TRUST","original_data_source":"SMART"},"body":{"train_id":"892F08M515","actual_timestamp":"1713161220000","loc_stanox":"88451","gbtt_timestamp":"1713161220000","planned_timestamp":"1713161220000","planned_event_type":"DEPARTURE","event_type":"DEPARTURE","event_source":"AUTOMATIC","correction_ind":"false","offroute_ind":"false","direction_ind":"UP","line_ind":"S","platform":" 3","route":"2","train_service_code":"24655005","division_code":"80","toc_id":"80","timetable_variation":"0","variation_status":"ON TIME","next_report_stanox":"88447","next_report_run_time":"2","train_terminated":"false","delay_monitoring_point":"true","reporting_stanox":"88451","auto_expected":"true"}},{"header":{"msg_type":"0003","msg_queue_timestamp":"1713157675000","source_system_id":"TRUST","original_data_source":"SMART"},"body":{"train_id":"231S01M615","actual_timestamp":"1713161220000","loc_stanox":"23421","gbtt_timestamp":"1713161280000","planned_timestamp":"1713161280000","planned_event_type":"DEPARTURE","event_type":"DEPARTURE","event_source":"AUTOMATIC","correction_ind":"false","offroute_ind":"false","direction_ind":"DOWN","line_ind":"M","platform":" 1","route":"2","train_service_code":"21700001","division_code":"61","toc_id":"61","timetable_variation":"1","variation_status":"EARLY","next_report_stanox":"23221","next_report_run_time":"4","train_terminated":"false","delay_monitoring_point":"true","reporting_stanox":"23421","auto_expected":"true"}},{"header":{"msg_type":"0003","msg_queue_timestamp":"1713157675000","source_system_id":"TRUST","original_data_source":"SMART"},"body":{"train_id":"879R04M515","actual_timestamp":"1713161280000","loc_stanox":"87643","gbtt_timestamp":"1713161220000","planned_timestamp":"1713161220000","planned_event_type":"ARRIVAL","event_type":"ARRIVAL","event_source":"AUTOMATIC","correction_ind":"false","offroute_ind":"false","direction_ind":"UP","platform":" 3","route":"0","train_service_code":"22729000","division_code":"88","toc_id":"88","timetable_variation":"1","variation_status":"LATE","next_report_stanox":"87626","next_report_run_time":"1","train_terminated":"false","delay_monitoring_point":"true","reporting_stanox":"87643","auto_expected":"true"}},{"header":{"msg_type":"0003","msg_queue_timestamp":"1713157675000","source_system_id":"TRUST","original_data_source":"SMART"},"body":{"train_id":"875I06M515","actual_timestamp":"1713161340000","loc_stanox":"87637","gbtt_timestamp":"1713161160000","planned_timestamp":"1713161160000","planned_event_type":"ARRIVAL","event_type":"ARRIVAL","event_source":"AUTOMATIC","correction_ind":"false","offroute_ind":"false","direction_ind":"UP","platform":" 1","route":"0","train_service_code":"24788005","division_code":"88","toc_id":"88","timetable_variation":"3","variation_status":"LATE","next_report_stanox":"87648","next_report_run_time":"3","train_terminated":"false","delay_monitoring_point":"true","reporting_stanox":"87637","auto_expected":"true"}},{"header":{"msg_type":"0003","msg_queue_timestamp":"1713157675000","source_system_id":"TRUST","original_data_source":"SMART"},"body":{"train_id":"879C00M515","actual_timestamp":"1713161340000","loc_stanox":"87651","gbtt_timestamp":"1713161520000","planned_timestamp":"1713161340000","planned_event_type":"DESTINATION","event_type":"ARRIVAL","event_source":"AUTOMATIC","correction_ind":"false","offroute_ind":"false","direction_ind":"DOWN","platform":" 1","route":"0","train_service_code":"22215003","division_code":"30","toc_id":"30","timetable_variation":"0","variation_status":"ON TIME","train_terminated":"true","delay_monitoring_point":"true","reporting_stanox":"87651","auto_expected":"true"}},{"header":{"msg_type":"0003","msg_queue_timestamp":"1713157675000","source_system_id":"TRUST","original_data_source":"SMART"},"body":{"train_id":"879J08M515","actual_timestamp":"1713161280000","loc_stanox":"87909","gbtt_timestamp":"1713160260000","planned_timestamp":"1713160260000","planned_event_type":"ARRIVAL","event_type":"ARRIVAL","event_source":"AUTOMATIC","correction_ind":"false","offroute_ind":"false","direction_ind":"UP","platform":" 1","route":"0","train_service_code":"22729000","division_code":"88","toc_id":"88","timetable_variation":"17","variation_status":"LATE","next_report_stanox":"87905","next_report_run_time":"1","train_terminated":"false","delay_monitoring_point":"false","reporting_stanox":"00000","auto_expected":"true"}},{"header":{"msg_type":"0003","msg_queue_timestamp":"1713157675000","source_system_id":"TRUST","original_data_source":"SMART"},"body":{"train_id":"315B99M515","actual_timestamp":"1713161220000","loc_stanox":"31510","gbtt_timestamp":"1713161220000","planned_timestamp":"1713161220000","planned_event_type":"DEPARTURE","event_type":"DEPARTURE","event_source":"AUTOMATIC","correction_ind":"false","offroute_ind":"false","direction_ind":"DOWN","line_ind":"F","platform":" 6","route":"1","train_service_code":"22974000","division_code":"23","toc_id":"23","timetable_variation":"0","variation_status":"ON TIME","next_report_stanox":"31339","next_report_run_time":"3","train_terminated":"false","delay_monitoring_point":"true","reporting_stanox":"31510","auto_expected":"true"}},{"header":{"msg_type":"0003","msg_queue_timestamp":"1713157675000","source_system_id":"TRUST","original_data_source":"SMART"},"body":{"train_id":"032K24M515","actual_timestamp":"1713161220000","loc_stanox":"03291","gbtt_timestamp":"1713161160000","planned_timestamp":"1713161190000","planned_event_type":"DEPARTURE","event_type":"DEPARTURE","event_source":"AUTOMATIC","correction_ind":"false","offroute_ind":"false","direction_ind":"UP","platform":" 1","route":"2","train_service_code":"23587003","division_code":"60","toc_id":"60","timetable_variation":"1","variation_status":"LATE","next_report_stanox":"03295","next_report_run_time":"4","train_terminated":"false","delay_monitoring_point":"false","reporting_stanox":"00000","auto_expected":"true"}},{"header":{"msg_type":"0003","msg_queue_timestamp":"1713157675000","source_system_id":"TRUST","original_data_source":"SMART"},"body":{"train_id":"065R21M615","actual_timestamp":"1713161220000","loc_stanox":"06430","gbtt_timestamp":"1713161400000","planned_timestamp":"1713161400000","planned_event_type":"DESTINATION","event_type":"ARRIVAL","event_source":"AUTOMATIC","correction_ind":"false","offroute_ind":"false","direction_ind":"UP","route":"0","train_service_code":"23548003","division_code":"60","toc_id":"60","timetable_variation":"3","variation_status":"EARLY","train_terminated":"true","delay_monitoring_point":"true","reporting_stanox":"06430","auto_expected":"true"}},{"header":{"msg_type":"0003","msg_queue_timestamp":"1713157676000","source_system_id":"TRUST","original_data_source":"SMART"},"body":{"train_id":"731T27M515","actual_timestamp":"1713161220000","loc_stanox":"73770","planned_event_type":"DEPARTURE","event_type":"DEPARTURE","event_source":"AUTOMATIC","correction_ind":"false","offroute_ind":"true","train_service_code":"25905000","division_code":"86","toc_id":"86","timetable_variation":"0","variation_status":"OFF ROUTE","train_terminated":"false","delay_monitoring_point":"false"}}]