[{"header":{"msg_type":"0001","msg_queue_timestamp":"1713715460000","source_system_id":"TRUST","original_data_source":"TSIA"},"body":{"train_id":"655G32MW21","toc_id":"65","schedule_wtt_id":"5G32M","sched_origin_stanox":"65630","creation_timestamp":"1713719060000","origin_dep_timestamp":"1713722640000","train_uid":"C27755","schedule_start_date":"2023-12-31","schedule_end_date":"2024-05-19","schedule_source":"C","schedule_type":"C","d1266_record_number":"00000","tp_origin_timestamp":"2024-04-21","train_call_type":"AUTOMATIC","train_call_mode":"NORMAL","train_service_code":"22112002"}},{"header":{"msg_type":"0002","msg_queue_timestamp":"1713715460000","source_system_id":"TRUST"},"body":{"train_id":"655G32MW21","division_code":"65","toc_id":"65","loc_stanox":"65630","canx_timestamp":"1713719040000","dep_timestamp":"1713722640000","canx_type":"ON CALL","canx_reason_code":"PD","train_service_code":"22112002"}},{"header":{"msg_type":"0001","msg_queue_timestamp":"1713715460000","source_system_id":"TRUST","original_data_source":"TSIA"},"body":{"train_id":"655K321W21","toc_id":"65","schedule_wtt_id":"5K321","sched_origin_stanox":"65630","creation_timestamp":"1713719060000","origin_dep_timestamp":"1713722640000","train_uid":"S16507","schedule_start_date":"2024-04-21","schedule_end_date":"2024-04-21","schedule_source":"C","schedule_type":"N","d1266_record_number":"00000","tp_origin_timestamp":"2024-04-21","train_call_type":"AUTOMATIC","train_call_mode":"NORMAL","train_service_code":"22112002"}},{"header":{"msg_type":"0003","msg_queue_timestamp":"1713715460000","source_system_id":"TRUST","original_data_source":"SMART"},"body":{"train_id":"021E23MN21","actual_timestamp":"1713719100000","loc_stanox":"04852","planned_timestamp":"1713718920000","planned_event_type":"ARRIVAL","event_type":"ARRIVAL","event_source":"AUTOMATIC","correction_ind":"false","offroute_ind":"false","route":"0","train_service_code":"21701001","division_code":"61","toc_id":"61","timetable_variation":"3","variation_status":"LATE","next_report_stanox":"04838","next_report_run_time":"1","train_terminated":"false","delay_monitoring_point":"false","reporting_stanox":"00000","auto_expected":"true"}},{"header":{"msg_type":"0001","msg_queue_timestamp":"1713715460000","source_system_id":"TRUST","original_data_source":"TSIA"},"body":{"train_id":"015H90MW21","toc_id":"60","schedule_wtt_id":"5H90M","sched_origin_stanox":"01100","creation_timestamp":"1713719060000","origin_dep_timestamp":"1713722640000","train_uid":"W59844","schedule_start_date":"2023-12-10","schedule_end_date":"2024-05-26","schedule_source":"C","schedule_type":"O","d1266_record_number":"00000","tp_origin_timestamp":"2024-04-21","train_call_type":"AUTOMATIC","train_call_mode":"NORMAL","train_service_code":"23542003"}},{"header":{"msg_type":"0003","msg_queue_timestamp":"1713715460000","source_system_id":"TRUST","original_data_source":"SMART"},"body":{"train_id":"731B51MR21","actual_timestamp":"1713718980000","loc_stanox":"81116","planned_timestamp":"1713719010000","planned_event_type":"DEPARTURE","event_type":"DEPARTURE","event_source":"AUTOMATIC","correction_ind":"false","offroute_ind":"false","direction_ind":"DOWN","line_ind":"2","platform":" 2","route":"1","train_service_code":"25375002","division_code":"25","toc_id":"25","timetable_variation":"0","variation_status":"ON TIME","next_report_stanox":"81118","next_report_run_time":"3","train_terminated":"false","delay_monitoring_point":"true","reporting_stanox":"81116","auto_expected":"true"}},{"header":{"msg_type":"0001","msg_queue_timestamp":"1713715460000","source_system_id":"TRUST","original_data_source":"TSIA"},"body":{"train_id":"875H421W21","toc_id":"88","schedule_wtt_id":"5H421","sched_origin_stanox":"87998","creation_timestamp":"1713719060000","origin_dep_timestamp":"1713722640000","train_uid":"X80734","schedule_start_date":"2024-04-21","schedule_end_date":"2024-04-21","schedule_source":"C","schedule_type":"N","d1266_record_number":"00000","tp_origin_timestamp":"2024-04-21","train_call_type":"AUTOMATIC","train_call_mode":"NORMAL","train_service_code":"24788005"}},{"header":{"msg_type":"0003","msg_queue_timestamp":"1713715460000","source_system_id":"TRUST","original_data_source":"SMART"},"body":{"train_id":"852U22MJ21","actual_timestamp":"1713719040000","loc_stanox":"77086","planned_timestamp":"1713718380000","planned_event_type":"DEPARTURE","event_type":"DEPARTURE","event_source":"AUTOMATIC","correction_ind":"false","offroute_ind":"false","direction_ind":"DOWN","line_ind":"M","route":"1","train_service_code":"25474001","division_code":"25","toc_id":"25","timetable_variation":"11","variation_status":"LATE","next_report_stanox":"77075","next_report_run_time":"5","train_terminated":"false","delay_monitoring_point":"true","reporting_stanox":"77086","auto_expected":"true"}},{"header":{"msg_type":"0001","msg_queue_timestamp":"1713715460000","source_system_id":"TRUST","original_data_source":"TSIA"},"body":{"train_id":"865L49MW21","toc_id":"84","schedule_wtt_id":"5L49M","sched_origin_stanox":"86122","creation_timestamp":"1713719060000","origin_dep_timestamp":"1713722640000","train_uid":"Y05131","schedule_start_date":"2023-12-10","schedule_end_date":"2024-05-26","schedule_source":"C","schedule_type":"O","d1266_record_number":"00000","tp_origin_timestamp":"2024-04-21","train_call_type":"AUTOMATIC","train_call_mode":"NORMAL","train_service_code":"24676004"}},{"header":{"msg_type":"0003","msg_queue_timestamp":"1713715460000","source_system_id":"TRUST","original_data_source":"SMART"},"body":{"train_id":"772Y60MT21","actual_timestamp":"1713719040000","loc_stanox":"78713","gbtt_timestamp":"1713719040000","planned_timestamp":"1713719040000","planned_event_type":"ARRIVAL","event_type":"ARRIVAL","event_source":"AUTOMATIC","correction_ind":"false","offroute_ind":"false","direction_ind":"DOWN","platform":" 2","route":"0","train_service_code":"25442000","division_code":"71","toc_id":"71","timetable_variation":"0","variation_status":"ON TIME","next_report_stanox":"78717","next_report_run_time":"1","train_terminated":"false","delay_monitoring_point":"false","reporting_stanox":"00000","auto_expected":"true"}},{"header":{"msg_type":"0003","msg_queue_timestamp":"1713715461000","source_system_id":"TRUST","original_data_source":"SMART"},"body":{"train_id":"529C44MS21","actual_timestamp":"1713719040000","loc_stanox":"87643","gbtt_timestamp":"1713719100000","planned_timestamp":"1713719100000","planned_event_type":"DEPARTURE","event_type":"DEPARTURE","event_source":"AUTOMATIC","correction_ind":"false","offroute_ind":"false","direction_ind":"DOWN","line_ind":"W","platform":" 5","route":"1","train_service_code":"22215003","division_code":"30","toc_id":"30","timetable_variation":"1","variation_status":"EARLY","next_report_stanox":"87648","next_report_run_time":"2","train_terminated":"false","delay_monitoring_point":"true","reporting_stanox":"87643","auto_expected":"true"}},{"header":{"msg_type":"0003","msg_queue_timestamp":"1713715461000","source_system_id":"TRUST","original_data_source":"SMART"},"body":{"train_id":"882T15MU21","actual_timestamp":"1713719040000","loc_stanox":"87601","gbtt_timestamp":"1713719100000","planned_timestamp":"1713719100000","planned_event_type":"ARRIVAL","event_type":"ARRIVAL","event_source":"AUTOMATIC","correction_ind":"false","offroute_ind":"false","direction_ind":"DOWN","platform":" 1","route":"0","train_service_code":"24650005","division_code":"80","toc_id":"80","timetable_variation":"1","variation_status":"EARLY","next_report_stanox":"88409","next_report_run_time":"2","train_terminated":"false","delay_monitoring_point":"true","reporting_stanox":"87601","auto_expected":"true"}}]