[{"header":{"msg_type":"0003","msg_queue_timestamp":"1713117506000","source_system_id":"TRUST","original_data_source":"SMART"},"body":{"train_id":"629T55MV14","actual_timestamp":"1713121080000","loc_stanox":"63633","gbtt_timestamp":"1713121080000","planned_timestamp":"1713121110000","planned_event_type":"DEPARTURE","event_type":"DEPARTURE","event_source":"AUTOMATIC","correction_ind":"false","offroute_ind":"false","direction_ind":"UP","line_ind":"M","platform":" 3","route":"1","train_service_code":"22720000","division_code":"88","toc_id":"88","timetable_variation":"0","variation_status":"ON TIME","next_report_stanox":"87244","next_report_run_time":"2","train_terminated":"false","delay_monitoring_point":"true","reporting_stanox":"63633","auto_expected":"true"}},{"header":{"msg_type":"0003","msg_queue_timestamp":"1713117507000","source_system_id":"TRUST","original_data_source":"SMART"},"body":{"train_id":"639P53MW14","actual_timestamp":"1713121020000","loc_stanox":"88433","gbtt_timestamp":"1713121020000","planned_timestamp":"1713121050000","planned_event_type":"DEPARTURE","event_type":"DEPARTURE","event_source":"AUTOMATIC","correction_ind":"false","offroute_ind":"false","direction_ind":"DOWN","platform":" 1","route":"2","train_service_code":"22728000","division_code":"88","toc_id":"88","timetable_variation":"0","variation_status":"ON TIME","next_report_stanox":"88435","next_report_run_time":"3","train_terminated":"false","delay_monitoring_point":"false","reporting_stanox":"00000","auto_expected":"true"}},{"header":{"msg_type":"0003","msg_queue_timestamp":"1713117507000","source_system_id":"TRUST","original_data_source":"SMART"},"body":{"train_id":"861H51MU14","actual_timestamp":"1713121140000","loc_stanox":"87601","gbtt_timestamp":"1713121200000","planned_timestamp":"1713121200000","planned_event_type":"DESTINATION","event_type":"ARRIVAL","event_source":"AUTOMATIC","correction_ind":"false","offroute_ind":"false","direction_ind":"UP","platform":"11","route":"0","train_service_code":"24746000","division_code":"88","toc_id":"88","timetable_variation":"1","variation_status":"EARLY","train_terminated":"true","delay_monitoring_point":"true","reporting_stanox":"87601","auto_expected":"true"}},{"header":{"msg_type":"0003","msg_queue_timestamp":"1713117507000","source_system_id":"TRUST","original_data_source":"SMART"},"body":{"train_id":"782M24MV14","actual_timestamp":"1713121080000","loc_stanox":"78215","gbtt_timestamp":"1713121080000","planned_timestamp":"1713121080000","planned_event_type":"DEPARTURE","event_type":"DEPARTURE","event_source":"AUTOMATIC","correction_ind":"false","offroute_ind":"false","direction_ind":"UP","line_ind":"U","platform":" 3","route":"2","train_service_code":"25442000","division_code":"71","toc_id":"71","timetable_variation":"0","variation_status":"ON TIME","next_report_stanox":"78204","next_report_run_time":"6","train_terminated":"false","delay_monitoring_point":"true","reporting_stanox":"78215","auto_expected":"true"}},{"header":{"msg_type":"0003","msg_queue_timestamp":"1713117507000","source_system_id":"TRUST","original_data_source":"SMART"},"body":{"train_id":"722K45MX14","actual_timestamp":"1713121080000","loc_stanox":"72268","planned_timestamp":"1713121080000","planned_event_type":"DEPARTURE","event_type":"DEPARTURE","event_source":"AUTOMATIC","correction_ind":"false","offroute_ind":"false","direction_ind":"DOWN","line_ind":"S","route":"1","train_service_code":"22209000","division_code":"29","toc_id":"29","timetable_variation":"0","variation_status":"ON TIME","next_report_stanox":"72021","next_report_run_time":"2","train_terminated":"false","delay_monitoring_point":"true","reporting_stanox":"72268","auto_expected":"true"}},{"header":{"msg_type":"0003","msg_queue_timestamp":"1713117507000","source_system_id":"TRUST","original_data_source":"SMART"},"body":{"train_id":"511D511X14","actual_timestamp":"1713121140000","loc_stanox":"51013","gbtt_timestamp":"1713121140000","planned_timestamp":"1713121140000","planned_event_type":"ARRIVAL","event_type":"ARRIVAL","event_source":"AUTOMATIC","correction_ind":"false","offroute_ind":"false","direction_ind":"UP","platform":" 1","route":"0","train_service_code":"21936004","division_code":"79","toc_id":"79","timetable_variation":"0","variation_status":"ON TIME","next_report_stanox":"51014","next_report_run_time":"1","train_terminated":"false","delay_monitoring_point":"true","reporting_stanox":"51013","auto_expected":"true"}},{"header":{"msg_type":"0003","msg_queue_timestamp":"1713117507000","source_system_id":"TRUST","original_data_source":"SMART"},"body":{"train_id":"122I08MW14","actual_timestamp":"1713121080000","loc_stanox":"13154","gbtt_timestamp":"1713121080000","planned_timestamp":"1713121080000","planned_event_type":"DEPARTURE","event_type":"DEPARTURE","event_source":"AUTOMATIC","correction_ind":"false","offroute_ind":"false","direction_ind":"UP","line_ind":"P","route":"1","train_service_code":"11798001","division_code":"56","toc_id":"56","timetable_variation":"0","variation_status":"ON TIME","next_report_stanox":"13152","next_report_run_time":"2","train_terminated":"false","delay_monitoring_point":"true","reporting_stanox":"13154","auto_expected":"true"}},{"header":{"msg_type":"0003","msg_queue_timestamp":"1713117507000","source_system_id":"TRUST","original_data_source":"SMART"},"body":{"train_id":"522Y89MW14","actual_timestamp":"1713121080000","loc_stanox":"72421","gbtt_timestamp":"1713120180000","planned_timestamp":"1713120180000","planned_event_type":"DEPARTURE","event_type":"DEPARTURE","event_source":"AUTOMATIC","correction_ind":"false","offroute_ind":"false","direction_ind":"DOWN","platform":" 1","route":"1","train_service_code":"22214000","division_code":"30","toc_id":"30","timetable_variation":"15","variation_status":"LATE","next_report_stanox":"72420","next_report_run_time":"2","train_terminated":"false","delay_monitoring_point":"true","reporting_stanox":"72421","auto_expected":"true"}},{"header":{"msg_type":"0003","msg_queue_timestamp":"1713117507000","source_system_id":"TRUST","original_data_source":"SMART"},"body":{"train_id":"382Y28MV14","actual_timestamp":"1713121080000","loc_stanox":"38220","gbtt_timestamp":"1713120900000","planned_timestamp":"1713120900000","planned_event_type":"DEPARTURE","event_type":"DEPARTURE","event_source":"AUTOMATIC","correction_ind":"false","offroute_ind":"false","direction_ind":"DOWN","platform":" 1","route":"2","train_service_code":"22306003","division_code":"64","toc_id":"64","timetable_variation":"3","variation_status":"LATE","next_report_stanox":"38302","next_report_run_time":"1","train_terminated":"false","delay_monitoring_point":"false","reporting_stanox":"00000","auto_expected":"true"}},{"header":{"msg_type":"0003","msg_queue_timestamp":"1713117507000","source_system_id":"TRUST","original_data_source":"SMART"},"body":{"train_id":"382Y28MV14","actual_timestamp":"1713121140000","loc_stanox":"38302","gbtt_timestamp":"1713121020000","planned_timestamp":"1713120990000","planned_event_type":"ARRIVAL","event_type":"ARRIVAL","event_source":"AUTOMATIC","correction_ind":"false","offroute_ind":"false","direction_ind":"DOWN","platform":" 2","route":"0","train_service_code":"22306003","division_code":"64","toc_id":"64","timetable_variation":"3","variation_status":"LATE","next_report_stanox":"38314","next_report_run_time":"1","train_terminated":"false","delay_monitoring_point":"true","reporting_stanox":"38302","auto_expected":"true"}},{"header":{"msg_type":"0003","msg_queue_timestamp":"1713117507000","source_system_id":"TRUST","original_data_source":"SMART"},"body":{"train_id":"721H33MT14","actual_timestamp":"1713121080000","loc_stanox":"32534","gbtt_timestamp":"1713121020000","planned_timestamp":"1713121020000","planned_event_type":"DEPARTURE","event_type":"DEPARTURE","event_source":"AUTOMATIC","correction_ind":"false","offroute_ind":"false","direction_ind":"DOWN","line_ind":"F","platform":" 3","route":"2","train_service_code":"22108001","division_code":"65","toc_id":"65","timetable_variation":"1","variation_status":"LATE","next_report_stanox":"32525","next_report_run_time":"1","train_terminated":"false","delay_monitoring_point":"true","reporting_stanox":"32534","auto_expected":"true"}},{"header":{"msg_type":"0003","msg_queue_timestamp":"1713117507000","source_system_id":"TRUST","original_data_source":"SMART"},"body":{"train_id":"041V62MH14","actual_timestamp":"1713121080000","loc_stanox":"81913","planned_timestamp":"1713121140000","planned_event_type":"DEPARTURE","event_type":"DEPARTURE","event_source":"AUTOMATIC","correction_ind":"false","offroute_ind":"false","direction_ind":"DOWN","route":"3","train_service_code":"22180008","division_code":"27","toc_id":"27","timetable_variation":"1","variation_status":"EARLY","next_report_stanox":"81924","next_report_run_time":"7","train_terminated":"false","delay_monitoring_point":"true","reporting_stanox":"81913","auto_expected":"true"}},{"header":{"msg_type":"0003","msg_queue_timestamp":"1713117508000","source_system_id":"TRUST","original_data_source":"SDR","user_id":"#QRPETNM","source_dev_id":"VDKF"},"body":{"train_id":"252S71MW14","actual_timestamp":"1713121020000","loc_stanox":"32557","planned_timestamp":"1713121140000","planned_event_type":"DEPARTURE","event_type":"DEPARTURE","event_source":"MANUAL","correction_ind":"false","offroute_ind":"false","train_service_code":"12226820","division_code":"23","toc_id":"23","timetable_variation":"2","variation_status":"EARLY","next_report_stanox":"32540","next_report_run_time":"9","train_terminated":"false","delay_monitoring_point":"false","reporting_stanox":"00000"}},{"header":{"msg_type":"0003","msg_queue_timestamp":"1713117509000","source_system_id":"TRUST","original_data_source":"SMART"},"body":{"train_id":"032K36MW14","actual_timestamp":"1713121080000","loc_stanox":"04235","gbtt_timestamp":"1713121140000","planned_timestamp":"1713121140000","planned_event_type":"DEPARTURE","event_type":"DEPARTURE","event_source":"AUTOMATIC","correction_ind":"false","offroute_ind":"false","direction_ind":"UP","line_ind":"N","platform":" 1","route":"1","train_service_code":"23587003","division_code":"60","toc_id":"60","timetable_variation":"1","variation_status":"EARLY","next_report_stanox":"04291","next_report_run_time":"2","train_terminated":"false","delay_monitoring_point":"true","reporting_stanox":"04235","auto_expected":"true"}},{"header":{"msg_type":"0003","msg_queue_timestamp":"1713117509000","source_system_id":"TRUST","original_data_source":"SMART"},"body":{"train_id":"722K43MW14","actual_timestamp":"1713121140000","loc_stanox":"70421","gbtt_timestamp":"1713121140000","planned_timestamp":"1713121110000","planned_event_type":"ARRIVAL","event_type":"ARRIVAL","event_source":"AUTOMATIC","correction_ind":"false","offroute_ind":"false","direction_ind":"DOWN","platform":" 3","route":"0","train_service_code":"22209000","division_code":"29","toc_id":"29","timetable_variation":"1","variation_status":"LATE","next_report_stanox":"70411","next_report_run_time":"1","train_terminated":"false","delay_monitoring_point":"false","reporting_stanox":"00000","auto_expected":"true"}},{"header":{"msg_type":"0003","msg_queue_timestamp":"1713117509000","source_system_id":"TRUST","original_data_source":"SMART"},"body":{"train_id":"706O71CW14","actual_timestamp":"1713121080000","loc_stanox":"70411","planned_timestamp":"1713121800000","planned_event_type":"DEPARTURE","event_type":"DEPARTURE","event_source":"AUTOMATIC","correction_ind":"false","offroute_ind":"false","direction_ind":"UP","line_ind":"S","platform":" 5","route":"2","train_service_code":"57610310","division_code":"08","toc_id":"08","timetable_variation":"12","variation_status":"EARLY","next_report_stanox":"71009","next_report_run_time":"7","train_terminated":"false","delay_monitoring_point":"true","train_file_address":"G2D","reporting_stanox":"70411","auto_expected":"true"}},{"header":{"msg_type":"0003","msg_queue_timestamp":"1713117509000","source_system_id":"TRUST","original_data_source":"SMART"},"body":{"train_id":"772C81MQ14","actual_timestamp":"1713121020000","loc_stanox":"84301","gbtt_timestamp":"1713120300000","planned_timestamp":"1713120300000","planned_event_type":"DEPARTURE","event_type":"DEPARTURE","event_source":"AUTOMATIC","correction_ind":"false","offroute_ind":"false","direction_ind":"DOWN","line_ind":"D","platform":" 1","route":"1","train_service_code":"25460001","division_code":"25","toc_id":"25","timetable_variation":"12","variation_status":"LATE","next_report_stanox":"84397","next_report_run_time":"5","train_terminated":"false","delay_monitoring_point":"true","reporting_stanox":"84301","auto_expected":"true"}},{"header":{"msg_type":"0003","msg_queue_timestamp":"1713117509000","source_system_id":"TRUST","original_data_source":"SMART"},"body":{"train_id":"729K39MX14","actual_timestamp":"1713121140000","loc_stanox":"70411","planned_timestamp":"1713121110000","planned_event_type":"ARRIVAL","event_type":"ARRIVAL","event_source":"AUTOMATIC","correction_ind":"false","offroute_ind":"false","route":"0","train_service_code":"22114001","division_code":"65","toc_id":"65","timetable_variation":"1","variation_status":"LATE","next_report_stanox":"70320","next_report_run_time":"1","train_terminated":"false","delay_monitoring_point":"true","reporting_stanox":"70411","auto_expected":"true"}},{"header":{"msg_type":"0003","msg_queue_timestamp":"1713117509000","source_system_id":"TRUST","original_data_source":"SMART"},"body":{"train_id":"721U47MX14","actual_timestamp":"1713121080000","loc_stanox":"71040","planned_timestamp":"1713121080000","planned_event_type":"DEPARTURE","event_type":"DEPARTURE","event_source":"AUTOMATIC","correction_ind":"false","offroute_ind":"false","direction_ind":"DOWN","line_ind":"F","platform":" 6","route":"2","train_service_code":"22209000","division_code":"29","toc_id":"29","timetable_variation":"0","variation_status":"ON TIME","next_report_stanox":"71009","next_report_run_time":"4","train_terminated":"false","delay_monitoring_point":"true","reporting_stanox":"71040","auto_expected":"true"}},{"header":{"msg_type":"0003","msg_queue_timestamp":"1713117509000","source_system_id":"TRUST","original_data_source":"SMART"},"body":{"train_id":"731C88MS14","actual_timestamp":"1713121140000","loc_stanox":"84067","planned_timestamp":"1713120990000","planned_event_type":"ARRIVAL","event_type":"ARRIVAL","event_source":"AUTOMATIC","correction_ind":"false","offroute_ind":"false","route":"0","train_service_code":"25397003","division_code":"25","toc_id":"25","timetable_variation":"3","variation_status":"LATE","next_report_stanox":"84075","next_report_run_time":"1","train_terminated":"false","delay_monitoring_point":"false","reporting_stanox":"00000","auto_expected":"true"}},{"header":{"msg_type":"0003","msg_queue_timestamp":"1713117509000","source_system_id":"TRUST","original_data_source":"SMART"},"body":{"train_id":"702K38MW14","actual_timestamp":"1713121020000","loc_stanox":"71023","gbtt_timestamp":"1713121080000","planned_timestamp":"1713121080000","planned_event_type":"DEPARTURE","event_type":"DEPARTURE","event_source":"AUTOMATIC","correction_ind":"false","offroute_ind":"false","direction_ind":"UP","line_ind":"S","platform":" 4","route":"2","train_service_code":"22209000","division_code":"29","toc_id":"29","timetable_variation":"1","variation_status":"EARLY","next_report_stanox":"71022","next_report_run_time":"2","train_terminated":"false","delay_monitoring_point":"false","reporting_stanox":"00000","auto_expected":"true"}},{"header":{"msg_type":"0003","msg_queue_timestamp":"1713117509000","source_system_id":"TRUST","original_data_source":"SMART"},"body":{"train_id":"662P40MV14","actual_timestamp":"1713121080000","loc_stanox":"65603","gbtt_timestamp":"1713121020000","planned_timestamp":"1713121020000","planned_event_type":"DEPARTURE","event_type":"DEPARTURE","event_source":"AUTOMATIC","correction_ind":"false","offroute_ind":"false","direction_ind":"DOWN","platform":" 1","route":"1","train_service_code":"12272820","division_code":"29","toc_id":"29","timetable_variation":"1","variation_status":"LATE","next_report_stanox":"65601","next_report_run_time":"2","train_terminated":"false","delay_monitoring_point":"false","reporting_stanox":"00000","auto_expected":"true"}},{"header":{"msg_type":"0003","msg_queue_timestamp":"1713117509000","source_system_id":"TRUST","original_data_source":"SDR","user_id":"#QGE5239","source_dev_id":"VDGF"},"body":{"train_id":"552L67MU14","actual_timestamp":"1713121020000","loc_stanox":"44041","planned_timestamp":"1713121050000","planned_event_type":"DEPARTURE","event_type":"DEPARTURE","event_source":"MANUAL","correction_ind":"false","offroute_ind":"false","train_service_code":"22277000","division_code":"28","toc_id":"28","timetable_variation":"0","variation_status":"ON TIME","next_report_stanox":"21425","next_report_run_time":"8","train_terminated":"false","delay_monitoring_point":"true","reporting_stanox":"44041","auto_expected":"false"}},{"header":{"msg_type":"0003","msg_queue_timestamp":"1713117509000","source_system_id":"TRUST","original_data_source":"SMART"},"body":{"train_id":"899Y54MX14","actual_timestamp":"1713121080000","loc_stanox":"89351","gbtt_timestamp":"1713121080000","planned_timestamp":"1713121080000","planned_event_type":"DEPARTURE","event_type":"DEPARTURE","event_source":"AUTOMATIC","correction_ind":"false","offroute_ind":"false","direction_ind":"UP","platform":" 4","route":"3","train_service_code":"22742000","division_code":"88","toc_id":"88","timetable_variation":"0","variation_status":"ON TIME","next_report_stanox":"89349","next_report_run_time":"3","train_terminated":"false","delay_monitoring_point":"true","reporting_stanox":"89351","auto_expected":"true"}},{"header":{"msg_type":"0003","msg_queue_timestamp":"1713117509000","source_system_id":"TRUST","original_data_source":"SMART"},"body":{"train_id":"879D52MW14","actual_timestamp":"1713121080000","loc_stanox":"52082","gbtt_timestamp":"1713120960000","planned_timestamp":"1713120930000","planned_event_type":"ARRIVAL","event_type":"ARRIVAL","event_source":"AUTOMATIC","correction_ind":"false","offroute_ind":"false","direction_ind":"UP","platform":" 1","route":"0","train_service_code":"22215003","division_code":"30","toc_id":"30","timetable_variation":"3","variation_status":"LATE","next_report_stanox":"52080","next_report_run_time":"1","train_terminated":"false","delay_monitoring_point":"false","reporting_stanox":"00000","auto_expected":"true"}},{"header":{"msg_type":"0003","msg_queue_timestamp":"1713117509000","source_system_id":"TRUST","original_data_source":"SMART"},"body":{"train_id":"861N31MV14","actual_timestamp":"1713121020000","loc_stanox":"87993","gbtt_timestamp":"1713121020000","planned_timestamp":"1713121050000","planned_event_type":"DEPARTURE","event_type":"DEPARTURE","event_source":"AUTOMATIC","correction_ind":"false","offroute_ind":"false","direction_ind":"UP","platform":" 1","route":"1","train_service_code":"24744000","division_code":"88","toc_id":"88","timetable_variation":"0","variation_status":"ON TIME","next_report_stanox":"87994","next_report_run_time":"3","train_terminated":"false","delay_monitoring_point":"false","reporting_stanox":"00000","auto_expected":"true"}},{"header":{"msg_type":"0003","msg_queue_timestamp":"1713117509000","source_system_id":"TRUST","original_data_source":"SMART"},"body":{"train_id":"772C87MW14","actual_timestamp":"1713121080000","loc_stanox":"81819","gbtt_timestamp":"1713121080000","planned_timestamp":"1713121110000","planned_event_type":"DEPARTURE","event_type":"DEPARTURE","event_source":"AUTOMATIC","correction_ind":"false","offroute_ind":"false","direction_ind":"DOWN","line_ind":"D","platform":" 1","route":"1","train_service_code":"25460001","division_code":"25","toc_id":"25","timetable_variation":"0","variation_status":"ON TIME","next_report_stanox":"81903","next_report_run_time":"6","train_terminated":"false","delay_monitoring_point":"false","reporting_stanox":"00000","auto_expected":"true"}},{"header":{"msg_type":"0003","msg_queue_timestamp":"1713117509000","source_system_id":"TRUST","original_data_source":"SMART"},"body":{"train_id":"861N31MV14","actual_timestamp":"1713121140000","loc_stanox":"87994","gbtt_timestamp":"1713121200000","planned_timestamp":"1713121200000","planned_event_type":"ARRIVAL","event_type":"ARRIVAL","event_source":"AUTOMATIC","correction_ind":"false","offroute_ind":"false","direction_ind":"UP","platform":" 1","route":"0","train_service_code":"24744000","division_code":"88","toc_id":"88","timetable_variation":"1","variation_status":"EARLY","next_report_stanox":"87991","next_report_run_time":"1","train_terminated":"false","delay_monitoring_point":"false","reporting_stanox":"00000","auto_expected":"true"}},{"header":{"msg_type":"0003","msg_queue_timestamp":"1713117509000","source_system_id":"TRUST","original_data_source":"SMART"},"body":{"train_id":"872E44MX14","actual_timestamp":"1713121020000","loc_stanox":"87763","gbtt_timestamp":"1713121080000","planned_timestamp":"1713121080000","planned_event_type":"DEPARTURE","event_type":"DEPARTURE","event_source":"AUTOMATIC","correction_ind":"false","offroute_ind":"false","direction_ind":"UP","platform":" 1","route":"1","train_service_code":"24749000","division_code":"88","toc_id":"88","timetable_variation":"1","variation_status":"EARLY","next_report_stanox":"87770","next_report_run_time":"1","train_terminated":"false","delay_monitoring_point":"false","reporting_stanox":"00000","auto_expected":"true"}},{"header":{"msg_type":"0003","msg_queue_timestamp":"1713117510000","source_system_id":"TRUST","original_data_source":"SMART"},"body":{"train_id":"832C38MW14","actual_timestamp":"1713121020000","loc_stanox":"83702","gbtt_timestamp":"1713121080000","planned_timestamp":"1713121080000","planned_event_type":"DEPARTURE","event_type":"DEPARTURE","event_source":"AUTOMATIC","correction_ind":"false","offroute_ind":"false","direction_ind":"DOWN","line_ind":"1","platform":" 1","route":"1","train_service_code":"25462001","division_code":"25","toc_id":"25","timetable_variation":"1","variation_status":"EARLY","next_report_stanox":"83704","next_report_run_time":"7","train_terminated":"false","delay_monitoring_point":"true","reporting_stanox":"83702","auto_expected":"true"}},{"header":{"msg_type":"0003","msg_queue_timestamp":"1713117510000","source_system_id":"TRUST","original_data_source":"SMART"},"body":{"train_id":"872E44MX14","actual_timestamp":"1713121260000","loc_stanox":"87761","gbtt_timestamp":"1713121320000","planned_timestamp":"1713121320000","planned_event_type":"ARRIVAL","event_type":"ARRIVAL","event_source":"AUTOMATIC","correction_ind":"false","offroute_ind":"false","direction_ind":"UP","platform":" 1","route":"0","train_service_code":"24749000","division_code":"88","toc_id":"88","timetable_variation":"1","variation_status":"EARLY","next_report_stanox":"87762","next_report_run_time":"1","train_terminated":"false","delay_monitoring_point":"false","reporting_stanox":"00000","auto_expected":"true"}},{"header":{"msg_type":"0003","msg_queue_timestamp":"1713117510000","source_system_id":"TRUST","original_data_source":"SMART"},"body":{"train_id":"872J54MX14","actual_timestamp":"1713121080000","loc_stanox":"87701","gbtt_timestamp":"1713121080000","planned_timestamp":"1713121080000","planned_event_type":"DEPARTURE","event_type":"DEPARTURE","event_source":"AUTOMATIC","correction_ind":"false","offroute_ind":"false","direction_ind":"UP","line_ind":"S","platform":" 4","route":"2","train_service_code":"24787000","division_code":"88","toc_id":"88","timetable_variation":"0","variation_status":"ON TIME","next_report_stanox":"87700","next_report_run_time":"1","train_terminated":"false","delay_monitoring_point":"true","reporting_stanox":"87701","auto_expected":"true"}}]