[{"header":{"msg_type":"0003","msg_queue_timestamp":"1713159546000","source_system_id":"TRUST","original_data_source":"SMART"},"body":{"train_id":"861S05M515","actual_timestamp":"1713163140000","loc_stanox":"87985","gbtt_timestamp":"1713163200000","planned_timestamp":"1713163170000","planned_event_type":"ARRIVAL","event_type":"ARRIVAL","event_source":"AUTOMATIC","correction_ind":"false","offroute_ind":"false","direction_ind":"UP","platform":" 1","route":"0","train_service_code":"24744000","division_code":"88","toc_id":"88","timetable_variation":"0","variation_status":"ON TIME","next_report_stanox":"88103","next_report_run_time":"1","train_terminated":"false","delay_monitoring_point":"false","reporting_stanox":"00000","auto_expected":"true"}},{"header":{"msg_type":"0003","msg_queue_timestamp":"1713159546000","source_system_id":"TRUST","original_data_source":"SMART"},"body":{"train_id":"879S06M615","actual_timestamp":"1713163080000","loc_stanox":"87980","gbtt_timestamp":"1713163140000","planned_timestamp":"1713163140000","planned_event_type":"DEPARTURE","event_type":"DEPARTURE","event_source":"AUTOMATIC","correction_ind":"false","offroute_ind":"false","direction_ind":"UP","line_ind":"M","platform":" 4","route":"2","train_service_code":"22721000","division_code":"88","toc_id":"88","timetable_variation":"1","variation_status":"EARLY","next_report_stanox":"87975","next_report_run_time":"3","train_terminated":"false","delay_monitoring_point":"true","reporting_stanox":"87980","auto_expected":"true"}},{"header":{"msg_type":"0003","msg_queue_timestamp":"1713159546000","source_system_id":"TRUST","original_data_source":"SMART"},"body":{"train_id":"872L01M615","actual_timestamp":"1713163140000","loc_stanox":"72416","gbtt_timestamp":"1713163080000","planned_timestamp":"1713163050000","planned_event_type":"ARRIVAL","event_type":"ARRIVAL","event_source":"AUTOMATIC","correction_ind":"false","offroute_ind":"false","direction_ind":"UP","platform":" 2","route":"0","train_service_code":"22204000","division_code":"30","toc_id":"30","timetable_variation":"2","variation_status":"LATE","next_report_stanox":"72417","next_report_run_time":"1","train_terminated":"false","delay_monitoring_point":"false","reporting_stanox":"00000","auto_expected":"true"}},{"header":{"msg_type":"0003","msg_queue_timestamp":"1713159546000","source_system_id":"TRUST","original_data_source":"SMART"},"body":{"train_id":"872B06M615","actual_timestamp":"1713163140000","loc_stanox":"87635","gbtt_timestamp":"1713163200000","planned_timestamp":"1713163200000","planned_event_type":"ARRIVAL","event_type":"ARRIVAL","event_source":"AUTOMATIC","correction_ind":"false","offroute_ind":"false","direction_ind":"DOWN","line_ind":"S","platform":" 1","route":"0","train_service_code":"24782000","division_code":"88","toc_id":"88","timetable_variation":"1","variation_status":"EARLY","next_report_stanox":"87637","next_report_run_time":"1","train_terminated":"false","delay_monitoring_point":"false","reporting_stanox":"00000","auto_expected":"true"}},{"header":{"msg_type":"0003","msg_queue_timestamp":"1713159546000","source_system_id":"TRUST","original_data_source":"SMART"},"body":{"train_id":"883G91M615","actual_timestamp":"1713163140000","loc_stanox":"87601","planned_timestamp":"1713163320000","planned_event_type":"ARRIVAL","event_type":"ARRIVAL","event_source":"AUTOMATIC","correction_ind":"false","offroute_ind":"false","route":"0","train_service_code":"24604004","division_code":"80","toc_id":"80","timetable_variation":"3","variation_status":"EARLY","next_report_stanox":"88409","next_report_run_time":"3","train_terminated":"false","delay_monitoring_point":"true","reporting_stanox":"87601","auto_expected":"true"}},{"header":{"msg_type":"0003","msg_queue_timestamp":"1713159546000","source_system_id":"TRUST","original_data_source":"SMART"},"body":{"train_id":"532B07M615","actual_timestamp":"1713163080000","loc_stanox":"53246","gbtt_timestamp":"1713163080000","planned_timestamp":"1713163110000","planned_event_type":"DEPARTURE","event_type":"DEPARTURE","event_source":"AUTOMATIC","correction_ind":"false","offroute_ind":"false","direction_ind":"UP","line_ind":"H","platform":" 1","route":"1","train_service_code":"21724000","division_code":"88","toc_id":"88","timetable_variation":"0","variation_status":"ON TIME","next_report_stanox":"53248","next_report_run_time":"3","train_terminated":"false","delay_monitoring_point":"false","reporting_stanox":"00000","auto_expected":"true"}},{"header":{"msg_type":"0003","msg_queue_timestamp":"1713159546000","source_system_id":"TRUST","original_data_source":"SMART"},"body":{"train_id":"142I01M615","actual_timestamp":"1713163140000","loc_stanox":"13150","gbtt_timestamp":"1713163080000","planned_timestamp":"1713163080000","planned_event_type":"ARRIVAL","event_type":"ARRIVAL","event_source":"AUTOMATIC","correction_ind":"false","offroute_ind":"false","direction_ind":"DOWN","platform":" 2","route":"0","train_service_code":"11798001","division_code":"56","toc_id":"56","timetable_variation":"1","variation_status":"LATE","next_report_stanox":"13152","next_report_run_time":"1","train_terminated":"false","delay_monitoring_point":"false","reporting_stanox":"00000","auto_expected":"true"}},{"header":{"msg_type":"0003","msg_queue_timestamp":"1713159546000","source_system_id":"TRUST","original_data_source":"SMART"},"body":{"train_id":"042H43M615","actual_timestamp":"1713163140000","loc_stanox":"04291","planned_timestamp":"1713163170000","planned_event_type":"DEPARTURE","event_type":"DEPARTURE","event_source":"AUTOMATIC","correction_ind":"false","offroute_ind":"false","direction_ind":"UP","line_ind":"S","route":"2","train_service_code":"13560015","division_code":"60","toc_id":"60","timetable_variation":"0","variation_status":"ON TIME","next_report_stanox":"04235","next_report_run_time":"3","train_terminated":"false","delay_monitoring_point":"false","reporting_stanox":"00000","auto_expected":"true"}},{"header":{"msg_type":"0003","msg_queue_timestamp":"1713159546000","source_system_id":"TRUST","original_data_source":"SMART"},"body":{"train_id":"322H50M615","actual_timestamp":"1713163080000","loc_stanox":"32056","gbtt_timestamp":"1713163020000","planned_timestamp":"1713163020000","planned_event_type":"DEPARTURE","event_type":"DEPARTURE","event_source":"AUTOMATIC","correction_ind":"false","offroute_ind":"false","direction_ind":"DOWN","platform":" 2","route":"1","train_service_code":"12226110","division_code":"23","toc_id":"23","timetable_variation":"1","variation_status":"LATE","next_report_stanox":"32050","next_report_run_time":"2","train_terminated":"false","delay_monitoring_point":"false","reporting_stanox":"00000","auto_expected":"true"}},{"header":{"msg_type":"0003","msg_queue_timestamp":"1713159547000","source_system_id":"TRUST","original_data_source":"SMART"},"body":{"train_id":"322F17M615","actual_timestamp":"1713163080000","loc_stanox":"32529","gbtt_timestamp":"1713162900000","planned_timestamp":"1713162930000","planned_event_type":"DEPARTURE","event_type":"DEPARTURE","event_source":"AUTOMATIC","correction_ind":"false","offroute_ind":"false","direction_ind":"DOWN","platform":" 1","route":"1","train_service_code":"12248822","division_code":"23","toc_id":"23","timetable_variation":"3","variation_status":"LATE","next_report_stanox":"32526","next_report_run_time":"3","train_terminated":"false","delay_monitoring_point":"true","reporting_stanox":"32529","auto_expected":"true"}},{"header":{"msg_type":"0003","msg_queue_timestamp":"1713159547000","source_system_id":"TRUST","original_data_source":"SMART"},"body":{"train_id":"862S02M515","actual_timestamp":"1713163080000","loc_stanox":"86341","gbtt_timestamp":"1713163020000","planned_timestamp":"1713163020000","planned_event_type":"DEPARTURE","event_type":"DEPARTURE","event_source":"AUTOMATIC","correction_ind":"false","offroute_ind":"false","direction_ind":"DOWN","platform":" 2","route":"1","train_service_code":"24744000","division_code":"88","toc_id":"88","timetable_variation":"1","variation_status":"LATE","next_report_stanox":"86339","next_report_run_time":"2","train_terminated":"false","delay_monitoring_point":"true","reporting_stanox":"86341","auto_expected":"true"}},{"header":{"msg_type":"0003","msg_queue_timestamp":"1713159547000","source_system_id":"TRUST","original_data_source":"SMART"},"body":{"train_id":"862S01M615","actual_timestamp":"1713163020000","loc_stanox":"86342","gbtt_timestamp":"1713162960000","planned_timestamp":"1713162990000","planned_event_type":"DEPARTURE","event_type":"DEPARTURE","event_source":"AUTOMATIC","correction_ind":"false","offroute_ind":"false","direction_ind":"UP","platform":" 1","route":"3","train_service_code":"24744000","division_code":"88","toc_id":"88","timetable_variation":"1","variation_status":"LATE","next_report_stanox":"86343","next_report_run_time":"3","train_terminated":"false","delay_monitoring_point":"false","reporting_stanox":"00000","auto_expected":"true"}},{"header":{"msg_type":"0003","msg_queue_timestamp":"1713159547000","source_system_id":"TRUST","original_data_source":"SMART"},"body":{"train_id":"322F17M615","actual_timestamp":"1713163200000","loc_stanox":"32526","gbtt_timestamp":"1713163080000","planned_timestamp":"1713163080000","planned_event_type":"ARRIVAL","event_type":"ARRIVAL","event_source":"AUTOMATIC","correction_ind":"false","offroute_ind":"false","direction_ind":"DOWN","platform":" 1","route":"0","train_service_code":"12248822","division_code":"23","toc_id":"23","timetable_variation":"2","variation_status":"LATE","next_report_stanox":"32524","next_report_run_time":"1","train_terminated":"false","delay_monitoring_point":"false","reporting_stanox":"00000","auto_expected":"true"}},{"header":{"msg_type":"0003","msg_queue_timestamp":"1713159547000","source_system_id":"TRUST","original_data_source":"SMART"},"body":{"train_id":"862S01M615","actual_timestamp":"1713163200000","loc_stanox":"86343","gbtt_timestamp":"1713163140000","planned_timestamp":"1713163140000","planned_event_type":"ARRIVAL","event_type":"ARRIVAL","event_source":"AUTOMATIC","correction_ind":"false","offroute_ind":"false","direction_ind":"UP","platform":" 1","route":"0","train_service_code":"24744000","division_code":"88","toc_id":"88","timetable_variation":"1","variation_status":"LATE","next_report_stanox":"86353","next_report_run_time":"1","train_terminated":"false","delay_monitoring_point":"false","reporting_stanox":"00000","auto_expected":"true"}},{"header":{"msg_type":"0003","msg_queue_timestamp":"1713159547000","source_system_id":"TRUST","original_data_source":"SMART"},"body":{"train_id":"072L03M615","actual_timestamp":"1713163080000","loc_stanox":"07490","gbtt_timestamp":"1713163080000","planned_timestamp":"1713163080000","planned_event_type":"DEPARTURE","event_type":"DEPARTURE","event_source":"AUTOMATIC","correction_ind":"false","offroute_ind":"false","direction_ind":"DOWN","route":"2","train_service_code":"23563015","division_code":"60","toc_id":"60","timetable_variation":"0","variation_status":"ON TIME","next_report_stanox":"07478","next_report_run_time":"1","train_terminated":"false","delay_monitoring_point":"false","reporting_stanox":"00000","auto_expected":"true"}},{"header":{"msg_type":"0003","msg_queue_timestamp":"1713159547000","source_system_id":"TRUST","original_data_source":"SMART"},"body":{"train_id":"072L03M615","actual_timestamp":"1713163140000","loc_stanox":"07478","planned_timestamp":"1713163140000","planned_event_type":"DEPARTURE","event_type":"DEPARTURE","event_source":"AUTOMATIC","correction_ind":"false","offroute_ind":"false","direction_ind":"DOWN","route":"1","train_service_code":"23563015","division_code":"60","toc_id":"60","timetable_variation":"0","variation_status":"ON TIME","next_report_stanox":"07479","next_report_run_time":"3","train_terminated":"false","delay_monitoring_point":"false","reporting_stanox":"00000","auto_expected":"true"}},{"header":{"msg_type":"0003","msg_queue_timestamp":"1713159547000","source_system_id":"TRUST","original_data_source":"SDR","user_id":"#QDP0303","source_dev_id":"VDH1"},"body":{"train_id":"675M41M515","actual_timestamp":"1713163080000","loc_stanox":"67215","gbtt_timestamp":"1713163020000","planned_timestamp":"1713163020000","planned_event_type":"DEPARTURE","event_type":"DEPARTURE","event_source":"MANUAL","correction_ind":"false","offroute_ind":"false","train_service_code":"22977000","division_code":"29","toc_id":"29","timetable_variation":"1","variation_status":"LATE","next_report_stanox":"67214","next_report_run_time":"2","train_terminated":"false","delay_monitoring_point":"false","reporting_stanox":"00000"}},{"header":{"msg_type":"0003","msg_queue_timestamp":"1713159547000","source_system_id":"TRUST","original_data_source":"SMART"},"body":{"train_id":"889K06M615","actual_timestamp":"1713163140000","loc_stanox":"87605","planned_timestamp":"1713163110000","planned_event_type":"DEPARTURE","event_type":"DEPARTURE","event_source":"AUTOMATIC","correction_ind":"false","offroute_ind":"false","direction_ind":"UP","line_ind":"S","route":"1","train_service_code":"22742000","division_code":"88","toc_id":"88","timetable_variation":"1","variation_status":"LATE","next_report_stanox":"87247","next_report_run_time":"1","train_terminated":"false","delay_monitoring_point":"false","reporting_stanox":"00000","auto_expected":"true"}},{"header":{"msg_type":"0003","msg_queue_timestamp":"1713159547000","source_system_id":"TRUST","original_data_source":"SMART"},"body":{"train_id":"879Y03M515","actual_timestamp":"1713163200000","loc_stanox":"89345","gbtt_timestamp":"1713163200000","planned_timestamp":"1713163170000","planned_event_type":"ARRIVAL","event_type":"ARRIVAL","event_source":"AUTOMATIC","correction_ind":"false","offroute_ind":"false","direction_ind":"DOWN","platform":" 2","route":"0","train_service_code":"22742000","division_code":"88","toc_id":"88","timetable_variation":"1","variation_status":"LATE","next_report_stanox":"89346","next_report_run_time":"1","train_terminated":"false","delay_monitoring_point":"false","reporting_stanox":"00000","auto_expected":"true"}},{"header":{"msg_type":"0003","msg_queue_timestamp":"1713159547000","source_system_id":"TRUST","original_data_source":"SMART"},"body":{"train_id":"521N02M615","actual_timestamp":"1713163200000","loc_stanox":"50217","gbtt_timestamp":"1713163200000","planned_timestamp":"1713163200000","planned_event_type":"ARRIVAL","event_type":"ARRIVAL","event_source":"AUTOMATIC","correction_ind":"false","offroute_ind":"false","direction_ind":"DOWN","platform":" 2","route":"0","train_service_code":"21939001","division_code":"21","toc_id":"21","timetable_variation":"0","variation_status":"ON TIME","next_report_stanox":"50211","next_report_run_time":"1","train_terminated":"false","delay_monitoring_point":"false","reporting_stanox":"00000","auto_expected":"true"}},{"header":{"msg_type":"0003","msg_queue_timestamp":"1713159547000","source_system_id":"TRUST","original_data_source":"SMART"},"body":{"train_id":"481P03M515","actual_timestamp":"1713163080000","loc_stanox":"50211","planned_timestamp":"1713163140000","planned_event_type":"DEPARTURE","event_type":"DEPARTURE","event_source":"AUTOMATIC","correction_ind":"false","offroute_ind":"false","direction_ind":"UP","line_ind":"U","platform":" 2","route":"2","train_service_code":"21781002","division_code":"21","toc_id":"21","timetable_variation":"1","variation_status":"EARLY","next_report_stanox":"50223","next_report_run_time":"7","train_terminated":"false","delay_monitoring_point":"true","reporting_stanox":"50211","auto_expected":"true"}},{"header":{"msg_type":"0003","msg_queue_timestamp":"1713159547000","source_system_id":"TRUST","original_data_source":"SMART"},"body":{"train_id":"512D05M615","actual_timestamp":"1713163140000","loc_stanox":"51942","gbtt_timestamp":"1713163140000","planned_timestamp":"1713163140000","planned_event_type":"ARRIVAL","event_type":"ARRIVAL","event_source":"AUTOMATIC","correction_ind":"false","offroute_ind":"false","direction_ind":"UP","platform":" 1","route":"0","train_service_code":"25234001","division_code":"30","toc_id":"30","timetable_variation":"0","variation_status":"ON TIME","next_report_stanox":"51944","next_report_run_time":"1","train_terminated":"false","delay_monitoring_point":"false","reporting_stanox":"00000","auto_expected":"true"}},{"header":{"msg_type":"0003","msg_queue_timestamp":"1713159547000","source_system_id":"TRUST","original_data_source":"SMART"},"body":{"train_id":"739W12M615","actual_timestamp":"1713163080000","loc_stanox":"50417","gbtt_timestamp":"1713163080000","planned_timestamp":"1713163110000","planned_event_type":"DEPARTURE","event_type":"DEPARTURE","event_source":"AUTOMATIC","correction_ind":"false","offroute_ind":"false","direction_ind":"DOWN","route":"1","train_service_code":"21381901","division_code":"33","toc_id":"33","timetable_variation":"0","variation_status":"ON TIME","next_report_stanox":"50412","next_report_run_time":"2","train_terminated":"false","delay_monitoring_point":"false","reporting_stanox":"00000","auto_expected":"true"}},{"header":{"msg_type":"0003","msg_queue_timestamp":"1713159547000","source_system_id":"TRUST","original_data_source":"SMART"},"body":{"train_id":"509Y43M615","actual_timestamp":"1713163080000","loc_stanox":"50423","gbtt_timestamp":"1713163140000","planned_timestamp":"1713163140000","planned_event_type":"DEPARTURE","event_type":"DEPARTURE","event_source":"AUTOMATIC","correction_ind":"false","offroute_ind":"false","direction_ind":"UP","line_ind":"E","platform":" 3","route":"2","train_service_code":"25381001","division_code":"33","toc_id":"33","timetable_variation":"1","variation_status":"EARLY","next_report_stanox":"50431","next_report_run_time":"2","train_terminated":"false","delay_monitoring_point":"true","reporting_stanox":"50423","auto_expected":"true"}},{"header":{"msg_type":"0001","msg_queue_timestamp":"1713159547000","source_system_id":"TRUST","original_data_source":"TSIA"},"body":{"train_id":"262D03MB15","toc_id":"28","schedule_wtt_id":"2D03M","sched_origin_stanox":"26222","creation_timestamp":"1713163147000","origin_dep_timestamp":"1713166740000","train_uid":"C55375","schedule_start_date":"2023-12-11","schedule_end_date":"2024-05-31","schedule_source":"C","schedule_type":"O","d1266_record_number":"00000","tp_origin_timestamp":"2024-04-15","train_call_type":"AUTOMATIC","train_call_mode":"NORMAL","train_service_code":"12325021"}},{"header":{"msg_type":"0001","msg_queue_timestamp":"1713159547000","source_system_id":"TRUST","original_data_source":"TSIA"},"body":{"train_id":"692G69MB15","toc_id":"29","schedule_wtt_id":"2G69M","sched_origin_stanox":"69300","creation_timestamp":"1713163147000","origin_dep_timestamp":"1713166740000","train_uid":"C73051","schedule_start_date":"2023-12-11","schedule_end_date":"2024-05-31","schedule_source":"C","schedule_type":"O","d1266_record_number":"00000","tp_origin_timestamp":"2024-04-15","train_call_type":"AUTOMATIC","train_call_mode":"NORMAL","train_service_code":"22255000"}},{"header":{"msg_type":"0003","msg_queue_timestamp":"1713159547000","source_system_id":"TRUST","original_data_source":"SMART"},"body":{"train_id":"072P02M615","actual_timestamp":"1713163080000","loc_stanox":"07555","gbtt_timestamp":"1713162960000","planned_timestamp":"1713162990000","planned_event_type":"DEPARTURE","event_type":"DEPARTURE","event_source":"AUTOMATIC","correction_ind":"false","offroute_ind":"false","direction_ind":"UP","platform":" 2","route":"1","train_service_code":"13562015","division_code":"60","toc_id":"60","timetable_variation":"2","variation_status":"LATE","next_report_stanox":"07553","next_report_run_time":"2","train_terminated":"false","delay_monitoring_point":"false","reporting_stanox":"00000","auto_expected":"true"}},{"header":{"msg_type":"0003","msg_queue_timestamp":"1713159547000","source_system_id":"TRUST","original_data_source":"SMART"},"body":{"train_id":"072P02M615","actual_timestamp":"1713163200000","loc_stanox":"07553","gbtt_timestamp":"1713163140000","planned_timestamp":"1713163110000","planned_event_type":"ARRIVAL","event_type":"ARRIVAL","event_source":"AUTOMATIC","correction_ind":"false","offroute_ind":"false","direction_ind":"UP","platform":" 2","route":"0","train_service_code":"13562015","division_code":"60","toc_id":"60","timetable_variation":"2","variation_status":"LATE","next_report_stanox":"07551","next_report_run_time":"1","train_terminated":"false","delay_monitoring_point":"false","reporting_stanox":"00000","auto_expected":"true"}},{"header":{"msg_type":"0003","msg_queue_timestamp":"1713159547000","source_system_id":"TRUST","original_data_source":"SMART"},"body":{"train_id":"072B74M615","actual_timestamp":"1713163200000","loc_stanox":"07955","gbtt_timestamp":"1713162900000","planned_timestamp":"1713162870000","planned_event_type":"ARRIVAL","event_type":"ARRIVAL","event_source":"AUTOMATIC","correction_ind":"false","offroute_ind":"false","direction_ind":"UP","platform":" 2","route":"0","train_service_code":"23563015","division_code":"60","toc_id":"60","timetable_variation":"6","variation_status":"LATE","next_report_stanox":"07956","next_report_run_time":"1","train_terminated":"false","delay_monitoring_point":"false","reporting_stanox":"00000","auto_expected":"true"}},{"header":{"msg_type":"0001","msg_queue_timestamp":"1713159547000","source_system_id":"TRUST","original_data_source":"TSIA"},"body":{"train_id":"652O12MB15","toc_id":"29","schedule_wtt_id":"2O12M","sched_origin_stanox":"65315","creation_timestamp":"1713163147000","origin_dep_timestamp":"1713166740000","train_uid":"C73727","schedule_start_date":"2023-12-11","schedule_end_date":"2024-05-31","schedule_source":"C","schedule_type":"O","d1266_record_number":"00000","tp_origin_timestamp":"2024-04-15","train_call_type":"AUTOMATIC","train_call_mode":"NORMAL","train_service_code":"22272000"}},{"header":{"msg_type":"0001","msg_queue_timestamp":"1713159547000","source_system_id":"TRUST","original_data_source":"TSIA"},"body":{"train_id":"692D06MB15","toc_id":"74","schedule_wtt_id":"2D06M","sched_origin_stanox":"69300","creation_timestamp":"1713163147000","origin_dep_timestamp":"1713166740000","train_uid":"G08129","schedule_start_date":"2023-12-11","schedule_end_date":"2024-05-31","schedule_source":"C","schedule_type":"O","d1266_record_number":"00000","tp_origin_timestamp":"2024-04-15","train_call_type":"AUTOMATIC","train_call_mode":"NORMAL","train_service_code":"25530004"}},{"header":{"msg_type":"0003","msg_queue_timestamp":"1713159548000","source_system_id":"TRUST","original_data_source":"SMART"},"body":{"train_id":"382W01M615","actual_timestamp":"1713163080000","loc_stanox":"38151","gbtt_timestamp":"1713163140000","planned_timestamp":"1713163140000","planned_event_type":"DEPARTURE","event_type":"DEPARTURE","event_source":"AUTOMATIC","correction_ind":"false","offroute_ind":"false","direction_ind":"UP","platform":" 2","route":"2","train_service_code":"12305012","division_code":"64","toc_id":"64","timetable_variation":"1","variation_status":"EARLY","next_report_stanox":"38153","next_report_run_time":"2","train_terminated":"false","delay_monitoring_point":"true","reporting_stanox":"38151","auto_expected":"true"}}]