[{"header":{"msg_type":"0003","msg_queue_timestamp":"1713114431000","source_system_id":"TRUST","original_data_source":"SDR","user_id":"#QRPETWN","source_dev_id":"VDRN"},"body":{"train_id":"112C53MR14","actual_timestamp":"1713117960000","loc_stanox":"09221","gbtt_timestamp":"1713117840000","planned_timestamp":"1713117840000","planned_event_type":"ARRIVAL","event_type":"ARRIVAL","event_source":"MANUAL","correction_ind":"false","offroute_ind":"false","route":"0","train_service_code":"22358000","division_code":"23","toc_id":"23","timetable_variation":"2","variation_status":"LATE","next_report_stanox":"09213","next_report_run_time":"1","train_terminated":"false","delay_monitoring_point":"true","reporting_stanox":"09221","auto_expected":"true"}},{"header":{"msg_type":"0003","msg_queue_timestamp":"1713114431000","source_system_id":"TRUST","original_data_source":"SDR","user_id":"#QRPETWN","source_dev_id":"VDRN"},"body":{"train_id":"112C53MR14","actual_timestamp":"1713117960000","loc_stanox":"09221","gbtt_timestamp":"1713117840000","planned_timestamp":"1713117870000","planned_event_type":"DEPARTURE","event_type":"DEPARTURE","event_source":"MANUAL","correction_ind":"false","offroute_ind":"false","train_service_code":"22358000","division_code":"23","toc_id":"23","timetable_variation":"2","variation_status":"LATE","next_report_stanox":"09213","next_report_run_time":"9","train_terminated":"false","delay_monitoring_point":"true","reporting_stanox":"09221","auto_expected":"true"}},{"header":{"msg_type":"0003","msg_queue_timestamp":"1713114431000","source_system_id":"TRUST","original_data_source":"SMART"},"body":{"train_id":"062H84MR14","actual_timestamp":"1713118020000","loc_stanox":"04291","planned_timestamp":"1713118020000","planned_event_type":"DEPARTURE","event_type":"DEPARTURE","event_source":"AUTOMATIC","correction_ind":"false","offroute_ind":"false","direction_ind":"UP","line_ind":"Y","route":"1","train_service_code":"13560015","division_code":"60","toc_id":"60","timetable_variation":"0","variation_status":"ON TIME","next_report_stanox":"04303","next_report_run_time":"2","train_terminated":"false","delay_monitoring_point":"false","reporting_stanox":"00000","auto_expected":"true"}},{"header":{"msg_type":"0003","msg_queue_timestamp":"1713114431000","source_system_id":"TRUST","original_data_source":"SDR","user_id":"#QDP0020","source_dev_id":"VDCS"},"body":{"train_id":"321V97MT14","actual_timestamp":"1713118020000","loc_stanox":"76379","planned_timestamp":"1713117960000","planned_event_type":"DEPARTURE","event_type":"DEPARTURE","event_source":"MANUAL","correction_ind":"false","offroute_ind":"false","train_service_code":"25434000","division_code":"71","toc_id":"71","timetable_variation":"1","variation_status":"LATE","next_report_stanox":"76376","next_report_run_time":"4","train_terminated":"false","delay_monitoring_point":"true","reporting_stanox":"76379","auto_expected":"false"}},{"header":{"msg_type":"0003","msg_queue_timestamp":"1713114432000","source_system_id":"TRUST","original_data_source":"SMART"},"body":{"train_id":"892T55MU14","actual_timestamp":"1713118080000","loc_stanox":"89306","gbtt_timestamp":"1713118080000","planned_timestamp":"1713118080000","planned_event_type":"ARRIVAL","event_type":"ARRIVAL","event_source":"AUTOMATIC","correction_ind":"false","offroute_ind":"false","direction_ind":"UP","line_ind":"U","platform":" 1","route":"0","train_service_code":"24608006","division_code":"80","toc_id":"80","timetable_variation":"0","variation_status":"ON TIME","next_report_stanox":"89305","next_report_run_time":"1","train_terminated":"false","delay_monitoring_point":"false","reporting_stanox":"00000","auto_expected":"true"}},{"header":{"msg_type":"0003","msg_queue_timestamp":"1713114432000","source_system_id":"TRUST","original_data_source":"SMART"},"body":{"train_id":"872G56MV14","actual_timestamp":"1713118020000","loc_stanox":"87071","gbtt_timestamp":"1713117960000","planned_timestamp":"1713117990000","planned_event_type":"DEPARTURE","event_type":"DEPARTURE","event_source":"AUTOMATIC","correction_ind":"false","offroute_ind":"false","direction_ind":"UP","platform":" 1","route":"2","train_service_code":"24673505","division_code":"84","toc_id":"84","timetable_variation":"1","variation_status":"LATE","next_report_stanox":"87074","next_report_run_time":"3","train_terminated":"false","delay_monitoring_point":"true","reporting_stanox":"87071","auto_expected":"true"}},{"header":{"msg_type":"0003","msg_queue_timestamp":"1713114432000","source_system_id":"TRUST","original_data_source":"SMART"},"body":{"train_id":"882D20MU14","actual_timestamp":"1713117960000","loc_stanox":"88402","gbtt_timestamp":"1713118020000","planned_timestamp":"1713118020000","planned_event_type":"DEPARTURE","event_type":"DEPARTURE","event_source":"AUTOMATIC","correction_ind":"false","offroute_ind":"false","direction_ind":"UP","line_ind":"F","platform":"D","route":"4","train_service_code":"24657005","division_code":"80","toc_id":"80","timetable_variation":"1","variation_status":"EARLY","next_report_stanox":"88401","next_report_run_time":"4","train_terminated":"false","delay_monitoring_point":"false","reporting_stanox":"00000","auto_expected":"true"}},{"header":{"msg_type":"0003","msg_queue_timestamp":"1713114432000","source_system_id":"TRUST","original_data_source":"SMART"},"body":{"train_id":"871S55MV14","actual_timestamp":"1713118020000","loc_stanox":"87219","gbtt_timestamp":"1713118080000","planned_timestamp":"1713118050000","planned_event_type":"ARRIVAL","event_type":"ARRIVAL","event_source":"AUTOMATIC","correction_ind":"false","offroute_ind":"false","direction_ind":"DOWN","platform":" 5","route":"0","train_service_code":"24671205","division_code":"84","toc_id":"84","timetable_variation":"0","variation_status":"ON TIME","next_report_stanox":"87153","next_report_run_time":"1","train_terminated":"false","delay_monitoring_point":"true","reporting_stanox":"87219","auto_expected":"true"}},{"header":{"msg_type":"0003","msg_queue_timestamp":"1713114432000","source_system_id":"TRUST","original_data_source":"SMART"},"body":{"train_id":"362S50MW14","actual_timestamp":"1713118080000","loc_stanox":"36091","gbtt_timestamp":"1713118140000","planned_timestamp":"1713118140000","planned_event_type":"ARRIVAL","event_type":"ARRIVAL","event_source":"AUTOMATIC","correction_ind":"false","offroute_ind":"false","direction_ind":"DOWN","platform":" 6","route":"0","train_service_code":"12301012","division_code":"64","toc_id":"64","timetable_variation":"1","variation_status":"EARLY","next_report_stanox":"36088","next_report_run_time":"1","train_terminated":"false","delay_monitoring_point":"false","reporting_stanox":"00000","auto_expected":"true"}},{"header":{"msg_type":"0003","msg_queue_timestamp":"1713114432000","source_system_id":"TRUST","original_data_source":"SMART"},"body":{"train_id":"362S46MU14","actual_timestamp":"1713118080000","loc_stanox":"36061","gbtt_timestamp":"1713117660000","planned_timestamp":"1713117630000","planned_event_type":"ARRIVAL","event_type":"ARRIVAL","event_source":"AUTOMATIC","correction_ind":"false","offroute_ind":"false","direction_ind":"DOWN","platform":" 2","route":"0","train_service_code":"12301012","division_code":"64","toc_id":"64","timetable_variation":"8","variation_status":"LATE","next_report_stanox":"36060","next_report_run_time":"1","train_terminated":"false","delay_monitoring_point":"false","reporting_stanox":"00000","auto_expected":"true"}},{"header":{"msg_type":"0003","msg_queue_timestamp":"1713114432000","source_system_id":"TRUST","original_data_source":"SMART"},"body":{"train_id":"362G27MW14","actual_timestamp":"1713118140000","loc_stanox":"36005","gbtt_timestamp":"1713118200000","planned_timestamp":"1713118170000","planned_event_type":"ARRIVAL","event_type":"ARRIVAL","event_source":"AUTOMATIC","correction_ind":"false","offroute_ind":"false","direction_ind":"UP","platform":" 1","route":"0","train_service_code":"22304003","division_code":"64","toc_id":"64","timetable_variation":"0","variation_status":"ON TIME","next_report_stanox":"36011","next_report_run_time":"1","train_terminated":"false","delay_monitoring_point":"false","reporting_stanox":"00000","auto_expected":"true"}},{"header":{"msg_type":"0003","msg_queue_timestamp":"1713114432000","source_system_id":"TRUST","original_data_source":"SMART"},"body":{"train_id":"362G27MW14","actual_timestamp":"1713117960000","loc_stanox":"36001","gbtt_timestamp":"1713118020000","planned_timestamp":"1713118020000","planned_event_type":"DEPARTURE","event_type":"DEPARTURE","event_source":"AUTOMATIC","correction_ind":"false","offroute_ind":"false","direction_ind":"UP","platform":" 1","route":"2","train_service_code":"22304003","division_code":"64","toc_id":"64","timetable_variation":"1","variation_status":"EARLY","next_report_stanox":"36005","next_report_run_time":"2","train_terminated":"false","delay_monitoring_point":"true","reporting_stanox":"36001","auto_expected":"true"}},{"header":{"msg_type":"0003","msg_queue_timestamp":"1713114432000","source_system_id":"TRUST","original_data_source":"SMART"},"body":{"train_id":"512U65MV14","actual_timestamp":"1713117960000","loc_stanox":"51955","gbtt_timestamp":"1713118020000","planned_timestamp":"1713118020000","planned_event_type":"DEPARTURE","event_type":"DEPARTURE","event_source":"AUTOMATIC","correction_ind":"false","offroute_ind":"false","direction_ind":"UP","line_ind":"U","platform":" 1","route":"2","train_service_code":"21234001","division_code":"30","toc_id":"30","timetable_variation":"1","variation_status":"EARLY","next_report_stanox":"51961","next_report_run_time":"1","train_terminated":"false","delay_monitoring_point":"true","reporting_stanox":"51955","auto_expected":"true"}},{"header":{"msg_type":"0003","msg_queue_timestamp":"1713114432000","source_system_id":"TRUST","original_data_source":"SMART"},"body":{"train_id":"771M73MR14","actual_timestamp":"1713117960000","loc_stanox":"66002","gbtt_timestamp":"1713117960000","planned_timestamp":"1713117960000","planned_event_type":"DEPARTURE","event_type":"DEPARTURE","event_source":"AUTOMATIC","correction_ind":"false","offroute_ind":"false","direction_ind":"UP","platform":" 3","route":"2","train_service_code":"22333000","division_code":"27","toc_id":"27","timetable_variation":"0","variation_status":"ON TIME","next_report_stanox":"66009","next_report_run_time":"6","train_terminated":"false","delay_monitoring_point":"false","reporting_stanox":"00000","auto_expected":"true"}},{"header":{"msg_type":"0003","msg_queue_timestamp":"1713114432000","source_system_id":"TRUST","original_data_source":"SMART"},"body":{"train_id":"522D02MV14","actual_timestamp":"1713117960000","loc_stanox":"51951","gbtt_timestamp":"1713118020000","planned_timestamp":"1713118020000","planned_event_type":"DEPARTURE","event_type":"DEPARTURE","event_source":"AUTOMATIC","correction_ind":"false","offroute_ind":"false","direction_ind":"DOWN","line_ind":"D","platform":" 2","route":"2","train_service_code":"21234001","division_code":"30","toc_id":"30","timetable_variation":"1","variation_status":"EARLY","next_report_stanox":"51950","next_report_run_time":"1","train_terminated":"false","delay_monitoring_point":"false","reporting_stanox":"00000","auto_expected":"true"}},{"header":{"msg_type":"0003","msg_queue_timestamp":"1713114433000","source_system_id":"TRUST","original_data_source":"SDR","user_id":"#QDP0010","source_dev_id":"VG5V"},"body":{"train_id":"401I20MV14","actual_timestamp":"1713117960000","loc_stanox":"64111","gbtt_timestamp":"1713118020000","planned_timestamp":"1713118020000","planned_event_type":"ARRIVAL","event_type":"ARRIVAL","event_source":"MANUAL","correction_ind":"false","offroute_ind":"false","route":"0","train_service_code":"22261000","division_code":"71","toc_id":"71","timetable_variation":"1","variation_status":"EARLY","next_report_stanox":"64224","next_report_run_time":"2","train_terminated":"false","delay_monitoring_point":"true","reporting_stanox":"64111","auto_expected":"false"}},{"header":{"msg_type":"0003","msg_queue_timestamp":"1713114433000","source_system_id":"TRUST","original_data_source":"TOPS","source_dev_id":"XA82240"},"body":{"train_id":"887Y73CW14","actual_timestamp":"1713114300000","loc_stanox":"88735","gbtt_timestamp":"1713117960000","planned_timestamp":"1713117960000","planned_event_type":"DEPARTURE","event_type":"DEPARTURE","event_source":"MANUAL","correction_ind":"false","offroute_ind":"false","train_service_code":"57120820","division_code":"05","toc_id":"05","timetable_variation":"61","variation_status":"EARLY","next_report_stanox":"88737","next_report_run_time":"15","train_terminated":"false","delay_monitoring_point":"true","train_file_address":"G2E","reporting_stanox":"88735","auto_expected":"false"}},{"header":{"msg_type":"0003","msg_queue_timestamp":"1713114433000","source_system_id":"TRUST","original_data_source":"SMART"},"body":{"train_id":"771F29MU14","actual_timestamp":"1713117960000","loc_stanox":"81305","gbtt_timestamp":"1713117720000","planned_timestamp":"1713117750000","planned_event_type":"DEPARTURE","event_type":"DEPARTURE","event_source":"AUTOMATIC","correction_ind":"false","offroute_ind":"false","direction_ind":"DOWN","line_ind":"3","platform":" 3","route":"2","train_service_code":"25470001","division_code":"25","toc_id":"25","timetable_variation":"4","variation_status":"LATE","next_report_stanox":"81304","next_report_run_time":"2","train_terminated":"false","delay_monitoring_point":"true","reporting_stanox":"81305","auto_expected":"true"}},{"header":{"msg_type":"0003","msg_queue_timestamp":"1713114434000","source_system_id":"TRUST","original_data_source":"SMART"},"body":{"train_id":"831A92MT14","actual_timestamp":"1713118020000","loc_stanox":"83010","planned_timestamp":"1713118050000","planned_event_type":"DEPARTURE","event_type":"DEPARTURE","event_source":"AUTOMATIC","correction_ind":"false","offroute_ind":"false","direction_ind":"UP","line_ind":"A","route":"3","train_service_code":"25397003","division_code":"25","toc_id":"25","timetable_variation":"0","variation_status":"ON TIME","next_report_stanox":"82307","next_report_run_time":"2","train_terminated":"false","delay_monitoring_point":"true","reporting_stanox":"83010","auto_expected":"true"}},{"header":{"msg_type":"0003","msg_queue_timestamp":"1713114434000","source_system_id":"TRUST","original_data_source":"SMART"},"body":{"train_id":"861J57MW14","actual_timestamp":"1713118020000","loc_stanox":"86333","planned_timestamp":"1713117960000","planned_event_type":"DEPARTURE","event_type":"DEPARTURE","event_source":"AUTOMATIC","correction_ind":"false","offroute_ind":"false","direction_ind":"UP","line_ind":"H","route":"3","train_service_code":"24748000","division_code":"88","toc_id":"88","timetable_variation":"1","variation_status":"LATE","next_report_stanox":"86334","train_terminated":"false","delay_monitoring_point":"true","reporting_stanox":"86333","auto_expected":"true"}},{"header":{"msg_type":"0003","msg_queue_timestamp":"1713114434000","source_system_id":"TRUST","original_data_source":"SMART"},"body":{"train_id":"879V56MU14","actual_timestamp":"1713118020000","loc_stanox":"63551","gbtt_timestamp":"1713118020000","planned_timestamp":"1713118050000","planned_event_type":"DEPARTURE","event_type":"DEPARTURE","event_source":"AUTOMATIC","correction_ind":"false","offroute_ind":"false","direction_ind":"DOWN","line_ind":"S","platform":" 2","route":"1","train_service_code":"22722000","division_code":"88","toc_id":"88","timetable_variation":"0","variation_status":"ON TIME","next_report_stanox":"63547","next_report_run_time":"1","train_terminated":"false","delay_monitoring_point":"false","reporting_stanox":"00000","auto_expected":"true"}},{"header":{"msg_type":"0003","msg_queue_timestamp":"1713114434000","source_system_id":"TRUST","original_data_source":"SMART"},"body":{"train_id":"629R41MS14","actual_timestamp":"1713118020000","loc_stanox":"87903","planned_timestamp":"1713117930000","planned_event_type":"DEPARTURE","event_type":"DEPARTURE","event_source":"AUTOMATIC","correction_ind":"false","offroute_ind":"false","direction_ind":"DOWN","line_ind":"F","route":"1","train_service_code":"22720000","division_code":"88","toc_id":"88","timetable_variation":"2","variation_status":"LATE","next_report_stanox":"87909","next_report_run_time":"4","train_terminated":"false","delay_monitoring_point":"true","reporting_stanox":"87903","auto_expected":"true"}},{"header":{"msg_type":"0003","msg_queue_timestamp":"1713114434000","source_system_id":"TRUST","original_data_source":"SMART"},"body":{"train_id":"879D51MW14","actual_timestamp":"1713118020000","loc_stanox":"87648","planned_timestamp":"1713117930000","planned_event_type":"DEPARTURE","event_type":"DEPARTURE","event_source":"AUTOMATIC","correction_ind":"false","offroute_ind":"false","direction_ind":"UP","line_ind":"N","route":"3","train_service_code":"22215003","division_code":"30","toc_id":"30","timetable_variation":"2","variation_status":"LATE","next_report_stanox":"87640","next_report_run_time":"1","train_terminated":"false","delay_monitoring_point":"false","reporting_stanox":"00000","auto_expected":"true"}},{"header":{"msg_type":"0003","msg_queue_timestamp":"1713114434000","source_system_id":"TRUST","original_data_source":"SMART"},"body":{"train_id":"899Y48MU14","actual_timestamp":"1713118080000","loc_stanox":"88473","gbtt_timestamp":"1713117840000","planned_timestamp":"1713117810000","planned_event_type":"ARRIVAL","event_type":"ARRIVAL","event_source":"AUTOMATIC","correction_ind":"false","offroute_ind":"false","direction_ind":"UP","platform":" 1","route":"0","train_service_code":"22742000","division_code":"88","toc_id":"88","timetable_variation":"5","variation_status":"LATE","next_report_stanox":"88472","next_report_run_time":"1","train_terminated":"false","delay_monitoring_point":"false","reporting_stanox":"00000","auto_expected":"true"}},{"header":{"msg_type":"0003","msg_queue_timestamp":"1713114434000","source_system_id":"TRUST","original_data_source":"SMART"},"body":{"train_id":"639O59MT14","actual_timestamp":"1713117960000","loc_stanox":"87659","gbtt_timestamp":"1713117900000","planned_timestamp":"1713117900000","planned_event_type":"DEPARTURE","event_type":"DEPARTURE","event_source":"AUTOMATIC","correction_ind":"false","offroute_ind":"false","direction_ind":"DOWN","platform":" 2","route":"2","train_service_code":"22728000","division_code":"88","toc_id":"88","timetable_variation":"1","variation_status":"LATE","next_report_stanox":"87661","next_report_run_time":"2","train_terminated":"false","delay_monitoring_point":"false","reporting_stanox":"00000","auto_expected":"true"}},{"header":{"msg_type":"0003","msg_queue_timestamp":"1713114434000","source_system_id":"TRUST","original_data_source":"SMART"},"body":{"train_id":"871D56MW14","actual_timestamp":"1713117960000","loc_stanox":"87687","gbtt_timestamp":"1713118020000","planned_timestamp":"1713118020000","planned_event_type":"DEPARTURE","event_type":"DEPARTURE","event_source":"AUTOMATIC","correction_ind":"false","offroute_ind":"false","direction_ind":"UP","platform":" 2","route":"2","train_service_code":"24673305","division_code":"84","toc_id":"84","timetable_variation":"1","variation_status":"EARLY","next_report_stanox":"87686","next_report_run_time":"2","train_terminated":"false","delay_monitoring_point":"true","reporting_stanox":"87687","auto_expected":"true"}},{"header":{"msg_type":"0003","msg_queue_timestamp":"1713114434000","source_system_id":"TRUST","original_data_source":"SMART"},"body":{"train_id":"841E63MQ14","actual_timestamp":"1713118080000","loc_stanox":"68076","gbtt_timestamp":"1713118140000","planned_timestamp":"1713118110000","planned_event_type":"ARRIVAL","event_type":"ARRIVAL","event_source":"AUTOMATIC","correction_ind":"false","offroute_ind":"false","direction_ind":"UP","platform":" 2","route":"0","train_service_code":"22180012","division_code":"27","toc_id":"27","timetable_variation":"0","variation_status":"ON TIME","next_report_stanox":"68071","next_report_run_time":"3","train_terminated":"false","delay_monitoring_point":"true","reporting_stanox":"68076","auto_expected":"true"}},{"header":{"msg_type":"0003","msg_queue_timestamp":"1713114434000","source_system_id":"TRUST","original_data_source":"SMART"},"body":{"train_id":"512D01MV14","actual_timestamp":"1713118020000","loc_stanox":"52739","gbtt_timestamp":"1713117960000","planned_timestamp":"1713117930000","planned_event_type":"ARRIVAL","event_type":"ARRIVAL","event_source":"AUTOMATIC","correction_ind":"false","offroute_ind":"false","direction_ind":"UP","platform":" 1","route":"0","train_service_code":"21234001","division_code":"30","toc_id":"30","timetable_variation":"2","variation_status":"LATE","next_report_stanox":"52741","next_report_run_time":"1","train_terminated":"false","delay_monitoring_point":"true","reporting_stanox":"52739","auto_expected":"true"}},{"header":{"msg_type":"0003","msg_queue_timestamp":"1713114434000","source_system_id":"TRUST","original_data_source":"SMART"},"body":{"train_id":"501P50MV14","actual_timestamp":"1713118080000","loc_stanox":"50113","planned_timestamp":"1713118050000","planned_event_type":"ARRIVAL","event_type":"ARRIVAL","event_source":"AUTOMATIC","correction_ind":"false","offroute_ind":"false","route":"0","train_service_code":"21781002","division_code":"21","toc_id":"21","timetable_variation":"1","variation_status":"LATE","next_report_stanox":"50105","next_report_run_time":"1","train_terminated":"false","delay_monitoring_point":"false","reporting_stanox":"00000","auto_expected":"true"}},{"header":{"msg_type":"0003","msg_queue_timestamp":"1713114434000","source_system_id":"TRUST","original_data_source":"SMART"},"body":{"train_id":"725S95MV14","actual_timestamp":"1713118020000","loc_stanox":"72315","planned_timestamp":"1713117840000","planned_event_type":"DEPARTURE","event_type":"DEPARTURE","event_source":"AUTOMATIC","correction_ind":"false","offroute_ind":"false","direction_ind":"UP","line_ind":"B","platform":"B","route":"2","train_service_code":"23558003","division_code":"35","toc_id":"35","timetable_variation":"3","variation_status":"LATE","next_report_stanox":"72316","train_terminated":"false","delay_monitoring_point":"false","train_file_address":"G2U","reporting_stanox":"00000","auto_expected":"true"}},{"header":{"msg_type":"0003","msg_queue_timestamp":"1713114435000","source_system_id":"TRUST","original_data_source":"SMART"},"body":{"train_id":"361P37MV14","actual_timestamp":"1713118080000","loc_stanox":"35325","planned_timestamp":"1713118080000","planned_event_type":"ARRIVAL","event_type":"ARRIVAL","event_source":"AUTOMATIC","correction_ind":"false","offroute_ind":"false","route":"0","train_service_code":"21731000","division_code":"20","toc_id":"20","timetable_variation":"0","variation_status":"ON TIME","next_report_stanox":"35321","next_report_run_time":"1","train_terminated":"false","delay_monitoring_point":"true","reporting_stanox":"35325","auto_expected":"true"}},{"header":{"msg_type":"0003","msg_queue_timestamp":"1713114435000","source_system_id":"TRUST","original_data_source":"SMART"},"body":{"train_id":"361D08MV14","actual_timestamp":"1713118020000","loc_stanox":"36192","gbtt_timestamp":"1713118020000","planned_timestamp":"1713118020000","planned_event_type":"DEPARTURE","event_type":"DEPARTURE","event_source":"AUTOMATIC","correction_ind":"false","offroute_ind":"false","direction_ind":"UP","line_ind":"1","platform":" 1","route":"1","train_service_code":"22345001","division_code":"71","toc_id":"71","timetable_variation":"0","variation_status":"ON TIME","next_report_stanox":"36401","next_report_run_time":"5","train_terminated":"false","delay_monitoring_point":"true","reporting_stanox":"36192","auto_expected":"true"}}]