[{"header":{"msg_type":"0003","msg_queue_timestamp":"1713109040000","source_system_id":"TRUST","original_data_source":"GPS","user_id":"GPSI06"},"body":{"train_id":"832R35MT14","actual_timestamp":"1713112560000","loc_stanox":"83225","gbtt_timestamp":"1713112560000","planned_timestamp":"1713112590000","planned_event_type":"DEPARTURE","event_type":"DEPARTURE","event_source":"MANUAL","correction_ind":"false","offroute_ind":"false","train_service_code":"25480001","division_code":"25","toc_id":"25","timetable_variation":"0","variation_status":"ON TIME","next_report_stanox":"83226","next_report_run_time":"4","train_terminated":"false","delay_monitoring_point":"false","reporting_stanox":"00000"}},{"header":{"msg_type":"0003","msg_queue_timestamp":"1713109040000","source_system_id":"TRUST","original_data_source":"SMART"},"body":{"train_id":"362G59MS14","actual_timestamp":"1713112620000","loc_stanox":"36078","gbtt_timestamp":"1713112620000","planned_timestamp":"1713112590000","planned_event_type":"ARRIVAL","event_type":"ARRIVAL","event_source":"AUTOMATIC","correction_ind":"false","offroute_ind":"false","direction_ind":"UP","platform":" 1","route":"0","train_service_code":"22304003","division_code":"64","toc_id":"64","timetable_variation":"1","variation_status":"LATE","next_report_stanox":"36080","next_report_run_time":"1","train_terminated":"false","delay_monitoring_point":"false","reporting_stanox":"00000","auto_expected":"true"}},{"header":{"msg_type":"0003","msg_queue_timestamp":"1713109040000","source_system_id":"TRUST","original_data_source":"GPS","user_id":"GPSN12"},"body":{"train_id":"111M88MM14","actual_timestamp":"1713112560000","loc_stanox":"32535","planned_timestamp":"1713112590000","planned_event_type":"DEPARTURE","event_type":"DEPARTURE","event_source":"MANUAL","correction_ind":"false","offroute_ind":"false","train_service_code":"21730001","division_code":"20","toc_id":"20","timetable_variation":"0","variation_status":"ON TIME","next_report_stanox":"32530","next_report_run_time":"4","train_terminated":"false","delay_monitoring_point":"false","reporting_stanox":"00000"}},{"header":{"msg_type":"0003","msg_queue_timestamp":"1713109040000","source_system_id":"TRUST","original_data_source":"GPS","user_id":"GPSI12"},"body":{"train_id":"862D43MS14","actual_timestamp":"1713112560000","loc_stanox":"86292","gbtt_timestamp":"1713112680000","planned_timestamp":"1713112680000","planned_event_type":"DESTINATION","event_type":"ARRIVAL","event_source":"MANUAL","correction_ind":"false","offroute_ind":"false","route":"0","train_service_code":"24627006","division_code":"85","toc_id":"85","timetable_variation":"2","variation_status":"EARLY","train_terminated":"true","delay_monitoring_point":"true","reporting_stanox":"86292","auto_expected":"false"}},{"header":{"msg_type":"0003","msg_queue_timestamp":"1713109040000","source_system_id":"TRUST","original_data_source":"SMART"},"body":{"train_id":"352U44MS14","actual_timestamp":"1713112560000","loc_stanox":"36062","gbtt_timestamp":"1713112560000","planned_timestamp":"1713112590000","planned_event_type":"DEPARTURE","event_type":"DEPARTURE","event_source":"AUTOMATIC","correction_ind":"false","offroute_ind":"false","direction_ind":"UP","platform":" 1","route":"2","train_service_code":"12302012","division_code":"64","toc_id":"64","timetable_variation":"0","variation_status":"ON TIME","next_report_stanox":"36063","next_report_run_time":"4","train_terminated":"false","delay_monitoring_point":"false","reporting_stanox":"00000","auto_expected":"true"}},{"header":{"msg_type":"0003","msg_queue_timestamp":"1713109040000","source_system_id":"TRUST","original_data_source":"SMART"},"body":{"train_id":"352U44MS14","actual_timestamp":"1713112800000","loc_stanox":"36063","gbtt_timestamp":"1713112800000","planned_timestamp":"1713112800000","planned_event_type":"ARRIVAL","event_type":"ARRIVAL","event_source":"AUTOMATIC","correction_ind":"false","offroute_ind":"false","direction_ind":"UP","platform":" 1","route":"0","train_service_code":"12302012","division_code":"64","toc_id":"64","timetable_variation":"0","variation_status":"ON TIME","next_report_stanox":"36064","next_report_run_time":"1","train_terminated":"false","delay_monitoring_point":"false","reporting_stanox":"00000","auto_expected":"true"}},{"header":{"msg_type":"0003","msg_queue_timestamp":"1713109040000","source_system_id":"TRUST","original_data_source":"GPS","user_id":"GPSN04"},"body":{"train_id":"641S20MT14","actual_timestamp":"1713112560000","loc_stanox":"64603","gbtt_timestamp":"1713112620000","planned_timestamp":"1713112620000","planned_event_type":"DEPARTURE","event_type":"DEPARTURE","event_source":"MANUAL","correction_ind":"false","offroute_ind":"false","train_service_code":"22334000","division_code":"71","toc_id":"71","timetable_variation":"1","variation_status":"EARLY","next_report_stanox":"64610","next_report_run_time":"2","train_terminated":"false","delay_monitoring_point":"false","reporting_stanox":"00000"}},{"header":{"msg_type":"0003","msg_queue_timestamp":"1713109040000","source_system_id":"TRUST","original_data_source":"GPS","user_id":"GPSI02"},"body":{"train_id":"041H41MN14","actual_timestamp":"1713112620000","loc_stanox":"01151","gbtt_timestamp":"1713112320000","planned_timestamp":"1713112290000","planned_event_type":"ARRIVAL","event_type":"ARRIVAL","event_source":"MANUAL","correction_ind":"false","offroute_ind":"false","route":"0","train_service_code":"23549003","division_code":"60","toc_id":"60","timetable_variation":"6","variation_status":"LATE","next_report_stanox":"01147","next_report_run_time":"1","train_terminated":"false","delay_monitoring_point":"false","reporting_stanox":"00000"}},{"header":{"msg_type":"0003","msg_queue_timestamp":"1713109040000","source_system_id":"TRUST","original_data_source":"GPS","user_id":"GPSN04"},"body":{"train_id":"642J15MP14","actual_timestamp":"1713112620000","loc_stanox":"64427","gbtt_timestamp":"1713112620000","planned_timestamp":"1713112650000","planned_event_type":"DEPARTURE","event_type":"DEPARTURE","event_source":"MANUAL","correction_ind":"false","offroute_ind":"false","train_service_code":"22335000","division_code":"71","toc_id":"71","timetable_variation":"0","variation_status":"ON TIME","next_report_stanox":"64428","next_report_run_time":"3","train_terminated":"false","delay_monitoring_point":"false","reporting_stanox":"00000"}},{"header":{"msg_type":"0003","msg_queue_timestamp":"1713109040000","source_system_id":"TRUST","original_data_source":"SMART"},"body":{"train_id":"879O52MS14","actual_timestamp":"1713112620000","loc_stanox":"87261","gbtt_timestamp":"1713112620000","planned_timestamp":"1713112620000","planned_event_type":"DEPARTURE","event_type":"DEPARTURE","event_source":"AUTOMATIC","correction_ind":"false","offroute_ind":"false","direction_ind":"UP","line_ind":"T","platform":" 9","route":"6","train_service_code":"22722000","division_code":"88","toc_id":"88","timetable_variation":"0","variation_status":"ON TIME","next_report_stanox":"87615","next_report_run_time":"2","train_terminated":"false","delay_monitoring_point":"true","reporting_stanox":"87261","auto_expected":"true"}},{"header":{"msg_type":"0003","msg_queue_timestamp":"1713109040000","source_system_id":"TRUST","original_data_source":"GPS","user_id":"GPSI07"},"body":{"train_id":"871W51MT14","actual_timestamp":"1713112560000","loc_stanox":"87286","planned_timestamp":"1713112590000","planned_event_type":"DEPARTURE","event_type":"DEPARTURE","event_source":"MANUAL","correction_ind":"false","offroute_ind":"false","train_service_code":"24620104","division_code":"84","toc_id":"84","timetable_variation":"0","variation_status":"ON TIME","next_report_stanox":"87219","next_report_run_time":"5","train_terminated":"false","delay_monitoring_point":"false","reporting_stanox":"00000"}},{"header":{"msg_type":"0003","msg_queue_timestamp":"1713109040000","source_system_id":"TRUST","original_data_source":"SMART"},"body":{"train_id":"861M50ML14","actual_timestamp":"1713112620000","loc_stanox":"42303","planned_timestamp":"1713112620000","planned_event_type":"DEPARTURE","event_type":"DEPARTURE","event_source":"AUTOMATIC","correction_ind":"false","offroute_ind":"false","direction_ind":"DOWN","line_ind":"N","route":"2","train_service_code":"22180010","division_code":"27","toc_id":"27","timetable_variation":"0","variation_status":"ON TIME","next_report_stanox":"42305","next_report_run_time":"1","train_terminated":"false","delay_monitoring_point":"false","reporting_stanox":"00000","auto_expected":"true"}},{"header":{"msg_type":"0003","msg_queue_timestamp":"1713109040000","source_system_id":"TRUST","original_data_source":"GPS","user_id":"GPSN01"},"body":{"train_id":"442P23MO14","actual_timestamp":"1713112620000","loc_stanox":"18494","gbtt_timestamp":"1713112440000","planned_timestamp":"1713112470000","planned_event_type":"ARRIVAL","event_type":"ARRIVAL","event_source":"MANUAL","correction_ind":"false","offroute_ind":"false","route":"0","train_service_code":"11804920","division_code":"23","toc_id":"23","timetable_variation":"3","variation_status":"LATE","next_report_stanox":"18492","next_report_run_time":"1","train_terminated":"false","delay_monitoring_point":"false","reporting_stanox":"00000","auto_expected":"true"}},{"header":{"msg_type":"0003","msg_queue_timestamp":"1713109040000","source_system_id":"TRUST","original_data_source":"SMART"},"body":{"train_id":"639P45MS14","actual_timestamp":"1713112620000","loc_stanox":"87244","planned_timestamp":"1713112710000","planned_event_type":"DEPARTURE","event_type":"DEPARTURE","event_source":"AUTOMATIC","correction_ind":"false","offroute_ind":"false","direction_ind":"DOWN","platform":" 2","route":"2","train_service_code":"22728000","division_code":"88","toc_id":"88","timetable_variation":"1","variation_status":"EARLY","next_report_stanox":"87245","next_report_run_time":"2","train_terminated":"false","delay_monitoring_point":"false","reporting_stanox":"00000","auto_expected":"true"}},{"header":{"msg_type":"0003","msg_queue_timestamp":"1713109040000","source_system_id":"TRUST","original_data_source":"SMART"},"body":{"train_id":"662P32MR14","actual_timestamp":"1713112560000","loc_stanox":"65630","gbtt_timestamp":"1713112560000","planned_timestamp":"1713112560000","planned_event_type":"DEPARTURE","event_type":"DEPARTURE","event_source":"AUTOMATIC","correction_ind":"false","offroute_ind":"false","direction_ind":"UP","line_ind":"8","platform":" 8","route":"2","train_service_code":"12272820","division_code":"29","toc_id":"29","timetable_variation":"0","variation_status":"ON TIME","next_report_stanox":"65625","next_report_run_time":"2","train_terminated":"false","delay_monitoring_point":"true","reporting_stanox":"65630","auto_expected":"true"}},{"header":{"msg_type":"0003","msg_queue_timestamp":"1713109040000","source_system_id":"TRUST","original_data_source":"SMART"},"body":{"train_id":"729G31MS14","actual_timestamp":"1713112620000","loc_stanox":"70261","planned_timestamp":"1713112710000","planned_event_type":"DEPARTURE","event_type":"DEPARTURE","event_source":"AUTOMATIC","correction_ind":"false","offroute_ind":"false","direction_ind":"DOWN","line_ind":"F","platform":" 6","route":"1","train_service_code":"22100001","division_code":"65","toc_id":"65","timetable_variation":"1","variation_status":"EARLY","next_report_stanox":"70201","next_report_run_time":"4","train_terminated":"false","delay_monitoring_point":"true","reporting_stanox":"70261","auto_expected":"true"}},{"header":{"msg_type":"0003","msg_queue_timestamp":"1713109040000","source_system_id":"TRUST","original_data_source":"SMART"},"body":{"train_id":"871O80MQ14","actual_timestamp":"1713112680000","loc_stanox":"87722","gbtt_timestamp":"1713112500000","planned_timestamp":"1713112410000","planned_event_type":"ARRIVAL","event_type":"ARRIVAL","event_source":"AUTOMATIC","correction_ind":"false","offroute_ind":"false","direction_ind":"UP","platform":" 1","route":"0","train_service_code":"25521007","division_code":"25","toc_id":"25","timetable_variation":"5","variation_status":"LATE","next_report_stanox":"87903","next_report_run_time":"5","train_terminated":"false","delay_monitoring_point":"true","reporting_stanox":"87722","auto_expected":"true"}},{"header":{"msg_type":"0003","msg_queue_timestamp":"1713109040000","source_system_id":"TRUST","original_data_source":"SMART"},"body":{"train_id":"541S23MR14","actual_timestamp":"1713112680000","loc_stanox":"44421","gbtt_timestamp":"1713112680000","planned_timestamp":"1713112650000","planned_event_type":"ARRIVAL","event_type":"ARRIVAL","event_source":"AUTOMATIC","correction_ind":"false","offroute_ind":"false","direction_ind":"DOWN","platform":" 2","route":"0","train_service_code":"21700001","division_code":"61","toc_id":"61","timetable_variation":"1","variation_status":"LATE","next_report_stanox":"44365","next_report_run_time":"2","train_terminated":"false","delay_monitoring_point":"true","reporting_stanox":"44421","auto_expected":"true"}},{"header":{"msg_type":"0003","msg_queue_timestamp":"1713109040000","source_system_id":"TRUST","original_data_source":"SMART"},"body":{"train_id":"652A41MS14","actual_timestamp":"1713112620000","loc_stanox":"65824","gbtt_timestamp":"1713112680000","planned_timestamp":"1713112650000","planned_event_type":"ARRIVAL","event_type":"ARRIVAL","event_source":"AUTOMATIC","correction_ind":"false","offroute_ind":"false","direction_ind":"UP","platform":" 1","route":"0","train_service_code":"12256320","division_code":"29","toc_id":"29","timetable_variation":"0","variation_status":"ON TIME","next_report_stanox":"65826","next_report_run_time":"1","train_terminated":"false","delay_monitoring_point":"false","reporting_stanox":"00000","auto_expected":"true"}},{"header":{"msg_type":"0003","msg_queue_timestamp":"1713109040000","source_system_id":"TRUST","original_data_source":"SMART"},"body":{"train_id":"879T38MP14","actual_timestamp":"1713112680000","loc_stanox":"63252","planned_timestamp":"1713112290000","planned_event_type":"ARRIVAL","event_type":"ARRIVAL","event_source":"AUTOMATIC","correction_ind":"false","offroute_ind":"false","route":"0","train_service_code":"22721000","division_code":"88","toc_id":"88","timetable_variation":"7","variation_status":"LATE","next_report_stanox":"63209","next_report_run_time":"1","train_terminated":"false","delay_monitoring_point":"false","reporting_stanox":"00000","auto_expected":"true"}},{"header":{"msg_type":"0003","msg_queue_timestamp":"1713109040000","source_system_id":"TRUST","original_data_source":"SMART"},"body":{"train_id":"879O48MQ14","actual_timestamp":"1713112680000","loc_stanox":"63214","gbtt_timestamp":"1713112620000","planned_timestamp":"1713112590000","planned_event_type":"ARRIVAL","event_type":"ARRIVAL","event_source":"AUTOMATIC","correction_ind":"false","offroute_ind":"false","direction_ind":"DOWN","platform":" 2","route":"0","train_service_code":"22722000","division_code":"88","toc_id":"88","timetable_variation":"2","variation_status":"LATE","next_report_stanox":"63212","next_report_run_time":"1","train_terminated":"false","delay_monitoring_point":"false","reporting_stanox":"00000","auto_expected":"true"}}]