[{"header":{"msg_type":"0003","msg_queue_timestamp":"1713116466000","source_system_id":"TRUST","original_data_source":"SMART"},"body":{"train_id":"771F25MQ14","actual_timestamp":"1713120060000","loc_stanox":"86301","gbtt_timestamp":"1713119760000","planned_timestamp":"1713119730000","planned_event_type":"ARRIVAL","event_type":"ARRIVAL","event_source":"AUTOMATIC","correction_ind":"false","offroute_ind":"false","direction_ind":"DOWN","platform":" 2","route":"0","train_service_code":"25470001","division_code":"25","toc_id":"25","timetable_variation":"6","variation_status":"LATE","next_report_stanox":"86302","next_report_run_time":"1","train_terminated":"false","delay_monitoring_point":"true","reporting_stanox":"86301","auto_expected":"true"}},{"header":{"msg_type":"0003","msg_queue_timestamp":"1713116466000","source_system_id":"TRUST","original_data_source":"SMART"},"body":{"train_id":"441B87MT14","actual_timestamp":"1713120060000","loc_stanox":"53231","planned_timestamp":"1713119820000","planned_event_type":"DEPARTURE","event_type":"DEPARTURE","event_source":"AUTOMATIC","correction_ind":"false","offroute_ind":"false","direction_ind":"UP","line_ind":"M","route":"2","train_service_code":"21702001","division_code":"61","toc_id":"61","timetable_variation":"4","variation_status":"LATE","next_report_stanox":"53233","next_report_run_time":"1","train_terminated":"false","delay_monitoring_point":"true","reporting_stanox":"53231","auto_expected":"true"}},{"header":{"msg_type":"0003","msg_queue_timestamp":"1713116466000","source_system_id":"TRUST","original_data_source":"SMART"},"body":{"train_id":"141A69MW14","actual_timestamp":"1713120000000","loc_stanox":"14225","gbtt_timestamp":"1713120000000","planned_timestamp":"1713120000000","planned_event_type":"DEPARTURE","event_type":"DEPARTURE","event_source":"AUTOMATIC","correction_ind":"false","offroute_ind":"false","direction_ind":"UP","line_ind":"M","platform":" 2","route":"1","train_service_code":"21755001","division_code":"22","toc_id":"22","timetable_variation":"0","variation_status":"ON TIME","next_report_stanox":"14261","next_report_run_time":"5","train_terminated":"false","delay_monitoring_point":"true","reporting_stanox":"14225","auto_expected":"true"}},{"header":{"msg_type":"0003","msg_queue_timestamp":"1713116466000","source_system_id":"TRUST","original_data_source":"SMART"},"body":{"train_id":"731B79MX14","actual_timestamp":"1713120060000","loc_stanox":"73106","planned_timestamp":"1713120090000","planned_event_type":"DEPARTURE","event_type":"DEPARTURE","event_source":"AUTOMATIC","correction_ind":"false","offroute_ind":"false","direction_ind":"DOWN","line_ind":"2","route":"2","train_service_code":"25375002","division_code":"25","toc_id":"25","timetable_variation":"0","variation_status":"ON TIME","next_report_stanox":"73111","next_report_run_time":"1","train_terminated":"false","delay_monitoring_point":"true","reporting_stanox":"73106","auto_expected":"true"}},{"header":{"msg_type":"0003","msg_queue_timestamp":"1713116466000","source_system_id":"TRUST","original_data_source":"SMART"},"body":{"train_id":"662P40MV14","actual_timestamp":"1713120000000","loc_stanox":"65642","gbtt_timestamp":"1713120000000","planned_timestamp":"1713120030000","planned_event_type":"DEPARTURE","event_type":"DEPARTURE","event_source":"AUTOMATIC","correction_ind":"false","offroute_ind":"false","direction_ind":"DOWN","route":"1","train_service_code":"12272820","division_code":"29","toc_id":"29","timetable_variation":"0","variation_status":"ON TIME","next_report_stanox":"65651","next_report_run_time":"2","train_terminated":"false","delay_monitoring_point":"false","reporting_stanox":"00000","auto_expected":"true"}},{"header":{"msg_type":"0003","msg_queue_timestamp":"1713116467000","source_system_id":"TRUST","original_data_source":"SMART"},"body":{"train_id":"882U62MW14","actual_timestamp":"1713120000000","loc_stanox":"88419","gbtt_timestamp":"1713120060000","planned_timestamp":"1713120090000","planned_event_type":"DEPARTURE","event_type":"DEPARTURE","event_source":"AUTOMATIC","correction_ind":"false","offroute_ind":"false","direction_ind":"UP","platform":" 1","route":"2","train_service_code":"24650005","division_code":"80","toc_id":"80","timetable_variation":"1","variation_status":"EARLY","next_report_stanox":"88420","next_report_run_time":"2","train_terminated":"false","delay_monitoring_point":"false","reporting_stanox":"00000","auto_expected":"true"}},{"header":{"msg_type":"0003","msg_queue_timestamp":"1713116467000","source_system_id":"TRUST","original_data_source":"SMART"},"body":{"train_id":"841A95MV14","actual_timestamp":"1713120000000","loc_stanox":"83603","planned_timestamp":"1713120030000","planned_event_type":"DEPARTURE","event_type":"DEPARTURE","event_source":"AUTOMATIC","correction_ind":"false","offroute_ind":"false","direction_ind":"UP","line_ind":"T","platform":" 2","route":"2","train_service_code":"25397003","division_code":"25","toc_id":"25","timetable_variation":"0","variation_status":"ON TIME","next_report_stanox":"83421","next_report_run_time":"10","train_terminated":"false","delay_monitoring_point":"true","reporting_stanox":"83603","auto_expected":"true"}},{"header":{"msg_type":"0003","msg_queue_timestamp":"1713116469000","source_system_id":"TRUST","original_data_source":"SMART"},"body":{"train_id":"879D52MW14","actual_timestamp":"1713120060000","loc_stanox":"87603","gbtt_timestamp":"1713120000000","planned_timestamp":"1713120000000","planned_event_type":"ARRIVAL","event_type":"ARRIVAL","event_source":"AUTOMATIC","correction_ind":"false","offroute_ind":"false","direction_ind":"UP","platform":" 5","route":"0","train_service_code":"22215003","division_code":"30","toc_id":"30","timetable_variation":"1","variation_status":"LATE","next_report_stanox":"87578","next_report_run_time":"1","train_terminated":"false","delay_monitoring_point":"true","reporting_stanox":"87603","auto_expected":"true"}},{"header":{"msg_type":"0003","msg_queue_timestamp":"1713116469000","source_system_id":"TRUST","original_data_source":"SMART"},"body":{"train_id":"542L52MX14","actual_timestamp":"1713120060000","loc_stanox":"54103","gbtt_timestamp":"1713120120000","planned_timestamp":"1713120120000","planned_event_type":"ARRIVAL","event_type":"ARRIVAL","event_source":"AUTOMATIC","correction_ind":"false","offroute_ind":"false","direction_ind":"DOWN","platform":" 3","route":"0","train_service_code":"21726000","division_code":"88","toc_id":"88","timetable_variation":"1","variation_status":"EARLY","next_report_stanox":"54001","next_report_run_time":"2","train_terminated":"false","delay_monitoring_point":"true","reporting_stanox":"54103","auto_expected":"true"}},{"header":{"msg_type":"0003","msg_queue_timestamp":"1713116469000","source_system_id":"TRUST","original_data_source":"SMART"},"body":{"train_id":"522T98MW14","actual_timestamp":"1713120000000","loc_stanox":"52732","gbtt_timestamp":"1713119940000","planned_timestamp":"1713119940000","planned_event_type":"DEPARTURE","event_type":"DEPARTURE","event_source":"AUTOMATIC","correction_ind":"false","offroute_ind":"false","direction_ind":"DOWN","line_ind":"D","platform":" 2","route":"2","train_service_code":"21235001","division_code":"30","toc_id":"30","timetable_variation":"1","variation_status":"LATE","next_report_stanox":"52731","next_report_run_time":"5","train_terminated":"false","delay_monitoring_point":"false","reporting_stanox":"00000","auto_expected":"true"}},{"header":{"msg_type":"0003","msg_queue_timestamp":"1713116469000","source_system_id":"TRUST","original_data_source":"SMART"},"body":{"train_id":"532F55MW14","actual_timestamp":"1713120060000","loc_stanox":"53248","gbtt_timestamp":"1713119280000","planned_timestamp":"1713119280000","planned_event_type":"ARRIVAL","event_type":"ARRIVAL","event_source":"AUTOMATIC","correction_ind":"false","offroute_ind":"false","direction_ind":"UP","platform":" 2","route":"0","train_service_code":"21724000","division_code":"88","toc_id":"88","timetable_variation":"13","variation_status":"LATE","next_report_stanox":"53301","next_report_run_time":"1","train_terminated":"false","delay_monitoring_point":"true","reporting_stanox":"53248","auto_expected":"true"}},{"header":{"msg_type":"0003","msg_queue_timestamp":"1713116469000","source_system_id":"TRUST","original_data_source":"SMART"},"body":{"train_id":"512J78MX14","actual_timestamp":"1713120060000","loc_stanox":"51541","gbtt_timestamp":"1713120120000","planned_timestamp":"1713120120000","planned_event_type":"ARRIVAL","event_type":"ARRIVAL","event_source":"AUTOMATIC","correction_ind":"false","offroute_ind":"false","direction_ind":"UP","platform":" 1","route":"0","train_service_code":"21921000","division_code":"30","toc_id":"30","timetable_variation":"1","variation_status":"EARLY","next_report_stanox":"51545","next_report_run_time":"1","train_terminated":"false","delay_monitoring_point":"true","reporting_stanox":"51541","auto_expected":"true"}},{"header":{"msg_type":"0003","msg_queue_timestamp":"1713116469000","source_system_id":"TRUST","original_data_source":"SMART"},"body":{"train_id":"092N16MR14","actual_timestamp":"1713120120000","loc_stanox":"15223","gbtt_timestamp":"1713119760000","planned_timestamp":"1713119760000","planned_event_type":"ARRIVAL","event_type":"ARRIVAL","event_source":"AUTOMATIC","correction_ind":"false","offroute_ind":"false","direction_ind":"UP","platform":" 1","route":"0","train_service_code":"21793000","division_code":"23","toc_id":"23","timetable_variation":"6","variation_status":"LATE","next_report_stanox":"15227","next_report_run_time":"1","train_terminated":"false","delay_monitoring_point":"false","reporting_stanox":"00000","auto_expected":"true"}},{"header":{"msg_type":"0003","msg_queue_timestamp":"1713116469000","source_system_id":"TRUST","original_data_source":"SMART"},"body":{"train_id":"092N18MT14","actual_timestamp":"1713120000000","loc_stanox":"14003","planned_timestamp":"1713120120000","planned_event_type":"DEPARTURE","event_type":"DEPARTURE","event_source":"AUTOMATIC","correction_ind":"false","offroute_ind":"false","direction_ind":"UP","line_ind":"S","platform":" 1","route":"1","train_service_code":"21793000","division_code":"23","toc_id":"23","timetable_variation":"2","variation_status":"EARLY","next_report_stanox":"14031","next_report_run_time":"8","train_terminated":"false","delay_monitoring_point":"false","reporting_stanox":"00000","auto_expected":"true"}},{"header":{"msg_type":"0003","msg_queue_timestamp":"1713116469000","source_system_id":"TRUST","original_data_source":"SMART"},"body":{"train_id":"521R441V14","actual_timestamp":"1713120000000","loc_stanox":"51009","gbtt_timestamp":"1713120000000","planned_timestamp":"1713120030000","planned_event_type":"DEPARTURE","event_type":"DEPARTURE","event_source":"AUTOMATIC","correction_ind":"false","offroute_ind":"false","direction_ind":"DOWN","line_ind":"D","platform":" 2","route":"2","train_service_code":"21936004","division_code":"79","toc_id":"79","timetable_variation":"0","variation_status":"ON TIME","next_report_stanox":"51007","next_report_run_time":"2","train_terminated":"false","delay_monitoring_point":"true","reporting_stanox":"51009","auto_expected":"true"}},{"header":{"msg_type":"0003","msg_queue_timestamp":"1713116469000","source_system_id":"TRUST","original_data_source":"SMART"},"body":{"train_id":"442O24MU14","actual_timestamp":"1713120120000","loc_stanox":"44421","gbtt_timestamp":"1713120180000","planned_timestamp":"1713120180000","planned_event_type":"ARRIVAL","event_type":"ARRIVAL","event_source":"AUTOMATIC","correction_ind":"false","offroute_ind":"false","direction_ind":"UP","platform":" 4","route":"0","train_service_code":"22832000","division_code":"28","toc_id":"28","timetable_variation":"1","variation_status":"EARLY","next_report_stanox":"44425","next_report_run_time":"7","train_terminated":"false","delay_monitoring_point":"true","reporting_stanox":"44421","auto_expected":"true"}},{"header":{"msg_type":"0003","msg_queue_timestamp":"1713116469000","source_system_id":"TRUST","original_data_source":"SMART"},"body":{"train_id":"872L36MV14","actual_timestamp":"1713120060000","loc_stanox":"52046","gbtt_timestamp":"1713119640000","planned_timestamp":"1713119610000","planned_event_type":"ARRIVAL","event_type":"ARRIVAL","event_source":"AUTOMATIC","correction_ind":"false","offroute_ind":"false","direction_ind":"DOWN","platform":" 2","route":"0","train_service_code":"22204000","division_code":"30","toc_id":"30","timetable_variation":"8","variation_status":"LATE","next_report_stanox":"52045","next_report_run_time":"1","train_terminated":"false","delay_monitoring_point":"false","reporting_stanox":"00000","auto_expected":"true"}},{"header":{"msg_type":"0003","msg_queue_timestamp":"1713116470000","source_system_id":"TRUST","original_data_source":"SMART"},"body":{"train_id":"861M58MP14","actual_timestamp":"1713120060000","loc_stanox":"43308","planned_timestamp":"1713120030000","planned_event_type":"DEPARTURE","event_type":"DEPARTURE","event_source":"AUTOMATIC","correction_ind":"false","offroute_ind":"false","direction_ind":"DOWN","platform":" 1","route":"1","train_service_code":"22180010","division_code":"27","toc_id":"27","timetable_variation":"1","variation_status":"LATE","next_report_stanox":"43222","next_report_run_time":"6","train_terminated":"false","delay_monitoring_point":"true","reporting_stanox":"43308","auto_expected":"true"}},{"header":{"msg_type":"0003","msg_queue_timestamp":"1713116470000","source_system_id":"TRUST","original_data_source":"SMART"},"body":{"train_id":"871W59MX14","actual_timestamp":"1713120120000","loc_stanox":"87219","gbtt_timestamp":"1713120060000","planned_timestamp":"1713120090000","planned_event_type":"ARRIVAL","event_type":"ARRIVAL","event_source":"AUTOMATIC","correction_ind":"false","offroute_ind":"false","direction_ind":"DOWN","platform":" 9","route":"0","train_service_code":"24620104","division_code":"84","toc_id":"84","timetable_variation":"1","variation_status":"LATE","next_report_stanox":"87261","next_report_run_time":"1","train_terminated":"false","delay_monitoring_point":"true","reporting_stanox":"87219","auto_expected":"true"}}]