[{"header":{"msg_type":"0003","msg_queue_timestamp":"1713159165000","source_system_id":"TRUST","original_data_source":"SMART"},"body":{"train_id":"725H04M615","actual_timestamp":"1713162720000","loc_stanox":"72316","planned_timestamp":"1713163350000","planned_event_type":"DEPARTURE","event_type":"DEPARTURE","event_source":"AUTOMATIC","correction_ind":"false","offroute_ind":"false","direction_ind":"UP","line_ind":"A","route":"2","train_service_code":"22112002","division_code":"65","toc_id":"65","timetable_variation":"10","variation_status":"EARLY","next_report_stanox":"72410","next_report_run_time":"4","train_terminated":"false","delay_monitoring_point":"false","reporting_stanox":"00000","auto_expected":"true"}},{"header":{"msg_type":"0003","msg_queue_timestamp":"1713159165000","source_system_id":"TRUST","original_data_source":"SMART"},"body":{"train_id":"122I05M615","actual_timestamp":"1713162720000","loc_stanox":"14003","gbtt_timestamp":"1713162720000","planned_timestamp":"1713162750000","planned_event_type":"DEPARTURE","event_type":"DEPARTURE","event_source":"AUTOMATIC","correction_ind":"false","offroute_ind":"false","direction_ind":"UP","line_ind":"S","platform":" 1","route":"1","train_service_code":"11798001","division_code":"56","toc_id":"56","timetable_variation":"0","variation_status":"ON TIME","next_report_stanox":"14006","next_report_run_time":"3","train_terminated":"false","delay_monitoring_point":"false","reporting_stanox":"00000","auto_expected":"true"}},{"header":{"msg_type":"0003","msg_queue_timestamp":"1713159165000","source_system_id":"TRUST","original_data_source":"SMART"},"body":{"train_id":"741Y04M515","actual_timestamp":"1713162720000","loc_stanox":"73502","gbtt_timestamp":"1713162720000","planned_timestamp":"1713162720000","planned_event_type":"DEPARTURE","event_type":"DEPARTURE","event_source":"AUTOMATIC","correction_ind":"false","offroute_ind":"false","direction_ind":"UP","platform":" 1","route":"2","train_service_code":"25535004","division_code":"74","toc_id":"74","timetable_variation":"0","variation_status":"ON TIME","next_report_stanox":"73499","next_report_run_time":"5","train_terminated":"false","delay_monitoring_point":"false","reporting_stanox":"00000","auto_expected":"true"}},{"header":{"msg_type":"0003","msg_queue_timestamp":"1713159165000","source_system_id":"TRUST","original_data_source":"SMART"},"body":{"train_id":"791L03M415","actual_timestamp":"1713162720000","loc_stanox":"81107","planned_timestamp":"1713162720000","planned_event_type":"DEPARTURE","event_type":"DEPARTURE","event_source":"AUTOMATIC","correction_ind":"false","offroute_ind":"false","direction_ind":"UP","line_ind":"B","route":"2","train_service_code":"25375002","division_code":"25","toc_id":"25","timetable_variation":"0","variation_status":"ON TIME","next_report_stanox":"81001","next_report_run_time":"6","train_terminated":"false","delay_monitoring_point":"true","reporting_stanox":"81107","auto_expected":"true"}},{"header":{"msg_type":"0003","msg_queue_timestamp":"1713159165000","source_system_id":"TRUST","original_data_source":"SMART"},"body":{"train_id":"632W04M515","actual_timestamp":"1713162840000","loc_stanox":"73451","gbtt_timestamp":"1713162840000","planned_timestamp":"1713162840000","planned_event_type":"ARRIVAL","event_type":"ARRIVAL","event_source":"AUTOMATIC","correction_ind":"false","offroute_ind":"false","direction_ind":"DOWN","platform":" 2","route":"0","train_service_code":"25211004","division_code":"74","toc_id":"74","timetable_variation":"0","variation_status":"ON TIME","next_report_stanox":"73499","next_report_run_time":"1","train_terminated":"false","delay_monitoring_point":"false","reporting_stanox":"00000","auto_expected":"true"}},{"header":{"msg_type":"0003","msg_queue_timestamp":"1713159165000","source_system_id":"TRUST","original_data_source":"SMART"},"body":{"train_id":"632W04M515","actual_timestamp":"1713162720000","loc_stanox":"73450","gbtt_timestamp":"1713162720000","planned_timestamp":"1713162720000","planned_event_type":"DEPARTURE","event_type":"DEPARTURE","event_source":"AUTOMATIC","correction_ind":"false","offroute_ind":"false","direction_ind":"DOWN","platform":" 1","route":"1","train_service_code":"25211004","division_code":"74","toc_id":"74","timetable_variation":"0","variation_status":"ON TIME","next_report_stanox":"73451","next_report_run_time":"2","train_terminated":"false","delay_monitoring_point":"false","reporting_stanox":"00000","auto_expected":"true"}},{"header":{"msg_type":"0003","msg_queue_timestamp":"1713159165000","source_system_id":"TRUST","original_data_source":"SMART"},"body":{"train_id":"872U07M615","actual_timestamp":"1713162780000","loc_stanox":"87122","planned_timestamp":"1713162690000","planned_event_type":"DEPARTURE","event_type":"DEPARTURE","event_source":"AUTOMATIC","correction_ind":"false","offroute_ind":"false","direction_ind":"DOWN","route":"2","train_service_code":"24671105","division_code":"84","toc_id":"84","timetable_variation":"2","variation_status":"LATE","next_report_stanox":"87121","next_report_run_time":"2","train_terminated":"false","delay_monitoring_point":"false","reporting_stanox":"00000","auto_expected":"true"}},{"header":{"msg_type":"0003","msg_queue_timestamp":"1713159165000","source_system_id":"TRUST","original_data_source":"SMART"},"body":{"train_id":"871A14M615","actual_timestamp":"1713162720000","loc_stanox":"87031","gbtt_timestamp":"1713162720000","planned_timestamp":"1713162750000","planned_event_type":"DEPARTURE","event_type":"DEPARTURE","event_source":"AUTOMATIC","correction_ind":"false","offroute_ind":"false","direction_ind":"UP","platform":" 1","route":"2","train_service_code":"24632104","division_code":"84","toc_id":"84","timetable_variation":"0","variation_status":"ON TIME","next_report_stanox":"87037","next_report_run_time":"2","train_terminated":"false","delay_monitoring_point":"true","reporting_stanox":"87031","auto_expected":"true"}},{"header":{"msg_type":"0003","msg_queue_timestamp":"1713159165000","source_system_id":"TRUST","original_data_source":"SMART"},"body":{"train_id":"042P13M615","actual_timestamp":"1713162720000","loc_stanox":"04303","gbtt_timestamp":"1713162720000","planned_timestamp":"1713162720000","planned_event_type":"DEPARTURE","event_type":"DEPARTURE","event_source":"AUTOMATIC","correction_ind":"false","offroute_ind":"false","direction_ind":"DOWN","line_ind":"W","platform":"10","route":"1","train_service_code":"23576003","division_code":"60","toc_id":"60","timetable_variation":"0","variation_status":"ON TIME","next_report_stanox":"04291","next_report_run_time":"1","train_terminated":"false","delay_monitoring_point":"true","reporting_stanox":"04303","auto_expected":"true"}},{"header":{"msg_type":"0003","msg_queue_timestamp":"1713159165000","source_system_id":"TRUST","original_data_source":"SMART"},"body":{"train_id":"651W12M615","actual_timestamp":"1713162780000","loc_stanox":"69211","gbtt_timestamp":"1713162720000","planned_timestamp":"1713162720000","planned_event_type":"ARRIVAL","event_type":"ARRIVAL","event_source":"AUTOMATIC","correction_ind":"false","offroute_ind":"false","direction_ind":"UP","platform":" 2","route":"0","train_service_code":"12259320","division_code":"29","toc_id":"29","timetable_variation":"1","variation_status":"LATE","next_report_stanox":"69209","next_report_run_time":"1","train_terminated":"false","delay_monitoring_point":"false","reporting_stanox":"00000","auto_expected":"true"}},{"header":{"msg_type":"0003","msg_queue_timestamp":"1713159165000","source_system_id":"TRUST","original_data_source":"SMART"},"body":{"train_id":"432A02M615","actual_timestamp":"1713162720000","loc_stanox":"65553","gbtt_timestamp":"1713162720000","planned_timestamp":"1713162720000","planned_event_type":"DEPARTURE","event_type":"DEPARTURE","event_source":"AUTOMATIC","correction_ind":"false","offroute_ind":"false","direction_ind":"UP","line_ind":"F","platform":" 2","route":"2","train_service_code":"22263110","division_code":"29","toc_id":"29","timetable_variation":"0","variation_status":"ON TIME","next_report_stanox":"65561","next_report_run_time":"1","train_terminated":"false","delay_monitoring_point":"true","reporting_stanox":"65553","auto_expected":"true"}},{"header":{"msg_type":"0003","msg_queue_timestamp":"1713159166000","source_system_id":"TRUST","original_data_source":"SMART"},"body":{"train_id":"871L04M515","actual_timestamp":"1713162780000","loc_stanox":"87753","gbtt_timestamp":"1713162840000","planned_timestamp":"1713162840000","planned_event_type":"ARRIVAL","event_type":"ARRIVAL","event_source":"AUTOMATIC","correction_ind":"false","offroute_ind":"false","direction_ind":"DOWN","platform":" 2","route":"0","train_service_code":"24749000","division_code":"88","toc_id":"88","timetable_variation":"1","variation_status":"EARLY","next_report_stanox":"87755","next_report_run_time":"2","train_terminated":"false","delay_monitoring_point":"true","reporting_stanox":"87753","auto_expected":"true"}}]