[{"header":{"msg_type":"0001","msg_queue_timestamp":"1713715941000","source_system_id":"TRUST","original_data_source":"TSIA"},"body":{"train_id":"745N14MW21","toc_id":"33","schedule_wtt_id":"5N14M","sched_origin_stanox":"74005","creation_timestamp":"1713719541000","origin_dep_timestamp":"1713723120000","train_uid":"P09272","schedule_start_date":"2024-03-03","schedule_end_date":"2024-04-21","schedule_source":"C","schedule_type":"C","d1266_record_number":"00000","tp_origin_timestamp":"2024-04-21","train_call_type":"AUTOMATIC","train_call_mode":"NORMAL","train_service_code":"21381008"}},{"header":{"msg_type":"0001","msg_queue_timestamp":"1713715941000","source_system_id":"TRUST","original_data_source":"TSIA"},"body":{"train_id":"325F11MW21","toc_id":"23","schedule_wtt_id":"5F11M","sched_origin_stanox":"32568","creation_timestamp":"1713719541000","origin_dep_timestamp":"1713723120000","train_uid":"W34658","schedule_start_date":"2023-12-10","schedule_end_date":"2024-05-26","schedule_source":"C","schedule_type":"O","d1266_record_number":"00000","tp_origin_timestamp":"2024-04-21","train_call_type":"AUTOMATIC","train_call_mode":"NORMAL","train_service_code":"12974820"}},{"header":{"msg_type":"0002","msg_queue_timestamp":"1713715941000","source_system_id":"TRUST"},"body":{"train_id":"745N14MW21","division_code":"33","toc_id":"33","loc_stanox":"74005","canx_timestamp":"1713719520000","dep_timestamp":"1713723120000","canx_type":"ON CALL","canx_reason_code":"PD","train_service_code":"21381008"}},{"header":{"msg_type":"0001","msg_queue_timestamp":"1713715941000","source_system_id":"TRUST","original_data_source":"TSIA"},"body":{"train_id":"865L64MW21","toc_id":"84","schedule_wtt_id":"5L64M","sched_origin_stanox":"86063","creation_timestamp":"1713719541000","origin_dep_timestamp":"1713723120000","train_uid":"Y05224","schedule_start_date":"2023-12-10","schedule_end_date":"2024-05-26","schedule_source":"C","schedule_type":"O","d1266_record_number":"00000","tp_origin_timestamp":"2024-04-21","train_call_type":"AUTOMATIC","train_call_mode":"NORMAL","train_service_code":"24676004"}},{"header":{"msg_type":"0001","msg_queue_timestamp":"1713715941000","source_system_id":"TRUST","original_data_source":"TSIA"},"body":{"train_id":"466J901022","toc_id":"42","schedule_wtt_id":"6J901","sched_origin_stanox":"46274","creation_timestamp":"1713719541000","origin_dep_timestamp":"1713744660000","train_uid":"U07286","schedule_start_date":"2024-04-22","schedule_end_date":"2024-04-22","schedule_source":"C","schedule_type":"N","d1266_record_number":"00000","tp_origin_timestamp":"2024-04-22","train_call_type":"MANUAL","train_call_mode":"NORMAL","train_service_code":"53693803"}},{"header":{"msg_type":"0003","msg_queue_timestamp":"1713715941000","source_system_id":"TRUST","original_data_source":"SMART"},"body":{"train_id":"175H64MT21","actual_timestamp":"1713719520000","loc_stanox":"17011","planned_timestamp":"1713719700000","planned_event_type":"DEPARTURE","event_type":"DEPARTURE","event_source":"AUTOMATIC","correction_ind":"false","offroute_ind":"false","direction_ind":"DOWN","line_ind":"M","platform":" 2","route":"2","train_service_code":"11870820","division_code":"23","toc_id":"23","timetable_variation":"3","variation_status":"EARLY","next_report_stanox":"09531","next_report_run_time":"16","train_terminated":"false","delay_monitoring_point":"true","reporting_stanox":"17011","auto_expected":"true"}},{"header":{"msg_type":"0003","msg_queue_timestamp":"1713715941000","source_system_id":"TRUST","original_data_source":"SMART"},"body":{"train_id":"172K32MT21","actual_timestamp":"1713719580000","loc_stanox":"16602","gbtt_timestamp":"1713719520000","planned_timestamp":"1713719520000","planned_event_type":"ARRIVAL","event_type":"ARRIVAL","event_source":"AUTOMATIC","correction_ind":"false","offroute_ind":"false","direction_ind":"DOWN","platform":" 1","route":"0","train_service_code":"11835920","division_code":"23","toc_id":"23","timetable_variation":"1","variation_status":"LATE","next_report_stanox":"16595","next_report_run_time":"1","train_terminated":"false","delay_monitoring_point":"true","reporting_stanox":"16602","auto_expected":"true"}},{"header":{"msg_type":"0003","msg_queue_timestamp":"1713715941000","source_system_id":"TRUST","original_data_source":"SMART"},"body":{"train_id":"651Z532U21","actual_timestamp":"1713719520000","loc_stanox":"66291","planned_timestamp":"1713719490000","planned_event_type":"DEPARTURE","event_type":"DEPARTURE","event_source":"AUTOMATIC","correction_ind":"false","offroute_ind":"false","direction_ind":"UP","line_ind":"M","platform":" 1","route":"1","train_service_code":"22180012","division_code":"27","toc_id":"27","timetable_variation":"1","variation_status":"LATE","next_report_stanox":"66031","next_report_run_time":"3","train_terminated":"false","delay_monitoring_point":"false","reporting_stanox":"00000","auto_expected":"true"}},{"header":{"msg_type":"0003","msg_queue_timestamp":"1713715941000","source_system_id":"TRUST","original_data_source":"SMART"},"body":{"train_id":"692H61MS21","actual_timestamp":"1713719580000","loc_stanox":"65519","gbtt_timestamp":"1713719580000","planned_timestamp":"1713719550000","planned_event_type":"ARRIVAL","event_type":"ARRIVAL","event_source":"AUTOMATIC","correction_ind":"false","offroute_ind":"false","direction_ind":"DOWN","line_ind":"2","platform":" 2","route":"0","train_service_code":"12259320","division_code":"29","toc_id":"29","timetable_variation":"1","variation_status":"LATE","next_report_stanox":"65517","next_report_run_time":"1","train_terminated":"false","delay_monitoring_point":"false","reporting_stanox":"00000","auto_expected":"true"}},{"header":{"msg_type":"0003","msg_queue_timestamp":"1713715941000","source_system_id":"TRUST","original_data_source":"SMART"},"body":{"train_id":"321S81MU21","actual_timestamp":"1713719580000","loc_stanox":"32529","planned_timestamp":"1713719580000","planned_event_type":"ARRIVAL","event_type":"ARRIVAL","event_source":"AUTOMATIC","correction_ind":"false","offroute_ind":"false","route":"0","train_service_code":"21730001","division_code":"20","toc_id":"20","timetable_variation":"0","variation_status":"ON TIME","next_report_stanox":"32515","next_report_run_time":"1","train_terminated":"false","delay_monitoring_point":"true","reporting_stanox":"32529","auto_expected":"true"}},{"header":{"msg_type":"0003","msg_queue_timestamp":"1713715942000","source_system_id":"TRUST","original_data_source":"SMART"},"body":{"train_id":"871P40MT21","actual_timestamp":"1713719520000","loc_stanox":"88408","planned_timestamp":"1713719730000","planned_event_type":"DEPARTURE","event_type":"DEPARTURE","event_source":"AUTOMATIC","correction_ind":"false","offroute_ind":"false","direction_ind":"UP","route":"1","train_service_code":"24786000","division_code":"88","toc_id":"88","timetable_variation":"3","variation_status":"EARLY","next_report_stanox":"87591","next_report_run_time":"1","train_terminated":"false","delay_monitoring_point":"false","reporting_stanox":"00000","auto_expected":"true"}},{"header":{"msg_type":"0003","msg_queue_timestamp":"1713715942000","source_system_id":"TRUST","original_data_source":"SMART"},"body":{"train_id":"171A41MT21","actual_timestamp":"1713719580000","loc_stanox":"23118","planned_timestamp":"1713719370000","planned_event_type":"ARRIVAL","event_type":"ARRIVAL","event_source":"AUTOMATIC","correction_ind":"false","offroute_ind":"false","route":"0","train_service_code":"21702001","division_code":"61","toc_id":"61","timetable_variation":"4","variation_status":"LATE","next_report_stanox":"23421","next_report_run_time":"1","train_terminated":"false","delay_monitoring_point":"true","reporting_stanox":"23118","auto_expected":"true"}},{"header":{"msg_type":"0003","msg_queue_timestamp":"1713715943000","source_system_id":"TRUST","original_data_source":"SMART"},"body":{"train_id":"542F44MT21","actual_timestamp":"1713719520000","loc_stanox":"53305","gbtt_timestamp":"1713719520000","planned_timestamp":"1713719520000","planned_event_type":"ARRIVAL","event_type":"ARRIVAL","event_source":"AUTOMATIC","correction_ind":"false","offroute_ind":"false","direction_ind":"DOWN","platform":" 2","route":"0","train_service_code":"21724000","division_code":"88","toc_id":"88","timetable_variation":"0","variation_status":"ON TIME","next_report_stanox":"53303","next_report_run_time":"1","train_terminated":"false","delay_monitoring_point":"false","reporting_stanox":"00000","auto_expected":"true"}},{"header":{"msg_type":"0003","msg_queue_timestamp":"1713715943000","source_system_id":"TRUST","original_data_source":"SMART"},"body":{"train_id":"879B45MT21","actual_timestamp":"1713719460000","loc_stanox":"52090","gbtt_timestamp":"1713719460000","planned_timestamp":"1713719490000","planned_event_type":"DEPARTURE","event_type":"DEPARTURE","event_source":"AUTOMATIC","correction_ind":"false","offroute_ind":"false","direction_ind":"UP","platform":" 1","route":"1","train_service_code":"22215003","division_code":"30","toc_id":"30","timetable_variation":"0","variation_status":"ON TIME","next_report_stanox":"52088","next_report_run_time":"2","train_terminated":"false","delay_monitoring_point":"false","reporting_stanox":"00000","auto_expected":"true"}},{"header":{"msg_type":"0003","msg_queue_timestamp":"1713715943000","source_system_id":"TRUST","original_data_source":"SMART"},"body":{"train_id":"879Y47MT21","actual_timestamp":"1713719580000","loc_stanox":"88473","gbtt_timestamp":"1713719640000","planned_timestamp":"1713719610000","planned_event_type":"ARRIVAL","event_type":"ARRIVAL","event_source":"AUTOMATIC","correction_ind":"false","offroute_ind":"false","direction_ind":"DOWN","platform":" 2","route":"0","train_service_code":"22742000","division_code":"88","toc_id":"88","timetable_variation":"0","variation_status":"ON TIME","next_report_stanox":"88476","next_report_run_time":"1","train_terminated":"false","delay_monitoring_point":"false","reporting_stanox":"00000","auto_expected":"true"}},{"header":{"msg_type":"0003","msg_queue_timestamp":"1713715943000","source_system_id":"TRUST","original_data_source":"SMART"},"body":{"train_id":"721S78MQ21","actual_timestamp":"1713719520000","loc_stanox":"37011","planned_timestamp":"1713719010000","planned_event_type":"DEPARTURE","event_type":"DEPARTURE","event_source":"AUTOMATIC","correction_ind":"false","offroute_ind":"false","direction_ind":"DOWN","platform":" 2","route":"1","train_service_code":"22112001","division_code":"65","toc_id":"65","timetable_variation":"9","variation_status":"LATE","next_report_stanox":"37003","next_report_run_time":"3","train_terminated":"false","delay_monitoring_point":"true","reporting_stanox":"37011","auto_expected":"true"}},{"header":{"msg_type":"0003","msg_queue_timestamp":"1713715943000","source_system_id":"TRUST","original_data_source":"SMART"},"body":{"train_id":"721H71MT21","actual_timestamp":"1713719520000","loc_stanox":"70201","planned_timestamp":"1713719160000","planned_event_type":"DEPARTURE","event_type":"DEPARTURE","event_source":"AUTOMATIC","correction_ind":"false","offroute_ind":"false","direction_ind":"DOWN","line_ind":"F","platform":"F","route":"1","train_service_code":"22108001","division_code":"65","toc_id":"65","timetable_variation":"6","variation_status":"LATE","next_report_stanox":"70050","next_report_run_time":"6","train_terminated":"false","delay_monitoring_point":"true","reporting_stanox":"70201","auto_expected":"true"}},{"header":{"msg_type":"0001","msg_queue_timestamp":"1713715944000","source_system_id":"TRUST","original_data_source":"TSIA"},"body":{"train_id":"731Y74MW21","toc_id":"86","schedule_wtt_id":"1Y74M","sched_origin_stanox":"73767","creation_timestamp":"1713719544000","origin_dep_timestamp":"1713723120000","train_uid":"C39861","schedule_start_date":"2024-03-03","schedule_end_date":"2024-04-21","schedule_source":"C","schedule_type":"C","d1266_record_number":"00000","tp_origin_timestamp":"2024-04-21","train_call_type":"AUTOMATIC","train_call_mode":"NORMAL","train_service_code":"25905000"}},{"header":{"msg_type":"0002","msg_queue_timestamp":"1713715944000","source_system_id":"TRUST"},"body":{"train_id":"731Y74MW21","division_code":"86","toc_id":"86","loc_stanox":"73767","canx_timestamp":"1713719520000","dep_timestamp":"1713723120000","canx_type":"ON CALL","canx_reason_code":"PD","train_service_code":"25905000"}},{"header":{"msg_type":"0001","msg_queue_timestamp":"1713715944000","source_system_id":"TRUST","original_data_source":"TSIA"},"body":{"train_id":"721H36MW21","toc_id":"65","schedule_wtt_id":"1H36M","sched_origin_stanox":"72410","creation_timestamp":"1713719544000","origin_dep_timestamp":"1713723120000","train_uid":"C87796","schedule_start_date":"2023-12-10","schedule_end_date":"2024-05-26","schedule_source":"C","schedule_type":"O","d1266_record_number":"00000","tp_origin_timestamp":"2024-04-21","train_call_type":"AUTOMATIC","train_call_mode":"NORMAL","train_service_code":"22108001"}},{"header":{"msg_type":"0003","msg_queue_timestamp":"1713715944000","source_system_id":"TRUST","original_data_source":"SMART"},"body":{"train_id":"861F24MO21","actual_timestamp":"1713719520000","loc_stanox":"76091","planned_timestamp":"1713719580000","planned_event_type":"DEPARTURE","event_type":"DEPARTURE","event_source":"AUTOMATIC","correction_ind":"false","offroute_ind":"false","direction_ind":"DOWN","line_ind":"D","route":"1","train_service_code":"25470001","division_code":"25","toc_id":"25","timetable_variation":"1","variation_status":"EARLY","next_report_stanox":"76089","next_report_run_time":"3","train_terminated":"false","delay_monitoring_point":"false","reporting_stanox":"00000","auto_expected":"true"}},{"header":{"msg_type":"0001","msg_queue_timestamp":"1713715944000","source_system_id":"TRUST","original_data_source":"TSIA"},"body":{"train_id":"361S74MW21","toc_id":"20","schedule_wtt_id":"1S74M","sched_origin_stanox":"36151","creation_timestamp":"1713719544000","origin_dep_timestamp":"1713723120000","train_uid":"G68093","schedule_start_date":"2024-03-31","schedule_end_date":"2024-05-26","schedule_source":"C","schedule_type":"C","d1266_record_number":"00000","tp_origin_timestamp":"2024-04-21","train_call_type":"AUTOMATIC","train_call_mode":"NORMAL","train_service_code":"21730001"}},{"header":{"msg_type":"0003","msg_queue_timestamp":"1713715944000","source_system_id":"TRUST","original_data_source":"SMART"},"body":{"train_id":"072D45MU21","actual_timestamp":"1713719460000","loc_stanox":"07257","gbtt_timestamp":"1713719520000","planned_timestamp":"1713719520000","planned_event_type":"DEPARTURE","event_type":"DEPARTURE","event_source":"AUTOMATIC","correction_ind":"false","offroute_ind":"false","direction_ind":"UP","platform":"14","route":"1","train_service_code":"13565015","division_code":"60","toc_id":"60","timetable_variation":"1","variation_status":"EARLY","next_report_stanox":"07246","next_report_run_time":"2","train_terminated":"false","delay_monitoring_point":"true","reporting_stanox":"07257","auto_expected":"true"}},{"header":{"msg_type":"0003","msg_queue_timestamp":"1713715944000","source_system_id":"TRUST","original_data_source":"SMART"},"body":{"train_id":"075Z521T21","actual_timestamp":"1713719520000","loc_stanox":"07238","planned_timestamp":"1713719580000","planned_event_type":"DEPARTURE","event_type":"DEPARTURE","event_source":"AUTOMATIC","correction_ind":"false","offroute_ind":"false","direction_ind":"DOWN","platform":" 1","route":"2","train_service_code":"13562015","division_code":"60","toc_id":"60","timetable_variation":"1","variation_status":"EARLY","next_report_stanox":"07236","next_report_run_time":"1","train_terminated":"false","delay_monitoring_point":"false","reporting_stanox":"00000","auto_expected":"true"}},{"header":{"msg_type":"0001","msg_queue_timestamp":"1713715944000","source_system_id":"TRUST","original_data_source":"TSIA"},"body":{"train_id":"871L53MW21","toc_id":"88","schedule_wtt_id":"1L53M","sched_origin_stanox":"87759","creation_timestamp":"1713719544000","origin_dep_timestamp":"1713723120000","train_uid":"P15828","schedule_start_date":"2024-04-21","schedule_end_date":"2024-04-21","schedule_source":"C","schedule_type":"P","d1266_record_number":"00000","tp_origin_timestamp":"2024-04-21","train_call_type":"AUTOMATIC","train_call_mode":"NORMAL","train_service_code":"24749000"}},{"header":{"msg_type":"0001","msg_queue_timestamp":"1713715944000","source_system_id":"TRUST","original_data_source":"TSIA"},"body":{"train_id":"541P52MW21","toc_id":"88","schedule_wtt_id":"1P52M","sched_origin_stanox":"54311","creation_timestamp":"1713719544000","origin_dep_timestamp":"1713723120000","train_uid":"P16239","schedule_start_date":"2023-12-10","schedule_end_date":"2024-05-26","schedule_source":"C","schedule_type":"O","d1266_record_number":"00000","tp_origin_timestamp":"2024-04-21","train_call_type":"AUTOMATIC","train_call_mode":"NORMAL","train_service_code":"22727100"}},{"header":{"msg_type":"0002","msg_queue_timestamp":"1713715944000","source_system_id":"TRUST"},"body":{"train_id":"361S74MW21","division_code":"20","toc_id":"20","loc_stanox":"36151","canx_timestamp":"1713719520000","dep_timestamp":"1713723120000","canx_type":"ON CALL","canx_reason_code":"PD","train_service_code":"21730001"}},{"header":{"msg_type":"0003","msg_queue_timestamp":"1713715944000","source_system_id":"TRUST","original_data_source":"SMART"},"body":{"train_id":"739C80MT21","actual_timestamp":"1713719520000","loc_stanox":"50423","gbtt_timestamp":"1713719580000","planned_timestamp":"1713719580000","planned_event_type":"ARRIVAL","event_type":"ARRIVAL","event_source":"AUTOMATIC","correction_ind":"false","offroute_ind":"false","direction_ind":"DOWN","platform":" 4","route":"0","train_service_code":"21381901","division_code":"33","toc_id":"33","timetable_variation":"1","variation_status":"EARLY","next_report_stanox":"50417","next_report_run_time":"2","train_terminated":"false","delay_monitoring_point":"true","reporting_stanox":"50423","auto_expected":"true"}},{"header":{"msg_type":"0003","msg_queue_timestamp":"1713715944000","source_system_id":"TRUST","original_data_source":"SMART"},"body":{"train_id":"889Y101T21","actual_timestamp":"1713719520000","loc_stanox":"73112","gbtt_timestamp":"1713719580000","planned_timestamp":"1713719550000","planned_event_type":"ARRIVAL","event_type":"ARRIVAL","event_source":"AUTOMATIC","correction_ind":"false","offroute_ind":"false","direction_ind":"DOWN","route":"0","train_service_code":"21382001","division_code":"33","toc_id":"33","timetable_variation":"0","variation_status":"ON TIME","next_report_stanox":"73003","next_report_run_time":"1","train_terminated":"false","delay_monitoring_point":"false","reporting_stanox":"00000","auto_expected":"true"}},{"header":{"msg_type":"0001","msg_queue_timestamp":"1713715945000","source_system_id":"TRUST","original_data_source":"TSIA"},"body":{"train_id":"723C12MW21","toc_id":"33","schedule_wtt_id":"3C12M","sched_origin_stanox":"72282","creation_timestamp":"1713719545000","origin_dep_timestamp":"1713723120000","train_uid":"P09928","schedule_start_date":"2023-12-10","schedule_end_date":"2024-05-26","schedule_source":"C","schedule_type":"O","d1266_record_number":"00000","tp_origin_timestamp":"2024-04-21","train_call_type":"AUTOMATIC","train_call_mode":"NORMAL","train_service_code":"21383208"}},{"header":{"msg_type":"0003","msg_queue_timestamp":"1713715945000","source_system_id":"TRUST","original_data_source":"SMART"},"body":{"train_id":"815V83MU21","actual_timestamp":"1713719640000","loc_stanox":"81524","gbtt_timestamp":"1713720300000","planned_timestamp":"1713720300000","planned_event_type":"DESTINATION","event_type":"ARRIVAL","event_source":"AUTOMATIC","correction_ind":"false","offroute_ind":"false","direction_ind":"DOWN","line_ind":"N","route":"0","train_service_code":"25484001","division_code":"25","toc_id":"25","timetable_variation":"11","variation_status":"EARLY","train_terminated":"true","delay_monitoring_point":"true","reporting_stanox":"81524","auto_expected":"true"}},{"header":{"msg_type":"0003","msg_queue_timestamp":"1713715946000","source_system_id":"TRUST","original_data_source":"SMART"},"body":{"train_id":"739U91MT21","actual_timestamp":"1713719520000","loc_stanox":"73253","gbtt_timestamp":"1713719220000","planned_timestamp":"1713719250000","planned_event_type":"DEPARTURE","event_type":"DEPARTURE","event_source":"AUTOMATIC","correction_ind":"false","offroute_ind":"false","direction_ind":"UP","line_ind":"R","platform":" 4","route":"3","train_service_code":"21381202","division_code":"33","toc_id":"33","timetable_variation":"5","variation_status":"LATE","next_report_stanox":"73251","next_report_run_time":"1","train_terminated":"false","delay_monitoring_point":"true","reporting_stanox":"73253","auto_expected":"true"}}]