[{"header":{"msg_type":"0003","msg_queue_timestamp":"1713107329000","source_system_id":"TRUST","original_data_source":"SMART"},"body":{"train_id":"321N61MR14","actual_timestamp":"1713110880000","loc_stanox":"33102","planned_timestamp":"1713110880000","planned_event_type":"DEPARTURE","event_type":"DEPARTURE","event_source":"AUTOMATIC","correction_ind":"false","offroute_ind":"false","direction_ind":"DOWN","route":"2","train_service_code":"12362822","division_code":"23","toc_id":"23","timetable_variation":"0","variation_status":"ON TIME","next_report_stanox":"31713","train_terminated":"false","delay_monitoring_point":"false","reporting_stanox":"00000","auto_expected":"true"}},{"header":{"msg_type":"0003","msg_queue_timestamp":"1713107329000","source_system_id":"TRUST","original_data_source":"SMART"},"body":{"train_id":"629R37MQ14","actual_timestamp":"1713110940000","loc_stanox":"63629","gbtt_timestamp":"1713110820000","planned_timestamp":"1713110820000","planned_event_type":"ARRIVAL","event_type":"ARRIVAL","event_source":"AUTOMATIC","correction_ind":"false","offroute_ind":"false","direction_ind":"UP","route":"0","train_service_code":"22720000","division_code":"88","toc_id":"88","timetable_variation":"2","variation_status":"LATE","next_report_stanox":"63633","next_report_run_time":"1","train_terminated":"false","delay_monitoring_point":"true","reporting_stanox":"63629","auto_expected":"true"}},{"header":{"msg_type":"0003","msg_queue_timestamp":"1713107329000","source_system_id":"TRUST","original_data_source":"SDR","user_id":"#QRPETNM","source_dev_id":"VDKF"},"body":{"train_id":"361L13MP14","actual_timestamp":"1713110880000","loc_stanox":"32557","planned_timestamp":"1713110610000","planned_event_type":"DEPARTURE","event_type":"DEPARTURE","event_source":"MANUAL","correction_ind":"false","offroute_ind":"false","train_service_code":"22269000","division_code":"28","toc_id":"28","timetable_variation":"5","variation_status":"LATE","next_report_stanox":"34002","next_report_run_time":"4","train_terminated":"false","delay_monitoring_point":"false","reporting_stanox":"00000"}},{"header":{"msg_type":"0003","msg_queue_timestamp":"1713107329000","source_system_id":"TRUST","original_data_source":"SMART"},"body":{"train_id":"572Q711P14","actual_timestamp":"1713111000000","loc_stanox":"56585","planned_timestamp":"1713110940000","planned_event_type":"ARRIVAL","event_type":"ARRIVAL","event_source":"AUTOMATIC","correction_ind":"false","offroute_ind":"false","route":"0","train_service_code":"52495119","division_code":"42","toc_id":"42","timetable_variation":"1","variation_status":"LATE","next_report_stanox":"56571","next_report_run_time":"1","train_terminated":"false","delay_monitoring_point":"false","train_file_address":"G50","reporting_stanox":"00000","auto_expected":"true"}},{"header":{"msg_type":"0003","msg_queue_timestamp":"1713107329000","source_system_id":"TRUST","original_data_source":"SMART"},"body":{"train_id":"451R62MP14","actual_timestamp":"1713110940000","loc_stanox":"56127","gbtt_timestamp":"1713110880000","planned_timestamp":"1713110880000","planned_event_type":"ARRIVAL","event_type":"ARRIVAL","event_source":"AUTOMATIC","correction_ind":"false","offroute_ind":"false","direction_ind":"DOWN","platform":" 1","route":"0","train_service_code":"22269000","division_code":"28","toc_id":"28","timetable_variation":"1","variation_status":"LATE","next_report_stanox":"56101","next_report_run_time":"1","train_terminated":"false","delay_monitoring_point":"false","reporting_stanox":"00000","auto_expected":"true"}},{"header":{"msg_type":"0003","msg_queue_timestamp":"1713107330000","source_system_id":"TRUST","original_data_source":"SMART"},"body":{"train_id":"882T07MQ14","actual_timestamp":"1713110940000","loc_stanox":"88433","gbtt_timestamp":"1713111000000","planned_timestamp":"1713110970000","planned_event_type":"ARRIVAL","event_type":"ARRIVAL","event_source":"AUTOMATIC","correction_ind":"false","offroute_ind":"false","direction_ind":"UP","platform":" 2","route":"0","train_service_code":"24650005","division_code":"80","toc_id":"80","timetable_variation":"0","variation_status":"ON TIME","next_report_stanox":"88431","next_report_run_time":"2","train_terminated":"false","delay_monitoring_point":"false","reporting_stanox":"00000","auto_expected":"true"}},{"header":{"msg_type":"0003","msg_queue_timestamp":"1713107330000","source_system_id":"TRUST","original_data_source":"SMART"},"body":{"train_id":"872V461Q14","actual_timestamp":"1713110940000","loc_stanox":"89363","gbtt_timestamp":"1713111000000","planned_timestamp":"1713110970000","planned_event_type":"ARRIVAL","event_type":"ARRIVAL","event_source":"AUTOMATIC","correction_ind":"false","offroute_ind":"false","direction_ind":"DOWN","platform":" 3","route":"0","train_service_code":"24605004","division_code":"80","toc_id":"80","timetable_variation":"0","variation_status":"ON TIME","next_report_stanox":"89331","next_report_run_time":"2","train_terminated":"false","delay_monitoring_point":"true","reporting_stanox":"89363","auto_expected":"true"}},{"header":{"msg_type":"0003","msg_queue_timestamp":"1713107330000","source_system_id":"TRUST","original_data_source":"SMART"},"body":{"train_id":"551B32MR14","actual_timestamp":"1713111000000","loc_stanox":"59241","gbtt_timestamp":"1713111060000","planned_timestamp":"1713111060000","planned_event_type":"ARRIVAL","event_type":"ARRIVAL","event_source":"AUTOMATIC","correction_ind":"false","offroute_ind":"false","direction_ind":"UP","platform":" 3","route":"0","train_service_code":"22153000","division_code":"28","toc_id":"28","timetable_variation":"1","variation_status":"EARLY","next_report_stanox":"59321","next_report_run_time":"3","train_terminated":"false","delay_monitoring_point":"true","reporting_stanox":"59241","auto_expected":"true"}},{"header":{"msg_type":"0003","msg_queue_timestamp":"1713107330000","source_system_id":"TRUST","original_data_source":"SMART"},"body":{"train_id":"882D08MR14","actual_timestamp":"1713110880000","loc_stanox":"88459","gbtt_timestamp":"1713110880000","planned_timestamp":"1713110910000","planned_event_type":"DEPARTURE","event_type":"DEPARTURE","event_source":"AUTOMATIC","correction_ind":"false","offroute_ind":"false","direction_ind":"UP","platform":" 1","route":"1","train_service_code":"24657005","division_code":"80","toc_id":"80","timetable_variation":"0","variation_status":"ON TIME","next_report_stanox":"88457","next_report_run_time":"2","train_terminated":"false","delay_monitoring_point":"false","reporting_stanox":"00000","auto_expected":"true"}},{"header":{"msg_type":"0003","msg_queue_timestamp":"1713107330000","source_system_id":"TRUST","original_data_source":"SMART"},"body":{"train_id":"742C46MP14","actual_timestamp":"1713110940000","loc_stanox":"87219","gbtt_timestamp":"1713110880000","planned_timestamp":"1713110850000","planned_event_type":"ARRIVAL","event_type":"ARRIVAL","event_source":"AUTOMATIC","correction_ind":"false","offroute_ind":"false","direction_ind":"UP","platform":" 4","route":"0","train_service_code":"24672104","division_code":"84","toc_id":"84","timetable_variation":"2","variation_status":"LATE","next_report_stanox":"87217","next_report_run_time":"1","train_terminated":"false","delay_monitoring_point":"true","reporting_stanox":"87219","auto_expected":"true"}},{"header":{"msg_type":"0003","msg_queue_timestamp":"1713107330000","source_system_id":"TRUST","original_data_source":"SMART"},"body":{"train_id":"749U87MT14","actual_timestamp":"1713110880000","loc_stanox":"74023","gbtt_timestamp":"1713110880000","planned_timestamp":"1713110880000","planned_event_type":"DEPARTURE","event_type":"DEPARTURE","event_source":"AUTOMATIC","correction_ind":"false","offroute_ind":"false","direction_ind":"UP","line_ind":"U","platform":" 4","route":"2","train_service_code":"21381001","division_code":"33","toc_id":"33","timetable_variation":"0","variation_status":"ON TIME","next_report_stanox":"74005","next_report_run_time":"6","train_terminated":"false","delay_monitoring_point":"true","reporting_stanox":"74023","auto_expected":"true"}}]