[{"header":{"msg_type":"0003","msg_queue_timestamp":"1713149481000","source_system_id":"TRUST","original_data_source":"SMART"},"body":{"train_id":"796L331Y14","actual_timestamp":"1713153060000","loc_stanox":"63640","planned_timestamp":"1713152940000","planned_event_type":"DEPARTURE","event_type":"DEPARTURE","event_source":"AUTOMATIC","correction_ind":"false","offroute_ind":"false","direction_ind":"DOWN","line_ind":"D","route":"2","train_service_code":"59430445","division_code":"05","toc_id":"05","timetable_variation":"2","variation_status":"LATE","next_report_stanox":"63641","next_report_run_time":"2","train_terminated":"false","delay_monitoring_point":"false","train_file_address":"G7B","reporting_stanox":"00000","auto_expected":"true"}},{"header":{"msg_type":"0003","msg_queue_timestamp":"1713149481000","source_system_id":"TRUST","original_data_source":"SMART"},"body":{"train_id":"796L331Y14","actual_timestamp":"1713153120000","loc_stanox":"63641","planned_timestamp":"1713153060000","planned_event_type":"ARRIVAL","event_type":"ARRIVAL","event_source":"AUTOMATIC","correction_ind":"false","offroute_ind":"false","route":"0","train_service_code":"59430445","division_code":"05","toc_id":"05","timetable_variation":"1","variation_status":"LATE","next_report_stanox":"51562","next_report_run_time":"1","train_terminated":"false","delay_monitoring_point":"false","train_file_address":"G7B","reporting_stanox":"00000","auto_expected":"true"}},{"header":{"msg_type":"0003","msg_queue_timestamp":"1713149482000","source_system_id":"TRUST","original_data_source":"SMART"},"body":{"train_id":"521B98M315","actual_timestamp":"1713153060000","loc_stanox":"51955","planned_timestamp":"1713153030000","planned_event_type":"ARRIVAL","event_type":"ARRIVAL","event_source":"AUTOMATIC","correction_ind":"false","offroute_ind":"false","route":"0","train_service_code":"21911000","division_code":"21","toc_id":"21","timetable_variation":"1","variation_status":"LATE","next_report_stanox":"51948","next_report_run_time":"1","train_terminated":"false","delay_monitoring_point":"true","reporting_stanox":"51955","auto_expected":"true"}},{"header":{"msg_type":"0003","msg_queue_timestamp":"1713149485000","source_system_id":"TRUST","original_data_source":"SMART"},"body":{"train_id":"346C75C215","actual_timestamp":"1713153060000","loc_stanox":"27263","planned_timestamp":"1713153570000","planned_event_type":"DEPARTURE","event_type":"DEPARTURE","event_source":"AUTOMATIC","correction_ind":"false","offroute_ind":"false","direction_ind":"UP","line_ind":"G","route":"1","train_service_code":"52160341","division_code":"05","toc_id":"05","timetable_variation":"8","variation_status":"EARLY","next_report_stanox":"27265","next_report_run_time":"8","train_terminated":"false","delay_monitoring_point":"true","train_file_address":"G92","reporting_stanox":"27263","auto_expected":"true"}}]