[{"header":{"msg_type":"0003","msg_queue_timestamp":"1713157116000","source_system_id":"TRUST","original_data_source":"SMART"},"body":{"train_id":"812C05M515","actual_timestamp":"1713160680000","loc_stanox":"81913","planned_timestamp":"1713160740000","planned_event_type":"DEPARTURE","event_type":"DEPARTURE","event_source":"AUTOMATIC","correction_ind":"false","offroute_ind":"false","direction_ind":"DOWN","route":"3","train_service_code":"25467001","division_code":"25","toc_id":"25","timetable_variation":"1","variation_status":"EARLY","next_report_stanox":"81924","next_report_run_time":"10","train_terminated":"false","delay_monitoring_point":"true","reporting_stanox":"81913","auto_expected":"true"}},{"header":{"msg_type":"0003","msg_queue_timestamp":"1713157116000","source_system_id":"TRUST","original_data_source":"SMART"},"body":{"train_id":"872H08M515","actual_timestamp":"1713160680000","loc_stanox":"87271","gbtt_timestamp":"1713160620000","planned_timestamp":"1713160650000","planned_event_type":"DEPARTURE","event_type":"DEPARTURE","event_source":"AUTOMATIC","correction_ind":"false","offroute_ind":"false","direction_ind":"UP","line_ind":"S","platform":" 2","route":"3","train_service_code":"24673105","division_code":"84","toc_id":"84","timetable_variation":"1","variation_status":"LATE","next_report_stanox":"87261","next_report_run_time":"3","train_terminated":"false","delay_monitoring_point":"false","reporting_stanox":"00000","auto_expected":"true"}},{"header":{"msg_type":"0003","msg_queue_timestamp":"1713157116000","source_system_id":"TRUST","original_data_source":"SMART"},"body":{"train_id":"872C07M515","actual_timestamp":"1713160680000","loc_stanox":"87219","gbtt_timestamp":"1713160680000","planned_timestamp":"1713160680000","planned_event_type":"DEPARTURE","event_type":"DEPARTURE","event_source":"AUTOMATIC","correction_ind":"false","offroute_ind":"false","direction_ind":"DOWN","line_ind":"S","platform":" 6","route":"8","train_service_code":"24672104","division_code":"84","toc_id":"84","timetable_variation":"0","variation_status":"ON TIME","next_report_stanox":"87149","next_report_run_time":"4","train_terminated":"false","delay_monitoring_point":"true","reporting_stanox":"87219","auto_expected":"true"}},{"header":{"msg_type":"0003","msg_queue_timestamp":"1713157116000","source_system_id":"TRUST","original_data_source":"SMART"},"body":{"train_id":"862P12M415","actual_timestamp":"1713160740000","loc_stanox":"86031","gbtt_timestamp":"1713160800000","planned_timestamp":"1713160800000","planned_event_type":"ARRIVAL","event_type":"ARRIVAL","event_source":"AUTOMATIC","correction_ind":"false","offroute_ind":"false","direction_ind":"UP","platform":" 2","route":"0","train_service_code":"24621204","division_code":"84","toc_id":"84","timetable_variation":"1","variation_status":"EARLY","next_report_stanox":"87177","next_report_run_time":"2","train_terminated":"false","delay_monitoring_point":"true","reporting_stanox":"86031","auto_expected":"true"}},{"header":{"msg_type":"0003","msg_queue_timestamp":"1713157117000","source_system_id":"TRUST","original_data_source":"SMART"},"body":{"train_id":"879R02M515","actual_timestamp":"1713160680000","loc_stanox":"87245","gbtt_timestamp":"1713160860000","planned_timestamp":"1713160830000","planned_event_type":"ARRIVAL","event_type":"ARRIVAL","event_source":"AUTOMATIC","correction_ind":"false","offroute_ind":"false","direction_ind":"UP","platform":" 2","route":"0","train_service_code":"22729000","division_code":"88","toc_id":"88","timetable_variation":"2","variation_status":"EARLY","next_report_stanox":"87244","next_report_run_time":"4","train_terminated":"false","delay_monitoring_point":"true","reporting_stanox":"87245","auto_expected":"true"}},{"header":{"msg_type":"0003","msg_queue_timestamp":"1713157117000","source_system_id":"TRUST","original_data_source":"SMART"},"body":{"train_id":"639P99M515","actual_timestamp":"1713160740000","loc_stanox":"88415","planned_timestamp":"1713160800000","planned_event_type":"ARRIVAL","event_type":"ARRIVAL","event_source":"AUTOMATIC","correction_ind":"false","offroute_ind":"false","route":"0","train_service_code":"22728000","division_code":"88","toc_id":"88","timetable_variation":"1","variation_status":"EARLY","next_report_stanox":"88416","next_report_run_time":"1","train_terminated":"false","delay_monitoring_point":"true","reporting_stanox":"88415","auto_expected":"true"}},{"header":{"msg_type":"0003","msg_queue_timestamp":"1713157117000","source_system_id":"TRUST","original_data_source":"SMART"},"body":{"train_id":"725J08M515","actual_timestamp":"1713160740000","loc_stanox":"51530","planned_timestamp":"1713160710000","planned_event_type":"DEPARTURE","event_type":"DEPARTURE","event_source":"AUTOMATIC","correction_ind":"false","offroute_ind":"false","direction_ind":"DOWN","line_ind":"D","route":"2","train_service_code":"21921000","division_code":"30","toc_id":"30","timetable_variation":"1","variation_status":"LATE","next_report_stanox":"51531","next_report_run_time":"4","train_terminated":"false","delay_monitoring_point":"false","reporting_stanox":"00000","auto_expected":"true"}},{"header":{"msg_type":"0003","msg_queue_timestamp":"1713157117000","source_system_id":"TRUST","original_data_source":"SMART"},"body":{"train_id":"842C00M515","actual_timestamp":"1713160800000","loc_stanox":"84397","gbtt_timestamp":"1713160080000","planned_timestamp":"1713160080000","planned_event_type":"ARRIVAL","event_type":"ARRIVAL","event_source":"AUTOMATIC","correction_ind":"false","offroute_ind":"false","direction_ind":"DOWN","line_ind":"D","platform":" 1","route":"0","train_service_code":"25474001","division_code":"25","toc_id":"25","timetable_variation":"12","variation_status":"LATE","next_report_stanox":"84422","next_report_run_time":"1","train_terminated":"false","delay_monitoring_point":"true","reporting_stanox":"84397","auto_expected":"true"}},{"header":{"msg_type":"0003","msg_queue_timestamp":"1713157117000","source_system_id":"TRUST","original_data_source":"SMART"},"body":{"train_id":"731W11M515","actual_timestamp":"1713160680000","loc_stanox":"73251","planned_timestamp":"1713160710000","planned_event_type":"DEPARTURE","event_type":"DEPARTURE","event_source":"AUTOMATIC","correction_ind":"false","offroute_ind":"false","direction_ind":"DOWN","line_ind":"M","route":"1","train_service_code":"25392003","division_code":"25","toc_id":"25","timetable_variation":"0","variation_status":"ON TIME","next_report_stanox":"73663","next_report_run_time":"2","train_terminated":"false","delay_monitoring_point":"true","reporting_stanox":"73251","auto_expected":"true"}},{"header":{"msg_type":"0003","msg_queue_timestamp":"1713157117000","source_system_id":"TRUST","original_data_source":"SMART"},"body":{"train_id":"731W11M515","actual_timestamp":"1713160740000","loc_stanox":"73253","planned_event_type":"ARRIVAL","event_type":"ARRIVAL","event_source":"AUTOMATIC","correction_ind":"false","offroute_ind":"true","train_service_code":"25392003","division_code":"25","toc_id":"25","timetable_variation":"0","variation_status":"OFF ROUTE","train_terminated":"false","delay_monitoring_point":"false"}},{"header":{"msg_type":"0003","msg_queue_timestamp":"1713157117000","source_system_id":"TRUST","original_data_source":"SMART"},"body":{"train_id":"311P59M515","actual_timestamp":"1713160680000","loc_stanox":"17192","planned_timestamp":"1713160800000","planned_event_type":"DEPARTURE","event_type":"DEPARTURE","event_source":"AUTOMATIC","correction_ind":"false","offroute_ind":"false","direction_ind":"DOWN","line_ind":"M","route":"3","train_service_code":"21734000","division_code":"20","toc_id":"20","timetable_variation":"2","variation_status":"EARLY","next_report_stanox":"17182","next_report_run_time":"4","train_terminated":"false","delay_monitoring_point":"true","reporting_stanox":"17192","auto_expected":"true"}},{"header":{"msg_type":"0003","msg_queue_timestamp":"1713157117000","source_system_id":"TRUST","original_data_source":"SMART"},"body":{"train_id":"892T07M515","actual_timestamp":"1713160740000","loc_stanox":"89305","gbtt_timestamp":"1713160800000","planned_timestamp":"1713160770000","planned_event_type":"ARRIVAL","event_type":"ARRIVAL","event_source":"AUTOMATIC","correction_ind":"false","offroute_ind":"false","direction_ind":"UP","platform":" 1","route":"0","train_service_code":"24608006","division_code":"80","toc_id":"80","timetable_variation":"0","variation_status":"ON TIME","next_report_stanox":"89202","next_report_run_time":"1","train_terminated":"false","delay_monitoring_point":"false","reporting_stanox":"00000","auto_expected":"true"}},{"header":{"msg_type":"0003","msg_queue_timestamp":"1713157117000","source_system_id":"TRUST","original_data_source":"SMART"},"body":{"train_id":"129M25M515","actual_timestamp":"1713160680000","loc_stanox":"15120","planned_timestamp":"1713160710000","planned_event_type":"DEPARTURE","event_type":"DEPARTURE","event_source":"AUTOMATIC","correction_ind":"false","offroute_ind":"false","direction_ind":"UP","line_ind":"F","route":"2","train_service_code":"21731000","division_code":"20","toc_id":"20","timetable_variation":"0","variation_status":"ON TIME","next_report_stanox":"15866","next_report_run_time":"10","train_terminated":"false","delay_monitoring_point":"true","reporting_stanox":"15120","auto_expected":"true"}},{"header":{"msg_type":"0003","msg_queue_timestamp":"1713157117000","source_system_id":"TRUST","original_data_source":"SMART"},"body":{"train_id":"123D01M515","actual_timestamp":"1713160740000","loc_stanox":"13702","planned_timestamp":"1713160770000","planned_event_type":"ARRIVAL","event_type":"ARRIVAL","event_source":"AUTOMATIC","correction_ind":"false","offroute_ind":"false","route":"0","train_service_code":"21799000","division_code":"23","toc_id":"23","timetable_variation":"0","variation_status":"ON TIME","next_report_stanox":"13800","next_report_run_time":"1","train_terminated":"false","delay_monitoring_point":"true","reporting_stanox":"13702","auto_expected":"true"}},{"header":{"msg_type":"0003","msg_queue_timestamp":"1713157117000","source_system_id":"TRUST","original_data_source":"SMART"},"body":{"train_id":"552E01M515","actual_timestamp":"1713160680000","loc_stanox":"44421","gbtt_timestamp":"1713160620000","planned_timestamp":"1713160620000","planned_event_type":"DEPARTURE","event_type":"DEPARTURE","event_source":"AUTOMATIC","correction_ind":"false","offroute_ind":"false","direction_ind":"UP","line_ind":"F","platform":" 4","route":"1","train_service_code":"22269000","division_code":"28","toc_id":"28","timetable_variation":"1","variation_status":"LATE","next_report_stanox":"44999","next_report_run_time":"7","train_terminated":"false","delay_monitoring_point":"true","reporting_stanox":"44421","auto_expected":"true"}},{"header":{"msg_type":"0003","msg_queue_timestamp":"1713157117000","source_system_id":"TRUST","original_data_source":"SMART"},"body":{"train_id":"722C02M515","actual_timestamp":"1713160620000","loc_stanox":"72006","gbtt_timestamp":"1713160680000","planned_timestamp":"1713160710000","planned_event_type":"DEPARTURE","event_type":"DEPARTURE","event_source":"AUTOMATIC","correction_ind":"false","offroute_ind":"false","direction_ind":"UP","platform":" 1","route":"2","train_service_code":"22216000","division_code":"30","toc_id":"30","timetable_variation":"1","variation_status":"EARLY","next_report_stanox":"72017","next_report_run_time":"3","train_terminated":"false","delay_monitoring_point":"false","reporting_stanox":"00000","auto_expected":"true"}},{"header":{"msg_type":"0003","msg_queue_timestamp":"1713157118000","source_system_id":"TRUST","original_data_source":"SMART"},"body":{"train_id":"879K01M515","actual_timestamp":"1713160680000","loc_stanox":"88473","gbtt_timestamp":"1713160620000","planned_timestamp":"1713160710000","planned_event_type":"DEPARTURE","event_type":"DEPARTURE","event_source":"AUTOMATIC","correction_ind":"false","offroute_ind":"false","direction_ind":"DOWN","line_ind":"C","platform":" 2","route":"2","train_service_code":"22742000","division_code":"88","toc_id":"88","timetable_variation":"0","variation_status":"ON TIME","next_report_stanox":"88476","next_report_run_time":"1","train_terminated":"false","delay_monitoring_point":"false","reporting_stanox":"00000","auto_expected":"true"}},{"header":{"msg_type":"0003","msg_queue_timestamp":"1713157118000","source_system_id":"TRUST","original_data_source":"SMART"},"body":{"train_id":"879L01M515","actual_timestamp":"1713160680000","loc_stanox":"87704","gbtt_timestamp":"1713160620000","planned_timestamp":"1713160620000","planned_event_type":"DEPARTURE","event_type":"DEPARTURE","event_source":"AUTOMATIC","correction_ind":"false","offroute_ind":"false","direction_ind":"DOWN","platform":" 5","route":"3","train_service_code":"22729001","division_code":"88","toc_id":"88","timetable_variation":"1","variation_status":"LATE","next_report_stanox":"87743","next_report_run_time":"2","train_terminated":"false","delay_monitoring_point":"true","reporting_stanox":"87704","auto_expected":"true"}},{"header":{"msg_type":"0003","msg_queue_timestamp":"1713157118000","source_system_id":"TRUST","original_data_source":"SMART"},"body":{"train_id":"879B01M515","actual_timestamp":"1713160680000","loc_stanox":"52088","gbtt_timestamp":"1713160620000","planned_timestamp":"1713160650000","planned_event_type":"DEPARTURE","event_type":"DEPARTURE","event_source":"AUTOMATIC","correction_ind":"false","offroute_ind":"false","direction_ind":"UP","platform":" 1","route":"2","train_service_code":"22215003","division_code":"30","toc_id":"30","timetable_variation":"1","variation_status":"LATE","next_report_stanox":"52084","next_report_run_time":"2","train_terminated":"false","delay_monitoring_point":"false","reporting_stanox":"00000","auto_expected":"true"}},{"header":{"msg_type":"0003","msg_queue_timestamp":"1713157118000","source_system_id":"TRUST","original_data_source":"SMART"},"body":{"train_id":"629O15M515","actual_timestamp":"1713160740000","loc_stanox":"63212","gbtt_timestamp":"1713160800000","planned_timestamp":"1713160770000","planned_event_type":"ARRIVAL","event_type":"ARRIVAL","event_source":"AUTOMATIC","correction_ind":"false","offroute_ind":"false","direction_ind":"UP","platform":" 1","route":"0","train_service_code":"22728000","division_code":"88","toc_id":"88","timetable_variation":"0","variation_status":"ON TIME","next_report_stanox":"63214","next_report_run_time":"1","train_terminated":"false","delay_monitoring_point":"false","reporting_stanox":"00000","auto_expected":"true"}},{"header":{"msg_type":"0003","msg_queue_timestamp":"1713157118000","source_system_id":"TRUST","original_data_source":"SMART"},"body":{"train_id":"601H00M415","actual_timestamp":"1713160680000","loc_stanox":"63551","planned_timestamp":"1713160740000","planned_event_type":"DEPARTURE","event_type":"DEPARTURE","event_source":"AUTOMATIC","correction_ind":"false","offroute_ind":"false","direction_ind":"UP","line_ind":"F","route":"2","train_service_code":"22156000","division_code":"28","toc_id":"28","timetable_variation":"1","variation_status":"EARLY","next_report_stanox":"63624","next_report_run_time":"1","train_terminated":"false","delay_monitoring_point":"false","reporting_stanox":"00000","auto_expected":"true"}},{"header":{"msg_type":"0003","msg_queue_timestamp":"1713157118000","source_system_id":"TRUST","original_data_source":"SMART"},"body":{"train_id":"635V19M515","actual_timestamp":"1713160740000","loc_stanox":"63252","planned_timestamp":"1713161100000","planned_event_type":"ARRIVAL","event_type":"ARRIVAL","event_source":"AUTOMATIC","correction_ind":"false","offroute_ind":"false","route":"0","train_service_code":"22788002","division_code":"88","toc_id":"88","timetable_variation":"6","variation_status":"EARLY","next_report_stanox":"63216","next_report_run_time":"6","train_terminated":"false","delay_monitoring_point":"false","reporting_stanox":"00000","auto_expected":"true"}},{"header":{"msg_type":"0003","msg_queue_timestamp":"1713157118000","source_system_id":"TRUST","original_data_source":"SMART"},"body":{"train_id":"542V00M515","actual_timestamp":"1713160680000","loc_stanox":"54293","gbtt_timestamp":"1713160680000","planned_timestamp":"1713160710000","planned_event_type":"DEPARTURE","event_type":"DEPARTURE","event_source":"AUTOMATIC","correction_ind":"false","offroute_ind":"false","direction_ind":"DOWN","line_ind":"M","platform":" 4","route":"2","train_service_code":"21723000","division_code":"88","toc_id":"88","timetable_variation":"0","variation_status":"ON TIME","next_report_stanox":"54291","next_report_run_time":"2","train_terminated":"false","delay_monitoring_point":"false","reporting_stanox":"00000","auto_expected":"true"}},{"header":{"msg_type":"0003","msg_queue_timestamp":"1713157118000","source_system_id":"TRUST","original_data_source":"SMART"},"body":{"train_id":"212T52M515","actual_timestamp":"1713160680000","loc_stanox":"21122","gbtt_timestamp":"1713160680000","planned_timestamp":"1713160680000","planned_event_type":"DEPARTURE","event_type":"DEPARTURE","event_source":"AUTOMATIC","correction_ind":"false","offroute_ind":"false","direction_ind":"DOWN","line_ind":"C","platform":" 2","route":"2","train_service_code":"22836000","division_code":"28","toc_id":"28","timetable_variation":"0","variation_status":"ON TIME","next_report_stanox":"21027","next_report_run_time":"5","train_terminated":"false","delay_monitoring_point":"true","reporting_stanox":"21122","auto_expected":"true"}},{"header":{"msg_type":"0003","msg_queue_timestamp":"1713157118000","source_system_id":"TRUST","original_data_source":"SMART"},"body":{"train_id":"875U05N515","actual_timestamp":"1713160680000","loc_stanox":"87121","planned_timestamp":"1713160770000","planned_event_type":"DEPARTURE","event_type":"DEPARTURE","event_source":"AUTOMATIC","correction_ind":"false","offroute_ind":"false","direction_ind":"DOWN","line_ind":"M","platform":" 2","route":"1","train_service_code":"24676004","division_code":"84","toc_id":"84","timetable_variation":"1","variation_status":"EARLY","next_report_stanox":"87114","next_report_run_time":"6","train_terminated":"false","delay_monitoring_point":"true","reporting_stanox":"87121","auto_expected":"true"}},{"header":{"msg_type":"0003","msg_queue_timestamp":"1713157119000","source_system_id":"TRUST","original_data_source":"SMART"},"body":{"train_id":"535E932515","actual_timestamp":"1713160680000","loc_stanox":"54011","planned_timestamp":"1713160830000","planned_event_type":"DEPARTURE","event_type":"DEPARTURE","event_source":"AUTOMATIC","correction_ind":"false","offroute_ind":"false","direction_ind":"UP","line_ind":"S","platform":" 1","route":"2","train_service_code":"21723000","division_code":"88","toc_id":"88","timetable_variation":"2","variation_status":"EARLY","next_report_stanox":"54021","next_report_run_time":"2","train_terminated":"false","delay_monitoring_point":"false","reporting_stanox":"00000","auto_expected":"true"}},{"header":{"msg_type":"0003","msg_queue_timestamp":"1713157119000","source_system_id":"TRUST","original_data_source":"SMART"},"body":{"train_id":"535E932515","actual_timestamp":"1713160740000","loc_stanox":"54021","planned_timestamp":"1713160950000","planned_event_type":"ARRIVAL","event_type":"ARRIVAL","event_source":"AUTOMATIC","correction_ind":"false","offroute_ind":"false","route":"0","train_service_code":"21723000","division_code":"88","toc_id":"88","timetable_variation":"3","variation_status":"EARLY","next_report_stanox":"54031","next_report_run_time":"3","train_terminated":"false","delay_monitoring_point":"false","reporting_stanox":"00000","auto_expected":"true"}},{"header":{"msg_type":"0003","msg_queue_timestamp":"1713157119000","source_system_id":"TRUST","original_data_source":"SMART"},"body":{"train_id":"459J05M515","actual_timestamp":"1713160740000","loc_stanox":"45611","gbtt_timestamp":"1713160740000","planned_timestamp":"1713160740000","planned_event_type":"ARRIVAL","event_type":"ARRIVAL","event_source":"AUTOMATIC","correction_ind":"false","offroute_ind":"false","direction_ind":"UP","platform":" 1","route":"0","train_service_code":"22727100","division_code":"88","toc_id":"88","timetable_variation":"0","variation_status":"ON TIME","next_report_stanox":"53201","next_report_run_time":"1","train_terminated":"false","delay_monitoring_point":"false","reporting_stanox":"00000","auto_expected":"true"}},{"header":{"msg_type":"0003","msg_queue_timestamp":"1713157119000","source_system_id":"TRUST","original_data_source":"SMART"},"body":{"train_id":"362F66M515","actual_timestamp":"1713160740000","loc_stanox":"35405","gbtt_timestamp":"1713160740000","planned_timestamp":"1713160740000","planned_event_type":"ARRIVAL","event_type":"ARRIVAL","event_source":"AUTOMATIC","correction_ind":"false","offroute_ind":"false","direction_ind":"UP","platform":" 1","route":"0","train_service_code":"12297820","division_code":"23","toc_id":"23","timetable_variation":"0","variation_status":"ON TIME","next_report_stanox":"35395","next_report_run_time":"1","train_terminated":"false","delay_monitoring_point":"true","reporting_stanox":"35405","auto_expected":"true"}},{"header":{"msg_type":"0003","msg_queue_timestamp":"1713157119000","source_system_id":"TRUST","original_data_source":"SDR","user_id":"#QGE7129","source_dev_id":"VDSC"},"body":{"train_id":"346C75C215","actual_timestamp":"1713160680000","loc_stanox":"59130","planned_timestamp":"1713160800000","planned_event_type":"DEPARTURE","event_type":"DEPARTURE","event_source":"MANUAL","correction_ind":"false","offroute_ind":"false","train_service_code":"52160341","division_code":"05","toc_id":"05","timetable_variation":"2","variation_status":"EARLY","next_report_stanox":"59131","next_report_run_time":"3","train_terminated":"false","delay_monitoring_point":"false","train_file_address":"G92","reporting_stanox":"00000"}},{"header":{"msg_type":"0003","msg_queue_timestamp":"1713157119000","source_system_id":"TRUST","original_data_source":"SMART"},"body":{"train_id":"862L14M515","actual_timestamp":"1713160620000","loc_stanox":"86049","gbtt_timestamp":"1713160620000","planned_timestamp":"1713160620000","planned_event_type":"DEPARTURE","event_type":"DEPARTURE","event_source":"AUTOMATIC","correction_ind":"false","offroute_ind":"false","direction_ind":"UP","line_ind":"S","platform":" 1","route":"1","train_service_code":"24629204","division_code":"84","toc_id":"84","timetable_variation":"0","variation_status":"ON TIME","next_report_stanox":"86047","next_report_run_time":"3","train_terminated":"false","delay_monitoring_point":"false","reporting_stanox":"00000","auto_expected":"true"}},{"header":{"msg_type":"0003","msg_queue_timestamp":"1713157119000","source_system_id":"TRUST","original_data_source":"SMART"},"body":{"train_id":"875U101515","actual_timestamp":"1713160740000","loc_stanox":"87111","gbtt_timestamp":"1713160920000","planned_timestamp":"1713160920000","planned_event_type":"DESTINATION","event_type":"ARRIVAL","event_source":"AUTOMATIC","correction_ind":"false","offroute_ind":"false","direction_ind":"UP","platform":" 1","route":"0","train_service_code":"24676004","division_code":"84","toc_id":"84","timetable_variation":"3","variation_status":"EARLY","train_terminated":"true","delay_monitoring_point":"true","reporting_stanox":"87111","auto_expected":"true"}}]