[{"header":{"msg_type":"0003","msg_queue_timestamp":"1713161946000","source_system_id":"TRUST","original_data_source":"SMART"},"body":{"train_id":"731W13M615","actual_timestamp":"1713165540000","loc_stanox":"74270","planned_timestamp":"1713165570000","planned_event_type":"DEPARTURE","event_type":"DEPARTURE","event_source":"AUTOMATIC","correction_ind":"false","offroute_ind":"false","direction_ind":"DOWN","line_ind":"D","route":"2","train_service_code":"25392003","division_code":"25","toc_id":"25","timetable_variation":"0","variation_status":"ON TIME","next_report_stanox":"74291","next_report_run_time":"5","train_terminated":"false","delay_monitoring_point":"false","reporting_stanox":"00000","auto_expected":"true"}},{"header":{"msg_type":"0003","msg_queue_timestamp":"1713161946000","source_system_id":"TRUST","original_data_source":"SMART"},"body":{"train_id":"749U55MA15","actual_timestamp":"1713165540000","loc_stanox":"74023","gbtt_timestamp":"1713165540000","planned_timestamp":"1713165540000","planned_event_type":"ARRIVAL","event_type":"ARRIVAL","event_source":"AUTOMATIC","correction_ind":"false","offroute_ind":"false","direction_ind":"UP","line_ind":"U","platform":" 4","route":"0","train_service_code":"25381001","division_code":"33","toc_id":"33","timetable_variation":"0","variation_status":"ON TIME","next_report_stanox":"74005","next_report_run_time":"1","train_terminated":"false","delay_monitoring_point":"true","reporting_stanox":"74023","auto_expected":"true"}},{"header":{"msg_type":"0001","msg_queue_timestamp":"1713161947000","source_system_id":"TRUST","original_data_source":"TSIA"},"body":{"train_id":"361B70MC15","toc_id":"20","schedule_wtt_id":"1B70M","sched_origin_stanox":"36151","creation_timestamp":"1713165546000","origin_dep_timestamp":"1713169140000","train_uid":"C18384","schedule_start_date":"2023-12-11","schedule_end_date":"2024-05-31","schedule_source":"C","schedule_type":"O","d1266_record_number":"00000","tp_origin_timestamp":"2024-04-15","train_call_type":"AUTOMATIC","train_call_mode":"NORMAL","train_service_code":"11817020"}},{"header":{"msg_type":"0001","msg_queue_timestamp":"1713161947000","source_system_id":"TRUST","original_data_source":"TSIA"},"body":{"train_id":"651D54MC15","toc_id":"27","schedule_wtt_id":"1D54M","sched_origin_stanox":"65630","creation_timestamp":"1713165547000","origin_dep_timestamp":"1713169140000","train_uid":"G24613","schedule_start_date":"2023-12-11","schedule_end_date":"2024-05-31","schedule_source":"C","schedule_type":"O","d1266_record_number":"00000","tp_origin_timestamp":"2024-04-15","train_call_type":"AUTOMATIC","train_call_mode":"NORMAL","train_service_code":"22333000"}},{"header":{"msg_type":"0001","msg_queue_timestamp":"1713161947000","source_system_id":"TRUST","original_data_source":"TSIA"},"body":{"train_id":"881D38MC15","toc_id":"80","schedule_wtt_id":"1D38M","sched_origin_stanox":"88721","creation_timestamp":"1713165547000","origin_dep_timestamp":"1713169140000","train_uid":"W00136","schedule_start_date":"2023-12-11","schedule_end_date":"2024-05-31","schedule_source":"C","schedule_type":"O","d1266_record_number":"00000","tp_origin_timestamp":"2024-04-15","train_call_type":"AUTOMATIC","train_call_mode":"NORMAL","train_service_code":"24657000"}},{"header":{"msg_type":"0001","msg_queue_timestamp":"1713161947000","source_system_id":"TRUST","original_data_source":"TSIA"},"body":{"train_id":"301B20MC15","toc_id":"23","schedule_wtt_id":"1B20M","sched_origin_stanox":"30021","creation_timestamp":"1713165547000","origin_dep_timestamp":"1713169140000","train_uid":"W29483","schedule_start_date":"2023-12-11","schedule_end_date":"2024-06-01","schedule_source":"C","schedule_type":"O","d1266_record_number":"00000","tp_origin_timestamp":"2024-04-15","train_call_type":"AUTOMATIC","train_call_mode":"NORMAL","train_service_code":"21737000"}},{"header":{"msg_type":"0003","msg_queue_timestamp":"1713161947000","source_system_id":"TRUST","original_data_source":"SMART"},"body":{"train_id":"481P07M615","actual_timestamp":"1713165480000","loc_stanox":"49302","gbtt_timestamp":"1713165540000","planned_timestamp":"1713165540000","planned_event_type":"DEPARTURE","event_type":"DEPARTURE","event_source":"AUTOMATIC","correction_ind":"false","offroute_ind":"false","direction_ind":"UP","line_ind":"U","platform":" 2","route":"2","train_service_code":"21781002","division_code":"21","toc_id":"21","timetable_variation":"1","variation_status":"EARLY","next_report_stanox":"50049","next_report_run_time":"9","train_terminated":"false","delay_monitoring_point":"true","reporting_stanox":"49302","auto_expected":"true"}},{"header":{"msg_type":"0003","msg_queue_timestamp":"1713161947000","source_system_id":"TRUST","original_data_source":"SMART"},"body":{"train_id":"882D18M615","actual_timestamp":"1713165480000","loc_stanox":"88278","gbtt_timestamp":"1713165480000","planned_timestamp":"1713165480000","planned_event_type":"DEPARTURE","event_type":"DEPARTURE","event_source":"AUTOMATIC","correction_ind":"false","offroute_ind":"false","direction_ind":"UP","platform":" 1","route":"1","train_service_code":"24652000","division_code":"80","toc_id":"80","timetable_variation":"0","variation_status":"ON TIME","next_report_stanox":"88273","next_report_run_time":"1","train_terminated":"false","delay_monitoring_point":"false","reporting_stanox":"00000","auto_expected":"true"}},{"header":{"msg_type":"0003","msg_queue_timestamp":"1713161947000","source_system_id":"TRUST","original_data_source":"SMART"},"body":{"train_id":"521F56M615","actual_timestamp":"1713165540000","loc_stanox":"51016","gbtt_timestamp":"1713165600000","planned_timestamp":"1713165600000","planned_event_type":"ARRIVAL","event_type":"ARRIVAL","event_source":"AUTOMATIC","correction_ind":"false","offroute_ind":"false","direction_ind":"DOWN","platform":" 1","route":"0","train_service_code":"21936004","division_code":"79","toc_id":"79","timetable_variation":"1","variation_status":"EARLY","next_report_stanox":"51014","next_report_run_time":"1","train_terminated":"false","delay_monitoring_point":"true","reporting_stanox":"51016","auto_expected":"true"}},{"header":{"msg_type":"0003","msg_queue_timestamp":"1713161947000","source_system_id":"TRUST","original_data_source":"SMART"},"body":{"train_id":"889R60MA15","actual_timestamp":"1713165540000","loc_stanox":"88529","planned_timestamp":"1713165540000","planned_event_type":"DEPARTURE","event_type":"DEPARTURE","event_source":"AUTOMATIC","correction_ind":"false","offroute_ind":"false","direction_ind":"UP","route":"2","train_service_code":"21381901","division_code":"33","toc_id":"33","timetable_variation":"0","variation_status":"ON TIME","next_report_stanox":"88528","next_report_run_time":"2","train_terminated":"false","delay_monitoring_point":"false","reporting_stanox":"00000","auto_expected":"true"}},{"header":{"msg_type":"0003","msg_queue_timestamp":"1713161948000","source_system_id":"TRUST","original_data_source":"SMART"},"body":{"train_id":"871F98M515","actual_timestamp":"1713165480000","loc_stanox":"88252","gbtt_timestamp":"1713165480000","planned_timestamp":"1713165480000","planned_event_type":"DEPARTURE","event_type":"DEPARTURE","event_source":"AUTOMATIC","correction_ind":"false","offroute_ind":"false","direction_ind":"DOWN","platform":" 2","route":"1","train_service_code":"24746000","division_code":"88","toc_id":"88","timetable_variation":"0","variation_status":"ON TIME","next_report_stanox":"88254","next_report_run_time":"4","train_terminated":"false","delay_monitoring_point":"false","reporting_stanox":"00000","auto_expected":"true"}},{"header":{"msg_type":"0003","msg_queue_timestamp":"1713161948000","source_system_id":"TRUST","original_data_source":"SMART"},"body":{"train_id":"075M73MA15","actual_timestamp":"1713165540000","loc_stanox":"07246","planned_timestamp":"1713165540000","planned_event_type":"DEPARTURE","event_type":"DEPARTURE","event_source":"AUTOMATIC","correction_ind":"false","offroute_ind":"false","direction_ind":"DOWN","route":"2","train_service_code":"21730001","division_code":"20","toc_id":"20","timetable_variation":"0","variation_status":"ON TIME","next_report_stanox":"07257","next_report_run_time":"2","train_terminated":"false","delay_monitoring_point":"false","reporting_stanox":"00000","auto_expected":"true"}},{"header":{"msg_type":"0003","msg_queue_timestamp":"1713161948000","source_system_id":"TRUST","original_data_source":"SMART"},"body":{"train_id":"072M75MA15","actual_timestamp":"1713165480000","loc_stanox":"07551","gbtt_timestamp":"1713165480000","planned_timestamp":"1713165480000","planned_event_type":"DEPARTURE","event_type":"DEPARTURE","event_source":"AUTOMATIC","correction_ind":"false","offroute_ind":"false","direction_ind":"DOWN","platform":" 1","route":"2","train_service_code":"13562015","division_code":"60","toc_id":"60","timetable_variation":"0","variation_status":"ON TIME","next_report_stanox":"07553","next_report_run_time":"2","train_terminated":"false","delay_monitoring_point":"false","reporting_stanox":"00000","auto_expected":"true"}},{"header":{"msg_type":"0003","msg_queue_timestamp":"1713161948000","source_system_id":"TRUST","original_data_source":"SDR","user_id":"#QDP4283","source_dev_id":"VDL2"},"body":{"train_id":"801B52M515","actual_timestamp":"1713165420000","loc_stanox":"79031","gbtt_timestamp":"1713165240000","planned_timestamp":"1713165240000","planned_event_type":"ARRIVAL","event_type":"ARRIVAL","event_source":"MANUAL","correction_ind":"false","offroute_ind":"false","route":"0","train_service_code":"25432000","division_code":"71","toc_id":"71","timetable_variation":"3","variation_status":"LATE","next_report_stanox":"79040","next_report_run_time":"1","train_terminated":"false","delay_monitoring_point":"false","reporting_stanox":"00000"}},{"header":{"msg_type":"0003","msg_queue_timestamp":"1713161948000","source_system_id":"TRUST","original_data_source":"SDR","user_id":"#QDP4283","source_dev_id":"VDL2"},"body":{"train_id":"801B52M515","actual_timestamp":"1713165540000","loc_stanox":"79031","gbtt_timestamp":"1713165300000","planned_timestamp":"1713165300000","planned_event_type":"DEPARTURE","event_type":"DEPARTURE","event_source":"MANUAL","correction_ind":"false","offroute_ind":"false","train_service_code":"25432000","division_code":"71","toc_id":"71","timetable_variation":"4","variation_status":"LATE","next_report_stanox":"79040","next_report_run_time":"5","train_terminated":"false","delay_monitoring_point":"false","reporting_stanox":"00000"}},{"header":{"msg_type":"0003","msg_queue_timestamp":"1713161948000","source_system_id":"TRUST","original_data_source":"SMART"},"body":{"train_id":"871A11M615","actual_timestamp":"1713165600000","loc_stanox":"86023","gbtt_timestamp":"1713165660000","planned_timestamp":"1713165630000","planned_event_type":"ARRIVAL","event_type":"ARRIVAL","event_source":"AUTOMATIC","correction_ind":"false","offroute_ind":"false","direction_ind":"DOWN","platform":" 3","route":"0","train_service_code":"24632104","division_code":"84","toc_id":"84","timetable_variation":"0","variation_status":"ON TIME","next_report_stanox":"86031","next_report_run_time":"1","train_terminated":"false","delay_monitoring_point":"false","reporting_stanox":"00000","auto_expected":"true"}},{"header":{"msg_type":"0003","msg_queue_timestamp":"1713161948000","source_system_id":"TRUST","original_data_source":"SMART"},"body":{"train_id":"871A16M615","actual_timestamp":"1713165480000","loc_stanox":"86031","gbtt_timestamp":"1713165540000","planned_timestamp":"1713165540000","planned_event_type":"DEPARTURE","event_type":"DEPARTURE","event_source":"AUTOMATIC","correction_ind":"false","offroute_ind":"false","direction_ind":"UP","line_ind":"S","platform":" 1","route":"2","train_service_code":"24632104","division_code":"84","toc_id":"84","timetable_variation":"1","variation_status":"EARLY","next_report_stanox":"86022","next_report_run_time":"4","train_terminated":"false","delay_monitoring_point":"true","reporting_stanox":"86031","auto_expected":"true"}},{"header":{"msg_type":"0003","msg_queue_timestamp":"1713161948000","source_system_id":"TRUST","original_data_source":"SMART"},"body":{"train_id":"741Y12MA15","actual_timestamp":"1713165600000","loc_stanox":"74557","gbtt_timestamp":"1713165720000","planned_timestamp":"1713165690000","planned_event_type":"ARRIVAL","event_type":"ARRIVAL","event_source":"AUTOMATIC","correction_ind":"false","offroute_ind":"false","direction_ind":"DOWN","line_ind":"2","platform":" 2","route":"0","train_service_code":"25535004","division_code":"74","toc_id":"74","timetable_variation":"1","variation_status":"EARLY","next_report_stanox":"74562","next_report_run_time":"3","train_terminated":"false","delay_monitoring_point":"true","reporting_stanox":"74557","auto_expected":"true"}},{"header":{"msg_type":"0003","msg_queue_timestamp":"1713161948000","source_system_id":"TRUST","original_data_source":"SMART"},"body":{"train_id":"872J09NA15","actual_timestamp":"1713165480000","loc_stanox":"87250","gbtt_timestamp":"1713165480000","planned_timestamp":"1713165510000","planned_event_type":"DEPARTURE","event_type":"DEPARTURE","event_source":"AUTOMATIC","correction_ind":"false","offroute_ind":"false","direction_ind":"DOWN","line_ind":"S","platform":" 3","route":"1","train_service_code":"24673205","division_code":"84","toc_id":"84","timetable_variation":"0","variation_status":"ON TIME","next_report_stanox":"87261","next_report_run_time":"3","train_terminated":"false","delay_monitoring_point":"true","reporting_stanox":"87250","auto_expected":"true"}},{"header":{"msg_type":"0003","msg_queue_timestamp":"1713161948000","source_system_id":"TRUST","original_data_source":"SMART"},"body":{"train_id":"631R10MA15","actual_timestamp":"1713165540000","loc_stanox":"73420","planned_timestamp":"1713165540000","planned_event_type":"DEPARTURE","event_type":"DEPARTURE","event_source":"AUTOMATIC","correction_ind":"false","offroute_ind":"false","direction_ind":"DOWN","route":"1","train_service_code":"25530004","division_code":"74","toc_id":"74","timetable_variation":"0","variation_status":"ON TIME","next_report_stanox":"73425","next_report_run_time":"1","train_terminated":"false","delay_monitoring_point":"true","reporting_stanox":"73420","auto_expected":"true"}},{"header":{"msg_type":"0003","msg_queue_timestamp":"1713161948000","source_system_id":"TRUST","original_data_source":"SMART"},"body":{"train_id":"862E12M615","actual_timestamp":"1713165540000","loc_stanox":"86513","planned_timestamp":"1713165510000","planned_event_type":"DEPARTURE","event_type":"DEPARTURE","event_source":"AUTOMATIC","correction_ind":"false","offroute_ind":"false","direction_ind":"DOWN","route":"2","train_service_code":"24631104","division_code":"84","toc_id":"84","timetable_variation":"1","variation_status":"LATE","next_report_stanox":"86520","next_report_run_time":"3","train_terminated":"false","delay_monitoring_point":"false","reporting_stanox":"00000","auto_expected":"true"}},{"header":{"msg_type":"0003","msg_queue_timestamp":"1713161948000","source_system_id":"TRUST","original_data_source":"SMART"},"body":{"train_id":"872H12M615","actual_timestamp":"1713165600000","loc_stanox":"87261","gbtt_timestamp":"1713165360000","planned_timestamp":"1713165360000","planned_event_type":"ARRIVAL","event_type":"ARRIVAL","event_source":"AUTOMATIC","correction_ind":"false","offroute_ind":"false","direction_ind":"UP","platform":" 5","route":"0","train_service_code":"24673105","division_code":"84","toc_id":"84","timetable_variation":"4","variation_status":"LATE","next_report_stanox":"87250","next_report_run_time":"1","train_terminated":"false","delay_monitoring_point":"true","reporting_stanox":"87261","auto_expected":"true"}},{"header":{"msg_type":"0003","msg_queue_timestamp":"1713161948000","source_system_id":"TRUST","original_data_source":"SMART"},"body":{"train_id":"729P47MA15","actual_timestamp":"1713165540000","loc_stanox":"72316","planned_timestamp":"1713165510000","planned_event_type":"DEPARTURE","event_type":"DEPARTURE","event_source":"AUTOMATIC","correction_ind":"false","offroute_ind":"false","direction_ind":"DOWN","line_ind":"E","route":"1","train_service_code":"22114001","division_code":"65","toc_id":"65","timetable_variation":"1","variation_status":"LATE","next_report_stanox":"72315","next_report_run_time":"1","train_terminated":"false","delay_monitoring_point":"false","reporting_stanox":"00000","auto_expected":"true"}},{"header":{"msg_type":"0003","msg_queue_timestamp":"1713161949000","source_system_id":"TRUST","original_data_source":"SMART"},"body":{"train_id":"862J08MA15","actual_timestamp":"1713165600000","loc_stanox":"74273","gbtt_timestamp":"1713165600000","planned_timestamp":"1713165600000","planned_event_type":"ARRIVAL","event_type":"ARRIVAL","event_source":"AUTOMATIC","correction_ind":"false","offroute_ind":"false","direction_ind":"UP","platform":" 2","route":"0","train_service_code":"25518007","division_code":"25","toc_id":"25","timetable_variation":"0","variation_status":"ON TIME","next_report_stanox":"74265","next_report_run_time":"1","train_terminated":"false","delay_monitoring_point":"false","reporting_stanox":"00000","auto_expected":"true"}},{"header":{"msg_type":"0003","msg_queue_timestamp":"1713161949000","source_system_id":"TRUST","original_data_source":"SMART"},"body":{"train_id":"861M26M615","actual_timestamp":"1713165480000","loc_stanox":"86499","planned_timestamp":"1713165540000","planned_event_type":"DEPARTURE","event_type":"DEPARTURE","event_source":"AUTOMATIC","correction_ind":"false","offroute_ind":"false","direction_ind":"UP","line_ind":"M","platform":" 1","route":"2","train_service_code":"22180010","division_code":"27","toc_id":"27","timetable_variation":"1","variation_status":"EARLY","next_report_stanox":"86495","next_report_run_time":"2","train_terminated":"false","delay_monitoring_point":"true","reporting_stanox":"86499","auto_expected":"true"}},{"header":{"msg_type":"0003","msg_queue_timestamp":"1713161949000","source_system_id":"TRUST","original_data_source":"SMART"},"body":{"train_id":"872R07MA15","actual_timestamp":"1713165540000","loc_stanox":"87126","gbtt_timestamp":"1713165600000","planned_timestamp":"1713165570000","planned_event_type":"ARRIVAL","event_type":"ARRIVAL","event_source":"AUTOMATIC","correction_ind":"false","offroute_ind":"false","direction_ind":"DOWN","platform":" 2","route":"0","train_service_code":"24671305","division_code":"84","toc_id":"84","timetable_variation":"0","variation_status":"ON TIME","next_report_stanox":"87125","next_report_run_time":"1","train_terminated":"false","delay_monitoring_point":"false","reporting_stanox":"00000","auto_expected":"true"}},{"header":{"msg_type":"0003","msg_queue_timestamp":"1713161949000","source_system_id":"TRUST","original_data_source":"SMART"},"body":{"train_id":"191K06M515","actual_timestamp":"1713165480000","loc_stanox":"17112","planned_timestamp":"1713163890000","planned_event_type":"DEPARTURE","event_type":"DEPARTURE","event_source":"AUTOMATIC","correction_ind":"false","offroute_ind":"false","direction_ind":"UP","line_ind":"H","platform":" 2","route":"1","train_service_code":"21733000","division_code":"20","toc_id":"20","timetable_variation":"27","variation_status":"LATE","next_report_stanox":"17117","next_report_run_time":"4","train_terminated":"false","delay_monitoring_point":"true","reporting_stanox":"17112","auto_expected":"true"}},{"header":{"msg_type":"0003","msg_queue_timestamp":"1713161949000","source_system_id":"TRUST","original_data_source":"SMART"},"body":{"train_id":"885D98MA15","actual_timestamp":"1713165480000","loc_stanox":"88428","gbtt_timestamp":"1713165480000","planned_timestamp":"1713165480000","planned_event_type":"DEPARTURE","event_type":"DEPARTURE","event_source":"AUTOMATIC","correction_ind":"false","offroute_ind":"false","direction_ind":"DOWN","line_ind":"N","route":"1","train_service_code":"24657005","division_code":"80","toc_id":"80","timetable_variation":"0","variation_status":"ON TIME","next_report_stanox":"88465","next_report_run_time":"1","train_terminated":"false","delay_monitoring_point":"true","reporting_stanox":"00000","auto_expected":"true"}},{"header":{"msg_type":"0003","msg_queue_timestamp":"1713161949000","source_system_id":"TRUST","original_data_source":"SMART"},"body":{"train_id":"532K09M615","actual_timestamp":"1713165480000","loc_stanox":"54021","gbtt_timestamp":"1713165300000","planned_timestamp":"1713165300000","planned_event_type":"DEPARTURE","event_type":"DEPARTURE","event_source":"AUTOMATIC","correction_ind":"false","offroute_ind":"false","direction_ind":"UP","line_ind":"S","platform":" 1","route":"1","train_service_code":"21723000","division_code":"88","toc_id":"88","timetable_variation":"3","variation_status":"LATE","next_report_stanox":"54031","next_report_run_time":"2","train_terminated":"false","delay_monitoring_point":"false","reporting_stanox":"00000","auto_expected":"true"}},{"header":{"msg_type":"0003","msg_queue_timestamp":"1713161949000","source_system_id":"TRUST","original_data_source":"SMART"},"body":{"train_id":"879J14M615","actual_timestamp":"1713165480000","loc_stanox":"87931","gbtt_timestamp":"1713164940000","planned_timestamp":"1713164940000","planned_event_type":"DEPARTURE","event_type":"DEPARTURE","event_source":"AUTOMATIC","correction_ind":"false","offroute_ind":"false","direction_ind":"UP","platform":" 1","route":"2","train_service_code":"22729000","division_code":"88","toc_id":"88","timetable_variation":"9","variation_status":"LATE","next_report_stanox":"87920","next_report_run_time":"3","train_terminated":"false","delay_monitoring_point":"true","reporting_stanox":"87931","auto_expected":"true"}},{"header":{"msg_type":"0003","msg_queue_timestamp":"1713161949000","source_system_id":"TRUST","original_data_source":"SMART"},"body":{"train_id":"875H14M615","actual_timestamp":"1713165600000","loc_stanox":"87991","planned_timestamp":"1713165630000","planned_event_type":"ARRIVAL","event_type":"ARRIVAL","event_source":"AUTOMATIC","correction_ind":"false","offroute_ind":"false","route":"0","train_service_code":"24788005","division_code":"88","toc_id":"88","timetable_variation":"0","variation_status":"ON TIME","next_report_stanox":"87995","next_report_run_time":"1","train_terminated":"false","delay_monitoring_point":"true","reporting_stanox":"87991","auto_expected":"true"}},{"header":{"msg_type":"0003","msg_queue_timestamp":"1713161949000","source_system_id":"TRUST","original_data_source":"SMART"},"body":{"train_id":"879S02M515","actual_timestamp":"1713165540000","loc_stanox":"54001","planned_timestamp":"1713165570000","planned_event_type":"DEPARTURE","event_type":"DEPARTURE","event_source":"AUTOMATIC","correction_ind":"false","offroute_ind":"false","direction_ind":"DOWN","line_ind":"F","platform":" 3","route":"1","train_service_code":"22721000","division_code":"88","toc_id":"88","timetable_variation":"0","variation_status":"ON TIME","next_report_stanox":"53401","next_report_run_time":"5","train_terminated":"false","delay_monitoring_point":"true","reporting_stanox":"54001","auto_expected":"true"}}]