[{"header":{"msg_type":"0003","msg_queue_timestamp":"1713134926000","source_system_id":"TRUST","original_data_source":"SMART"},"body":{"train_id":"732Y13M914","actual_timestamp":"1713138480000","loc_stanox":"73106","planned_timestamp":"1713138300000","planned_event_type":"DEPARTURE","event_type":"DEPARTURE","event_source":"AUTOMATIC","correction_ind":"false","offroute_ind":"false","direction_ind":"UP","route":"1","train_service_code":"21381202","division_code":"33","toc_id":"33","timetable_variation":"3","variation_status":"LATE","next_report_stanox":"73108","next_report_run_time":"1","train_terminated":"false","delay_monitoring_point":"true","reporting_stanox":"73106","auto_expected":"true"}},{"header":{"msg_type":"0001","msg_queue_timestamp":"1713134927000","source_system_id":"TRUST","original_data_source":"TSIA"},"body":{"train_id":"766H32C215","toc_id":"05","schedule_wtt_id":"6H32C","sched_origin_stanox":"76110","creation_timestamp":"1713138527000","origin_dep_timestamp":"1713149280000","train_uid":"H43731","schedule_start_date":"2023-12-11","schedule_end_date":"2024-05-27","schedule_source":"C","schedule_type":"O","d1266_record_number":"00000","tp_origin_timestamp":"2024-04-15","train_call_type":"AUTOMATIC","train_call_mode":"NORMAL","train_service_code":"59430444"}},{"header":{"msg_type":"0003","msg_queue_timestamp":"1713134927000","source_system_id":"TRUST","original_data_source":"SMART"},"body":{"train_id":"525H70M914","actual_timestamp":"1713138480000","loc_stanox":"52088","planned_timestamp":"1713138540000","planned_event_type":"DEPARTURE","event_type":"DEPARTURE","event_source":"AUTOMATIC","correction_ind":"false","offroute_ind":"false","direction_ind":"DOWN","platform":" 2","route":"1","train_service_code":"22216001","division_code":"30","toc_id":"30","timetable_variation":"1","variation_status":"EARLY","next_report_stanox":"87568","next_report_run_time":"5","train_terminated":"false","delay_monitoring_point":"false","reporting_stanox":"00000","auto_expected":"true"}},{"header":{"msg_type":"0003","msg_queue_timestamp":"1713134927000","source_system_id":"TRUST","original_data_source":"SMART"},"body":{"train_id":"862S771914","actual_timestamp":"1713138420000","loc_stanox":"86353","gbtt_timestamp":"1713138480000","planned_timestamp":"1713138480000","planned_event_type":"DEPARTURE","event_type":"DEPARTURE","event_source":"AUTOMATIC","correction_ind":"false","offroute_ind":"false","direction_ind":"UP","platform":" 1","route":"1","train_service_code":"24744000","division_code":"88","toc_id":"88","timetable_variation":"1","variation_status":"EARLY","next_report_stanox":"86424","next_report_run_time":"7","train_terminated":"false","delay_monitoring_point":"false","reporting_stanox":"00000","auto_expected":"true"}},{"header":{"msg_type":"0003","msg_queue_timestamp":"1713134927000","source_system_id":"TRUST","original_data_source":"SMART"},"body":{"train_id":"522W08M914","actual_timestamp":"1713138480000","loc_stanox":"50334","gbtt_timestamp":"1713138540000","planned_timestamp":"1713138540000","planned_event_type":"DEPARTURE","event_type":"DEPARTURE","event_source":"AUTOMATIC","correction_ind":"false","offroute_ind":"false","direction_ind":"DOWN","line_ind":"E","platform":" 4","route":"2","train_service_code":"21381001","division_code":"33","toc_id":"33","timetable_variation":"1","variation_status":"EARLY","next_report_stanox":"50333","next_report_run_time":"2","train_terminated":"false","delay_monitoring_point":"true","reporting_stanox":"50334","auto_expected":"true"}},{"header":{"msg_type":"0003","msg_queue_timestamp":"1713134927000","source_system_id":"TRUST","original_data_source":"SMART"},"body":{"train_id":"631T73M914","actual_timestamp":"1713138480000","loc_stanox":"73508","planned_timestamp":"1713138540000","planned_event_type":"DEPARTURE","event_type":"DEPARTURE","event_source":"AUTOMATIC","correction_ind":"false","offroute_ind":"false","direction_ind":"DOWN","platform":" 3","route":"1","train_service_code":"25535004","division_code":"74","toc_id":"74","timetable_variation":"1","variation_status":"EARLY","next_report_stanox":"69505","next_report_run_time":"5","train_terminated":"false","delay_monitoring_point":"true","reporting_stanox":"73508","auto_expected":"true"}},{"header":{"msg_type":"0003","msg_queue_timestamp":"1713134927000","source_system_id":"TRUST","original_data_source":"SMART"},"body":{"train_id":"472H73M814","actual_timestamp":"1713138540000","loc_stanox":"51815","gbtt_timestamp":"1713138600000","planned_timestamp":"1713138600000","planned_event_type":"ARRIVAL","event_type":"ARRIVAL","event_source":"AUTOMATIC","correction_ind":"false","offroute_ind":"false","direction_ind":"UP","platform":" 1","route":"0","train_service_code":"21913000","division_code":"21","toc_id":"21","timetable_variation":"1","variation_status":"EARLY","next_report_stanox":"51914","next_report_run_time":"1","train_terminated":"false","delay_monitoring_point":"true","reporting_stanox":"51815","auto_expected":"true"}},{"header":{"msg_type":"0003","msg_queue_timestamp":"1713134927000","source_system_id":"TRUST","original_data_source":"SMART"},"body":{"train_id":"861W781814","actual_timestamp":"1713138480000","loc_stanox":"87214","planned_event_type":"DEPARTURE","event_type":"DEPARTURE","event_source":"AUTOMATIC","correction_ind":"false","offroute_ind":"true","train_service_code":"24620104","division_code":"84","toc_id":"84","timetable_variation":"0","variation_status":"OFF ROUTE","train_terminated":"false","delay_monitoring_point":"false"}},{"header":{"msg_type":"0003","msg_queue_timestamp":"1713134927000","source_system_id":"TRUST","original_data_source":"SMART"},"body":{"train_id":"862A82M814","actual_timestamp":"1713138480000","loc_stanox":"87169","planned_timestamp":"1713138570000","planned_event_type":"DEPARTURE","event_type":"DEPARTURE","event_source":"AUTOMATIC","correction_ind":"false","offroute_ind":"false","direction_ind":"UP","line_ind":"F","platform":" 2","route":"2","train_service_code":"24632204","division_code":"84","toc_id":"84","timetable_variation":"1","variation_status":"EARLY","next_report_stanox":"87261","next_report_run_time":"3","train_terminated":"false","delay_monitoring_point":"true","reporting_stanox":"87169","auto_expected":"true"}},{"header":{"msg_type":"0001","msg_queue_timestamp":"1713134928000","source_system_id":"TRUST","original_data_source":"TSIA"},"body":{"train_id":"515D641015","toc_id":"79","schedule_wtt_id":"5D641","sched_origin_stanox":"51001","creation_timestamp":"1713138528000","origin_dep_timestamp":"1713142080000","train_uid":"F30069","schedule_start_date":"2024-04-15","schedule_end_date":"2024-04-15","schedule_source":"C","schedule_type":"N","d1266_record_number":"00000","tp_origin_timestamp":"2024-04-15","train_call_type":"AUTOMATIC","train_call_mode":"NORMAL","train_service_code":"25936005"}},{"header":{"msg_type":"0001","msg_queue_timestamp":"1713134928000","source_system_id":"TRUST","original_data_source":"TSIA"},"body":{"train_id":"305N87M015","toc_id":"23","schedule_wtt_id":"5N87M","sched_origin_stanox":"30021","creation_timestamp":"1713138528000","origin_dep_timestamp":"1713142080000","train_uid":"W35274","schedule_start_date":"2024-02-19","schedule_end_date":"2024-05-27","schedule_source":"C","schedule_type":"O","d1266_record_number":"00000","tp_origin_timestamp":"2024-04-15","train_call_type":"AUTOMATIC","train_call_mode":"NORMAL","train_service_code":"22974000"}},{"header":{"msg_type":"0001","msg_queue_timestamp":"1713134929000","source_system_id":"TRUST","original_data_source":"TSIA"},"body":{"train_id":"860B07C215","toc_id":"09","schedule_wtt_id":"0B07C","sched_origin_stanox":"86531","creation_timestamp":"1713138529000","origin_dep_timestamp":"1713149280000","train_uid":"H13255","schedule_start_date":"2023-12-11","schedule_end_date":"2024-05-27","schedule_source":"C","schedule_type":"O","d1266_record_number":"00000","tp_origin_timestamp":"2024-04-15","train_call_type":"AUTOMATIC","train_call_mode":"NORMAL","train_service_code":"50510170"}},{"header":{"msg_type":"0003","msg_queue_timestamp":"1713134929000","source_system_id":"TRUST","original_data_source":"SMART"},"body":{"train_id":"442T69M914","actual_timestamp":"1713138540000","loc_stanox":"44038","gbtt_timestamp":"1713138660000","planned_timestamp":"1713138660000","planned_event_type":"DESTINATION","event_type":"ARRIVAL","event_source":"AUTOMATIC","correction_ind":"false","offroute_ind":"false","direction_ind":"UP","platform":" 3","route":"0","train_service_code":"22277000","division_code":"28","toc_id":"28","timetable_variation":"2","variation_status":"EARLY","train_terminated":"true","delay_monitoring_point":"true","reporting_stanox":"44038","auto_expected":"true"}},{"header":{"msg_type":"0003","msg_queue_timestamp":"1713134929000","source_system_id":"TRUST","original_data_source":"SMART"},"body":{"train_id":"092H41M914","actual_timestamp":"1713138480000","loc_stanox":"17053","planned_timestamp":"1713138570000","planned_event_type":"DEPARTURE","event_type":"DEPARTURE","event_source":"AUTOMATIC","correction_ind":"false","offroute_ind":"false","direction_ind":"UP","line_ind":"M","route":"1","train_service_code":"11870820","division_code":"23","toc_id":"23","timetable_variation":"1","variation_status":"EARLY","next_report_stanox":"17136","next_report_run_time":"7","train_terminated":"false","delay_monitoring_point":"true","reporting_stanox":"17053","auto_expected":"true"}},{"header":{"msg_type":"0003","msg_queue_timestamp":"1713134929000","source_system_id":"TRUST","original_data_source":"SMART"},"body":{"train_id":"532F77M914","actual_timestamp":"1713138420000","loc_stanox":"53243","gbtt_timestamp":"1713138480000","planned_timestamp":"1713138480000","planned_event_type":"DEPARTURE","event_type":"DEPARTURE","event_source":"AUTOMATIC","correction_ind":"false","offroute_ind":"false","direction_ind":"UP","line_ind":"H","platform":" 1","route":"1","train_service_code":"21724000","division_code":"88","toc_id":"88","timetable_variation":"1","variation_status":"EARLY","next_report_stanox":"53306","train_terminated":"false","delay_monitoring_point":"false","reporting_stanox":"00000","auto_expected":"true"}},{"header":{"msg_type":"0003","msg_queue_timestamp":"1713134929000","source_system_id":"TRUST","original_data_source":"SMART"},"body":{"train_id":"785C522914","actual_timestamp":"1713138480000","loc_stanox":"76481","planned_timestamp":"1713137640000","planned_event_type":"DEPARTURE","event_type":"DEPARTURE","event_source":"AUTOMATIC","correction_ind":"false","offroute_ind":"false","direction_ind":"UP","route":"2","train_service_code":"25450000","division_code":"71","toc_id":"71","timetable_variation":"14","variation_status":"LATE","next_report_stanox":"76401","next_report_run_time":"3","train_terminated":"false","delay_monitoring_point":"false","reporting_stanox":"00000","auto_expected":"true"}},{"header":{"msg_type":"0003","msg_queue_timestamp":"1713134929000","source_system_id":"TRUST","original_data_source":"SMART"},"body":{"train_id":"882V66M914","actual_timestamp":"1713138420000","loc_stanox":"88327","gbtt_timestamp":"1713138360000","planned_timestamp":"1713138390000","planned_event_type":"DEPARTURE","event_type":"DEPARTURE","event_source":"AUTOMATIC","correction_ind":"false","offroute_ind":"false","direction_ind":"DOWN","line_ind":"D","platform":" 2","route":"2","train_service_code":"24653005","division_code":"80","toc_id":"80","timetable_variation":"1","variation_status":"LATE","next_report_stanox":"88329","next_report_run_time":"4","train_terminated":"false","delay_monitoring_point":"false","reporting_stanox":"00000","auto_expected":"true"}},{"header":{"msg_type":"0003","msg_queue_timestamp":"1713134929000","source_system_id":"TRUST","original_data_source":"SMART"},"body":{"train_id":"882V66M914","actual_timestamp":"1713138600000","loc_stanox":"88329","gbtt_timestamp":"1713138600000","planned_timestamp":"1713138600000","planned_event_type":"DESTINATION","event_type":"ARRIVAL","event_source":"AUTOMATIC","correction_ind":"false","offroute_ind":"false","direction_ind":"DOWN","platform":" 1","route":"0","train_service_code":"24653005","division_code":"80","toc_id":"80","timetable_variation":"0","variation_status":"ON TIME","train_terminated":"true","delay_monitoring_point":"true","reporting_stanox":"88329","auto_expected":"true"}},{"header":{"msg_type":"0003","msg_queue_timestamp":"1713134929000","source_system_id":"TRUST","original_data_source":"SMART"},"body":{"train_id":"882V68M914","actual_timestamp":"1713138480000","loc_stanox":"88410","planned_timestamp":"1713138540000","planned_event_type":"DEPARTURE","event_type":"DEPARTURE","event_source":"AUTOMATIC","correction_ind":"false","offroute_ind":"false","direction_ind":"DOWN","line_ind":"3","route":"3","train_service_code":"24653005","division_code":"80","toc_id":"80","timetable_variation":"1","variation_status":"EARLY","next_report_stanox":"88429","next_report_run_time":"1","train_terminated":"false","delay_monitoring_point":"false","reporting_stanox":"00000","auto_expected":"true"}},{"header":{"msg_type":"0003","msg_queue_timestamp":"1713134930000","source_system_id":"TRUST","original_data_source":"SMART"},"body":{"train_id":"795B91M914","actual_timestamp":"1713138540000","loc_stanox":"79302","gbtt_timestamp":"1713138600000","planned_timestamp":"1713138600000","planned_event_type":"DESTINATION","event_type":"ARRIVAL","event_source":"AUTOMATIC","correction_ind":"false","offroute_ind":"false","direction_ind":"UP","line_ind":"W","route":"0","train_service_code":"25375002","division_code":"25","toc_id":"25","timetable_variation":"1","variation_status":"EARLY","train_terminated":"true","delay_monitoring_point":"true","reporting_stanox":"79302","auto_expected":"true"}},{"header":{"msg_type":"0003","msg_queue_timestamp":"1713134930000","source_system_id":"TRUST","original_data_source":"GPS","user_id":"GPSI07"},"body":{"train_id":"875Y23M914","actual_timestamp":"1713138420000","loc_stanox":"87286","planned_timestamp":"1713138450000","planned_event_type":"DEPARTURE","event_type":"DEPARTURE","event_source":"MANUAL","correction_ind":"false","offroute_ind":"false","train_service_code":"24676004","division_code":"84","toc_id":"84","timetable_variation":"0","variation_status":"ON TIME","next_report_stanox":"87217","next_report_run_time":"5","train_terminated":"false","delay_monitoring_point":"false","reporting_stanox":"00000"}},{"header":{"msg_type":"0003","msg_queue_timestamp":"1713134930000","source_system_id":"TRUST","original_data_source":"GPS","user_id":"GPSN12"},"body":{"train_id":"151A94M914","actual_timestamp":"1713138480000","loc_stanox":"15876","gbtt_timestamp":"1713138480000","planned_timestamp":"1713138510000","planned_event_type":"DEPARTURE","event_type":"DEPARTURE","event_source":"MANUAL","correction_ind":"false","offroute_ind":"false","train_service_code":"21734000","division_code":"20","toc_id":"20","timetable_variation":"0","variation_status":"ON TIME","next_report_stanox":"15880","next_report_run_time":"11","train_terminated":"false","delay_monitoring_point":"false","reporting_stanox":"00000","auto_expected":"true"}},{"header":{"msg_type":"0003","msg_queue_timestamp":"1713134930000","source_system_id":"TRUST","original_data_source":"GPS","user_id":"GPSN01"},"body":{"train_id":"362A94M814","actual_timestamp":"1713138480000","loc_stanox":"32535","planned_timestamp":"1713138570000","planned_event_type":"DEPARTURE","event_type":"DEPARTURE","event_source":"MANUAL","correction_ind":"false","offroute_ind":"false","train_service_code":"12298820","division_code":"23","toc_id":"23","timetable_variation":"1","variation_status":"EARLY","next_report_stanox":"32530","next_report_run_time":"3","train_terminated":"false","delay_monitoring_point":"false","reporting_stanox":"00000"}},{"header":{"msg_type":"0003","msg_queue_timestamp":"1713134930000","source_system_id":"TRUST","original_data_source":"SMART"},"body":{"train_id":"182M84M914","actual_timestamp":"1713138420000","loc_stanox":"32109","gbtt_timestamp":"1713138480000","planned_timestamp":"1713138510000","planned_event_type":"DEPARTURE","event_type":"DEPARTURE","event_source":"AUTOMATIC","correction_ind":"false","offroute_ind":"false","direction_ind":"UP","platform":" 1","route":"1","train_service_code":"21733000","division_code":"20","toc_id":"20","timetable_variation":"1","variation_status":"EARLY","next_report_stanox":"32111","next_report_run_time":"4","train_terminated":"false","delay_monitoring_point":"false","reporting_stanox":"00000","auto_expected":"true"}}]