[{"header":{"msg_type":"0003","msg_queue_timestamp":"1713137596000","source_system_id":"TRUST","original_data_source":"SMART"},"body":{"train_id":"722D73M914","actual_timestamp":"1713141120000","loc_stanox":"72009","gbtt_timestamp":"1713140760000","planned_timestamp":"1713140760000","planned_event_type":"DEPARTURE","event_type":"DEPARTURE","event_source":"AUTOMATIC","correction_ind":"false","offroute_ind":"false","direction_ind":"DOWN","platform":" 1","route":"1","train_service_code":"22216000","division_code":"30","toc_id":"30","timetable_variation":"6","variation_status":"LATE","next_report_stanox":"72008","next_report_run_time":"1","train_terminated":"false","delay_monitoring_point":"false","reporting_stanox":"00000","auto_expected":"true"}},{"header":{"msg_type":"0003","msg_queue_timestamp":"1713137596000","source_system_id":"TRUST","original_data_source":"SMART"},"body":{"train_id":"722D73M914","actual_timestamp":"1713141240000","loc_stanox":"72008","gbtt_timestamp":"1713140880000","planned_timestamp":"1713140850000","planned_event_type":"ARRIVAL","event_type":"ARRIVAL","event_source":"AUTOMATIC","correction_ind":"false","offroute_ind":"false","direction_ind":"DOWN","platform":" 2","route":"0","train_service_code":"22216000","division_code":"30","toc_id":"30","timetable_variation":"7","variation_status":"LATE","next_report_stanox":"72017","next_report_run_time":"1","train_terminated":"false","delay_monitoring_point":"false","reporting_stanox":"00000","auto_expected":"true"}},{"header":{"msg_type":"0003","msg_queue_timestamp":"1713137598000","source_system_id":"TRUST","original_data_source":"SMART"},"body":{"train_id":"625Y66M015","actual_timestamp":"1713141120000","loc_stanox":"62011","gbtt_timestamp":"1713141960000","planned_timestamp":"1713141960000","planned_event_type":"DEPARTURE","event_type":"DEPARTURE","event_source":"AUTOMATIC","correction_ind":"false","offroute_ind":"false","direction_ind":"UP","line_ind":"B","platform":" 1","route":"3","train_service_code":"22788002","division_code":"88","toc_id":"88","timetable_variation":"14","variation_status":"EARLY","next_report_stanox":"62036","next_report_run_time":"3","train_terminated":"false","delay_monitoring_point":"true","reporting_stanox":"62011","auto_expected":"true"}},{"header":{"msg_type":"0003","msg_queue_timestamp":"1713137598000","source_system_id":"TRUST","original_data_source":"SMART"},"body":{"train_id":"629W01M015","actual_timestamp":"1713141180000","loc_stanox":"62209","planned_timestamp":"1713141270000","planned_event_type":"DEPARTURE","event_type":"DEPARTURE","event_source":"AUTOMATIC","correction_ind":"false","offroute_ind":"false","direction_ind":"UP","line_ind":"F","route":"1","train_service_code":"22720000","division_code":"88","toc_id":"88","timetable_variation":"1","variation_status":"EARLY","next_report_stanox":"62211","next_report_run_time":"1","train_terminated":"false","delay_monitoring_point":"false","reporting_stanox":"00000","auto_expected":"true"}},{"header":{"msg_type":"0003","msg_queue_timestamp":"1713137598000","source_system_id":"TRUST","original_data_source":"SMART"},"body":{"train_id":"629W01M015","actual_timestamp":"1713141240000","loc_stanox":"62211","gbtt_timestamp":"1713141360000","planned_timestamp":"1713141330000","planned_event_type":"ARRIVAL","event_type":"ARRIVAL","event_source":"AUTOMATIC","correction_ind":"false","offroute_ind":"false","direction_ind":"UP","platform":" 3","route":"0","train_service_code":"22720000","division_code":"88","toc_id":"88","timetable_variation":"1","variation_status":"EARLY","next_report_stanox":"62400","next_report_run_time":"2","train_terminated":"false","delay_monitoring_point":"false","reporting_stanox":"00000","auto_expected":"true"}}]