[{"header":{"msg_type":"0003","msg_queue_timestamp":"1713117535000","source_system_id":"TRUST","original_data_source":"SMART"},"body":{"train_id":"872H55MX14","actual_timestamp":"1713121140000","loc_stanox":"87250","gbtt_timestamp":"1713121200000","planned_timestamp":"1713121200000","planned_event_type":"ARRIVAL","event_type":"ARRIVAL","event_source":"AUTOMATIC","correction_ind":"false","offroute_ind":"false","direction_ind":"DOWN","platform":" 3","route":"0","train_service_code":"24673105","division_code":"84","toc_id":"84","timetable_variation":"1","variation_status":"EARLY","next_report_stanox":"87261","next_report_run_time":"1","train_terminated":"false","delay_monitoring_point":"true","reporting_stanox":"87250","auto_expected":"true"}},{"header":{"msg_type":"0003","msg_queue_timestamp":"1713117535000","source_system_id":"TRUST","original_data_source":"SMART"},"body":{"train_id":"122I06MV14","actual_timestamp":"1713121200000","loc_stanox":"14040","gbtt_timestamp":"1713121080000","planned_timestamp":"1713121080000","planned_event_type":"DESTINATION","event_type":"ARRIVAL","event_source":"AUTOMATIC","correction_ind":"false","offroute_ind":"false","direction_ind":"UP","route":"0","train_service_code":"11798001","division_code":"56","toc_id":"56","timetable_variation":"2","variation_status":"LATE","train_terminated":"true","delay_monitoring_point":"true","reporting_stanox":"14040","auto_expected":"true"}},{"header":{"msg_type":"0003","msg_queue_timestamp":"1713117536000","source_system_id":"TRUST","original_data_source":"SDR","user_id":"#QHPSB11","source_dev_id":"VDH2"},"body":{"train_id":"481R74MV14","actual_timestamp":"1713121080000","loc_stanox":"46215","planned_timestamp":"1713121050000","planned_event_type":"DEPARTURE","event_type":"DEPARTURE","event_source":"MANUAL","correction_ind":"false","offroute_ind":"false","train_service_code":"22269000","division_code":"28","toc_id":"28","timetable_variation":"1","variation_status":"LATE","next_report_stanox":"46214","next_report_run_time":"2","train_terminated":"false","delay_monitoring_point":"false","reporting_stanox":"00000"}},{"header":{"msg_type":"0003","msg_queue_timestamp":"1713117536000","source_system_id":"TRUST","original_data_source":"SMART"},"body":{"train_id":"041E21MR14","actual_timestamp":"1713121080000","loc_stanox":"23421","planned_timestamp":"1713118770000","planned_event_type":"DEPARTURE","event_type":"DEPARTURE","event_source":"AUTOMATIC","correction_ind":"false","offroute_ind":"false","direction_ind":"UP","line_ind":"F","route":"1","train_service_code":"21700001","division_code":"61","toc_id":"61","timetable_variation":"39","variation_status":"LATE","next_report_stanox":"23480","next_report_run_time":"2","train_terminated":"false","delay_monitoring_point":"true","reporting_stanox":"23421","auto_expected":"true"}}]