[{"header":{"msg_type":"0003","msg_queue_timestamp":"1713140864000","source_system_id":"TRUST","original_data_source":"SMART"},"body":{"train_id":"176N55C914","actual_timestamp":"1713144420000","loc_stanox":"15866","planned_timestamp":"1713144690000","planned_event_type":"DEPARTURE","event_type":"DEPARTURE","event_source":"AUTOMATIC","correction_ind":"false","offroute_ind":"false","direction_ind":"DOWN","line_ind":"M","route":"2","train_service_code":"56461880","division_code":"54","toc_id":"54","timetable_variation":"4","variation_status":"EARLY","next_report_stanox":"15120","next_report_run_time":"13","train_terminated":"false","delay_monitoring_point":"true","train_file_address":"G83","reporting_stanox":"15866","auto_expected":"true"}}]