[{"header":{"msg_type":"0003","msg_queue_timestamp":"1713739237000","source_system_id":"TRUST","original_data_source":"SMART"},"body":{"train_id":"652A67M921","actual_timestamp":"1713742800000","loc_stanox":"65651","gbtt_timestamp":"1713742860000","planned_timestamp":"1713742860000","planned_event_type":"DEPARTURE","event_type":"DEPARTURE","event_source":"AUTOMATIC","correction_ind":"false","offroute_ind":"false","direction_ind":"DOWN","platform":" 1","route":"1","train_service_code":"12256320","division_code":"29","toc_id":"29","timetable_variation":"1","variation_status":"EARLY","next_report_stanox":"65663","next_report_run_time":"1","train_terminated":"false","delay_monitoring_point":"true","reporting_stanox":"65651","auto_expected":"true"}},{"header":{"msg_type":"0003","msg_queue_timestamp":"1713739237000","source_system_id":"TRUST","original_data_source":"SMART"},"body":{"train_id":"771F39M821","actual_timestamp":"1713742800000","loc_stanox":"81501","gbtt_timestamp":"1713742980000","planned_timestamp":"1713742920000","planned_event_type":"ARRIVAL","event_type":"ARRIVAL","event_source":"AUTOMATIC","correction_ind":"false","offroute_ind":"false","direction_ind":"UP","line_ind":"U","platform":" 2","route":"0","train_service_code":"25471001","division_code":"25","toc_id":"25","timetable_variation":"2","variation_status":"EARLY","next_report_stanox":"75356","next_report_run_time":"4","train_terminated":"false","delay_monitoring_point":"true","reporting_stanox":"81501","auto_expected":"true"}},{"header":{"msg_type":"0001","msg_queue_timestamp":"1713739237000","source_system_id":"TRUST","original_data_source":"TSIA"},"body":{"train_id":"871Z791022","toc_id":"84","schedule_wtt_id":"1Z791","sched_origin_stanox":"87066","creation_timestamp":"1713742837000","origin_dep_timestamp":"1713746400000","train_uid":"Q23122","schedule_start_date":"2024-04-22","schedule_end_date":"2024-04-22","schedule_source":"C","schedule_type":"N","d1266_record_number":"00000","tp_origin_timestamp":"2024-04-22","train_call_type":"AUTOMATIC","train_call_mode":"NORMAL","train_service_code":"24621104"}},{"header":{"msg_type":"0003","msg_queue_timestamp":"1713739237000","source_system_id":"TRUST","original_data_source":"SMART"},"body":{"train_id":"522W12M921","actual_timestamp":"1713742800000","loc_stanox":"52701","planned_timestamp":"1713742860000","planned_event_type":"DEPARTURE","event_type":"DEPARTURE","event_source":"AUTOMATIC","correction_ind":"false","offroute_ind":"false","direction_ind":"DOWN","line_ind":"M","route":"1","train_service_code":"21381001","division_code":"33","toc_id":"33","timetable_variation":"1","variation_status":"EARLY","next_report_stanox":"52226","next_report_run_time":"2","train_terminated":"false","delay_monitoring_point":"true","reporting_stanox":"52701","auto_expected":"true"}},{"header":{"msg_type":"0003","msg_queue_timestamp":"1713739237000","source_system_id":"TRUST","original_data_source":"SMART"},"body":{"train_id":"522W08M921","actual_timestamp":"1713742800000","loc_stanox":"50412","gbtt_timestamp":"1713742800000","planned_timestamp":"1713742800000","planned_event_type":"ARRIVAL","event_type":"ARRIVAL","event_source":"AUTOMATIC","correction_ind":"false","offroute_ind":"false","direction_ind":"DOWN","route":"0","train_service_code":"21381001","division_code":"33","toc_id":"33","timetable_variation":"0","variation_status":"ON TIME","next_report_stanox":"50405","next_report_run_time":"1","train_terminated":"false","delay_monitoring_point":"false","reporting_stanox":"00000","auto_expected":"true"}},{"header":{"msg_type":"0003","msg_queue_timestamp":"1713739237000","source_system_id":"TRUST","original_data_source":"SMART"},"body":{"train_id":"522W06M921","actual_timestamp":"1713742800000","loc_stanox":"50333","gbtt_timestamp":"1713742620000","planned_timestamp":"1713742620000","planned_event_type":"DEPARTURE","event_type":"DEPARTURE","event_source":"AUTOMATIC","correction_ind":"false","offroute_ind":"false","direction_ind":"DOWN","platform":" 4","route":"1","train_service_code":"21381001","division_code":"33","toc_id":"33","timetable_variation":"3","variation_status":"LATE","next_report_stanox":"50331","next_report_run_time":"3","train_terminated":"false","delay_monitoring_point":"false","reporting_stanox":"00000","auto_expected":"true"}},{"header":{"msg_type":"0003","msg_queue_timestamp":"1713739237000","source_system_id":"TRUST","original_data_source":"SMART"},"body":{"train_id":"639H761921","actual_timestamp":"1713742860000","loc_stanox":"63212","gbtt_timestamp":"1713742800000","planned_timestamp":"1713742770000","planned_event_type":"ARRIVAL","event_type":"ARRIVAL","event_source":"AUTOMATIC","correction_ind":"false","offroute_ind":"false","direction_ind":"DOWN","platform":" 2","route":"0","train_service_code":"22728000","division_code":"88","toc_id":"88","timetable_variation":"2","variation_status":"LATE","next_report_stanox":"63209","next_report_run_time":"1","train_terminated":"false","delay_monitoring_point":"false","reporting_stanox":"00000","auto_expected":"true"}},{"header":{"msg_type":"0003","msg_queue_timestamp":"1713739238000","source_system_id":"TRUST","original_data_source":"SMART"},"body":{"train_id":"302H91M821","actual_timestamp":"1713742800000","loc_stanox":"33088","gbtt_timestamp":"1713742800000","planned_timestamp":"1713742830000","planned_event_type":"DEPARTURE","event_type":"DEPARTURE","event_source":"AUTOMATIC","correction_ind":"false","offroute_ind":"false","direction_ind":"UP","platform":" 1","route":"2","train_service_code":"12355820","division_code":"23","toc_id":"23","timetable_variation":"0","variation_status":"ON TIME","next_report_stanox":"33087","next_report_run_time":"2","train_terminated":"false","delay_monitoring_point":"true","reporting_stanox":"33088","auto_expected":"true"}},{"header":{"msg_type":"0003","msg_queue_timestamp":"1713739238000","source_system_id":"TRUST","original_data_source":"SMART"},"body":{"train_id":"302H91M821","actual_timestamp":"1713742860000","loc_stanox":"33087","gbtt_timestamp":"1713742920000","planned_timestamp":"1713742920000","planned_event_type":"ARRIVAL","event_type":"ARRIVAL","event_source":"AUTOMATIC","correction_ind":"false","offroute_ind":"false","direction_ind":"UP","platform":" 4","route":"0","train_service_code":"12355820","division_code":"23","toc_id":"23","timetable_variation":"1","variation_status":"EARLY","next_report_stanox":"32000","next_report_run_time":"3","train_terminated":"false","delay_monitoring_point":"true","reporting_stanox":"33087","auto_expected":"true"}},{"header":{"msg_type":"0003","msg_queue_timestamp":"1713739238000","source_system_id":"TRUST","original_data_source":"SMART"},"body":{"train_id":"745N90M921","actual_timestamp":"1713742800000","loc_stanox":"74271","gbtt_timestamp":"1713742260000","planned_timestamp":"1713742260000","planned_event_type":"DEPARTURE","event_type":"DEPARTURE","event_source":"AUTOMATIC","correction_ind":"false","offroute_ind":"false","direction_ind":"UP","line_ind":"U","platform":" 3","route":"2","train_service_code":"25506005","division_code":"25","toc_id":"25","timetable_variation":"9","variation_status":"LATE","next_report_stanox":"74272","next_report_run_time":"1","train_terminated":"false","delay_monitoring_point":"false","reporting_stanox":"00000","auto_expected":"true"}},{"header":{"msg_type":"0003","msg_queue_timestamp":"1713739238000","source_system_id":"TRUST","original_data_source":"SMART"},"body":{"train_id":"865Z761921","actual_timestamp":"1713742800000","loc_stanox":"86341","planned_timestamp":"1713742860000","planned_event_type":"DEPARTURE","event_type":"DEPARTURE","event_source":"AUTOMATIC","correction_ind":"false","offroute_ind":"false","direction_ind":"UP","platform":" 1","route":"2","train_service_code":"24676004","division_code":"84","toc_id":"84","timetable_variation":"1","variation_status":"EARLY","next_report_stanox":"87066","next_report_run_time":"12","train_terminated":"false","delay_monitoring_point":"true","reporting_stanox":"86341","auto_expected":"true"}},{"header":{"msg_type":"0003","msg_queue_timestamp":"1713739238000","source_system_id":"TRUST","original_data_source":"SMART"},"body":{"train_id":"735L96M921","actual_timestamp":"1713742800000","loc_stanox":"73000","gbtt_timestamp":"1713742620000","planned_timestamp":"1713742620000","planned_event_type":"DEPARTURE","event_type":"DEPARTURE","event_source":"AUTOMATIC","correction_ind":"false","offroute_ind":"false","direction_ind":"DOWN","line_ind":"1","platform":" 4","route":"1","train_service_code":"25375002","division_code":"25","toc_id":"25","timetable_variation":"3","variation_status":"LATE","next_report_stanox":"73108","next_report_run_time":"1","train_terminated":"false","delay_monitoring_point":"true","reporting_stanox":"73000","auto_expected":"true"}},{"header":{"msg_type":"0003","msg_queue_timestamp":"1713739239000","source_system_id":"TRUST","original_data_source":"SMART"},"body":{"train_id":"042V71M921","actual_timestamp":"1713742860000","loc_stanox":"04028","gbtt_timestamp":"1713742740000","planned_timestamp":"1713742710000","planned_event_type":"ARRIVAL","event_type":"ARRIVAL","event_source":"AUTOMATIC","correction_ind":"false","offroute_ind":"false","direction_ind":"DOWN","platform":" 2","route":"0","train_service_code":"13560015","division_code":"60","toc_id":"60","timetable_variation":"3","variation_status":"LATE","next_report_stanox":"04025","next_report_run_time":"1","train_terminated":"false","delay_monitoring_point":"false","reporting_stanox":"00000","auto_expected":"true"}},{"header":{"msg_type":"0003","msg_queue_timestamp":"1713739239000","source_system_id":"TRUST","original_data_source":"SMART"},"body":{"train_id":"656X611921","actual_timestamp":"1713742860000","loc_stanox":"66293","planned_timestamp":"1713743190000","planned_event_type":"DEPARTURE","event_type":"DEPARTURE","event_source":"AUTOMATIC","correction_ind":"false","offroute_ind":"false","direction_ind":"DOWN","line_ind":"F","route":"3","train_service_code":"54761100","division_code":"54","toc_id":"54","timetable_variation":"5","variation_status":"EARLY","next_report_stanox":"66321","next_report_run_time":"6","train_terminated":"false","delay_monitoring_point":"false","train_file_address":"NSC","reporting_stanox":"00000","auto_expected":"true"}},{"header":{"msg_type":"0003","msg_queue_timestamp":"1713739239000","source_system_id":"TRUST","original_data_source":"SMART"},"body":{"train_id":"542F70M821","actual_timestamp":"1713742920000","loc_stanox":"53230","gbtt_timestamp":"1713742800000","planned_timestamp":"1713742800000","planned_event_type":"ARRIVAL","event_type":"ARRIVAL","event_source":"AUTOMATIC","correction_ind":"false","offroute_ind":"false","direction_ind":"DOWN","platform":" 2","route":"0","train_service_code":"21724000","division_code":"88","toc_id":"88","timetable_variation":"2","variation_status":"LATE","next_report_stanox":"53247","next_report_run_time":"1","train_terminated":"false","delay_monitoring_point":"false","reporting_stanox":"00000","auto_expected":"true"}},{"header":{"msg_type":"0003","msg_queue_timestamp":"1713739239000","source_system_id":"TRUST","original_data_source":"SMART"},"body":{"train_id":"542V72M821","actual_timestamp":"1713742740000","loc_stanox":"53801","gbtt_timestamp":"1713742740000","planned_timestamp":"1713742770000","planned_event_type":"DEPARTURE","event_type":"DEPARTURE","event_source":"AUTOMATIC","correction_ind":"false","offroute_ind":"false","direction_ind":"DOWN","line_ind":"S","platform":" 2","route":"2","train_service_code":"21723000","division_code":"88","toc_id":"88","timetable_variation":"0","variation_status":"ON TIME","next_report_stanox":"53501","next_report_run_time":"3","train_terminated":"false","delay_monitoring_point":"false","reporting_stanox":"00000","auto_expected":"true"}},{"header":{"msg_type":"0003","msg_queue_timestamp":"1713739239000","source_system_id":"TRUST","original_data_source":"SMART"},"body":{"train_id":"074M571Z21","actual_timestamp":"1713742740000","loc_stanox":"12132","planned_timestamp":"1713743370000","planned_event_type":"DEPARTURE","event_type":"DEPARTURE","event_source":"AUTOMATIC","correction_ind":"false","offroute_ind":"false","direction_ind":"UP","line_ind":"M","platform":" 1","route":"1","train_service_code":"55460180","division_code":"54","toc_id":"54","timetable_variation":"10","variation_status":"EARLY","next_report_stanox":"12255","next_report_run_time":"13","train_terminated":"false","delay_monitoring_point":"true","train_file_address":"NQ3","reporting_stanox":"12132","auto_expected":"true"}},{"header":{"msg_type":"0003","msg_queue_timestamp":"1713739239000","source_system_id":"TRUST","original_data_source":"SMART"},"body":{"train_id":"722Y07M921","actual_timestamp":"1713742800000","loc_stanox":"72242","gbtt_timestamp":"1713742800000","planned_timestamp":"1713742830000","planned_event_type":"DEPARTURE","event_type":"DEPARTURE","event_source":"AUTOMATIC","correction_ind":"false","offroute_ind":"false","direction_ind":"UP","platform":" 1","route":"1","train_service_code":"22204000","division_code":"30","toc_id":"30","timetable_variation":"0","variation_status":"ON TIME","next_report_stanox":"72241","next_report_run_time":"2","train_terminated":"false","delay_monitoring_point":"false","reporting_stanox":"00000","auto_expected":"true"}},{"header":{"msg_type":"0003","msg_queue_timestamp":"1713739239000","source_system_id":"TRUST","original_data_source":"SMART"},"body":{"train_id":"722Y07M921","actual_timestamp":"1713742860000","loc_stanox":"72241","gbtt_timestamp":"1713742920000","planned_timestamp":"1713742920000","planned_event_type":"ARRIVAL","event_type":"ARRIVAL","event_source":"AUTOMATIC","correction_ind":"false","offroute_ind":"false","direction_ind":"UP","platform":" 3","route":"0","train_service_code":"22204000","division_code":"30","toc_id":"30","timetable_variation":"1","variation_status":"EARLY","next_report_stanox":"72243","next_report_run_time":"1","train_terminated":"false","delay_monitoring_point":"true","reporting_stanox":"72241","auto_expected":"true"}},{"header":{"msg_type":"0003","msg_queue_timestamp":"1713739239000","source_system_id":"TRUST","original_data_source":"SMART"},"body":{"train_id":"732Y17M921","actual_timestamp":"1713742800000","loc_stanox":"73784","planned_timestamp":"1713742830000","planned_event_type":"DEPARTURE","event_type":"DEPARTURE","event_source":"AUTOMATIC","correction_ind":"false","offroute_ind":"false","direction_ind":"UP","line_ind":"U","route":"1","train_service_code":"21381202","division_code":"33","toc_id":"33","timetable_variation":"0","variation_status":"ON TIME","next_report_stanox":"73799","next_report_run_time":"1","train_terminated":"false","delay_monitoring_point":"true","reporting_stanox":"73784","auto_expected":"true"}}]