[{"header":{"msg_type":"0003","msg_queue_timestamp":"1713160105000","source_system_id":"TRUST","original_data_source":"SDR","user_id":"#QDP4159","source_dev_id":"V23K"},"body":{"train_id":"645D93M615","actual_timestamp":"1713163680000","loc_stanox":"64229","gbtt_timestamp":"1713163980000","planned_timestamp":"1713163980000","planned_event_type":"DEPARTURE","event_type":"DEPARTURE","event_source":"MANUAL","correction_ind":"false","offroute_ind":"false","train_service_code":"25450000","division_code":"71","toc_id":"71","timetable_variation":"5","variation_status":"EARLY","next_report_stanox":"64224","next_report_run_time":"3","train_terminated":"false","delay_monitoring_point":"false","reporting_stanox":"00000"}},{"header":{"msg_type":"0003","msg_queue_timestamp":"1713160105000","source_system_id":"TRUST","original_data_source":"SMART"},"body":{"train_id":"072G01M615","actual_timestamp":"1713163620000","loc_stanox":"07015","gbtt_timestamp":"1713163560000","planned_timestamp":"1713163590000","planned_event_type":"DEPARTURE","event_type":"DEPARTURE","event_source":"AUTOMATIC","correction_ind":"false","offroute_ind":"false","direction_ind":"DOWN","platform":" 2","route":"2","train_service_code":"13569815","division_code":"60","toc_id":"60","timetable_variation":"1","variation_status":"LATE","next_report_stanox":"07013","next_report_run_time":"2","train_terminated":"false","delay_monitoring_point":"false","reporting_stanox":"00000","auto_expected":"true"}},{"header":{"msg_type":"0003","msg_queue_timestamp":"1713160105000","source_system_id":"TRUST","original_data_source":"SMART"},"body":{"train_id":"072D03M615","actual_timestamp":"1713163620000","loc_stanox":"07124","gbtt_timestamp":"1713163560000","planned_timestamp":"1713163590000","planned_event_type":"DEPARTURE","event_type":"DEPARTURE","event_source":"AUTOMATIC","correction_ind":"false","offroute_ind":"false","direction_ind":"DOWN","route":"2","train_service_code":"13565015","division_code":"60","toc_id":"60","timetable_variation":"1","variation_status":"LATE","next_report_stanox":"07119","next_report_run_time":"2","train_terminated":"false","delay_monitoring_point":"false","reporting_stanox":"00000","auto_expected":"true"}},{"header":{"msg_type":"0003","msg_queue_timestamp":"1713160105000","source_system_id":"TRUST","original_data_source":"SMART"},"body":{"train_id":"072G01M615","actual_timestamp":"1713163740000","loc_stanox":"07013","gbtt_timestamp":"1713163680000","planned_timestamp":"1713163680000","planned_event_type":"ARRIVAL","event_type":"ARRIVAL","event_source":"AUTOMATIC","correction_ind":"false","offroute_ind":"false","direction_ind":"DOWN","platform":" 2","route":"0","train_service_code":"13569815","division_code":"60","toc_id":"60","timetable_variation":"1","variation_status":"LATE","next_report_stanox":"07012","next_report_run_time":"1","train_terminated":"false","delay_monitoring_point":"false","reporting_stanox":"00000","auto_expected":"true"}},{"header":{"msg_type":"0003","msg_queue_timestamp":"1713160105000","source_system_id":"TRUST","original_data_source":"SMART"},"body":{"train_id":"072D03M615","actual_timestamp":"1713163740000","loc_stanox":"07119","gbtt_timestamp":"1713163680000","planned_timestamp":"1713163680000","planned_event_type":"ARRIVAL","event_type":"ARRIVAL","event_source":"AUTOMATIC","correction_ind":"false","offroute_ind":"false","direction_ind":"DOWN","route":"0","train_service_code":"13565015","division_code":"60","toc_id":"60","timetable_variation":"1","variation_status":"LATE","next_report_stanox":"07118","next_report_run_time":"1","train_terminated":"false","delay_monitoring_point":"false","reporting_stanox":"00000","auto_expected":"true"}},{"header":{"msg_type":"0003","msg_queue_timestamp":"1713160105000","source_system_id":"TRUST","original_data_source":"SMART"},"body":{"train_id":"072G02M615","actual_timestamp":"1713163680000","loc_stanox":"07136","gbtt_timestamp":"1713163620000","planned_timestamp":"1713163650000","planned_event_type":"DEPARTURE","event_type":"DEPARTURE","event_source":"AUTOMATIC","correction_ind":"false","offroute_ind":"false","direction_ind":"UP","platform":" 1","route":"1","train_service_code":"13569815","division_code":"60","toc_id":"60","timetable_variation":"1","variation_status":"LATE","next_report_stanox":"07140","next_report_run_time":"2","train_terminated":"false","delay_monitoring_point":"false","reporting_stanox":"00000","auto_expected":"true"}},{"header":{"msg_type":"0003","msg_queue_timestamp":"1713160105000","source_system_id":"TRUST","original_data_source":"SMART"},"body":{"train_id":"072D02M615","actual_timestamp":"1713163620000","loc_stanox":"07127","gbtt_timestamp":"1713163680000","planned_timestamp":"1713163680000","planned_event_type":"DEPARTURE","event_type":"DEPARTURE","event_source":"AUTOMATIC","correction_ind":"false","offroute_ind":"false","direction_ind":"UP","platform":" 1","route":"1","train_service_code":"13565015","division_code":"60","toc_id":"60","timetable_variation":"1","variation_status":"EARLY","next_report_stanox":"07200","next_report_run_time":"1","train_terminated":"false","delay_monitoring_point":"false","reporting_stanox":"00000","auto_expected":"true"}},{"header":{"msg_type":"0003","msg_queue_timestamp":"1713160105000","source_system_id":"TRUST","original_data_source":"SMART"},"body":{"train_id":"511B23M615","actual_timestamp":"1713163620000","loc_stanox":"51014","gbtt_timestamp":"1713163680000","planned_timestamp":"1713163680000","planned_event_type":"DEPARTURE","event_type":"DEPARTURE","event_source":"AUTOMATIC","correction_ind":"false","offroute_ind":"false","direction_ind":"UP","line_ind":"U","platform":" 1","route":"1","train_service_code":"26936004","division_code":"79","toc_id":"79","timetable_variation":"1","variation_status":"EARLY","next_report_stanox":"51016","next_report_run_time":"3","train_terminated":"false","delay_monitoring_point":"true","reporting_stanox":"51014","auto_expected":"true"}},{"header":{"msg_type":"0003","msg_queue_timestamp":"1713160105000","source_system_id":"TRUST","original_data_source":"SMART"},"body":{"train_id":"031L62M615","actual_timestamp":"1713163620000","loc_stanox":"03226","gbtt_timestamp":"1713163620000","planned_timestamp":"1713163620000","planned_event_type":"DEPARTURE","event_type":"DEPARTURE","event_source":"AUTOMATIC","correction_ind":"false","offroute_ind":"false","direction_ind":"UP","platform":" 1","route":"1","train_service_code":"23549003","division_code":"60","toc_id":"60","timetable_variation":"0","variation_status":"ON TIME","next_report_stanox":"03239","next_report_run_time":"4","train_terminated":"false","delay_monitoring_point":"true","reporting_stanox":"03226","auto_expected":"true"}},{"header":{"msg_type":"0003","msg_queue_timestamp":"1713160105000","source_system_id":"TRUST","original_data_source":"SMART"},"body":{"train_id":"521B04M615","actual_timestamp":"1713163620000","loc_stanox":"52711","gbtt_timestamp":"1713163680000","planned_timestamp":"1713163680000","planned_event_type":"DEPARTURE","event_type":"DEPARTURE","event_source":"AUTOMATIC","correction_ind":"false","offroute_ind":"false","direction_ind":"DOWN","line_ind":"S","platform":" 2","route":"1","train_service_code":"21936004","division_code":"79","toc_id":"79","timetable_variation":"1","variation_status":"EARLY","next_report_stanox":"52707","next_report_run_time":"2","train_terminated":"false","delay_monitoring_point":"true","reporting_stanox":"52711","auto_expected":"true"}},{"header":{"msg_type":"0003","msg_queue_timestamp":"1713160105000","source_system_id":"TRUST","original_data_source":"SMART"},"body":{"train_id":"862F10M615","actual_timestamp":"1713163680000","loc_stanox":"86003","gbtt_timestamp":"1713163740000","planned_timestamp":"1713163740000","planned_event_type":"ARRIVAL","event_type":"ARRIVAL","event_source":"AUTOMATIC","correction_ind":"false","offroute_ind":"false","direction_ind":"UP","platform":" 1","route":"0","train_service_code":"24673605","division_code":"84","toc_id":"84","timetable_variation":"1","variation_status":"EARLY","next_report_stanox":"86002","next_report_run_time":"1","train_terminated":"false","delay_monitoring_point":"false","reporting_stanox":"00000","auto_expected":"true"}},{"header":{"msg_type":"0003","msg_queue_timestamp":"1713160105000","source_system_id":"TRUST","original_data_source":"SMART"},"body":{"train_id":"522B00M615","actual_timestamp":"1713163680000","loc_stanox":"51351","gbtt_timestamp":"1713163740000","planned_timestamp":"1713163710000","planned_event_type":"ARRIVAL","event_type":"ARRIVAL","event_source":"AUTOMATIC","correction_ind":"false","offroute_ind":"false","direction_ind":"DOWN","platform":" 2","route":"0","train_service_code":"21936004","division_code":"79","toc_id":"79","timetable_variation":"0","variation_status":"ON TIME","next_report_stanox":"51305","next_report_run_time":"1","train_terminated":"false","delay_monitoring_point":"true","reporting_stanox":"51351","auto_expected":"true"}},{"header":{"msg_type":"0003","msg_queue_timestamp":"1713160105000","source_system_id":"TRUST","original_data_source":"SMART"},"body":{"train_id":"862P14M515","actual_timestamp":"1713163680000","loc_stanox":"86040","planned_timestamp":"1713163770000","planned_event_type":"DEPARTURE","event_type":"DEPARTURE","event_source":"AUTOMATIC","correction_ind":"false","offroute_ind":"false","direction_ind":"UP","line_ind":"F","route":"1","train_service_code":"24621204","division_code":"84","toc_id":"84","timetable_variation":"1","variation_status":"EARLY","next_report_stanox":"86031","next_report_run_time":"2","train_terminated":"false","delay_monitoring_point":"false","reporting_stanox":"00000","auto_expected":"true"}},{"header":{"msg_type":"0003","msg_queue_timestamp":"1713160105000","source_system_id":"TRUST","original_data_source":"SMART"},"body":{"train_id":"862V52M415","actual_timestamp":"1713163680000","loc_stanox":"75363","planned_timestamp":"1713163710000","planned_event_type":"DEPARTURE","event_type":"DEPARTURE","event_source":"AUTOMATIC","correction_ind":"false","offroute_ind":"false","direction_ind":"DOWN","route":"1","train_service_code":"25470001","division_code":"25","toc_id":"25","timetable_variation":"0","variation_status":"ON TIME","next_report_stanox":"82075","next_report_run_time":"3","train_terminated":"false","delay_monitoring_point":"true","reporting_stanox":"75363","auto_expected":"true"}},{"header":{"msg_type":"0003","msg_queue_timestamp":"1713160105000","source_system_id":"TRUST","original_data_source":"SMART"},"body":{"train_id":"515N03M615","actual_timestamp":"1713163740000","loc_stanox":"51301","gbtt_timestamp":"1713163860000","planned_timestamp":"1713163860000","planned_event_type":"DESTINATION","event_type":"ARRIVAL","event_source":"AUTOMATIC","correction_ind":"false","offroute_ind":"false","direction_ind":"DOWN","platform":" 2","route":"0","train_service_code":"25936005","division_code":"79","toc_id":"79","timetable_variation":"2","variation_status":"EARLY","train_terminated":"true","delay_monitoring_point":"true","reporting_stanox":"51301","auto_expected":"true"}},{"header":{"msg_type":"0003","msg_queue_timestamp":"1713160105000","source_system_id":"TRUST","original_data_source":"SMART"},"body":{"train_id":"782M04M515","actual_timestamp":"1713163620000","loc_stanox":"78220","gbtt_timestamp":"1713163500000","planned_timestamp":"1713163500000","planned_event_type":"DEPARTURE","event_type":"DEPARTURE","event_source":"AUTOMATIC","correction_ind":"false","offroute_ind":"false","direction_ind":"UP","line_ind":"U","platform":" 2","route":"1","train_service_code":"25442000","division_code":"71","toc_id":"71","timetable_variation":"2","variation_status":"LATE","next_report_stanox":"78218","next_report_run_time":"3","train_terminated":"false","delay_monitoring_point":"true","reporting_stanox":"78220","auto_expected":"true"}},{"header":{"msg_type":"0003","msg_queue_timestamp":"1713160105000","source_system_id":"TRUST","original_data_source":"SMART"},"body":{"train_id":"739U27M615","actual_timestamp":"1713163680000","loc_stanox":"72282","planned_timestamp":"1713163680000","planned_event_type":"DEPARTURE","event_type":"DEPARTURE","event_source":"AUTOMATIC","correction_ind":"false","offroute_ind":"false","direction_ind":"UP","route":"1","train_service_code":"21381202","division_code":"33","toc_id":"33","timetable_variation":"0","variation_status":"ON TIME","next_report_stanox":"73003","next_report_run_time":"2","train_terminated":"false","delay_monitoring_point":"true","reporting_stanox":"72282","auto_expected":"true"}},{"header":{"msg_type":"0003","msg_queue_timestamp":"1713160105000","source_system_id":"TRUST","original_data_source":"SMART"},"body":{"train_id":"522Y58M615","actual_timestamp":"1713163680000","loc_stanox":"52038","planned_timestamp":"1713163680000","planned_event_type":"DEPARTURE","event_type":"DEPARTURE","event_source":"AUTOMATIC","correction_ind":"false","offroute_ind":"false","direction_ind":"UP","line_ind":"U","route":"1","train_service_code":"22214000","division_code":"30","toc_id":"30","timetable_variation":"0","variation_status":"ON TIME","next_report_stanox":"52040","next_report_run_time":"1","train_terminated":"false","delay_monitoring_point":"false","reporting_stanox":"00000","auto_expected":"true"}},{"header":{"msg_type":"0003","msg_queue_timestamp":"1713160105000","source_system_id":"TRUST","original_data_source":"SMART"},"body":{"train_id":"872S10M615","actual_timestamp":"1713163680000","loc_stanox":"87143","gbtt_timestamp":"1713163740000","planned_timestamp":"1713163740000","planned_event_type":"ARRIVAL","event_type":"ARRIVAL","event_source":"AUTOMATIC","correction_ind":"false","offroute_ind":"false","direction_ind":"UP","platform":" 1","route":"0","train_service_code":"24671205","division_code":"84","toc_id":"84","timetable_variation":"1","variation_status":"EARLY","next_report_stanox":"87144","next_report_run_time":"2","train_terminated":"false","delay_monitoring_point":"false","reporting_stanox":"00000","auto_expected":"true"}},{"header":{"msg_type":"0003","msg_queue_timestamp":"1713160105000","source_system_id":"TRUST","original_data_source":"SMART"},"body":{"train_id":"881H85M515","actual_timestamp":"1713163740000","loc_stanox":"88483","planned_timestamp":"1713163680000","planned_event_type":"ARRIVAL","event_type":"ARRIVAL","event_source":"AUTOMATIC","correction_ind":"false","offroute_ind":"false","route":"0","train_service_code":"24602000","division_code":"80","toc_id":"80","timetable_variation":"1","variation_status":"LATE","next_report_stanox":"88481","next_report_run_time":"1","train_terminated":"false","delay_monitoring_point":"true","reporting_stanox":"88483","auto_expected":"true"}},{"header":{"msg_type":"0003","msg_queue_timestamp":"1713160105000","source_system_id":"TRUST","original_data_source":"SMART"},"body":{"train_id":"872L00M615","actual_timestamp":"1713163680000","loc_stanox":"52048","gbtt_timestamp":"1713163680000","planned_timestamp":"1713163680000","planned_event_type":"DEPARTURE","event_type":"DEPARTURE","event_source":"AUTOMATIC","correction_ind":"false","offroute_ind":"false","direction_ind":"DOWN","line_ind":"D","platform":" 4","route":"2","train_service_code":"22204000","division_code":"30","toc_id":"30","timetable_variation":"0","variation_status":"ON TIME","next_report_stanox":"52046","next_report_run_time":"2","train_terminated":"false","delay_monitoring_point":"false","reporting_stanox":"00000","auto_expected":"true"}},{"header":{"msg_type":"0003","msg_queue_timestamp":"1713160105000","source_system_id":"TRUST","original_data_source":"SMART"},"body":{"train_id":"892R08M615","actual_timestamp":"1713163620000","loc_stanox":"89321","gbtt_timestamp":"1713163620000","planned_timestamp":"1713163620000","planned_event_type":"DEPARTURE","event_type":"DEPARTURE","event_source":"AUTOMATIC","correction_ind":"false","offroute_ind":"false","direction_ind":"DOWN","platform":" 2","route":"2","train_service_code":"24605004","division_code":"80","toc_id":"80","timetable_variation":"0","variation_status":"ON TIME","next_report_stanox":"89428","next_report_run_time":"10","train_terminated":"false","delay_monitoring_point":"false","reporting_stanox":"00000","auto_expected":"true"}},{"header":{"msg_type":"0003","msg_queue_timestamp":"1713160106000","source_system_id":"TRUST","original_data_source":"SMART"},"body":{"train_id":"881F09M615","actual_timestamp":"1713163740000","loc_stanox":"88252","gbtt_timestamp":"1713163620000","planned_timestamp":"1713163590000","planned_event_type":"ARRIVAL","event_type":"ARRIVAL","event_source":"AUTOMATIC","correction_ind":"false","offroute_ind":"false","direction_ind":"DOWN","platform":" 2","route":"0","train_service_code":"24746000","division_code":"88","toc_id":"88","timetable_variation":"3","variation_status":"LATE","next_report_stanox":"88254","next_report_run_time":"1","train_terminated":"false","delay_monitoring_point":"false","reporting_stanox":"00000","auto_expected":"true"}}]