[{"header":{"msg_type":"0003","msg_queue_timestamp":"1713127060000","source_system_id":"TRUST","original_data_source":"SMART"},"body":{"train_id":"509T951Z14","actual_timestamp":"1713130620000","loc_stanox":"72282","planned_timestamp":"1713130650000","planned_event_type":"DEPARTURE","event_type":"DEPARTURE","event_source":"AUTOMATIC","correction_ind":"false","offroute_ind":"false","direction_ind":"DOWN","route":"2","train_service_code":"21381001","division_code":"33","toc_id":"33","timetable_variation":"0","variation_status":"ON TIME","next_report_stanox":"73106","next_report_run_time":"1","train_terminated":"false","delay_monitoring_point":"true","reporting_stanox":"72282","auto_expected":"true"}},{"header":{"msg_type":"0003","msg_queue_timestamp":"1713127060000","source_system_id":"TRUST","original_data_source":"SMART"},"body":{"train_id":"501P64MZ14","actual_timestamp":"1713130620000","loc_stanox":"49193","planned_timestamp":"1713130710000","planned_event_type":"DEPARTURE","event_type":"DEPARTURE","event_source":"AUTOMATIC","correction_ind":"false","offroute_ind":"false","direction_ind":"DOWN","route":"2","train_service_code":"21781002","division_code":"21","toc_id":"21","timetable_variation":"1","variation_status":"EARLY","next_report_stanox":"49226","next_report_run_time":"1","train_terminated":"false","delay_monitoring_point":"false","reporting_stanox":"00000","auto_expected":"true"}},{"header":{"msg_type":"0003","msg_queue_timestamp":"1713127060000","source_system_id":"TRUST","original_data_source":"SMART"},"body":{"train_id":"482J93M714","actual_timestamp":"1713130680000","loc_stanox":"48236","planned_timestamp":"1713130710000","planned_event_type":"DEPARTURE","event_type":"DEPARTURE","event_source":"AUTOMATIC","correction_ind":"false","offroute_ind":"false","direction_ind":"DOWN","line_ind":"5","route":"2","train_service_code":"21895002","division_code":"21","toc_id":"21","timetable_variation":"0","variation_status":"ON TIME","next_report_stanox":"48231","next_report_run_time":"2","train_terminated":"false","delay_monitoring_point":"false","reporting_stanox":"00000","auto_expected":"true"}},{"header":{"msg_type":"0003","msg_queue_timestamp":"1713127060000","source_system_id":"TRUST","original_data_source":"SMART"},"body":{"train_id":"482J93M714","actual_timestamp":"1713130740000","loc_stanox":"48231","gbtt_timestamp":"1713130800000","planned_timestamp":"1713130800000","planned_event_type":"DESTINATION","event_type":"ARRIVAL","event_source":"AUTOMATIC","correction_ind":"false","offroute_ind":"false","direction_ind":"DOWN","platform":" 5","route":"0","train_service_code":"21895002","division_code":"21","toc_id":"21","timetable_variation":"1","variation_status":"EARLY","train_terminated":"true","delay_monitoring_point":"true","reporting_stanox":"48231","auto_expected":"true"}},{"header":{"msg_type":"0003","msg_queue_timestamp":"1713127060000","source_system_id":"TRUST","original_data_source":"SMART"},"body":{"train_id":"482J92MZ14","actual_timestamp":"1713130740000","loc_stanox":"48104","gbtt_timestamp":"1713130980000","planned_timestamp":"1713130920000","planned_event_type":"DESTINATION","event_type":"ARRIVAL","event_source":"AUTOMATIC","correction_ind":"false","offroute_ind":"false","direction_ind":"DOWN","line_ind":"D","platform":" 3","route":"0","train_service_code":"21895002","division_code":"21","toc_id":"21","timetable_variation":"3","variation_status":"EARLY","train_terminated":"true","delay_monitoring_point":"true","reporting_stanox":"48104","auto_expected":"true"}}]