[{"header":{"msg_type":"0003","msg_queue_timestamp":"1713562271000","source_system_id":"TRUST","original_data_source":"SMART"},"body":{"train_id":"881V44M719","actual_timestamp":"1713565740000","loc_stanox":"88327","gbtt_timestamp":"1713565740000","planned_timestamp":"1713565770000","planned_event_type":"DEPARTURE","event_type":"DEPARTURE","event_source":"AUTOMATIC","correction_ind":"false","offroute_ind":"false","direction_ind":"DOWN","line_ind":"D","platform":" 2","route":"2","train_service_code":"24653005","division_code":"80","toc_id":"80","timetable_variation":"0","variation_status":"ON TIME","next_report_stanox":"88329","next_report_run_time":"4","train_terminated":"false","delay_monitoring_point":"false","reporting_stanox":"00000","auto_expected":"true"}},{"header":{"msg_type":"0003","msg_queue_timestamp":"1713562271000","source_system_id":"TRUST","original_data_source":"SMART"},"body":{"train_id":"892A69M819","actual_timestamp":"1713565920000","loc_stanox":"87722","gbtt_timestamp":"1713566160000","planned_timestamp":"1713566160000","planned_event_type":"DESTINATION","event_type":"ARRIVAL","event_source":"AUTOMATIC","correction_ind":"false","offroute_ind":"false","direction_ind":"UP","platform":" 1","route":"0","train_service_code":"24745000","division_code":"88","toc_id":"88","timetable_variation":"4","variation_status":"EARLY","train_terminated":"true","delay_monitoring_point":"true","reporting_stanox":"87722","auto_expected":"true"}},{"header":{"msg_type":"0003","msg_queue_timestamp":"1713562271000","source_system_id":"TRUST","original_data_source":"SMART"},"body":{"train_id":"881V44M719","actual_timestamp":"1713565920000","loc_stanox":"88329","gbtt_timestamp":"1713565980000","planned_timestamp":"1713565980000","planned_event_type":"DESTINATION","event_type":"ARRIVAL","event_source":"AUTOMATIC","correction_ind":"false","offroute_ind":"false","direction_ind":"DOWN","platform":" 2","route":"0","train_service_code":"24653005","division_code":"80","toc_id":"80","timetable_variation":"1","variation_status":"EARLY","train_terminated":"true","delay_monitoring_point":"true","reporting_stanox":"88329","auto_expected":"true"}},{"header":{"msg_type":"0003","msg_queue_timestamp":"1713562271000","source_system_id":"TRUST","original_data_source":"SMART"},"body":{"train_id":"889F67M819","actual_timestamp":"1713565860000","loc_stanox":"87572","gbtt_timestamp":"1713565860000","planned_timestamp":"1713565830000","planned_event_type":"ARRIVAL","event_type":"ARRIVAL","event_source":"AUTOMATIC","correction_ind":"false","offroute_ind":"false","direction_ind":"UP","platform":" 1","route":"0","train_service_code":"22218000","division_code":"30","toc_id":"30","timetable_variation":"1","variation_status":"LATE","next_report_stanox":"87568","next_report_run_time":"1","train_terminated":"false","delay_monitoring_point":"false","reporting_stanox":"00000","auto_expected":"true"}},{"header":{"msg_type":"0003","msg_queue_timestamp":"1713562271000","source_system_id":"TRUST","original_data_source":"SMART"},"body":{"train_id":"879T64M719","actual_timestamp":"1713565860000","loc_stanox":"87602","planned_timestamp":"1713565800000","planned_event_type":"DEPARTURE","event_type":"DEPARTURE","event_source":"AUTOMATIC","correction_ind":"false","offroute_ind":"false","direction_ind":"UP","route":"2","train_service_code":"22721000","division_code":"88","toc_id":"88","timetable_variation":"1","variation_status":"LATE","next_report_stanox":"88412","next_report_run_time":"1","train_terminated":"false","delay_monitoring_point":"true","reporting_stanox":"87602","auto_expected":"true"}},{"header":{"msg_type":"0003","msg_queue_timestamp":"1713562271000","source_system_id":"TRUST","original_data_source":"SMART"},"body":{"train_id":"882T35M819","actual_timestamp":"1713565860000","loc_stanox":"88420","gbtt_timestamp":"1713565740000","planned_timestamp":"1713565710000","planned_event_type":"ARRIVAL","event_type":"ARRIVAL","event_source":"AUTOMATIC","correction_ind":"false","offroute_ind":"false","direction_ind":"DOWN","platform":" 2","route":"0","train_service_code":"24650005","division_code":"80","toc_id":"80","timetable_variation":"3","variation_status":"LATE","next_report_stanox":"88419","next_report_run_time":"1","train_terminated":"false","delay_monitoring_point":"false","reporting_stanox":"00000","auto_expected":"true"}},{"header":{"msg_type":"0003","msg_queue_timestamp":"1713562271000","source_system_id":"TRUST","original_data_source":"SMART"},"body":{"train_id":"882N48M719","actual_timestamp":"1713565800000","loc_stanox":"88461","gbtt_timestamp":"1713565800000","planned_timestamp":"1713565800000","planned_event_type":"DEPARTURE","event_type":"DEPARTURE","event_source":"AUTOMATIC","correction_ind":"false","offroute_ind":"false","direction_ind":"DOWN","platform":" 2","route":"1","train_service_code":"24657005","division_code":"80","toc_id":"80","timetable_variation":"0","variation_status":"ON TIME","next_report_stanox":"88463","next_report_run_time":"3","train_terminated":"false","delay_monitoring_point":"true","reporting_stanox":"88461","auto_expected":"true"}},{"header":{"msg_type":"0003","msg_queue_timestamp":"1713562271000","source_system_id":"TRUST","original_data_source":"SMART"},"body":{"train_id":"882A73M819","actual_timestamp":"1713565860000","loc_stanox":"88602","gbtt_timestamp":"1713565860000","planned_timestamp":"1713565860000","planned_event_type":"ARRIVAL","event_type":"ARRIVAL","event_source":"AUTOMATIC","correction_ind":"false","offroute_ind":"false","direction_ind":"UP","platform":" 1","route":"0","train_service_code":"24658005","division_code":"80","toc_id":"80","timetable_variation":"0","variation_status":"ON TIME","next_report_stanox":"88601","next_report_run_time":"1","train_terminated":"false","delay_monitoring_point":"false","reporting_stanox":"00000","auto_expected":"true"}},{"header":{"msg_type":"0003","msg_queue_timestamp":"1713562272000","source_system_id":"TRUST","original_data_source":"SMART"},"body":{"train_id":"151P92M719","actual_timestamp":"1713565800000","loc_stanox":"15701","planned_timestamp":"1713565860000","planned_event_type":"DEPARTURE","event_type":"DEPARTURE","event_source":"AUTOMATIC","correction_ind":"false","offroute_ind":"false","direction_ind":"UP","line_ind":"E","platform":" 1","route":"1","train_service_code":"21734000","division_code":"20","toc_id":"20","timetable_variation":"1","variation_status":"EARLY","next_report_stanox":"15876","next_report_run_time":"3","train_terminated":"false","delay_monitoring_point":"true","reporting_stanox":"15701","auto_expected":"true"}},{"header":{"msg_type":"0003","msg_queue_timestamp":"1713562272000","source_system_id":"TRUST","original_data_source":"SMART"},"body":{"train_id":"125A532V19","actual_timestamp":"1713565800000","loc_stanox":"53241","planned_timestamp":"1713566100000","planned_event_type":"DEPARTURE","event_type":"DEPARTURE","event_source":"AUTOMATIC","correction_ind":"false","offroute_ind":"false","direction_ind":"UP","line_ind":"H","platform":" 1","route":"2","train_service_code":"56661501","division_code":"07","toc_id":"07","timetable_variation":"5","variation_status":"EARLY","next_report_stanox":"53248","next_report_run_time":"8","train_terminated":"false","delay_monitoring_point":"true","train_file_address":"MNM","reporting_stanox":"53241","auto_expected":"true"}},{"header":{"msg_type":"0003","msg_queue_timestamp":"1713562272000","source_system_id":"TRUST","original_data_source":"SMART"},"body":{"train_id":"879J66MY19","actual_timestamp":"1713565860000","loc_stanox":"45144","planned_timestamp":"1713565950000","planned_event_type":"DEPARTURE","event_type":"DEPARTURE","event_source":"AUTOMATIC","correction_ind":"false","offroute_ind":"false","direction_ind":"DOWN","line_ind":"F","route":"2","train_service_code":"22729000","division_code":"88","toc_id":"88","timetable_variation":"1","variation_status":"EARLY","next_report_stanox":"45106","next_report_run_time":"3","train_terminated":"false","delay_monitoring_point":"false","reporting_stanox":"00000","auto_expected":"true"}},{"header":{"msg_type":"0003","msg_queue_timestamp":"1713562273000","source_system_id":"TRUST","original_data_source":"SMART"},"body":{"train_id":"321V94MZ19","actual_timestamp":"1713565860000","loc_stanox":"69309","planned_timestamp":"1713565860000","planned_event_type":"DEPARTURE","event_type":"DEPARTURE","event_source":"AUTOMATIC","correction_ind":"false","offroute_ind":"false","direction_ind":"UP","route":"2","train_service_code":"22180014","division_code":"27","toc_id":"27","timetable_variation":"0","variation_status":"ON TIME","next_report_stanox":"69307","next_report_run_time":"3","train_terminated":"false","delay_monitoring_point":"false","reporting_stanox":"00000","auto_expected":"true"}},{"header":{"msg_type":"0003","msg_queue_timestamp":"1713562273000","source_system_id":"TRUST","original_data_source":"SMART"},"body":{"train_id":"652Y78M819","actual_timestamp":"1713565740000","loc_stanox":"69211","gbtt_timestamp":"1713565500000","planned_timestamp":"1713565530000","planned_event_type":"DEPARTURE","event_type":"DEPARTURE","event_source":"AUTOMATIC","correction_ind":"false","offroute_ind":"false","direction_ind":"UP","platform":" 2","route":"2","train_service_code":"12259320","division_code":"29","toc_id":"29","timetable_variation":"4","variation_status":"LATE","next_report_stanox":"69209","next_report_run_time":"3","train_terminated":"false","delay_monitoring_point":"false","reporting_stanox":"00000","auto_expected":"true"}},{"header":{"msg_type":"0003","msg_queue_timestamp":"1713562273000","source_system_id":"TRUST","original_data_source":"SMART"},"body":{"train_id":"652Y78M819","actual_timestamp":"1713565920000","loc_stanox":"69209","gbtt_timestamp":"1713565680000","planned_timestamp":"1713565680000","planned_event_type":"ARRIVAL","event_type":"ARRIVAL","event_source":"AUTOMATIC","correction_ind":"false","offroute_ind":"false","direction_ind":"UP","platform":" 2","route":"0","train_service_code":"12259320","division_code":"29","toc_id":"29","timetable_variation":"4","variation_status":"LATE","next_report_stanox":"69207","next_report_run_time":"1","train_terminated":"false","delay_monitoring_point":"false","reporting_stanox":"00000","auto_expected":"true"}},{"header":{"msg_type":"0003","msg_queue_timestamp":"1713562273000","source_system_id":"TRUST","original_data_source":"SMART"},"body":{"train_id":"731Y91M819","actual_timestamp":"1713565920000","loc_stanox":"73778","gbtt_timestamp":"1713565860000","planned_timestamp":"1713565830000","planned_event_type":"ARRIVAL","event_type":"ARRIVAL","event_source":"AUTOMATIC","correction_ind":"false","offroute_ind":"false","direction_ind":"UP","platform":" 2","route":"0","train_service_code":"25905000","division_code":"86","toc_id":"86","timetable_variation":"2","variation_status":"LATE","next_report_stanox":"73784","next_report_run_time":"1","train_terminated":"false","delay_monitoring_point":"true","reporting_stanox":"73778","auto_expected":"true"}},{"header":{"msg_type":"0003","msg_queue_timestamp":"1713562273000","source_system_id":"TRUST","original_data_source":"SDR","user_id":"#QDP6048","source_dev_id":"VG58"},"body":{"train_id":"731W05MY19","actual_timestamp":"1713565860000","loc_stanox":"67127","planned_timestamp":"1713563610000","planned_event_type":"DEPARTURE","event_type":"DEPARTURE","event_source":"MANUAL","correction_ind":"false","offroute_ind":"false","train_service_code":"25392003","division_code":"25","toc_id":"25","timetable_variation":"38","variation_status":"LATE","next_report_stanox":"67121","next_report_run_time":"4","train_terminated":"false","delay_monitoring_point":"true","reporting_stanox":"67127","auto_expected":"true"}},{"header":{"msg_type":"0003","msg_queue_timestamp":"1713562273000","source_system_id":"TRUST","original_data_source":"SMART"},"body":{"train_id":"322B65M819","actual_timestamp":"1713565860000","loc_stanox":"32537","planned_timestamp":"1713565860000","planned_event_type":"DEPARTURE","event_type":"DEPARTURE","event_source":"AUTOMATIC","correction_ind":"false","offroute_ind":"false","direction_ind":"DOWN","line_ind":"S","route":"2","train_service_code":"12228820","division_code":"23","toc_id":"23","timetable_variation":"0","variation_status":"ON TIME","next_report_stanox":"32536","next_report_run_time":"1","train_terminated":"false","delay_monitoring_point":"false","reporting_stanox":"00000","auto_expected":"true"}},{"header":{"msg_type":"0003","msg_queue_timestamp":"1713562273000","source_system_id":"TRUST","original_data_source":"SMART"},"body":{"train_id":"365L54M719","actual_timestamp":"1713565920000","loc_stanox":"33088","planned_timestamp":"1713566220000","planned_event_type":"ARRIVAL","event_type":"ARRIVAL","event_source":"AUTOMATIC","correction_ind":"false","offroute_ind":"false","route":"0","train_service_code":"22269000","division_code":"28","toc_id":"28","timetable_variation":"5","variation_status":"EARLY","next_report_stanox":"33087","next_report_run_time":"5","train_terminated":"false","delay_monitoring_point":"true","reporting_stanox":"33088","auto_expected":"true"}},{"header":{"msg_type":"0003","msg_queue_timestamp":"1713562273000","source_system_id":"TRUST","original_data_source":"SMART"},"body":{"train_id":"861W36MY19","actual_timestamp":"1713565920000","loc_stanox":"87169","planned_timestamp":"1713565950000","planned_event_type":"ARRIVAL","event_type":"ARRIVAL","event_source":"AUTOMATIC","correction_ind":"false","offroute_ind":"false","route":"0","train_service_code":"24620104","division_code":"84","toc_id":"84","timetable_variation":"0","variation_status":"ON TIME","next_report_stanox":"87261","next_report_run_time":"1","train_terminated":"false","delay_monitoring_point":"true","reporting_stanox":"87169","auto_expected":"true"}},{"header":{"msg_type":"0003","msg_queue_timestamp":"1713562273000","source_system_id":"TRUST","original_data_source":"SMART"},"body":{"train_id":"875B77M819","actual_timestamp":"1713565740000","loc_stanox":"87228","gbtt_timestamp":"1713566160000","planned_timestamp":"1713566160000","planned_event_type":"DEPARTURE","event_type":"DEPARTURE","event_source":"AUTOMATIC","correction_ind":"false","offroute_ind":"false","direction_ind":"UP","route":"1","train_service_code":"24676004","division_code":"84","toc_id":"84","timetable_variation":"7","variation_status":"EARLY","next_report_stanox":"87221","next_report_run_time":"9","train_terminated":"false","delay_monitoring_point":"true","reporting_stanox":"87228","auto_expected":"true"}},{"header":{"msg_type":"0003","msg_queue_timestamp":"1713562273000","source_system_id":"TRUST","original_data_source":"SMART"},"body":{"train_id":"522H68M819","actual_timestamp":"1713565860000","loc_stanox":"52739","planned_timestamp":"1713565860000","planned_event_type":"DEPARTURE","event_type":"DEPARTURE","event_source":"AUTOMATIC","correction_ind":"false","offroute_ind":"false","direction_ind":"DOWN","line_ind":"F","platform":" 2","route":"1","train_service_code":"21913000","division_code":"21","toc_id":"21","timetable_variation":"0","variation_status":"ON TIME","next_report_stanox":"52736","next_report_run_time":"3","train_terminated":"false","delay_monitoring_point":"true","reporting_stanox":"52739","auto_expected":"true"}},{"header":{"msg_type":"0003","msg_queue_timestamp":"1713562274000","source_system_id":"TRUST","original_data_source":"SMART"},"body":{"train_id":"512D19M819","actual_timestamp":"1713565800000","loc_stanox":"52736","gbtt_timestamp":"1713565800000","planned_timestamp":"1713565800000","planned_event_type":"DEPARTURE","event_type":"DEPARTURE","event_source":"AUTOMATIC","correction_ind":"false","offroute_ind":"false","direction_ind":"UP","line_ind":"S","platform":" 3","route":"3","train_service_code":"21234001","division_code":"30","toc_id":"30","timetable_variation":"0","variation_status":"ON TIME","next_report_stanox":"52737","next_report_run_time":"1","train_terminated":"false","delay_monitoring_point":"true","reporting_stanox":"52736","auto_expected":"true"}},{"header":{"msg_type":"0003","msg_queue_timestamp":"1713562274000","source_system_id":"TRUST","original_data_source":"SMART"},"body":{"train_id":"889R96M819","actual_timestamp":"1713565860000","loc_stanox":"52085","gbtt_timestamp":"1713565920000","planned_timestamp":"1713565890000","planned_event_type":"ARRIVAL","event_type":"ARRIVAL","event_source":"AUTOMATIC","correction_ind":"false","offroute_ind":"false","direction_ind":"DOWN","route":"0","train_service_code":"21381901","division_code":"33","toc_id":"33","timetable_variation":"0","variation_status":"ON TIME","next_report_stanox":"52745","next_report_run_time":"1","train_terminated":"false","delay_monitoring_point":"false","reporting_stanox":"00000","auto_expected":"true"}},{"header":{"msg_type":"0003","msg_queue_timestamp":"1713562274000","source_system_id":"TRUST","original_data_source":"SMART"},"body":{"train_id":"041E31M819","actual_timestamp":"1713565860000","loc_stanox":"04834","planned_timestamp":"1713565890000","planned_event_type":"DEPARTURE","event_type":"DEPARTURE","event_source":"AUTOMATIC","correction_ind":"false","offroute_ind":"false","direction_ind":"UP","route":"2","train_service_code":"21700001","division_code":"61","toc_id":"61","timetable_variation":"0","variation_status":"ON TIME","next_report_stanox":"04852","next_report_run_time":"4","train_terminated":"false","delay_monitoring_point":"true","reporting_stanox":"04834","auto_expected":"true"}},{"header":{"msg_type":"0003","msg_queue_timestamp":"1713562274000","source_system_id":"TRUST","original_data_source":"SMART"},"body":{"train_id":"872J68M819","actual_timestamp":"1713565800000","loc_stanox":"87635","gbtt_timestamp":"1713565800000","planned_timestamp":"1713565830000","planned_event_type":"DEPARTURE","event_type":"DEPARTURE","event_source":"AUTOMATIC","correction_ind":"false","offroute_ind":"false","direction_ind":"UP","line_ind":"S","platform":" 2","route":"1","train_service_code":"24787000","division_code":"88","toc_id":"88","timetable_variation":"0","variation_status":"ON TIME","next_report_stanox":"87633","next_report_run_time":"3","train_terminated":"false","delay_monitoring_point":"false","reporting_stanox":"00000","auto_expected":"true"}},{"header":{"msg_type":"0003","msg_queue_timestamp":"1713562274000","source_system_id":"TRUST","original_data_source":"SMART"},"body":{"train_id":"861C67MZ19","actual_timestamp":"1713565920000","loc_stanox":"87637","planned_timestamp":"1713565800000","planned_event_type":"ARRIVAL","event_type":"ARRIVAL","event_source":"AUTOMATIC","correction_ind":"false","offroute_ind":"false","route":"0","train_service_code":"24748000","division_code":"88","toc_id":"88","timetable_variation":"2","variation_status":"LATE","next_report_stanox":"87616","next_report_run_time":"1","train_terminated":"false","delay_monitoring_point":"true","reporting_stanox":"87637","auto_expected":"true"}},{"header":{"msg_type":"0003","msg_queue_timestamp":"1713562274000","source_system_id":"TRUST","original_data_source":"SMART"},"body":{"train_id":"871L70M819","actual_timestamp":"1713565860000","loc_stanox":"87616","planned_timestamp":"1713565890000","planned_event_type":"DEPARTURE","event_type":"DEPARTURE","event_source":"AUTOMATIC","correction_ind":"false","offroute_ind":"false","direction_ind":"DOWN","line_ind":"F","route":"2","train_service_code":"24749000","division_code":"88","toc_id":"88","timetable_variation":"0","variation_status":"ON TIME","next_report_stanox":"87637","next_report_run_time":"5","train_terminated":"false","delay_monitoring_point":"false","reporting_stanox":"00000","auto_expected":"true"}},{"header":{"msg_type":"0003","msg_queue_timestamp":"1713562274000","source_system_id":"TRUST","original_data_source":"GPS","user_id":"GPSI07"},"body":{"train_id":"872H67M719","actual_timestamp":"1713565800000","loc_stanox":"87156","gbtt_timestamp":"1713565800000","planned_timestamp":"1713565800000","planned_event_type":"DEPARTURE","event_type":"DEPARTURE","event_source":"MANUAL","correction_ind":"false","offroute_ind":"false","train_service_code":"24673105","division_code":"84","toc_id":"84","timetable_variation":"0","variation_status":"ON TIME","next_report_stanox":"87155","next_report_run_time":"3","train_terminated":"false","delay_monitoring_point":"false","reporting_stanox":"00000","auto_expected":"true"}},{"header":{"msg_type":"0003","msg_queue_timestamp":"1713562274000","source_system_id":"TRUST","original_data_source":"SMART"},"body":{"train_id":"402C56M719","actual_timestamp":"1713565860000","loc_stanox":"38210","gbtt_timestamp":"1713565860000","planned_timestamp":"1713565860000","planned_event_type":"ARRIVAL","event_type":"ARRIVAL","event_source":"AUTOMATIC","correction_ind":"false","offroute_ind":"false","direction_ind":"DOWN","platform":" 1","route":"0","train_service_code":"22306003","division_code":"64","toc_id":"64","timetable_variation":"0","variation_status":"ON TIME","next_report_stanox":"38214","next_report_run_time":"1","train_terminated":"false","delay_monitoring_point":"false","reporting_stanox":"00000","auto_expected":"true"}},{"header":{"msg_type":"0003","msg_queue_timestamp":"1713562274000","source_system_id":"TRUST","original_data_source":"GPS","user_id":"GPSI06"},"body":{"train_id":"801L38MZ19","actual_timestamp":"1713565800000","loc_stanox":"77075","planned_timestamp":"1713565320000","planned_event_type":"DEPARTURE","event_type":"DEPARTURE","event_source":"MANUAL","correction_ind":"false","offroute_ind":"false","train_service_code":"25375002","division_code":"25","toc_id":"25","timetable_variation":"8","variation_status":"LATE","next_report_stanox":"77086","next_report_run_time":"6","train_terminated":"false","delay_monitoring_point":"false","reporting_stanox":"00000"}},{"header":{"msg_type":"0003","msg_queue_timestamp":"1713562274000","source_system_id":"TRUST","original_data_source":"GPS","user_id":"GPSN04"},"body":{"train_id":"321V66MZ19","actual_timestamp":"1713565800000","loc_stanox":"76377","gbtt_timestamp":"1713565560000","planned_timestamp":"1713565530000","planned_event_type":"ARRIVAL","event_type":"ARRIVAL","event_source":"MANUAL","correction_ind":"false","offroute_ind":"false","route":"0","train_service_code":"25434000","division_code":"71","toc_id":"71","timetable_variation":"5","variation_status":"LATE","next_report_stanox":"76374","next_report_run_time":"1","train_terminated":"false","delay_monitoring_point":"false","reporting_stanox":"00000"}},{"header":{"msg_type":"0003","msg_queue_timestamp":"1713562274000","source_system_id":"TRUST","original_data_source":"SMART"},"body":{"train_id":"402C56M719","actual_timestamp":"1713565800000","loc_stanox":"38208","gbtt_timestamp":"1713565740000","planned_timestamp":"1713565770000","planned_event_type":"DEPARTURE","event_type":"DEPARTURE","event_source":"AUTOMATIC","correction_ind":"false","offroute_ind":"false","direction_ind":"DOWN","platform":" 1","route":"2","train_service_code":"22306003","division_code":"64","toc_id":"64","timetable_variation":"1","variation_status":"LATE","next_report_stanox":"38210","next_report_run_time":"2","train_terminated":"false","delay_monitoring_point":"false","reporting_stanox":"00000","auto_expected":"true"}}]