[{"header":{"msg_type":"0003","msg_queue_timestamp":"1713113415000","source_system_id":"TRUST","original_data_source":"SMART"},"body":{"train_id":"882K44MV14","actual_timestamp":"1713116940000","loc_stanox":"88311","gbtt_timestamp":"1713117000000","planned_timestamp":"1713117030000","planned_event_type":"DEPARTURE","event_type":"DEPARTURE","event_source":"AUTOMATIC","correction_ind":"false","offroute_ind":"false","direction_ind":"UP","platform":" 1","route":"1","train_service_code":"24653005","division_code":"80","toc_id":"80","timetable_variation":"1","variation_status":"EARLY","next_report_stanox":"88309","next_report_run_time":"2","train_terminated":"false","delay_monitoring_point":"false","reporting_stanox":"00000","auto_expected":"true"}},{"header":{"msg_type":"0003","msg_queue_timestamp":"1713113415000","source_system_id":"TRUST","original_data_source":"SMART"},"body":{"train_id":"731C23MU14","actual_timestamp":"1713117000000","loc_stanox":"74327","planned_timestamp":"1713116610000","planned_event_type":"DEPARTURE","event_type":"DEPARTURE","event_source":"AUTOMATIC","correction_ind":"false","offroute_ind":"false","direction_ind":"DOWN","line_ind":"M","route":"1","train_service_code":"25370002","division_code":"25","toc_id":"25","timetable_variation":"7","variation_status":"LATE","next_report_stanox":"74329","next_report_run_time":"2","train_terminated":"false","delay_monitoring_point":"false","reporting_stanox":"00000","auto_expected":"true"}},{"header":{"msg_type":"0003","msg_queue_timestamp":"1713113415000","source_system_id":"TRUST","original_data_source":"SMART"},"body":{"train_id":"892D48MU14","actual_timestamp":"1713117000000","loc_stanox":"88474","gbtt_timestamp":"1713116220000","planned_timestamp":"1713116250000","planned_event_type":"DEPARTURE","event_type":"DEPARTURE","event_source":"AUTOMATIC","correction_ind":"false","offroute_ind":"false","direction_ind":"UP","platform":" 3","route":"1","train_service_code":"24652005","division_code":"80","toc_id":"80","timetable_variation":"13","variation_status":"LATE","next_report_stanox":"88476","next_report_run_time":"1","train_terminated":"false","delay_monitoring_point":"false","reporting_stanox":"00000","auto_expected":"true"}},{"header":{"msg_type":"0003","msg_queue_timestamp":"1713113415000","source_system_id":"TRUST","original_data_source":"SMART"},"body":{"train_id":"631T51MV14","actual_timestamp":"1713117000000","loc_stanox":"63006","planned_timestamp":"1713117000000","planned_event_type":"DEPARTURE","event_type":"DEPARTURE","event_source":"AUTOMATIC","correction_ind":"false","offroute_ind":"false","direction_ind":"DOWN","platform":" 2","route":"1","train_service_code":"25535004","division_code":"74","toc_id":"74","timetable_variation":"0","variation_status":"ON TIME","next_report_stanox":"62999","next_report_run_time":"3","train_terminated":"false","delay_monitoring_point":"false","reporting_stanox":"00000","auto_expected":"true"}},{"header":{"msg_type":"0003","msg_queue_timestamp":"1713113415000","source_system_id":"TRUST","original_data_source":"SMART"},"body":{"train_id":"892D48MU14","actual_timestamp":"1713117000000","loc_stanox":"88476","planned_timestamp":"1713116310000","planned_event_type":"DEPARTURE","event_type":"DEPARTURE","event_source":"AUTOMATIC","correction_ind":"false","offroute_ind":"false","direction_ind":"UP","line_ind":"M","route":"3","train_service_code":"24652005","division_code":"80","toc_id":"80","timetable_variation":"12","variation_status":"LATE","next_report_stanox":"88315","next_report_run_time":"2","train_terminated":"false","delay_monitoring_point":"true","reporting_stanox":"88476","auto_expected":"true"}},{"header":{"msg_type":"0003","msg_queue_timestamp":"1713113415000","source_system_id":"TRUST","original_data_source":"SMART"},"body":{"train_id":"702K32MT14","actual_timestamp":"1713117000000","loc_stanox":"72021","planned_timestamp":"1713116880000","planned_event_type":"DEPARTURE","event_type":"DEPARTURE","event_source":"AUTOMATIC","correction_ind":"false","offroute_ind":"false","direction_ind":"UP","line_ind":"S","platform":" 6","route":"2","train_service_code":"22209000","division_code":"29","toc_id":"29","timetable_variation":"2","variation_status":"LATE","next_report_stanox":"72268","next_report_run_time":"4","train_terminated":"false","delay_monitoring_point":"false","reporting_stanox":"00000","auto_expected":"true"}},{"header":{"msg_type":"0003","msg_queue_timestamp":"1713113415000","source_system_id":"TRUST","original_data_source":"SMART"},"body":{"train_id":"722C48MU14","actual_timestamp":"1713117000000","loc_stanox":"72272","gbtt_timestamp":"1713117120000","planned_timestamp":"1713117090000","planned_event_type":"ARRIVAL","event_type":"ARRIVAL","event_source":"AUTOMATIC","correction_ind":"false","offroute_ind":"false","direction_ind":"UP","platform":" 1","route":"0","train_service_code":"22216000","division_code":"30","toc_id":"30","timetable_variation":"1","variation_status":"EARLY","next_report_stanox":"72309","next_report_run_time":"2","train_terminated":"false","delay_monitoring_point":"false","reporting_stanox":"00000","auto_expected":"true"}},{"header":{"msg_type":"0003","msg_queue_timestamp":"1713113415000","source_system_id":"TRUST","original_data_source":"SMART"},"body":{"train_id":"631Y35MW14","actual_timestamp":"1713117000000","loc_stanox":"63405","planned_timestamp":"1713118800000","planned_event_type":"DEPARTURE","event_type":"DEPARTURE","event_source":"AUTOMATIC","correction_ind":"false","offroute_ind":"false","direction_ind":"DOWN","line_ind":"F","platform":" 4","route":"2","train_service_code":"22156000","division_code":"28","toc_id":"28","timetable_variation":"30","variation_status":"EARLY","next_report_stanox":"63252","next_report_run_time":"1","train_terminated":"false","delay_monitoring_point":"false","reporting_stanox":"00000","auto_expected":"true"}},{"header":{"msg_type":"0003","msg_queue_timestamp":"1713113415000","source_system_id":"TRUST","original_data_source":"SMART"},"body":{"train_id":"722J27MU14","actual_timestamp":"1713117000000","loc_stanox":"72272","gbtt_timestamp":"1713117060000","planned_timestamp":"1713117060000","planned_event_type":"ARRIVAL","event_type":"ARRIVAL","event_source":"AUTOMATIC","correction_ind":"false","offroute_ind":"false","direction_ind":"DOWN","platform":" 2","route":"0","train_service_code":"24680004","division_code":"91","toc_id":"91","timetable_variation":"1","variation_status":"EARLY","next_report_stanox":"72277","next_report_run_time":"1","train_terminated":"false","delay_monitoring_point":"false","reporting_stanox":"00000","auto_expected":"true"}}]