[{"header":{"msg_type":"0003","msg_queue_timestamp":"1713730591000","source_system_id":"TRUST","original_data_source":"SMART"},"body":{"train_id":"041V70MS21","actual_timestamp":"1713734100000","loc_stanox":"66500","planned_timestamp":"1713734100000","planned_event_type":"DEPARTURE","event_type":"DEPARTURE","event_source":"AUTOMATIC","correction_ind":"false","offroute_ind":"false","direction_ind":"DOWN","platform":" 2","route":"1","train_service_code":"22180008","division_code":"27","toc_id":"27","timetable_variation":"0","variation_status":"ON TIME","next_report_stanox":"66502","next_report_run_time":"3","train_terminated":"false","delay_monitoring_point":"false","reporting_stanox":"00000","auto_expected":"true"}},{"header":{"msg_type":"0003","msg_queue_timestamp":"1713730591000","source_system_id":"TRUST","original_data_source":"SMART"},"body":{"train_id":"879T59MX21","actual_timestamp":"1713734220000","loc_stanox":"87975","gbtt_timestamp":"1713734280000","planned_timestamp":"1713734250000","planned_event_type":"ARRIVAL","event_type":"ARRIVAL","event_source":"AUTOMATIC","correction_ind":"false","offroute_ind":"false","direction_ind":"DOWN","platform":" 3","route":"0","train_service_code":"22721000","division_code":"88","toc_id":"88","timetable_variation":"0","variation_status":"ON TIME","next_report_stanox":"87980","next_report_run_time":"2","train_terminated":"false","delay_monitoring_point":"true","reporting_stanox":"87975","auto_expected":"true"}},{"header":{"msg_type":"0003","msg_queue_timestamp":"1713730591000","source_system_id":"TRUST","original_data_source":"SMART"},"body":{"train_id":"875Y912Z21","actual_timestamp":"1713734160000","loc_stanox":"89346","planned_timestamp":"1713733680000","planned_event_type":"DEPARTURE","event_type":"DEPARTURE","event_source":"AUTOMATIC","correction_ind":"false","offroute_ind":"false","direction_ind":"DOWN","platform":" 2","route":"2","train_service_code":"22721000","division_code":"88","toc_id":"88","timetable_variation":"8","variation_status":"LATE","next_report_stanox":"89348","next_report_run_time":"2","train_terminated":"false","delay_monitoring_point":"false","reporting_stanox":"00000","auto_expected":"true"}},{"header":{"msg_type":"0003","msg_queue_timestamp":"1713730591000","source_system_id":"TRUST","original_data_source":"SMART"},"body":{"train_id":"695Y131Z21","actual_timestamp":"1713734220000","loc_stanox":"70261","planned_timestamp":"1713733680000","planned_event_type":"ARRIVAL","event_type":"ARRIVAL","event_source":"AUTOMATIC","correction_ind":"false","offroute_ind":"false","route":"0","train_service_code":"22977000","division_code":"29","toc_id":"29","timetable_variation":"9","variation_status":"LATE","next_report_stanox":"70306","next_report_run_time":"1","train_terminated":"false","delay_monitoring_point":"true","reporting_stanox":"70261","auto_expected":"true"}},{"header":{"msg_type":"0003","msg_queue_timestamp":"1713730591000","source_system_id":"TRUST","original_data_source":"SMART"},"body":{"train_id":"642V08MS21","actual_timestamp":"1713734160000","loc_stanox":"79791","gbtt_timestamp":"1713734040000","planned_timestamp":"1713734040000","planned_event_type":"DEPARTURE","event_type":"DEPARTURE","event_source":"AUTOMATIC","correction_ind":"false","offroute_ind":"false","direction_ind":"UP","line_ind":"M","platform":" 2","route":"2","train_service_code":"25435000","division_code":"71","toc_id":"71","timetable_variation":"2","variation_status":"LATE","next_report_stanox":"78608","next_report_run_time":"9","train_terminated":"false","delay_monitoring_point":"true","reporting_stanox":"79791","auto_expected":"true"}},{"header":{"msg_type":"0003","msg_queue_timestamp":"1713730591000","source_system_id":"TRUST","original_data_source":"SMART"},"body":{"train_id":"493F31M721","actual_timestamp":"1713734160000","loc_stanox":"49223","planned_timestamp":"1713734190000","planned_event_type":"DEPARTURE","event_type":"DEPARTURE","event_source":"AUTOMATIC","correction_ind":"false","offroute_ind":"false","direction_ind":"UP","route":"1","train_service_code":"21890002","division_code":"21","toc_id":"21","timetable_variation":"0","variation_status":"ON TIME","next_report_stanox":"49302","next_report_run_time":"7","train_terminated":"false","delay_monitoring_point":"false","reporting_stanox":"00000","auto_expected":"true"}},{"header":{"msg_type":"0003","msg_queue_timestamp":"1713730591000","source_system_id":"TRUST","original_data_source":"SMART"},"body":{"train_id":"221B91MW21","actual_timestamp":"1713734160000","loc_stanox":"33091","planned_timestamp":"1713734160000","planned_event_type":"DEPARTURE","event_type":"DEPARTURE","event_source":"AUTOMATIC","correction_ind":"false","offroute_ind":"false","direction_ind":"DOWN","route":"1","train_service_code":"11817020","division_code":"20","toc_id":"20","timetable_variation":"0","variation_status":"ON TIME","next_report_stanox":"36720","next_report_run_time":"5","train_terminated":"false","delay_monitoring_point":"false","reporting_stanox":"00000","auto_expected":"true"}},{"header":{"msg_type":"0003","msg_queue_timestamp":"1713730591000","source_system_id":"TRUST","original_data_source":"SMART"},"body":{"train_id":"315F10MZ21","actual_timestamp":"1713734160000","loc_stanox":"31339","planned_timestamp":"1713733260000","planned_event_type":"DEPARTURE","event_type":"DEPARTURE","event_source":"AUTOMATIC","correction_ind":"false","offroute_ind":"false","direction_ind":"UP","line_ind":"F","route":"1","train_service_code":"22974000","division_code":"23","toc_id":"23","timetable_variation":"15","variation_status":"LATE","next_report_stanox":"31510","next_report_run_time":"3","train_terminated":"false","delay_monitoring_point":"false","reporting_stanox":"00000","auto_expected":"true"}},{"header":{"msg_type":"0003","msg_queue_timestamp":"1713730591000","source_system_id":"TRUST","original_data_source":"SMART"},"body":{"train_id":"651Z532U21","actual_timestamp":"1713734280000","loc_stanox":"12112","planned_timestamp":"1713733260000","planned_event_type":"ARRIVAL","event_type":"ARRIVAL","event_source":"AUTOMATIC","correction_ind":"false","offroute_ind":"false","route":"0","train_service_code":"22180012","division_code":"27","toc_id":"27","timetable_variation":"17","variation_status":"LATE","next_report_stanox":"12106","next_report_run_time":"1","train_terminated":"false","delay_monitoring_point":"true","reporting_stanox":"12112","auto_expected":"true"}},{"header":{"msg_type":"0003","msg_queue_timestamp":"1713730591000","source_system_id":"TRUST","original_data_source":"SMART"},"body":{"train_id":"882P67MZ21","actual_timestamp":"1713734220000","loc_stanox":"88421","gbtt_timestamp":"1713734220000","planned_timestamp":"1713734220000","planned_event_type":"ARRIVAL","event_type":"ARRIVAL","event_source":"AUTOMATIC","correction_ind":"false","offroute_ind":"false","direction_ind":"UP","platform":" 1","route":"0","train_service_code":"24659005","division_code":"80","toc_id":"80","timetable_variation":"0","variation_status":"ON TIME","next_report_stanox":"88419","next_report_run_time":"1","train_terminated":"false","delay_monitoring_point":"false","reporting_stanox":"00000","auto_expected":"true"}},{"header":{"msg_type":"0003","msg_queue_timestamp":"1713730591000","source_system_id":"TRUST","original_data_source":"SMART"},"body":{"train_id":"541N29MW21","actual_timestamp":"1713734160000","loc_stanox":"13800","planned_timestamp":"1713733530000","planned_event_type":"DEPARTURE","event_type":"DEPARTURE","event_source":"AUTOMATIC","correction_ind":"false","offroute_ind":"false","direction_ind":"DOWN","line_ind":"F","route":"2","train_service_code":"21700001","division_code":"61","toc_id":"61","timetable_variation":"11","variation_status":"LATE","next_report_stanox":"13702","next_report_run_time":"6","train_terminated":"false","delay_monitoring_point":"false","reporting_stanox":"00000","auto_expected":"true"}},{"header":{"msg_type":"0001","msg_queue_timestamp":"1713730592000","source_system_id":"TRUST","original_data_source":"TSIA"},"body":{"train_id":"871H66M821","toc_id":"88","schedule_wtt_id":"1H66M","sched_origin_stanox":"87201","creation_timestamp":"1713734192000","origin_dep_timestamp":"1713737760000","train_uid":"P15425","schedule_start_date":"2024-04-21","schedule_end_date":"2024-04-21","schedule_source":"C","schedule_type":"P","d1266_record_number":"00000","tp_origin_timestamp":"2024-04-21","train_call_type":"AUTOMATIC","train_call_mode":"NORMAL","train_service_code":"24746000"}},{"header":{"msg_type":"0003","msg_queue_timestamp":"1713730592000","source_system_id":"TRUST","original_data_source":"SMART"},"body":{"train_id":"882R68MZ21","actual_timestamp":"1713734220000","loc_stanox":"88481","planned_timestamp":"1713734280000","planned_event_type":"ARRIVAL","event_type":"ARRIVAL","event_source":"AUTOMATIC","correction_ind":"false","offroute_ind":"false","route":"0","train_service_code":"24605004","division_code":"80","toc_id":"80","timetable_variation":"1","variation_status":"EARLY","next_report_stanox":"88483","next_report_run_time":"1","train_terminated":"false","delay_monitoring_point":"true","reporting_stanox":"88481","auto_expected":"true"}},{"header":{"msg_type":"0003","msg_queue_timestamp":"1713730592000","source_system_id":"TRUST","original_data_source":"SMART"},"body":{"train_id":"882V58M721","actual_timestamp":"1713734160000","loc_stanox":"88412","planned_timestamp":"1713734220000","planned_event_type":"DEPARTURE","event_type":"DEPARTURE","event_source":"AUTOMATIC","correction_ind":"false","offroute_ind":"false","direction_ind":"DOWN","route":"2","train_service_code":"24653005","division_code":"80","toc_id":"80","timetable_variation":"1","variation_status":"EARLY","next_report_stanox":"88410","next_report_run_time":"2","train_terminated":"false","delay_monitoring_point":"false","reporting_stanox":"00000","auto_expected":"true"}},{"header":{"msg_type":"0003","msg_queue_timestamp":"1713730592000","source_system_id":"TRUST","original_data_source":"SMART"},"body":{"train_id":"872J65M721","actual_timestamp":"1713734160000","loc_stanox":"88408","planned_timestamp":"1713734190000","planned_event_type":"DEPARTURE","event_type":"DEPARTURE","event_source":"AUTOMATIC","correction_ind":"false","offroute_ind":"false","direction_ind":"DOWN","route":"2","train_service_code":"24787000","division_code":"88","toc_id":"88","timetable_variation":"0","variation_status":"ON TIME","next_report_stanox":"88396","next_report_run_time":"3","train_terminated":"false","delay_monitoring_point":"false","reporting_stanox":"00000","auto_expected":"true"}},{"header":{"msg_type":"0001","msg_queue_timestamp":"1713730592000","source_system_id":"TRUST","original_data_source":"TSIA"},"body":{"train_id":"881H12M821","toc_id":"80","schedule_wtt_id":"1H12M","sched_origin_stanox":"88401","creation_timestamp":"1713734192000","origin_dep_timestamp":"1713737760000","train_uid":"W00275","schedule_start_date":"2024-04-21","schedule_end_date":"2024-04-21","schedule_source":"C","schedule_type":"P","d1266_record_number":"00000","tp_origin_timestamp":"2024-04-21","train_call_type":"AUTOMATIC","train_call_mode":"NORMAL","train_service_code":"24602004"}},{"header":{"msg_type":"0001","msg_queue_timestamp":"1713730593000","source_system_id":"TRUST","original_data_source":"TSIA"},"body":{"train_id":"883P77M821","toc_id":"33","schedule_wtt_id":"3P77M","sched_origin_stanox":"88530","creation_timestamp":"1713734193000","origin_dep_timestamp":"1713737760000","train_uid":"P08662","schedule_start_date":"2023-12-10","schedule_end_date":"2024-05-26","schedule_source":"C","schedule_type":"O","d1266_record_number":"00000","tp_origin_timestamp":"2024-04-21","train_call_type":"AUTOMATIC","train_call_mode":"NORMAL","train_service_code":"21383208"}},{"header":{"msg_type":"0003","msg_queue_timestamp":"1713730594000","source_system_id":"TRUST","original_data_source":"SMART"},"body":{"train_id":"172H36M721","actual_timestamp":"1713734160000","loc_stanox":"17132","gbtt_timestamp":"1713734160000","planned_timestamp":"1713734160000","planned_event_type":"DEPARTURE","event_type":"DEPARTURE","event_source":"AUTOMATIC","correction_ind":"false","offroute_ind":"false","direction_ind":"UP","line_ind":"B","platform":" 2","route":"1","train_service_code":"11870820","division_code":"23","toc_id":"23","timetable_variation":"0","variation_status":"ON TIME","next_report_stanox":"17131","next_report_run_time":"1","train_terminated":"false","delay_monitoring_point":"true","reporting_stanox":"17132","auto_expected":"true"}},{"header":{"msg_type":"0003","msg_queue_timestamp":"1713730594000","source_system_id":"TRUST","original_data_source":"SMART"},"body":{"train_id":"871S36MZ21","actual_timestamp":"1713734160000","loc_stanox":"87997","gbtt_timestamp":"1713734160000","planned_timestamp":"1713734160000","planned_event_type":"DEPARTURE","event_type":"DEPARTURE","event_source":"AUTOMATIC","correction_ind":"false","offroute_ind":"false","direction_ind":"DOWN","platform":" 2","route":"2","train_service_code":"24744000","division_code":"88","toc_id":"88","timetable_variation":"0","variation_status":"ON TIME","next_report_stanox":"87998","next_report_run_time":"4","train_terminated":"false","delay_monitoring_point":"false","reporting_stanox":"00000","auto_expected":"true"}},{"header":{"msg_type":"0003","msg_queue_timestamp":"1713730594000","source_system_id":"TRUST","original_data_source":"SMART"},"body":{"train_id":"739W56MY21","actual_timestamp":"1713734220000","loc_stanox":"50331","gbtt_timestamp":"1713733860000","planned_timestamp":"1713733830000","planned_event_type":"ARRIVAL","event_type":"ARRIVAL","event_source":"AUTOMATIC","correction_ind":"false","offroute_ind":"false","direction_ind":"DOWN","platform":" 4","route":"0","train_service_code":"21381901","division_code":"33","toc_id":"33","timetable_variation":"7","variation_status":"LATE","next_report_stanox":"50328","next_report_run_time":"1","train_terminated":"false","delay_monitoring_point":"false","reporting_stanox":"00000","auto_expected":"true"}},{"header":{"msg_type":"0003","msg_queue_timestamp":"1713730594000","source_system_id":"TRUST","original_data_source":"SMART"},"body":{"train_id":"522K54MZ21","actual_timestamp":"1713734160000","loc_stanox":"50315","gbtt_timestamp":"1713734160000","planned_timestamp":"1713734160000","planned_event_type":"DEPARTURE","event_type":"DEPARTURE","event_source":"AUTOMATIC","correction_ind":"false","offroute_ind":"false","direction_ind":"DOWN","platform":" 2","route":"1","train_service_code":"21943001","division_code":"21","toc_id":"21","timetable_variation":"0","variation_status":"ON TIME","next_report_stanox":"50314","next_report_run_time":"2","train_terminated":"false","delay_monitoring_point":"false","reporting_stanox":"00000","auto_expected":"true"}},{"header":{"msg_type":"0003","msg_queue_timestamp":"1713730594000","source_system_id":"TRUST","original_data_source":"SMART"},"body":{"train_id":"872K36M721","actual_timestamp":"1713734160000","loc_stanox":"87208","planned_timestamp":"1713734220000","planned_event_type":"DEPARTURE","event_type":"DEPARTURE","event_source":"AUTOMATIC","correction_ind":"false","offroute_ind":"false","direction_ind":"DOWN","line_ind":"M","route":"1","train_service_code":"24604004","division_code":"80","toc_id":"80","timetable_variation":"1","variation_status":"EARLY","next_report_stanox":"87606","next_report_run_time":"4","train_terminated":"false","delay_monitoring_point":"true","reporting_stanox":"87208","auto_expected":"true"}},{"header":{"msg_type":"0003","msg_queue_timestamp":"1713730594000","source_system_id":"TRUST","original_data_source":"SMART"},"body":{"train_id":"522T20M721","actual_timestamp":"1713734160000","loc_stanox":"51938","planned_timestamp":"1713734040000","planned_event_type":"DEPARTURE","event_type":"DEPARTURE","event_source":"AUTOMATIC","correction_ind":"false","offroute_ind":"false","direction_ind":"DOWN","line_ind":"C","route":"3","train_service_code":"21235001","division_code":"30","toc_id":"30","timetable_variation":"2","variation_status":"LATE","next_report_stanox":"52734","next_report_run_time":"2","train_terminated":"false","delay_monitoring_point":"false","reporting_stanox":"00000","auto_expected":"true"}},{"header":{"msg_type":"0003","msg_queue_timestamp":"1713730594000","source_system_id":"TRUST","original_data_source":"SMART"},"body":{"train_id":"505C58M721","actual_timestamp":"1713734160000","loc_stanox":"50334","gbtt_timestamp":"1713734040000","planned_timestamp":"1713734040000","planned_event_type":"DEPARTURE","event_type":"DEPARTURE","event_source":"AUTOMATIC","correction_ind":"false","offroute_ind":"false","direction_ind":"DOWN","line_ind":"M","platform":" 4","route":"3","train_service_code":"21381008","division_code":"33","toc_id":"33","timetable_variation":"2","variation_status":"LATE","next_report_stanox":"50337","next_report_run_time":"2","train_terminated":"false","delay_monitoring_point":"true","reporting_stanox":"50334","auto_expected":"true"}},{"header":{"msg_type":"0003","msg_queue_timestamp":"1713730594000","source_system_id":"TRUST","original_data_source":"SMART"},"body":{"train_id":"491Y31MZ21","actual_timestamp":"1713734160000","loc_stanox":"50334","planned_timestamp":"1713734250000","planned_event_type":"DEPARTURE","event_type":"DEPARTURE","event_source":"AUTOMATIC","correction_ind":"false","offroute_ind":"false","direction_ind":"UP","line_ind":"M","platform":" 1","route":"1","train_service_code":"21939001","division_code":"21","toc_id":"21","timetable_variation":"1","variation_status":"EARLY","next_report_stanox":"50423","next_report_run_time":"5","train_terminated":"false","delay_monitoring_point":"true","reporting_stanox":"50334","auto_expected":"true"}},{"header":{"msg_type":"0003","msg_queue_timestamp":"1713730594000","source_system_id":"TRUST","original_data_source":"SMART"},"body":{"train_id":"216H79CW21","actual_timestamp":"1713734160000","loc_stanox":"18003","planned_timestamp":"1713733410000","planned_event_type":"DEPARTURE","event_type":"DEPARTURE","event_source":"AUTOMATIC","correction_ind":"false","offroute_ind":"false","direction_ind":"DOWN","line_ind":"D","route":"2","train_service_code":"55303021","division_code":"05","toc_id":"05","timetable_variation":"13","variation_status":"LATE","next_report_stanox":"17991","next_report_run_time":"7","train_terminated":"false","delay_monitoring_point":"false","train_file_address":"NS7","reporting_stanox":"00000","auto_expected":"true"}},{"header":{"msg_type":"0003","msg_queue_timestamp":"1713730594000","source_system_id":"TRUST","original_data_source":"SMART"},"body":{"train_id":"151P86MX21","actual_timestamp":"1713734100000","loc_stanox":"18479","planned_timestamp":"1713734130000","planned_event_type":"DEPARTURE","event_type":"DEPARTURE","event_source":"AUTOMATIC","correction_ind":"false","offroute_ind":"false","direction_ind":"UP","line_ind":"H","platform":" 2","route":"1","train_service_code":"21734000","division_code":"20","toc_id":"20","timetable_variation":"0","variation_status":"ON TIME","next_report_stanox":"32105","next_report_run_time":"4","train_terminated":"false","delay_monitoring_point":"true","reporting_stanox":"18479","auto_expected":"true"}},{"header":{"msg_type":"0003","msg_queue_timestamp":"1713730594000","source_system_id":"TRUST","original_data_source":"SMART"},"body":{"train_id":"362O55MZ21","actual_timestamp":"1713734280000","loc_stanox":"36001","gbtt_timestamp":"1713734520000","planned_timestamp":"1713734520000","planned_event_type":"DESTINATION","event_type":"ARRIVAL","event_source":"AUTOMATIC","correction_ind":"false","offroute_ind":"false","direction_ind":"DOWN","platform":" 1","route":"0","train_service_code":"12304212","division_code":"64","toc_id":"64","timetable_variation":"4","variation_status":"EARLY","train_terminated":"true","delay_monitoring_point":"true","reporting_stanox":"36001","auto_expected":"true"}},{"header":{"msg_type":"0003","msg_queue_timestamp":"1713730594000","source_system_id":"TRUST","original_data_source":"SMART"},"body":{"train_id":"631F47MY21","actual_timestamp":"1713734160000","loc_stanox":"25705","planned_timestamp":"1713734310000","planned_event_type":"DEPARTURE","event_type":"DEPARTURE","event_source":"AUTOMATIC","correction_ind":"false","offroute_ind":"false","direction_ind":"UP","line_ind":"M","route":"1","train_service_code":"22152000","division_code":"28","toc_id":"28","timetable_variation":"2","variation_status":"EARLY","next_report_stanox":"25696","next_report_run_time":"3","train_terminated":"false","delay_monitoring_point":"true","reporting_stanox":"25705","auto_expected":"true"}},{"header":{"msg_type":"0003","msg_queue_timestamp":"1713730595000","source_system_id":"TRUST","original_data_source":"SMART"},"body":{"train_id":"841E75MW21","actual_timestamp":"1713734280000","loc_stanox":"68071","planned_timestamp":"1713734220000","planned_event_type":"ARRIVAL","event_type":"ARRIVAL","event_source":"AUTOMATIC","correction_ind":"false","offroute_ind":"false","route":"0","train_service_code":"22180012","division_code":"27","toc_id":"27","timetable_variation":"1","variation_status":"LATE","next_report_stanox":"67371","next_report_run_time":"1","train_terminated":"false","delay_monitoring_point":"true","reporting_stanox":"68071","auto_expected":"true"}},{"header":{"msg_type":"0003","msg_queue_timestamp":"1713730595000","source_system_id":"TRUST","original_data_source":"SMART"},"body":{"train_id":"652O50M721","actual_timestamp":"1713734100000","loc_stanox":"66503","gbtt_timestamp":"1713734160000","planned_timestamp":"1713734160000","planned_event_type":"DEPARTURE","event_type":"DEPARTURE","event_source":"AUTOMATIC","correction_ind":"false","offroute_ind":"false","direction_ind":"DOWN","platform":" 2","route":"1","train_service_code":"12272320","division_code":"29","toc_id":"29","timetable_variation":"1","variation_status":"EARLY","next_report_stanox":"66510","next_report_run_time":"2","train_terminated":"false","delay_monitoring_point":"false","reporting_stanox":"00000","auto_expected":"true"}},{"header":{"msg_type":"0003","msg_queue_timestamp":"1713730595000","source_system_id":"TRUST","original_data_source":"SMART"},"body":{"train_id":"692H69MZ21","actual_timestamp":"1713734220000","loc_stanox":"65519","gbtt_timestamp":"1713733980000","planned_timestamp":"1713733950000","planned_event_type":"ARRIVAL","event_type":"ARRIVAL","event_source":"AUTOMATIC","correction_ind":"false","offroute_ind":"false","direction_ind":"DOWN","line_ind":"2","platform":" 2","route":"0","train_service_code":"12259320","division_code":"29","toc_id":"29","timetable_variation":"5","variation_status":"LATE","next_report_stanox":"65517","next_report_run_time":"1","train_terminated":"false","delay_monitoring_point":"false","reporting_stanox":"00000","auto_expected":"true"}}]