[{"header":{"msg_type":"0003","msg_queue_timestamp":"1713729306000","source_system_id":"TRUST","original_data_source":"SMART"},"body":{"train_id":"512D57MZ21","actual_timestamp":"1713732840000","loc_stanox":"51009","gbtt_timestamp":"1713732840000","planned_timestamp":"1713732870000","planned_event_type":"DEPARTURE","event_type":"DEPARTURE","event_source":"AUTOMATIC","correction_ind":"false","offroute_ind":"false","direction_ind":"UP","line_ind":"U","platform":" 1","route":"1","train_service_code":"24936004","division_code":"79","toc_id":"79","timetable_variation":"0","variation_status":"ON TIME","next_report_stanox":"51011","next_report_run_time":"2","train_terminated":"false","delay_monitoring_point":"true","reporting_stanox":"51009","auto_expected":"true"}},{"header":{"msg_type":"0003","msg_queue_timestamp":"1713729306000","source_system_id":"TRUST","original_data_source":"SMART"},"body":{"train_id":"872L45MY21","actual_timestamp":"1713732900000","loc_stanox":"52040","gbtt_timestamp":"1713732900000","planned_timestamp":"1713732900000","planned_event_type":"ARRIVAL","event_type":"ARRIVAL","event_source":"AUTOMATIC","correction_ind":"false","offroute_ind":"false","direction_ind":"DOWN","platform":" 2","route":"0","train_service_code":"22204000","division_code":"30","toc_id":"30","timetable_variation":"0","variation_status":"ON TIME","next_report_stanox":"52038","next_report_run_time":"1","train_terminated":"false","delay_monitoring_point":"false","reporting_stanox":"00000","auto_expected":"true"}},{"header":{"msg_type":"0003","msg_queue_timestamp":"1713729306000","source_system_id":"TRUST","original_data_source":"SMART"},"body":{"train_id":"871S63MY21","actual_timestamp":"1713732840000","loc_stanox":"87106","gbtt_timestamp":"1713732540000","planned_timestamp":"1713732570000","planned_event_type":"DEPARTURE","event_type":"DEPARTURE","event_source":"AUTOMATIC","correction_ind":"false","offroute_ind":"false","direction_ind":"DOWN","platform":" 4","route":"3","train_service_code":"24671205","division_code":"84","toc_id":"84","timetable_variation":"5","variation_status":"LATE","next_report_stanox":"86012","next_report_run_time":"5","train_terminated":"false","delay_monitoring_point":"true","reporting_stanox":"87106","auto_expected":"true"}},{"header":{"msg_type":"0003","msg_queue_timestamp":"1713729306000","source_system_id":"TRUST","original_data_source":"SMART"},"body":{"train_id":"871S67MZ21","actual_timestamp":"1713732840000","loc_stanox":"87214","gbtt_timestamp":"1713732840000","planned_timestamp":"1713732870000","planned_event_type":"DEPARTURE","event_type":"DEPARTURE","event_source":"AUTOMATIC","correction_ind":"false","offroute_ind":"false","direction_ind":"DOWN","platform":" 3","route":"1","train_service_code":"24671205","division_code":"84","toc_id":"84","timetable_variation":"0","variation_status":"ON TIME","next_report_stanox":"87215","next_report_run_time":"2","train_terminated":"false","delay_monitoring_point":"true","reporting_stanox":"87214","auto_expected":"true"}},{"header":{"msg_type":"0003","msg_queue_timestamp":"1713729306000","source_system_id":"TRUST","original_data_source":"SMART"},"body":{"train_id":"152W49MZ21","actual_timestamp":"1713732960000","loc_stanox":"14239","gbtt_timestamp":"1713732900000","planned_timestamp":"1713732870000","planned_event_type":"ARRIVAL","event_type":"ARRIVAL","event_source":"AUTOMATIC","correction_ind":"false","offroute_ind":"false","direction_ind":"DOWN","platform":" 2","route":"0","train_service_code":"11792920","division_code":"23","toc_id":"23","timetable_variation":"2","variation_status":"LATE","next_report_stanox":"14225","next_report_run_time":"1","train_terminated":"false","delay_monitoring_point":"false","reporting_stanox":"00000","auto_expected":"true"}},{"header":{"msg_type":"0003","msg_queue_timestamp":"1713729307000","source_system_id":"TRUST","original_data_source":"SMART"},"body":{"train_id":"461T59MY21","actual_timestamp":"1713732840000","loc_stanox":"53401","planned_timestamp":"1713732780000","planned_event_type":"DEPARTURE","event_type":"DEPARTURE","event_source":"AUTOMATIC","correction_ind":"false","offroute_ind":"false","direction_ind":"UP","line_ind":"F","platform":"F","route":"2","train_service_code":"21725000","division_code":"88","toc_id":"88","timetable_variation":"1","variation_status":"LATE","next_report_stanox":"54001","next_report_run_time":"5","train_terminated":"false","delay_monitoring_point":"true","reporting_stanox":"53401","auto_expected":"true"}},{"header":{"msg_type":"0003","msg_queue_timestamp":"1713729307000","source_system_id":"TRUST","original_data_source":"SMART"},"body":{"train_id":"651Y46MY21","actual_timestamp":"1713732960000","loc_stanox":"70321","gbtt_timestamp":"1713732240000","planned_timestamp":"1713732240000","planned_event_type":"ARRIVAL","event_type":"ARRIVAL","event_source":"AUTOMATIC","correction_ind":"false","offroute_ind":"false","direction_ind":"UP","platform":" 4","route":"0","train_service_code":"12259320","division_code":"29","toc_id":"29","timetable_variation":"12","variation_status":"LATE","next_report_stanox":"70320","next_report_run_time":"1","train_terminated":"false","delay_monitoring_point":"false","reporting_stanox":"00000","auto_expected":"true"}},{"header":{"msg_type":"0003","msg_queue_timestamp":"1713729307000","source_system_id":"TRUST","original_data_source":"SMART"},"body":{"train_id":"721U47MX21","actual_timestamp":"1713732900000","loc_stanox":"42312","planned_timestamp":"1713732000000","planned_event_type":"DEPARTURE","event_type":"DEPARTURE","event_source":"AUTOMATIC","correction_ind":"false","offroute_ind":"false","direction_ind":"DOWN","line_ind":"F","route":"1","train_service_code":"22209000","division_code":"29","toc_id":"29","timetable_variation":"15","variation_status":"LATE","next_report_stanox":"42302","next_report_run_time":"6","train_terminated":"false","delay_monitoring_point":"false","reporting_stanox":"00000","auto_expected":"true"}},{"header":{"msg_type":"0003","msg_queue_timestamp":"1713729307000","source_system_id":"TRUST","original_data_source":"SDR","user_id":"#QRPESEJ","source_dev_id":"VDM4"},"body":{"train_id":"092H77MY21","actual_timestamp":"1713732840000","loc_stanox":"09523","planned_timestamp":"1713732810000","planned_event_type":"DEPARTURE","event_type":"DEPARTURE","event_source":"MANUAL","correction_ind":"false","offroute_ind":"false","train_service_code":"21151900","division_code":"23","toc_id":"23","timetable_variation":"1","variation_status":"LATE","next_report_stanox":"09525","next_report_run_time":"3","train_terminated":"false","delay_monitoring_point":"false","reporting_stanox":"00000"}},{"header":{"msg_type":"0003","msg_queue_timestamp":"1713729307000","source_system_id":"TRUST","original_data_source":"SMART"},"body":{"train_id":"541S28MW21","actual_timestamp":"1713732960000","loc_stanox":"12931","gbtt_timestamp":"1713732900000","planned_timestamp":"1713732900000","planned_event_type":"ARRIVAL","event_type":"ARRIVAL","event_source":"AUTOMATIC","correction_ind":"false","offroute_ind":"false","direction_ind":"DOWN","platform":" 2","route":"0","train_service_code":"21700001","division_code":"61","toc_id":"61","timetable_variation":"1","variation_status":"LATE","next_report_stanox":"12710","next_report_run_time":"4","train_terminated":"false","delay_monitoring_point":"true","reporting_stanox":"12931","auto_expected":"true"}},{"header":{"msg_type":"0003","msg_queue_timestamp":"1713729308000","source_system_id":"TRUST","original_data_source":"SMART"},"body":{"train_id":"321D41MZ21","actual_timestamp":"1713732960000","loc_stanox":"32000","gbtt_timestamp":"1713732900000","planned_timestamp":"1713732900000","planned_event_type":"ARRIVAL","event_type":"ARRIVAL","event_source":"AUTOMATIC","correction_ind":"false","offroute_ind":"false","direction_ind":"DOWN","platform":"14","route":"0","train_service_code":"22345000","division_code":"71","toc_id":"71","timetable_variation":"1","variation_status":"LATE","next_report_stanox":"33087","next_report_run_time":"1","train_terminated":"false","delay_monitoring_point":"true","reporting_stanox":"32000","auto_expected":"true"}},{"header":{"msg_type":"0003","msg_queue_timestamp":"1713729308000","source_system_id":"TRUST","original_data_source":"SMART"},"body":{"train_id":"811O98MY21","actual_timestamp":"1713732900000","loc_stanox":"86116","planned_timestamp":"1713732960000","planned_event_type":"DEPARTURE","event_type":"DEPARTURE","event_source":"AUTOMATIC","correction_ind":"false","offroute_ind":"false","direction_ind":"UP","line_ind":"D","route":"2","train_service_code":"25484001","division_code":"25","toc_id":"25","timetable_variation":"1","variation_status":"EARLY","next_report_stanox":"86112","next_report_run_time":"8","train_terminated":"false","delay_monitoring_point":"false","reporting_stanox":"00000","auto_expected":"true"}},{"header":{"msg_type":"0003","msg_queue_timestamp":"1713729308000","source_system_id":"TRUST","original_data_source":"SMART"},"body":{"train_id":"891J69MZ21","actual_timestamp":"1713732900000","loc_stanox":"89474","gbtt_timestamp":"1713732900000","planned_timestamp":"1713732900000","planned_event_type":"ARRIVAL","event_type":"ARRIVAL","event_source":"AUTOMATIC","correction_ind":"false","offroute_ind":"false","direction_ind":"DOWN","line_ind":"2","platform":" 2","route":"0","train_service_code":"24647005","division_code":"80","toc_id":"80","timetable_variation":"0","variation_status":"ON TIME","next_report_stanox":"89473","next_report_run_time":"1","train_terminated":"false","delay_monitoring_point":"false","reporting_stanox":"00000","auto_expected":"true"}},{"header":{"msg_type":"0003","msg_queue_timestamp":"1713729308000","source_system_id":"TRUST","original_data_source":"SMART"},"body":{"train_id":"899Y60MZ21","actual_timestamp":"1713732900000","loc_stanox":"88478","gbtt_timestamp":"1713732900000","planned_timestamp":"1713732900000","planned_event_type":"ARRIVAL","event_type":"ARRIVAL","event_source":"AUTOMATIC","correction_ind":"false","offroute_ind":"false","direction_ind":"UP","platform":" 1","route":"0","train_service_code":"22742000","division_code":"88","toc_id":"88","timetable_variation":"0","variation_status":"ON TIME","next_report_stanox":"88477","next_report_run_time":"1","train_terminated":"false","delay_monitoring_point":"false","reporting_stanox":"00000","auto_expected":"true"}},{"header":{"msg_type":"0003","msg_queue_timestamp":"1713729308000","source_system_id":"TRUST","original_data_source":"SMART"},"body":{"train_id":"529G62MZ21","actual_timestamp":"1713732840000","loc_stanox":"52078","gbtt_timestamp":"1713732780000","planned_timestamp":"1713732780000","planned_event_type":"DEPARTURE","event_type":"DEPARTURE","event_source":"AUTOMATIC","correction_ind":"false","offroute_ind":"false","direction_ind":"DOWN","platform":" 2","route":"1","train_service_code":"22218000","division_code":"30","toc_id":"30","timetable_variation":"1","variation_status":"LATE","next_report_stanox":"52080","next_report_run_time":"1","train_terminated":"false","delay_monitoring_point":"false","reporting_stanox":"00000","auto_expected":"true"}},{"header":{"msg_type":"0003","msg_queue_timestamp":"1713729309000","source_system_id":"TRUST","original_data_source":"SMART"},"body":{"train_id":"739W50MZ21","actual_timestamp":"1713732840000","loc_stanox":"50405","gbtt_timestamp":"1713732120000","planned_timestamp":"1713732150000","planned_event_type":"DEPARTURE","event_type":"DEPARTURE","event_source":"AUTOMATIC","correction_ind":"false","offroute_ind":"false","direction_ind":"DOWN","route":"1","train_service_code":"21381202","division_code":"33","toc_id":"33","timetable_variation":"12","variation_status":"LATE","next_report_stanox":"50401","next_report_run_time":"3","train_terminated":"false","delay_monitoring_point":"false","reporting_stanox":"00000","auto_expected":"true"}},{"header":{"msg_type":"0003","msg_queue_timestamp":"1713729309000","source_system_id":"TRUST","original_data_source":"SMART"},"body":{"train_id":"522Y98MZ21","actual_timestamp":"1713732840000","loc_stanox":"52053","gbtt_timestamp":"1713732780000","planned_timestamp":"1713732780000","planned_event_type":"DEPARTURE","event_type":"DEPARTURE","event_source":"AUTOMATIC","correction_ind":"false","offroute_ind":"false","direction_ind":"UP","line_ind":"U","platform":" 7","route":"1","train_service_code":"22214000","division_code":"30","toc_id":"30","timetable_variation":"1","variation_status":"LATE","next_report_stanox":"73823","train_terminated":"false","delay_monitoring_point":"false","reporting_stanox":"00000","auto_expected":"true"}},{"header":{"msg_type":"0003","msg_queue_timestamp":"1713729309000","source_system_id":"TRUST","original_data_source":"SMART"},"body":{"train_id":"882S62MZ21","actual_timestamp":"1713732840000","loc_stanox":"88491","gbtt_timestamp":"1713732900000","planned_timestamp":"1713732900000","planned_event_type":"DEPARTURE","event_type":"DEPARTURE","event_source":"AUTOMATIC","correction_ind":"false","offroute_ind":"false","direction_ind":"DOWN","platform":" 5","route":"1","train_service_code":"24655005","division_code":"80","toc_id":"80","timetable_variation":"1","variation_status":"EARLY","next_report_stanox":"88495","next_report_run_time":"2","train_terminated":"false","delay_monitoring_point":"true","reporting_stanox":"88491","auto_expected":"true"}},{"header":{"msg_type":"0003","msg_queue_timestamp":"1713729309000","source_system_id":"TRUST","original_data_source":"SMART"},"body":{"train_id":"522N98MZ21","actual_timestamp":"1713732840000","loc_stanox":"52044","gbtt_timestamp":"1713732840000","planned_timestamp":"1713732870000","planned_event_type":"DEPARTURE","event_type":"DEPARTURE","event_source":"AUTOMATIC","correction_ind":"false","offroute_ind":"false","direction_ind":"UP","line_ind":"U","platform":" 1","route":"1","train_service_code":"22214000","division_code":"30","toc_id":"30","timetable_variation":"0","variation_status":"ON TIME","next_report_stanox":"52045","next_report_run_time":"1","train_terminated":"false","delay_monitoring_point":"false","reporting_stanox":"00000","auto_expected":"true"}},{"header":{"msg_type":"0003","msg_queue_timestamp":"1713729309000","source_system_id":"TRUST","original_data_source":"SMART"},"body":{"train_id":"522N98MZ21","actual_timestamp":"1713732900000","loc_stanox":"52045","planned_timestamp":"1713732900000","planned_event_type":"DEPARTURE","event_type":"DEPARTURE","event_source":"AUTOMATIC","correction_ind":"false","offroute_ind":"false","direction_ind":"UP","line_ind":"U","route":"3","train_service_code":"22214000","division_code":"30","toc_id":"30","timetable_variation":"0","variation_status":"ON TIME","next_report_stanox":"52046","next_report_run_time":"1","train_terminated":"false","delay_monitoring_point":"true","reporting_stanox":"52045","auto_expected":"true"}},{"header":{"msg_type":"0003","msg_queue_timestamp":"1713729309000","source_system_id":"TRUST","original_data_source":"SMART"},"body":{"train_id":"512J96MZ21","actual_timestamp":"1713732900000","loc_stanox":"51530","planned_timestamp":"1713732900000","planned_event_type":"DEPARTURE","event_type":"DEPARTURE","event_source":"AUTOMATIC","correction_ind":"false","offroute_ind":"false","direction_ind":"UP","line_ind":"U","route":"1","train_service_code":"21921000","division_code":"30","toc_id":"30","timetable_variation":"0","variation_status":"ON TIME","next_report_stanox":"51541","next_report_run_time":"2","train_terminated":"false","delay_monitoring_point":"false","reporting_stanox":"00000","auto_expected":"true"}},{"header":{"msg_type":"0003","msg_queue_timestamp":"1713729309000","source_system_id":"TRUST","original_data_source":"SMART"},"body":{"train_id":"601H34MY21","actual_timestamp":"1713732900000","loc_stanox":"63623","planned_timestamp":"1713732810000","planned_event_type":"DEPARTURE","event_type":"DEPARTURE","event_source":"AUTOMATIC","correction_ind":"false","offroute_ind":"false","direction_ind":"UP","line_ind":"F","route":"1","train_service_code":"22156000","division_code":"28","toc_id":"28","timetable_variation":"2","variation_status":"LATE","next_report_stanox":"63630","next_report_run_time":"2","train_terminated":"false","delay_monitoring_point":"false","reporting_stanox":"00000","auto_expected":"true"}},{"header":{"msg_type":"0003","msg_queue_timestamp":"1713729309000","source_system_id":"TRUST","original_data_source":"SMART"},"body":{"train_id":"512M57MZ21","actual_timestamp":"1713732840000","loc_stanox":"51931","gbtt_timestamp":"1713732900000","planned_timestamp":"1713732900000","planned_event_type":"DEPARTURE","event_type":"DEPARTURE","event_source":"AUTOMATIC","correction_ind":"false","offroute_ind":"false","direction_ind":"UP","line_ind":"R","platform":" 2","route":"1","train_service_code":"21920000","division_code":"21","toc_id":"21","timetable_variation":"1","variation_status":"EARLY","next_report_stanox":"51933","next_report_run_time":"3","train_terminated":"false","delay_monitoring_point":"false","reporting_stanox":"00000","auto_expected":"true"}},{"header":{"msg_type":"0003","msg_queue_timestamp":"1713729309000","source_system_id":"TRUST","original_data_source":"SMART"},"body":{"train_id":"629H771Z21","actual_timestamp":"1713732780000","loc_stanox":"62410","gbtt_timestamp":"1713732840000","planned_timestamp":"1713732840000","planned_event_type":"DEPARTURE","event_type":"DEPARTURE","event_source":"AUTOMATIC","correction_ind":"false","offroute_ind":"false","direction_ind":"UP","line_ind":"S","platform":" 1","route":"1","train_service_code":"22728000","division_code":"88","toc_id":"88","timetable_variation":"1","variation_status":"EARLY","next_report_stanox":"62422","next_report_run_time":"4","train_terminated":"false","delay_monitoring_point":"false","reporting_stanox":"00000","auto_expected":"true"}},{"header":{"msg_type":"0003","msg_queue_timestamp":"1713729309000","source_system_id":"TRUST","original_data_source":"SDR","user_id":"#QLC3010","source_dev_id":"VX9A"},"body":{"train_id":"045B54MY21","actual_timestamp":"1713730620000","loc_stanox":"06444","gbtt_timestamp":"1713730980000","planned_timestamp":"1713730980000","planned_event_type":"DESTINATION","event_type":"ARRIVAL","event_source":"MANUAL","correction_ind":"false","offroute_ind":"false","route":"0","train_service_code":"23549003","division_code":"60","toc_id":"60","timetable_variation":"6","variation_status":"EARLY","train_terminated":"true","delay_monitoring_point":"true","reporting_stanox":"00000"}},{"header":{"msg_type":"0003","msg_queue_timestamp":"1713729309000","source_system_id":"TRUST","original_data_source":"SMART"},"body":{"train_id":"872J63MZ21","actual_timestamp":"1713732900000","loc_stanox":"87609","gbtt_timestamp":"1713732960000","planned_timestamp":"1713732960000","planned_event_type":"ARRIVAL","event_type":"ARRIVAL","event_source":"AUTOMATIC","correction_ind":"false","offroute_ind":"false","direction_ind":"DOWN","platform":" 1","route":"0","train_service_code":"24787000","division_code":"88","toc_id":"88","timetable_variation":"1","variation_status":"EARLY","next_report_stanox":"87610","next_report_run_time":"2","train_terminated":"false","delay_monitoring_point":"true","reporting_stanox":"87609","auto_expected":"true"}},{"header":{"msg_type":"0003","msg_queue_timestamp":"1713729309000","source_system_id":"TRUST","original_data_source":"SMART"},"body":{"train_id":"162F12MZ21","actual_timestamp":"1713732900000","loc_stanox":"17189","gbtt_timestamp":"1713732960000","planned_timestamp":"1713732930000","planned_event_type":"ARRIVAL","event_type":"ARRIVAL","event_source":"AUTOMATIC","correction_ind":"false","offroute_ind":"false","direction_ind":"DOWN","line_ind":"M","platform":" 1","route":"0","train_service_code":"11841820","division_code":"23","toc_id":"23","timetable_variation":"0","variation_status":"ON TIME","next_report_stanox":"17182","next_report_run_time":"1","train_terminated":"false","delay_monitoring_point":"false","reporting_stanox":"00000","auto_expected":"true"}},{"header":{"msg_type":"0003","msg_queue_timestamp":"1713729310000","source_system_id":"TRUST","original_data_source":"SMART"},"body":{"train_id":"522K54MZ21","actual_timestamp":"1713732840000","loc_stanox":"50327","gbtt_timestamp":"1713732840000","planned_timestamp":"1713732840000","planned_event_type":"DEPARTURE","event_type":"DEPARTURE","event_source":"AUTOMATIC","correction_ind":"false","offroute_ind":"false","direction_ind":"DOWN","line_ind":"D","platform":" 2","route":"3","train_service_code":"21943001","division_code":"21","toc_id":"21","timetable_variation":"0","variation_status":"ON TIME","next_report_stanox":"50324","next_report_run_time":"6","train_terminated":"false","delay_monitoring_point":"false","reporting_stanox":"00000","auto_expected":"true"}},{"header":{"msg_type":"0003","msg_queue_timestamp":"1713729311000","source_system_id":"TRUST","original_data_source":"SMART"},"body":{"train_id":"852P28MY21","actual_timestamp":"1713732900000","loc_stanox":"84397","gbtt_timestamp":"1713732960000","planned_timestamp":"1713732930000","planned_event_type":"ARRIVAL","event_type":"ARRIVAL","event_source":"AUTOMATIC","correction_ind":"false","offroute_ind":"false","direction_ind":"UP","line_ind":"U","platform":" 2","route":"0","train_service_code":"25474001","division_code":"25","toc_id":"25","timetable_variation":"0","variation_status":"ON TIME","next_report_stanox":"84301","next_report_run_time":"1","train_terminated":"false","delay_monitoring_point":"true","reporting_stanox":"84397","auto_expected":"true"}}]