[{"header":{"msg_type":"0003","msg_queue_timestamp":"1713122506000","source_system_id":"TRUST","original_data_source":"SMART"},"body":{"train_id":"879R64MY14","actual_timestamp":"1713126060000","loc_stanox":"87712","gbtt_timestamp":"1713125940000","planned_timestamp":"1713125940000","planned_event_type":"DEPARTURE","event_type":"DEPARTURE","event_source":"AUTOMATIC","correction_ind":"false","offroute_ind":"false","direction_ind":"UP","platform":" 1","route":"1","train_service_code":"22729000","division_code":"88","toc_id":"88","timetable_variation":"2","variation_status":"LATE","next_report_stanox":"87900","next_report_run_time":"4","train_terminated":"false","delay_monitoring_point":"false","reporting_stanox":"00000","auto_expected":"true"}},{"header":{"msg_type":"0003","msg_queue_timestamp":"1713122506000","source_system_id":"TRUST","original_data_source":"SMART"},"body":{"train_id":"875S561Z14","actual_timestamp":"1713126060000","loc_stanox":"87621","gbtt_timestamp":"1713126360000","planned_timestamp":"1713126360000","planned_event_type":"DEPARTURE","event_type":"DEPARTURE","event_source":"AUTOMATIC","correction_ind":"false","offroute_ind":"false","direction_ind":"UP","platform":" 2","route":"4","train_service_code":"24782000","division_code":"88","toc_id":"88","timetable_variation":"5","variation_status":"EARLY","next_report_stanox":"87567","next_report_run_time":"4","train_terminated":"false","delay_monitoring_point":"true","reporting_stanox":"87621","auto_expected":"true"}},{"header":{"msg_type":"0003","msg_queue_timestamp":"1713122506000","source_system_id":"TRUST","original_data_source":"SMART"},"body":{"train_id":"072M79MZ14","actual_timestamp":"1713126120000","loc_stanox":"07579","planned_timestamp":"1713126090000","planned_event_type":"DEPARTURE","event_type":"DEPARTURE","event_source":"AUTOMATIC","correction_ind":"false","offroute_ind":"false","direction_ind":"UP","route":"1","train_service_code":"13562015","division_code":"60","toc_id":"60","timetable_variation":"1","variation_status":"LATE","next_report_stanox":"07581","next_report_run_time":"2","train_terminated":"false","delay_monitoring_point":"false","reporting_stanox":"00000","auto_expected":"true"}},{"header":{"msg_type":"0003","msg_queue_timestamp":"1713122506000","source_system_id":"TRUST","original_data_source":"SMART"},"body":{"train_id":"851A98MV14","actual_timestamp":"1713126120000","loc_stanox":"83625","planned_timestamp":"1713126120000","planned_event_type":"DEPARTURE","event_type":"DEPARTURE","event_source":"AUTOMATIC","correction_ind":"false","offroute_ind":"false","direction_ind":"UP","line_ind":"M","route":"2","train_service_code":"25397003","division_code":"25","toc_id":"25","timetable_variation":"0","variation_status":"ON TIME","next_report_stanox":"83624","next_report_run_time":"1","train_terminated":"false","delay_monitoring_point":"false","reporting_stanox":"00000","auto_expected":"true"}},{"header":{"msg_type":"0003","msg_queue_timestamp":"1713122506000","source_system_id":"TRUST","original_data_source":"SMART"},"body":{"train_id":"871O88MY14","actual_timestamp":"1713126180000","loc_stanox":"87085","gbtt_timestamp":"1713126180000","planned_timestamp":"1713126180000","planned_event_type":"ARRIVAL","event_type":"ARRIVAL","event_source":"AUTOMATIC","correction_ind":"false","offroute_ind":"false","direction_ind":"UP","line_ind":"U","platform":" 1","route":"0","train_service_code":"25521007","division_code":"25","toc_id":"25","timetable_variation":"0","variation_status":"ON TIME","next_report_stanox":"87089","next_report_run_time":"1","train_terminated":"false","delay_monitoring_point":"false","reporting_stanox":"00000","auto_expected":"true"}},{"header":{"msg_type":"0003","msg_queue_timestamp":"1713122506000","source_system_id":"TRUST","original_data_source":"SMART"},"body":{"train_id":"851A98MV14","actual_timestamp":"1713126180000","loc_stanox":"83624","gbtt_timestamp":"1713126180000","planned_timestamp":"1713126180000","planned_event_type":"ARRIVAL","event_type":"ARRIVAL","event_source":"AUTOMATIC","correction_ind":"false","offroute_ind":"false","direction_ind":"UP","line_ind":"3","platform":" 1","route":"0","train_service_code":"25397003","division_code":"25","toc_id":"25","timetable_variation":"0","variation_status":"ON TIME","next_report_stanox":"83607","next_report_run_time":"2","train_terminated":"false","delay_monitoring_point":"true","reporting_stanox":"83624","auto_expected":"true"}},{"header":{"msg_type":"0003","msg_queue_timestamp":"1713122507000","source_system_id":"TRUST","original_data_source":"SMART"},"body":{"train_id":"541S99MY14","actual_timestamp":"1713126180000","loc_stanox":"44421","planned_timestamp":"1713126390000","planned_event_type":"ARRIVAL","event_type":"ARRIVAL","event_source":"AUTOMATIC","correction_ind":"false","offroute_ind":"false","route":"0","train_service_code":"21499320","division_code":"45","toc_id":"45","timetable_variation":"3","variation_status":"EARLY","next_report_stanox":"44365","next_report_run_time":"3","train_terminated":"false","delay_monitoring_point":"true","reporting_stanox":"44421","auto_expected":"true"}},{"header":{"msg_type":"0003","msg_queue_timestamp":"1713122507000","source_system_id":"TRUST","original_data_source":"SMART"},"body":{"train_id":"122I02MY14","actual_timestamp":"1713126060000","loc_stanox":"14034","gbtt_timestamp":"1713125940000","planned_timestamp":"1713125940000","planned_event_type":"DEPARTURE","event_type":"DEPARTURE","event_source":"AUTOMATIC","correction_ind":"false","offroute_ind":"false","direction_ind":"UP","line_ind":"S","platform":" 1","route":"1","train_service_code":"11798001","division_code":"56","toc_id":"56","timetable_variation":"2","variation_status":"LATE","next_report_stanox":"14030","train_terminated":"false","delay_monitoring_point":"false","reporting_stanox":"00000","auto_expected":"true"}},{"header":{"msg_type":"0003","msg_queue_timestamp":"1713122507000","source_system_id":"TRUST","original_data_source":"SMART"},"body":{"train_id":"122I02MY14","actual_timestamp":"1713126120000","loc_stanox":"14030","gbtt_timestamp":"1713126000000","planned_timestamp":"1713125970000","planned_event_type":"ARRIVAL","event_type":"ARRIVAL","event_source":"AUTOMATIC","correction_ind":"false","offroute_ind":"false","direction_ind":"UP","platform":" 1","route":"0","train_service_code":"11798001","division_code":"56","toc_id":"56","timetable_variation":"3","variation_status":"LATE","next_report_stanox":"14038","next_report_run_time":"1","train_terminated":"false","delay_monitoring_point":"false","reporting_stanox":"00000","auto_expected":"true"}},{"header":{"msg_type":"0003","msg_queue_timestamp":"1713122507000","source_system_id":"TRUST","original_data_source":"SMART"},"body":{"train_id":"154S67CX14","actual_timestamp":"1713126060000","loc_stanox":"15120","planned_timestamp":"1713123690000","planned_event_type":"DEPARTURE","event_type":"DEPARTURE","event_source":"AUTOMATIC","correction_ind":"false","offroute_ind":"false","direction_ind":"DOWN","line_ind":"F","route":"1","train_service_code":"52663390","division_code":"97","toc_id":"97","timetable_variation":"40","variation_status":"LATE","next_report_stanox":"13800","next_report_run_time":"2","train_terminated":"false","delay_monitoring_point":"true","train_file_address":"G3I","reporting_stanox":"15120","auto_expected":"true"}},{"header":{"msg_type":"0003","msg_queue_timestamp":"1713122508000","source_system_id":"TRUST","original_data_source":"SMART"},"body":{"train_id":"651K29MY14","actual_timestamp":"1713126060000","loc_stanox":"69021","gbtt_timestamp":"1713126060000","planned_timestamp":"1713126090000","planned_event_type":"DEPARTURE","event_type":"DEPARTURE","event_source":"AUTOMATIC","correction_ind":"false","offroute_ind":"false","direction_ind":"DOWN","line_ind":"H","platform":" 7","route":"4","train_service_code":"22260000","division_code":"27","toc_id":"27","timetable_variation":"0","variation_status":"ON TIME","next_report_stanox":"59318","next_report_run_time":"6","train_terminated":"false","delay_monitoring_point":"true","reporting_stanox":"69021","auto_expected":"true"}},{"header":{"msg_type":"0003","msg_queue_timestamp":"1713122508000","source_system_id":"TRUST","original_data_source":"SMART"},"body":{"train_id":"305M172Y14","actual_timestamp":"1713126120000","loc_stanox":"69021","planned_timestamp":"1713125880000","planned_event_type":"ARRIVAL","event_type":"ARRIVAL","event_source":"AUTOMATIC","correction_ind":"false","offroute_ind":"false","route":"0","train_service_code":"22112001","division_code":"65","toc_id":"65","timetable_variation":"4","variation_status":"LATE","next_report_stanox":"70029","next_report_run_time":"1","train_terminated":"false","delay_monitoring_point":"true","reporting_stanox":"69021","auto_expected":"true"}},{"header":{"msg_type":"0003","msg_queue_timestamp":"1713122508000","source_system_id":"TRUST","original_data_source":"SMART"},"body":{"train_id":"539S61MY14","actual_timestamp":"1713126060000","loc_stanox":"54103","planned_timestamp":"1713126180000","planned_event_type":"DEPARTURE","event_type":"DEPARTURE","event_source":"AUTOMATIC","correction_ind":"false","offroute_ind":"false","direction_ind":"UP","line_ind":"F","route":"1","train_service_code":"22726100","division_code":"88","toc_id":"88","timetable_variation":"2","variation_status":"EARLY","next_report_stanox":"54238","next_report_run_time":"3","train_terminated":"false","delay_monitoring_point":"true","reporting_stanox":"54103","auto_expected":"true"}},{"header":{"msg_type":"0003","msg_queue_timestamp":"1713122508000","source_system_id":"TRUST","original_data_source":"SMART"},"body":{"train_id":"152D25MY14","actual_timestamp":"1713126180000","loc_stanox":"15449","gbtt_timestamp":"1713126180000","planned_timestamp":"1713126150000","planned_event_type":"ARRIVAL","event_type":"ARRIVAL","event_source":"AUTOMATIC","correction_ind":"false","offroute_ind":"false","direction_ind":"UP","platform":" 1","route":"0","train_service_code":"21801000","division_code":"23","toc_id":"23","timetable_variation":"1","variation_status":"LATE","next_report_stanox":"15415","next_report_run_time":"1","train_terminated":"false","delay_monitoring_point":"true","reporting_stanox":"15449","auto_expected":"true"}},{"header":{"msg_type":"0001","msg_queue_timestamp":"1713122508000","source_system_id":"TRUST","original_data_source":"TSIA"},"body":{"train_id":"692H71M714","toc_id":"29","schedule_wtt_id":"2H71M","sched_origin_stanox":"69215","creation_timestamp":"1713126108000","origin_dep_timestamp":"1713129660000","train_uid":"C73222","schedule_start_date":"2023-12-10","schedule_end_date":"2024-05-26","schedule_source":"C","schedule_type":"O","d1266_record_number":"00000","tp_origin_timestamp":"2024-04-14","train_call_type":"AUTOMATIC","train_call_mode":"NORMAL","train_service_code":"12259320"}},{"header":{"msg_type":"0001","msg_queue_timestamp":"1713122508000","source_system_id":"TRUST","original_data_source":"TSIA"},"body":{"train_id":"722I31M714","toc_id":"91","schedule_wtt_id":"2I31M","sched_origin_stanox":"72359","creation_timestamp":"1713126108000","origin_dep_timestamp":"1713129690000","train_uid":"G26996","schedule_start_date":"2023-12-10","schedule_end_date":"2024-05-26","schedule_source":"C","schedule_type":"O","d1266_record_number":"00000","tp_origin_timestamp":"2024-04-14","train_call_type":"AUTOMATIC","train_call_mode":"NORMAL","train_service_code":"24680004"}},{"header":{"msg_type":"0001","msg_queue_timestamp":"1713122508000","source_system_id":"TRUST","original_data_source":"TSIA"},"body":{"train_id":"882N44M714","toc_id":"80","schedule_wtt_id":"2N44M","sched_origin_stanox":"88401","creation_timestamp":"1713126108000","origin_dep_timestamp":"1713129660000","train_uid":"W02821","schedule_start_date":"2023-12-10","schedule_end_date":"2024-05-26","schedule_source":"C","schedule_type":"O","d1266_record_number":"00000","tp_origin_timestamp":"2024-04-14","train_call_type":"AUTOMATIC","train_call_mode":"NORMAL","train_service_code":"24657005"}},{"header":{"msg_type":"0001","msg_queue_timestamp":"1713122508000","source_system_id":"TRUST","original_data_source":"TSIA"},"body":{"train_id":"172B25M714","toc_id":"23","schedule_wtt_id":"2B25M","sched_origin_stanox":"17132","creation_timestamp":"1713126108000","origin_dep_timestamp":"1713129660000","train_uid":"W30629","schedule_start_date":"2023-12-10","schedule_end_date":"2024-05-26","schedule_source":"C","schedule_type":"O","d1266_record_number":"00000","tp_origin_timestamp":"2024-04-14","train_call_type":"AUTOMATIC","train_call_mode":"NORMAL","train_service_code":"11824820"}},{"header":{"msg_type":"0003","msg_queue_timestamp":"1713122508000","source_system_id":"TRUST","original_data_source":"SMART"},"body":{"train_id":"861S66MY14","actual_timestamp":"1713126120000","loc_stanox":"87114","gbtt_timestamp":"1713126060000","planned_timestamp":"1713126030000","planned_event_type":"ARRIVAL","event_type":"ARRIVAL","event_source":"AUTOMATIC","correction_ind":"false","offroute_ind":"false","direction_ind":"UP","platform":" 1","route":"0","train_service_code":"24671205","division_code":"84","toc_id":"84","timetable_variation":"2","variation_status":"LATE","next_report_stanox":"87117","next_report_run_time":"1","train_terminated":"false","delay_monitoring_point":"true","reporting_stanox":"87114","auto_expected":"true"}},{"header":{"msg_type":"0003","msg_queue_timestamp":"1713122508000","source_system_id":"TRUST","original_data_source":"SMART"},"body":{"train_id":"871S63MY14","actual_timestamp":"1713126120000","loc_stanox":"87135","gbtt_timestamp":"1713126060000","planned_timestamp":"1713126060000","planned_event_type":"ARRIVAL","event_type":"ARRIVAL","event_source":"AUTOMATIC","correction_ind":"false","offroute_ind":"false","direction_ind":"DOWN","platform":" 1","route":"0","train_service_code":"24671205","division_code":"84","toc_id":"84","timetable_variation":"1","variation_status":"LATE","next_report_stanox":"87131","next_report_run_time":"1","train_terminated":"false","delay_monitoring_point":"true","reporting_stanox":"87135","auto_expected":"true"}},{"header":{"msg_type":"0001","msg_queue_timestamp":"1713122508000","source_system_id":"TRUST","original_data_source":"TSIA"},"body":{"train_id":"112C24M714","toc_id":"23","schedule_wtt_id":"2C24M","sched_origin_stanox":"11012","creation_timestamp":"1713126108000","origin_dep_timestamp":"1713129660000","train_uid":"W30931","schedule_start_date":"2023-12-10","schedule_end_date":"2024-05-26","schedule_source":"C","schedule_type":"O","d1266_record_number":"00000","tp_origin_timestamp":"2024-04-14","train_call_type":"AUTOMATIC","train_call_mode":"NORMAL","train_service_code":"22361000"}},{"header":{"msg_type":"0003","msg_queue_timestamp":"1713122508000","source_system_id":"TRUST","original_data_source":"SMART"},"body":{"train_id":"882T27MZ14","actual_timestamp":"1713126120000","loc_stanox":"88417","gbtt_timestamp":"1713126120000","planned_timestamp":"1713126120000","planned_event_type":"ARRIVAL","event_type":"ARRIVAL","event_source":"AUTOMATIC","correction_ind":"false","offroute_ind":"false","direction_ind":"DOWN","platform":" 2","route":"0","train_service_code":"24650005","division_code":"80","toc_id":"80","timetable_variation":"0","variation_status":"ON TIME","next_report_stanox":"88418","next_report_run_time":"1","train_terminated":"false","delay_monitoring_point":"false","reporting_stanox":"00000","auto_expected":"true"}},{"header":{"msg_type":"0003","msg_queue_timestamp":"1713122508000","source_system_id":"TRUST","original_data_source":"SMART"},"body":{"train_id":"871F52MX14","actual_timestamp":"1713126060000","loc_stanox":"88252","gbtt_timestamp":"1713126060000","planned_timestamp":"1713126090000","planned_event_type":"DEPARTURE","event_type":"DEPARTURE","event_source":"AUTOMATIC","correction_ind":"false","offroute_ind":"false","direction_ind":"UP","platform":" 1","route":"1","train_service_code":"24746000","division_code":"88","toc_id":"88","timetable_variation":"0","variation_status":"ON TIME","next_report_stanox":"88249","next_report_run_time":"1","train_terminated":"false","delay_monitoring_point":"false","reporting_stanox":"00000","auto_expected":"true"}},{"header":{"msg_type":"0001","msg_queue_timestamp":"1713122508000","source_system_id":"TRUST","original_data_source":"TSIA"},"body":{"train_id":"172V57M714","toc_id":"23","schedule_wtt_id":"2V57M","sched_origin_stanox":"17055","creation_timestamp":"1713126108000","origin_dep_timestamp":"1713129660000","train_uid":"W34069","schedule_start_date":"2024-04-14","schedule_end_date":"2024-04-14","schedule_source":"C","schedule_type":"P","d1266_record_number":"00000","tp_origin_timestamp":"2024-04-14","train_call_type":"AUTOMATIC","train_call_mode":"NORMAL","train_service_code":"11819020"}},{"header":{"msg_type":"0001","msg_queue_timestamp":"1713122508000","source_system_id":"TRUST","original_data_source":"TSIA"},"body":{"train_id":"072F63M714","toc_id":"60","schedule_wtt_id":"2F63M","sched_origin_stanox":"07466","creation_timestamp":"1713126108000","origin_dep_timestamp":"1713129660000","train_uid":"W56243","schedule_start_date":"2023-12-10","schedule_end_date":"2024-05-26","schedule_source":"C","schedule_type":"O","d1266_record_number":"00000","tp_origin_timestamp":"2024-04-14","train_call_type":"AUTOMATIC","train_call_mode":"NORMAL","train_service_code":"23563015"}},{"header":{"msg_type":"0003","msg_queue_timestamp":"1713122509000","source_system_id":"TRUST","original_data_source":"SMART"},"body":{"train_id":"522Y93MY14","actual_timestamp":"1713126120000","loc_stanox":"87205","planned_timestamp":"1713125970000","planned_event_type":"DEPARTURE","event_type":"DEPARTURE","event_source":"AUTOMATIC","correction_ind":"false","offroute_ind":"false","direction_ind":"DOWN","line_ind":"W","route":"3","train_service_code":"22214000","division_code":"30","toc_id":"30","timetable_variation":"3","variation_status":"LATE","next_report_stanox":"87219","next_report_run_time":"3","train_terminated":"false","delay_monitoring_point":"true","reporting_stanox":"87205","auto_expected":"true"}},{"header":{"msg_type":"0001","msg_queue_timestamp":"1713122509000","source_system_id":"TRUST","original_data_source":"TSIA"},"body":{"train_id":"072G49M714","toc_id":"60","schedule_wtt_id":"2G49M","sched_origin_stanox":"07257","creation_timestamp":"1713126108000","origin_dep_timestamp":"1713129660000","train_uid":"W56504","schedule_start_date":"2024-04-14","schedule_end_date":"2024-04-14","schedule_source":"C","schedule_type":"P","d1266_record_number":"00000","tp_origin_timestamp":"2024-04-14","train_call_type":"AUTOMATIC","train_call_mode":"NORMAL","train_service_code":"13569815"}},{"header":{"msg_type":"0003","msg_queue_timestamp":"1713122509000","source_system_id":"TRUST","original_data_source":"SMART"},"body":{"train_id":"865W621Z14","actual_timestamp":"1713126060000","loc_stanox":"86935","planned_timestamp":"1713125760000","planned_event_type":"DEPARTURE","event_type":"DEPARTURE","event_source":"AUTOMATIC","correction_ind":"false","offroute_ind":"false","direction_ind":"UP","platform":" 1","route":"2","train_service_code":"24676004","division_code":"84","toc_id":"84","timetable_variation":"5","variation_status":"LATE","next_report_stanox":"86927","next_report_run_time":"5","train_terminated":"false","delay_monitoring_point":"true","reporting_stanox":"86935","auto_expected":"true"}},{"header":{"msg_type":"0001","msg_queue_timestamp":"1713122509000","source_system_id":"TRUST","original_data_source":"TSIA"},"body":{"train_id":"042Y33M714","toc_id":"60","schedule_wtt_id":"2Y33M","sched_origin_stanox":"04824","creation_timestamp":"1713126109000","origin_dep_timestamp":"1713129660000","train_uid":"W59104","schedule_start_date":"2023-12-10","schedule_end_date":"2024-05-26","schedule_source":"C","schedule_type":"O","d1266_record_number":"00000","tp_origin_timestamp":"2024-04-14","train_call_type":"AUTOMATIC","train_call_mode":"NORMAL","train_service_code":"23584003"}},{"header":{"msg_type":"0001","msg_queue_timestamp":"1713122509000","source_system_id":"TRUST","original_data_source":"TSIA"},"body":{"train_id":"872M65M714","toc_id":"84","schedule_wtt_id":"2M65M","sched_origin_stanox":"87212","creation_timestamp":"1713126109000","origin_dep_timestamp":"1713129660000","train_uid":"Y03273","schedule_start_date":"2023-12-10","schedule_end_date":"2024-05-26","schedule_source":"C","schedule_type":"O","d1266_record_number":"00000","tp_origin_timestamp":"2024-04-14","train_call_type":"AUTOMATIC","train_call_mode":"NORMAL","train_service_code":"24673405"}},{"header":{"msg_type":"0003","msg_queue_timestamp":"1713122509000","source_system_id":"TRUST","original_data_source":"SMART"},"body":{"train_id":"651L54MY14","actual_timestamp":"1713126120000","loc_stanox":"59021","planned_timestamp":"1713125970000","planned_event_type":"DEPARTURE","event_type":"DEPARTURE","event_source":"AUTOMATIC","correction_ind":"false","offroute_ind":"false","direction_ind":"UP","line_ind":"P","route":"3","train_service_code":"22268000","division_code":"27","toc_id":"27","timetable_variation":"3","variation_status":"LATE","next_report_stanox":"59127","next_report_run_time":"5","train_terminated":"false","delay_monitoring_point":"true","reporting_stanox":"59021","auto_expected":"true"}},{"header":{"msg_type":"0003","msg_queue_timestamp":"1713122509000","source_system_id":"TRUST","original_data_source":"SMART"},"body":{"train_id":"692H67MY14","actual_timestamp":"1713126060000","loc_stanox":"65513","gbtt_timestamp":"1713125880000","planned_timestamp":"1713125910000","planned_event_type":"DEPARTURE","event_type":"DEPARTURE","event_source":"AUTOMATIC","correction_ind":"false","offroute_ind":"false","direction_ind":"DOWN","line_ind":"2","platform":" 2","route":"2","train_service_code":"12259320","division_code":"29","toc_id":"29","timetable_variation":"3","variation_status":"LATE","next_report_stanox":"65507","next_report_run_time":"2","train_terminated":"false","delay_monitoring_point":"false","reporting_stanox":"00000","auto_expected":"true"}}]