[{"header":{"msg_type":"0003","msg_queue_timestamp":"1713114836000","source_system_id":"TRUST","original_data_source":"SMART"},"body":{"train_id":"541H06MV14","actual_timestamp":"1713118380000","loc_stanox":"53221","planned_timestamp":"1713118470000","planned_event_type":"DEPARTURE","event_type":"DEPARTURE","event_source":"AUTOMATIC","correction_ind":"false","offroute_ind":"false","direction_ind":"DOWN","line_ind":"F","platform":"F","route":"1","train_service_code":"21750001","division_code":"55","toc_id":"55","timetable_variation":"1","variation_status":"EARLY","next_report_stanox":"45611","next_report_run_time":"5","train_terminated":"false","delay_monitoring_point":"true","reporting_stanox":"53221","auto_expected":"true"}},{"header":{"msg_type":"0003","msg_queue_timestamp":"1713114836000","source_system_id":"TRUST","original_data_source":"SMART"},"body":{"train_id":"512O51MW14","actual_timestamp":"1713118380000","loc_stanox":"51702","gbtt_timestamp":"1713118140000","planned_timestamp":"1713118140000","planned_event_type":"DEPARTURE","event_type":"DEPARTURE","event_source":"AUTOMATIC","correction_ind":"false","offroute_ind":"false","direction_ind":"UP","line_ind":"U","platform":" 2","route":"1","train_service_code":"21920000","division_code":"21","toc_id":"21","timetable_variation":"4","variation_status":"LATE","next_report_stanox":"51707","next_report_run_time":"4","train_terminated":"false","delay_monitoring_point":"true","reporting_stanox":"51702","auto_expected":"true"}},{"header":{"msg_type":"0003","msg_queue_timestamp":"1713114836000","source_system_id":"TRUST","original_data_source":"SMART"},"body":{"train_id":"542F48MV14","actual_timestamp":"1713118440000","loc_stanox":"53303","gbtt_timestamp":"1713118500000","planned_timestamp":"1713118470000","planned_event_type":"ARRIVAL","event_type":"ARRIVAL","event_source":"AUTOMATIC","correction_ind":"false","offroute_ind":"false","direction_ind":"DOWN","platform":" 2","route":"0","train_service_code":"21724000","division_code":"88","toc_id":"88","timetable_variation":"0","variation_status":"ON TIME","next_report_stanox":"53301","next_report_run_time":"1","train_terminated":"false","delay_monitoring_point":"false","reporting_stanox":"00000","auto_expected":"true"}},{"header":{"msg_type":"0003","msg_queue_timestamp":"1713114836000","source_system_id":"TRUST","original_data_source":"SMART"},"body":{"train_id":"471B97MV14","actual_timestamp":"1713118440000","loc_stanox":"51914","planned_timestamp":"1713118320000","planned_event_type":"ARRIVAL","event_type":"ARRIVAL","event_source":"AUTOMATIC","correction_ind":"false","offroute_ind":"false","route":"0","train_service_code":"21911000","division_code":"21","toc_id":"21","timetable_variation":"2","variation_status":"LATE","next_report_stanox":"51931","next_report_run_time":"1","train_terminated":"false","delay_monitoring_point":"true","reporting_stanox":"51914","auto_expected":"true"}},{"header":{"msg_type":"0003","msg_queue_timestamp":"1713114836000","source_system_id":"TRUST","original_data_source":"SMART"},"body":{"train_id":"509Y33MV14","actual_timestamp":"1713118380000","loc_stanox":"52085","gbtt_timestamp":"1713118380000","planned_timestamp":"1713118410000","planned_event_type":"DEPARTURE","event_type":"DEPARTURE","event_source":"AUTOMATIC","correction_ind":"false","offroute_ind":"false","direction_ind":"DOWN","route":"2","train_service_code":"21381001","division_code":"33","toc_id":"33","timetable_variation":"0","variation_status":"ON TIME","next_report_stanox":"52745","next_report_run_time":"2","train_terminated":"false","delay_monitoring_point":"false","reporting_stanox":"00000","auto_expected":"true"}},{"header":{"msg_type":"0003","msg_queue_timestamp":"1713114836000","source_system_id":"TRUST","original_data_source":"SMART"},"body":{"train_id":"872V561V14","actual_timestamp":"1713118380000","loc_stanox":"88315","planned_timestamp":"1713118470000","planned_event_type":"DEPARTURE","event_type":"DEPARTURE","event_source":"AUTOMATIC","correction_ind":"false","offroute_ind":"false","direction_ind":"DOWN","platform":" 3","route":"4","train_service_code":"24605004","division_code":"80","toc_id":"80","timetable_variation":"1","variation_status":"EARLY","next_report_stanox":"88476","next_report_run_time":"2","train_terminated":"false","delay_monitoring_point":"true","reporting_stanox":"88315","auto_expected":"true"}},{"header":{"msg_type":"0003","msg_queue_timestamp":"1713114836000","source_system_id":"TRUST","original_data_source":"SMART"},"body":{"train_id":"889F49MV14","actual_timestamp":"1713118440000","loc_stanox":"52082","gbtt_timestamp":"1713118500000","planned_timestamp":"1713118470000","planned_event_type":"ARRIVAL","event_type":"ARRIVAL","event_source":"AUTOMATIC","correction_ind":"false","offroute_ind":"false","direction_ind":"UP","platform":" 1","route":"0","train_service_code":"22218000","division_code":"30","toc_id":"30","timetable_variation":"0","variation_status":"ON TIME","next_report_stanox":"52080","next_report_run_time":"1","train_terminated":"false","delay_monitoring_point":"false","reporting_stanox":"00000","auto_expected":"true"}},{"header":{"msg_type":"0003","msg_queue_timestamp":"1713114836000","source_system_id":"TRUST","original_data_source":"SMART"},"body":{"train_id":"321G85MW14","actual_timestamp":"1713118440000","loc_stanox":"32536","planned_timestamp":"1713118440000","planned_event_type":"ARRIVAL","event_type":"ARRIVAL","event_source":"AUTOMATIC","correction_ind":"false","offroute_ind":"false","route":"0","train_service_code":"22180014","division_code":"27","toc_id":"27","timetable_variation":"0","variation_status":"ON TIME","next_report_stanox":"32537","next_report_run_time":"1","train_terminated":"false","delay_monitoring_point":"false","reporting_stanox":"00000","auto_expected":"true"}},{"header":{"msg_type":"0003","msg_queue_timestamp":"1713114836000","source_system_id":"TRUST","original_data_source":"GPS","user_id":"GPSI08"},"body":{"train_id":"119M59MR14","actual_timestamp":"1713118320000","loc_stanox":"30116","planned_timestamp":"1713118320000","planned_event_type":"DEPARTURE","event_type":"DEPARTURE","event_source":"MANUAL","correction_ind":"false","offroute_ind":"false","train_service_code":"22114001","division_code":"65","toc_id":"65","timetable_variation":"0","variation_status":"ON TIME","next_report_stanox":"30120","next_report_run_time":"1","train_terminated":"false","delay_monitoring_point":"false","reporting_stanox":"00000"}},{"header":{"msg_type":"0003","msg_queue_timestamp":"1713114836000","source_system_id":"TRUST","original_data_source":"GPS","user_id":"GPSN04"},"body":{"train_id":"401K05MU14","actual_timestamp":"1713118380000","loc_stanox":"40045","gbtt_timestamp":"1713118440000","planned_timestamp":"1713118440000","planned_event_type":"ARRIVAL","event_type":"ARRIVAL","event_source":"MANUAL","correction_ind":"false","offroute_ind":"false","route":"0","train_service_code":"22340000","division_code":"71","toc_id":"71","timetable_variation":"1","variation_status":"EARLY","next_report_stanox":"40050","next_report_run_time":"2","train_terminated":"false","delay_monitoring_point":"false","reporting_stanox":"00000"}},{"header":{"msg_type":"0003","msg_queue_timestamp":"1713114836000","source_system_id":"TRUST","original_data_source":"GPS","user_id":"GPSI07"},"body":{"train_id":"872M56MW14","actual_timestamp":"1713118380000","loc_stanox":"87403","gbtt_timestamp":"1713118440000","planned_timestamp":"1713118410000","planned_event_type":"ARRIVAL","event_type":"ARRIVAL","event_source":"MANUAL","correction_ind":"false","offroute_ind":"false","route":"0","train_service_code":"24673405","division_code":"84","toc_id":"84","timetable_variation":"0","variation_status":"ON TIME","next_report_stanox":"87400","next_report_run_time":"1","train_terminated":"false","delay_monitoring_point":"false","reporting_stanox":"00000","auto_expected":"true"}},{"header":{"msg_type":"0003","msg_queue_timestamp":"1713114836000","source_system_id":"TRUST","original_data_source":"GPS","user_id":"GPSN04"},"body":{"train_id":"642I28MV14","actual_timestamp":"1713118380000","loc_stanox":"64426","gbtt_timestamp":"1713118260000","planned_timestamp":"1713118320000","planned_event_type":"DEPARTURE","event_type":"DEPARTURE","event_source":"MANUAL","correction_ind":"false","offroute_ind":"false","train_service_code":"22335000","division_code":"71","toc_id":"71","timetable_variation":"1","variation_status":"LATE","next_report_stanox":"64425","next_report_run_time":"2","train_terminated":"false","delay_monitoring_point":"false","reporting_stanox":"00000"}},{"header":{"msg_type":"0003","msg_queue_timestamp":"1713114836000","source_system_id":"TRUST","original_data_source":"GPS","user_id":"GPSN04"},"body":{"train_id":"782R16MV14","actual_timestamp":"1713118380000","loc_stanox":"78380","gbtt_timestamp":"1713118440000","planned_timestamp":"1713118440000","planned_event_type":"ARRIVAL","event_type":"ARRIVAL","event_source":"MANUAL","correction_ind":"false","offroute_ind":"false","route":"0","train_service_code":"25443000","division_code":"71","toc_id":"71","timetable_variation":"1","variation_status":"EARLY","next_report_stanox":"78378","next_report_run_time":"1","train_terminated":"false","delay_monitoring_point":"false","reporting_stanox":"00000","auto_expected":"true"}},{"header":{"msg_type":"0003","msg_queue_timestamp":"1713114837000","source_system_id":"TRUST","original_data_source":"GPS","user_id":"GPSI06"},"body":{"train_id":"731W49MR14","actual_timestamp":"1713118380000","loc_stanox":"67209","gbtt_timestamp":"1713118320000","planned_timestamp":"1713118320000","planned_event_type":"ARRIVAL","event_type":"ARRIVAL","event_source":"MANUAL","correction_ind":"false","offroute_ind":"false","route":"0","train_service_code":"25392003","division_code":"25","toc_id":"25","timetable_variation":"1","variation_status":"LATE","next_report_stanox":"67214","next_report_run_time":"1","train_terminated":"false","delay_monitoring_point":"false","reporting_stanox":"00000"}},{"header":{"msg_type":"0003","msg_queue_timestamp":"1713114837000","source_system_id":"TRUST","original_data_source":"SMART"},"body":{"train_id":"442L66MV14","actual_timestamp":"1713118380000","loc_stanox":"55507","planned_timestamp":"1713118410000","planned_event_type":"DEPARTURE","event_type":"DEPARTURE","event_source":"AUTOMATIC","correction_ind":"false","offroute_ind":"false","direction_ind":"UP","line_ind":"N","platform":" 1","route":"1","train_service_code":"22277000","division_code":"28","toc_id":"28","timetable_variation":"0","variation_status":"ON TIME","next_report_stanox":"55501","next_report_run_time":"6","train_terminated":"false","delay_monitoring_point":"false","reporting_stanox":"00000","auto_expected":"true"}},{"header":{"msg_type":"0003","msg_queue_timestamp":"1713114837000","source_system_id":"TRUST","original_data_source":"GPS","user_id":"GPSI06"},"body":{"train_id":"832T27MV14","actual_timestamp":"1713118380000","loc_stanox":"83476","gbtt_timestamp":"1713118380000","planned_timestamp":"1713118410000","planned_event_type":"ARRIVAL","event_type":"ARRIVAL","event_source":"MANUAL","correction_ind":"false","offroute_ind":"false","route":"0","train_service_code":"25482001","division_code":"25","toc_id":"25","timetable_variation":"0","variation_status":"ON TIME","next_report_stanox":"83449","next_report_run_time":"1","train_terminated":"false","delay_monitoring_point":"false","reporting_stanox":"00000"}},{"header":{"msg_type":"0003","msg_queue_timestamp":"1713114837000","source_system_id":"TRUST","original_data_source":"GPS","user_id":"GPSN02"},"body":{"train_id":"672S18MS14","actual_timestamp":"1713118380000","loc_stanox":"66449","gbtt_timestamp":"1713118500000","planned_timestamp":"1713118470000","planned_event_type":"ARRIVAL","event_type":"ARRIVAL","event_source":"MANUAL","correction_ind":"false","offroute_ind":"false","route":"0","train_service_code":"22332000","division_code":"29","toc_id":"29","timetable_variation":"1","variation_status":"EARLY","next_report_stanox":"66451","next_report_run_time":"2","train_terminated":"false","delay_monitoring_point":"false","reporting_stanox":"00000","auto_expected":"true"}},{"header":{"msg_type":"0003","msg_queue_timestamp":"1713114837000","source_system_id":"TRUST","original_data_source":"SMART"},"body":{"train_id":"841S53MM14","actual_timestamp":"1713118500000","loc_stanox":"57435","planned_timestamp":"1713118770000","planned_event_type":"ARRIVAL","event_type":"ARRIVAL","event_source":"AUTOMATIC","correction_ind":"false","offroute_ind":"false","route":"0","train_service_code":"22180012","division_code":"27","toc_id":"27","timetable_variation":"4","variation_status":"EARLY","next_report_stanox":"57406","next_report_run_time":"4","train_terminated":"false","delay_monitoring_point":"false","reporting_stanox":"00000","auto_expected":"true"}},{"header":{"msg_type":"0003","msg_queue_timestamp":"1713114837000","source_system_id":"TRUST","original_data_source":"GPS","user_id":"GPSI01"},"body":{"train_id":"541S19MN14","actual_timestamp":"1713118380000","loc_stanox":"04811","planned_timestamp":"1713117240000","planned_event_type":"DEPARTURE","event_type":"DEPARTURE","event_source":"MANUAL","correction_ind":"false","offroute_ind":"false","train_service_code":"21700001","division_code":"61","toc_id":"61","timetable_variation":"19","variation_status":"LATE","next_report_stanox":"04730","next_report_run_time":"3","train_terminated":"false","delay_monitoring_point":"false","reporting_stanox":"00000","auto_expected":"true"}},{"header":{"msg_type":"0003","msg_queue_timestamp":"1713114837000","source_system_id":"TRUST","original_data_source":"GPS","user_id":"GPSN01"},"body":{"train_id":"152D19MT14","actual_timestamp":"1713118380000","loc_stanox":"15831","gbtt_timestamp":"1713118320000","planned_timestamp":"1713118350000","planned_event_type":"DEPARTURE","event_type":"DEPARTURE","event_source":"MANUAL","correction_ind":"false","offroute_ind":"false","train_service_code":"21801000","division_code":"23","toc_id":"23","timetable_variation":"1","variation_status":"LATE","next_report_stanox":"15826","next_report_run_time":"6","train_terminated":"false","delay_monitoring_point":"false","reporting_stanox":"00000","auto_expected":"true"}},{"header":{"msg_type":"0003","msg_queue_timestamp":"1713114837000","source_system_id":"TRUST","original_data_source":"SMART"},"body":{"train_id":"652A45MU14","actual_timestamp":"1713118440000","loc_stanox":"65669","gbtt_timestamp":"1713118500000","planned_timestamp":"1713118500000","planned_event_type":"ARRIVAL","event_type":"ARRIVAL","event_source":"AUTOMATIC","correction_ind":"false","offroute_ind":"false","direction_ind":"DOWN","platform":" 2","route":"0","train_service_code":"12256320","division_code":"29","toc_id":"29","timetable_variation":"1","variation_status":"EARLY","next_report_stanox":"65671","next_report_run_time":"2","train_terminated":"false","delay_monitoring_point":"false","reporting_stanox":"00000","auto_expected":"true"}},{"header":{"msg_type":"0003","msg_queue_timestamp":"1713114837000","source_system_id":"TRUST","original_data_source":"SMART"},"body":{"train_id":"739W06MU14","actual_timestamp":"1713118380000","loc_stanox":"50438","gbtt_timestamp":"1713118380000","planned_timestamp":"1713118410000","planned_event_type":"DEPARTURE","event_type":"DEPARTURE","event_source":"AUTOMATIC","correction_ind":"false","offroute_ind":"false","direction_ind":"DOWN","platform":" 2","route":"2","train_service_code":"21381901","division_code":"33","toc_id":"33","timetable_variation":"0","variation_status":"ON TIME","next_report_stanox":"50435","next_report_run_time":"2","train_terminated":"false","delay_monitoring_point":"false","reporting_stanox":"00000","auto_expected":"true"}},{"header":{"msg_type":"0003","msg_queue_timestamp":"1713114837000","source_system_id":"TRUST","original_data_source":"SDR","user_id":"#QLP3050","source_dev_id":"VC8L"},"body":{"train_id":"061Y28MW14","actual_timestamp":"1713118260000","loc_stanox":"06041","gbtt_timestamp":"1713118260000","planned_timestamp":"1713118260000","planned_event_type":"DEPARTURE","event_type":"DEPARTURE","event_source":"MANUAL","correction_ind":"false","offroute_ind":"false","train_service_code":"23545003","division_code":"60","toc_id":"60","timetable_variation":"0","variation_status":"ON TIME","next_report_stanox":"06046","next_report_run_time":"11","train_terminated":"false","delay_monitoring_point":"true","reporting_stanox":"06041","auto_expected":"false"}},{"header":{"msg_type":"0003","msg_queue_timestamp":"1713114837000","source_system_id":"TRUST","original_data_source":"SMART"},"body":{"train_id":"541S19MN14","actual_timestamp":"1713118380000","loc_stanox":"04811","planned_timestamp":"1713117240000","planned_event_type":"DEPARTURE","event_type":"DEPARTURE","event_source":"AUTOMATIC","correction_ind":"false","offroute_ind":"false","direction_ind":"DOWN","platform":" 2","route":"2","train_service_code":"21700001","division_code":"61","toc_id":"61","timetable_variation":"19","variation_status":"LATE","next_report_stanox":"04730","next_report_run_time":"3","train_terminated":"false","delay_monitoring_point":"false","reporting_stanox":"00000","auto_expected":"true"}},{"header":{"msg_type":"0003","msg_queue_timestamp":"1713114837000","source_system_id":"TRUST","original_data_source":"SMART"},"body":{"train_id":"771F31MV14","actual_timestamp":"1713118380000","loc_stanox":"81118","planned_timestamp":"1713118320000","planned_event_type":"DEPARTURE","event_type":"DEPARTURE","event_source":"AUTOMATIC","correction_ind":"false","offroute_ind":"false","direction_ind":"UP","platform":" 1","route":"2","train_service_code":"25470001","division_code":"25","toc_id":"25","timetable_variation":"1","variation_status":"LATE","next_report_stanox":"81116","next_report_run_time":"4","train_terminated":"false","delay_monitoring_point":"true","reporting_stanox":"81118","auto_expected":"true"}},{"header":{"msg_type":"0003","msg_queue_timestamp":"1713114838000","source_system_id":"TRUST","original_data_source":"SMART"},"body":{"train_id":"072N36MV14","actual_timestamp":"1713118380000","loc_stanox":"07563","gbtt_timestamp":"1713118380000","planned_timestamp":"1713118410000","planned_event_type":"DEPARTURE","event_type":"DEPARTURE","event_source":"AUTOMATIC","correction_ind":"false","offroute_ind":"false","direction_ind":"UP","platform":" 2","route":"1","train_service_code":"13562015","division_code":"60","toc_id":"60","timetable_variation":"0","variation_status":"ON TIME","next_report_stanox":"07561","next_report_run_time":"2","train_terminated":"false","delay_monitoring_point":"false","reporting_stanox":"00000","auto_expected":"true"}},{"header":{"msg_type":"0003","msg_queue_timestamp":"1713114838000","source_system_id":"TRUST","original_data_source":"SMART"},"body":{"train_id":"072N36MV14","actual_timestamp":"1713118500000","loc_stanox":"07561","gbtt_timestamp":"1713118560000","planned_timestamp":"1713118530000","planned_event_type":"ARRIVAL","event_type":"ARRIVAL","event_source":"AUTOMATIC","correction_ind":"false","offroute_ind":"false","direction_ind":"UP","platform":" 2","route":"0","train_service_code":"13562015","division_code":"60","toc_id":"60","timetable_variation":"0","variation_status":"ON TIME","next_report_stanox":"07237","next_report_run_time":"1","train_terminated":"false","delay_monitoring_point":"false","reporting_stanox":"00000","auto_expected":"true"}},{"header":{"msg_type":"0003","msg_queue_timestamp":"1713114838000","source_system_id":"TRUST","original_data_source":"SDR","user_id":"#QRPETNM","source_dev_id":"VDKF"},"body":{"train_id":"322S80MV14","actual_timestamp":"1713118380000","loc_stanox":"32557","planned_timestamp":"1713118290000","planned_event_type":"DEPARTURE","event_type":"DEPARTURE","event_source":"MANUAL","correction_ind":"false","offroute_ind":"false","train_service_code":"12226820","division_code":"23","toc_id":"23","timetable_variation":"2","variation_status":"LATE","next_report_stanox":"34001","next_report_run_time":"5","train_terminated":"false","delay_monitoring_point":"false","reporting_stanox":"00000"}},{"header":{"msg_type":"0003","msg_queue_timestamp":"1713114838000","source_system_id":"TRUST","original_data_source":"SDR","user_id":"#QLP3336","source_dev_id":"VDHW"},"body":{"train_id":"081A21MV14","actual_timestamp":"1713118380000","loc_stanox":"07222","planned_timestamp":"1713118380000","planned_event_type":"DEPARTURE","event_type":"DEPARTURE","event_source":"MANUAL","correction_ind":"false","offroute_ind":"false","train_service_code":"13568015","division_code":"60","toc_id":"60","timetable_variation":"0","variation_status":"ON TIME","next_report_stanox":"07224","next_report_run_time":"7","train_terminated":"false","delay_monitoring_point":"false","reporting_stanox":"00000"}},{"header":{"msg_type":"0003","msg_queue_timestamp":"1713114839000","source_system_id":"TRUST","original_data_source":"SMART"},"body":{"train_id":"672S20MU14","actual_timestamp":"1713118440000","loc_stanox":"65908","planned_timestamp":"1713118410000","planned_event_type":"DEPARTURE","event_type":"DEPARTURE","event_source":"AUTOMATIC","correction_ind":"false","offroute_ind":"false","direction_ind":"UP","line_ind":"S","route":"3","train_service_code":"22332000","division_code":"29","toc_id":"29","timetable_variation":"1","variation_status":"LATE","next_report_stanox":"65900","next_report_run_time":"1","train_terminated":"false","delay_monitoring_point":"false","reporting_stanox":"00000","auto_expected":"true"}},{"header":{"msg_type":"0003","msg_queue_timestamp":"1713114839000","source_system_id":"TRUST","original_data_source":"SMART"},"body":{"train_id":"672S20MU14","actual_timestamp":"1713118440000","loc_stanox":"65900","gbtt_timestamp":"1713118440000","planned_timestamp":"1713118440000","planned_event_type":"ARRIVAL","event_type":"ARRIVAL","event_source":"AUTOMATIC","correction_ind":"false","offroute_ind":"false","direction_ind":"UP","route":"0","train_service_code":"22332000","division_code":"29","toc_id":"29","timetable_variation":"0","variation_status":"ON TIME","next_report_stanox":"65196","next_report_run_time":"1","train_terminated":"false","delay_monitoring_point":"false","reporting_stanox":"00000","auto_expected":"true"}},{"header":{"msg_type":"0003","msg_queue_timestamp":"1713114839000","source_system_id":"TRUST","original_data_source":"SMART"},"body":{"train_id":"321O28MU14","actual_timestamp":"1713118380000","loc_stanox":"42305","planned_timestamp":"1713118470000","planned_event_type":"DEPARTURE","event_type":"DEPARTURE","event_source":"AUTOMATIC","correction_ind":"false","offroute_ind":"false","direction_ind":"UP","line_ind":"N","route":"1","train_service_code":"22180014","division_code":"27","toc_id":"27","timetable_variation":"1","variation_status":"EARLY","next_report_stanox":"42304","next_report_run_time":"2","train_terminated":"false","delay_monitoring_point":"false","reporting_stanox":"00000","auto_expected":"true"}}]