[{"header":{"msg_type":"0003","msg_queue_timestamp":"1713733130000","source_system_id":"TRUST","original_data_source":"SMART"},"body":{"train_id":"721P06MZ21","actual_timestamp":"1713736740000","loc_stanox":"70070","planned_timestamp":"1713736770000","planned_event_type":"DEPARTURE","event_type":"DEPARTURE","event_source":"AUTOMATIC","correction_ind":"false","offroute_ind":"false","direction_ind":"DOWN","line_ind":"F","route":"1","train_service_code":"22112001","division_code":"65","toc_id":"65","timetable_variation":"0","variation_status":"ON TIME","next_report_stanox":"70030","next_report_run_time":"2","train_terminated":"false","delay_monitoring_point":"false","reporting_stanox":"00000","auto_expected":"true"}}]