[{"header":{"msg_type":"0003","msg_queue_timestamp":"1713134156000","source_system_id":"TRUST","original_data_source":"SMART"},"body":{"train_id":"382N60M914","actual_timestamp":"1713137700000","loc_stanox":"38153","gbtt_timestamp":"1713137760000","planned_timestamp":"1713137790000","planned_event_type":"DEPARTURE","event_type":"DEPARTURE","event_source":"AUTOMATIC","correction_ind":"false","offroute_ind":"false","direction_ind":"UP","platform":" 1","route":"2","train_service_code":"12305012","division_code":"64","toc_id":"64","timetable_variation":"1","variation_status":"EARLY","next_report_stanox":"38157","next_report_run_time":"2","train_terminated":"false","delay_monitoring_point":"false","reporting_stanox":"00000","auto_expected":"true"}},{"header":{"msg_type":"0003","msg_queue_timestamp":"1713134156000","source_system_id":"TRUST","original_data_source":"SMART"},"body":{"train_id":"382W58M914","actual_timestamp":"1713137700000","loc_stanox":"38183","gbtt_timestamp":"1713137700000","planned_timestamp":"1713137700000","planned_event_type":"DEPARTURE","event_type":"DEPARTURE","event_source":"AUTOMATIC","correction_ind":"false","offroute_ind":"false","direction_ind":"UP","platform":" 3","route":"1","train_service_code":"12305012","division_code":"64","toc_id":"64","timetable_variation":"0","variation_status":"ON TIME","next_report_stanox":"38184","next_report_run_time":"1","train_terminated":"false","delay_monitoring_point":"true","reporting_stanox":"38183","auto_expected":"true"}},{"header":{"msg_type":"0003","msg_queue_timestamp":"1713134156000","source_system_id":"TRUST","original_data_source":"SMART"},"body":{"train_id":"652H73M814","actual_timestamp":"1713137700000","loc_stanox":"65504","gbtt_timestamp":"1713137520000","planned_timestamp":"1713137520000","planned_event_type":"DEPARTURE","event_type":"DEPARTURE","event_source":"AUTOMATIC","correction_ind":"false","offroute_ind":"false","direction_ind":"DOWN","route":"2","train_service_code":"22263110","division_code":"29","toc_id":"29","timetable_variation":"3","variation_status":"LATE","next_report_stanox":"65509","next_report_run_time":"1","train_terminated":"false","delay_monitoring_point":"true","reporting_stanox":"65504","auto_expected":"true"}},{"header":{"msg_type":"0003","msg_queue_timestamp":"1713134156000","source_system_id":"TRUST","original_data_source":"SMART"},"body":{"train_id":"512U93M914","actual_timestamp":"1713137760000","loc_stanox":"51955","gbtt_timestamp":"1713137760000","planned_timestamp":"1713137760000","planned_event_type":"ARRIVAL","event_type":"ARRIVAL","event_source":"AUTOMATIC","correction_ind":"false","offroute_ind":"false","direction_ind":"UP","platform":" 1","route":"0","train_service_code":"21234001","division_code":"30","toc_id":"30","timetable_variation":"0","variation_status":"ON TIME","next_report_stanox":"51961","next_report_run_time":"1","train_terminated":"false","delay_monitoring_point":"true","reporting_stanox":"51955","auto_expected":"true"}},{"header":{"msg_type":"0003","msg_queue_timestamp":"1713134156000","source_system_id":"TRUST","original_data_source":"SMART"},"body":{"train_id":"522W08M914","actual_timestamp":"1713137700000","loc_stanox":"50423","gbtt_timestamp":"1713137700000","planned_timestamp":"1713137760000","planned_event_type":"DEPARTURE","event_type":"DEPARTURE","event_source":"AUTOMATIC","correction_ind":"false","offroute_ind":"false","direction_ind":"DOWN","line_ind":"E","platform":" 4","route":"1","train_service_code":"21381001","division_code":"33","toc_id":"33","timetable_variation":"1","variation_status":"EARLY","next_report_stanox":"50417","next_report_run_time":"2","train_terminated":"false","delay_monitoring_point":"true","reporting_stanox":"50423","auto_expected":"true"}},{"header":{"msg_type":"0003","msg_queue_timestamp":"1713134156000","source_system_id":"TRUST","original_data_source":"SMART"},"body":{"train_id":"522T38M914","actual_timestamp":"1713137700000","loc_stanox":"52729","gbtt_timestamp":"1713137760000","planned_timestamp":"1713137760000","planned_event_type":"DEPARTURE","event_type":"DEPARTURE","event_source":"AUTOMATIC","correction_ind":"false","offroute_ind":"false","direction_ind":"DOWN","line_ind":"D","platform":" 2","route":"2","train_service_code":"21235001","division_code":"30","toc_id":"30","timetable_variation":"1","variation_status":"EARLY","next_report_stanox":"52732","next_report_run_time":"2","train_terminated":"false","delay_monitoring_point":"false","reporting_stanox":"00000","auto_expected":"true"}},{"header":{"msg_type":"0003","msg_queue_timestamp":"1713134156000","source_system_id":"TRUST","original_data_source":"SMART"},"body":{"train_id":"722N56M914","actual_timestamp":"1713137700000","loc_stanox":"72420","gbtt_timestamp":"1713137700000","planned_timestamp":"1713137700000","planned_event_type":"DEPARTURE","event_type":"DEPARTURE","event_source":"AUTOMATIC","correction_ind":"false","offroute_ind":"false","direction_ind":"UP","platform":" 2","route":"2","train_service_code":"22214000","division_code":"30","toc_id":"30","timetable_variation":"0","variation_status":"ON TIME","next_report_stanox":"72421","next_report_run_time":"2","train_terminated":"false","delay_monitoring_point":"false","reporting_stanox":"00000","auto_expected":"true"}},{"header":{"msg_type":"0003","msg_queue_timestamp":"1713134158000","source_system_id":"TRUST","original_data_source":"SMART"},"body":{"train_id":"892K84M714","actual_timestamp":"1713137640000","loc_stanox":"88487","gbtt_timestamp":"1713137640000","planned_timestamp":"1713137670000","planned_event_type":"DEPARTURE","event_type":"DEPARTURE","event_source":"AUTOMATIC","correction_ind":"false","offroute_ind":"false","direction_ind":"UP","platform":" 1","route":"1","train_service_code":"24604004","division_code":"80","toc_id":"80","timetable_variation":"0","variation_status":"ON TIME","next_report_stanox":"88499","next_report_run_time":"1","train_terminated":"false","delay_monitoring_point":"false","reporting_stanox":"00000","auto_expected":"true"}},{"header":{"msg_type":"0003","msg_queue_timestamp":"1713134158000","source_system_id":"TRUST","original_data_source":"SMART"},"body":{"train_id":"062H86M814","actual_timestamp":"1713137700000","loc_stanox":"06712","gbtt_timestamp":"1713137400000","planned_timestamp":"1713137430000","planned_event_type":"DEPARTURE","event_type":"DEPARTURE","event_source":"AUTOMATIC","correction_ind":"false","offroute_ind":"false","direction_ind":"DOWN","platform":" 2","route":"1","train_service_code":"13560015","division_code":"60","toc_id":"60","timetable_variation":"5","variation_status":"LATE","next_report_stanox":"06714","next_report_run_time":"4","train_terminated":"false","delay_monitoring_point":"false","reporting_stanox":"00000","auto_expected":"true"}},{"header":{"msg_type":"0003","msg_queue_timestamp":"1713134158000","source_system_id":"TRUST","original_data_source":"SMART"},"body":{"train_id":"361H54M914","actual_timestamp":"1713137760000","loc_stanox":"35439","planned_timestamp":"1713137640000","planned_event_type":"ARRIVAL","event_type":"ARRIVAL","event_source":"AUTOMATIC","correction_ind":"false","offroute_ind":"false","route":"0","train_service_code":"11817020","division_code":"20","toc_id":"20","timetable_variation":"2","variation_status":"LATE","next_report_stanox":"35449","next_report_run_time":"1","train_terminated":"false","delay_monitoring_point":"false","reporting_stanox":"00000","auto_expected":"true"}},{"header":{"msg_type":"0003","msg_queue_timestamp":"1713134158000","source_system_id":"TRUST","original_data_source":"SMART"},"body":{"train_id":"072F69M814","actual_timestamp":"1713137760000","loc_stanox":"07275","gbtt_timestamp":"1713137820000","planned_timestamp":"1713137790000","planned_event_type":"ARRIVAL","event_type":"ARRIVAL","event_source":"AUTOMATIC","correction_ind":"false","offroute_ind":"false","direction_ind":"DOWN","platform":" 2","route":"0","train_service_code":"23563015","division_code":"60","toc_id":"60","timetable_variation":"0","variation_status":"ON TIME","next_report_stanox":"06362","next_report_run_time":"2","train_terminated":"false","delay_monitoring_point":"false","reporting_stanox":"00000","auto_expected":"true"}},{"header":{"msg_type":"0003","msg_queue_timestamp":"1713134158000","source_system_id":"TRUST","original_data_source":"SMART"},"body":{"train_id":"892K84M714","actual_timestamp":"1713137760000","loc_stanox":"88499","planned_timestamp":"1713137730000","planned_event_type":"DEPARTURE","event_type":"DEPARTURE","event_source":"AUTOMATIC","correction_ind":"false","offroute_ind":"false","direction_ind":"UP","line_ind":"R","route":"2","train_service_code":"24604004","division_code":"80","toc_id":"80","timetable_variation":"1","variation_status":"LATE","next_report_stanox":"88480","next_report_run_time":"3","train_terminated":"false","delay_monitoring_point":"true","reporting_stanox":"88499","auto_expected":"true"}},{"header":{"msg_type":"0003","msg_queue_timestamp":"1713134158000","source_system_id":"TRUST","original_data_source":"SMART"},"body":{"train_id":"722I02M814","actual_timestamp":"1713137700000","loc_stanox":"72033","gbtt_timestamp":"1713137640000","planned_timestamp":"1713137670000","planned_event_type":"DEPARTURE","event_type":"DEPARTURE","event_source":"AUTOMATIC","correction_ind":"false","offroute_ind":"false","direction_ind":"DOWN","platform":" 2","route":"1","train_service_code":"24680004","division_code":"91","toc_id":"91","timetable_variation":"1","variation_status":"LATE","next_report_stanox":"72031","next_report_run_time":"3","train_terminated":"false","delay_monitoring_point":"false","reporting_stanox":"00000","auto_expected":"true"}},{"header":{"msg_type":"0003","msg_queue_timestamp":"1713134158000","source_system_id":"TRUST","original_data_source":"SMART"},"body":{"train_id":"541P74M914","actual_timestamp":"1713137760000","loc_stanox":"54001","planned_timestamp":"1713137790000","planned_event_type":"ARRIVAL","event_type":"ARRIVAL","event_source":"AUTOMATIC","correction_ind":"false","offroute_ind":"false","route":"0","train_service_code":"22727100","division_code":"88","toc_id":"88","timetable_variation":"0","variation_status":"ON TIME","next_report_stanox":"53401","next_report_run_time":"1","train_terminated":"false","delay_monitoring_point":"true","reporting_stanox":"54001","auto_expected":"true"}},{"header":{"msg_type":"0003","msg_queue_timestamp":"1713134158000","source_system_id":"TRUST","original_data_source":"SMART"},"body":{"train_id":"542B72M914","actual_timestamp":"1713137760000","loc_stanox":"53309","gbtt_timestamp":"1713137820000","planned_timestamp":"1713137820000","planned_event_type":"ARRIVAL","event_type":"ARRIVAL","event_source":"AUTOMATIC","correction_ind":"false","offroute_ind":"false","direction_ind":"DOWN","platform":" 2","route":"0","train_service_code":"21724000","division_code":"88","toc_id":"88","timetable_variation":"1","variation_status":"EARLY","next_report_stanox":"53307","next_report_run_time":"1","train_terminated":"false","delay_monitoring_point":"false","reporting_stanox":"00000","auto_expected":"true"}},{"header":{"msg_type":"0003","msg_queue_timestamp":"1713134158000","source_system_id":"TRUST","original_data_source":"SMART"},"body":{"train_id":"722D68M814","actual_timestamp":"1713137820000","loc_stanox":"72001","gbtt_timestamp":"1713137160000","planned_timestamp":"1713137130000","planned_event_type":"ARRIVAL","event_type":"ARRIVAL","event_source":"AUTOMATIC","correction_ind":"false","offroute_ind":"false","direction_ind":"DOWN","platform":" 2","route":"0","train_service_code":"22216000","division_code":"30","toc_id":"30","timetable_variation":"12","variation_status":"LATE","next_report_stanox":"72002","next_report_run_time":"1","train_terminated":"false","delay_monitoring_point":"false","reporting_stanox":"00000","auto_expected":"true"}},{"header":{"msg_type":"0003","msg_queue_timestamp":"1713134158000","source_system_id":"TRUST","original_data_source":"SMART"},"body":{"train_id":"879V92M814","actual_timestamp":"1713137820000","loc_stanox":"63201","gbtt_timestamp":"1713137760000","planned_timestamp":"1713137730000","planned_event_type":"ARRIVAL","event_type":"ARRIVAL","event_source":"AUTOMATIC","correction_ind":"false","offroute_ind":"false","direction_ind":"DOWN","platform":" 2","route":"0","train_service_code":"22722000","division_code":"88","toc_id":"88","timetable_variation":"2","variation_status":"LATE","next_report_stanox":"62423","next_report_run_time":"1","train_terminated":"false","delay_monitoring_point":"true","reporting_stanox":"63201","auto_expected":"true"}},{"header":{"msg_type":"0003","msg_queue_timestamp":"1713134158000","source_system_id":"TRUST","original_data_source":"SMART"},"body":{"train_id":"722D68M814","actual_timestamp":"1713137700000","loc_stanox":"72004","gbtt_timestamp":"1713136980000","planned_timestamp":"1713136980000","planned_event_type":"DEPARTURE","event_type":"DEPARTURE","event_source":"AUTOMATIC","correction_ind":"false","offroute_ind":"false","direction_ind":"DOWN","platform":" 1","route":"1","train_service_code":"22216000","division_code":"30","toc_id":"30","timetable_variation":"12","variation_status":"LATE","next_report_stanox":"72001","next_report_run_time":"2","train_terminated":"false","delay_monitoring_point":"false","reporting_stanox":"00000","auto_expected":"true"}},{"header":{"msg_type":"0001","msg_queue_timestamp":"1713134158000","source_system_id":"TRUST","original_data_source":"TSIA"},"body":{"train_id":"590Z411A15","toc_id":"54","schedule_wtt_id":"0Z411","sched_origin_stanox":"59239","creation_timestamp":"1713137758000","origin_dep_timestamp":"1713165120000","train_uid":"R09949","schedule_start_date":"2024-04-15","schedule_end_date":"2024-04-15","schedule_source":"C","schedule_type":"N","d1266_record_number":"00000","tp_origin_timestamp":"2024-04-15","train_call_type":"MANUAL","train_call_mode":"NORMAL","train_service_code":"55460092"}},{"header":{"msg_type":"0003","msg_queue_timestamp":"1713134158000","source_system_id":"TRUST","original_data_source":"SMART"},"body":{"train_id":"629W19M914","actual_timestamp":"1713137640000","loc_stanox":"62410","gbtt_timestamp":"1713137700000","planned_timestamp":"1713137730000","planned_event_type":"DEPARTURE","event_type":"DEPARTURE","event_source":"AUTOMATIC","correction_ind":"false","offroute_ind":"false","direction_ind":"UP","line_ind":"F","platform":" 3","route":"1","train_service_code":"22720000","division_code":"88","toc_id":"88","timetable_variation":"1","variation_status":"EARLY","next_report_stanox":"62422","next_report_run_time":"5","train_terminated":"false","delay_monitoring_point":"false","reporting_stanox":"00000","auto_expected":"true"}},{"header":{"msg_type":"0003","msg_queue_timestamp":"1713134158000","source_system_id":"TRUST","original_data_source":"SMART"},"body":{"train_id":"722Y06M914","actual_timestamp":"1713137820000","loc_stanox":"87219","gbtt_timestamp":"1713137940000","planned_timestamp":"1713137820000","planned_event_type":"DESTINATION","event_type":"ARRIVAL","event_source":"AUTOMATIC","correction_ind":"false","offroute_ind":"false","direction_ind":"DOWN","platform":" 1","route":"0","train_service_code":"22204000","division_code":"30","toc_id":"30","timetable_variation":"0","variation_status":"ON TIME","train_terminated":"true","delay_monitoring_point":"true","reporting_stanox":"87219","auto_expected":"true"}},{"header":{"msg_type":"0003","msg_queue_timestamp":"1713134158000","source_system_id":"TRUST","original_data_source":"SMART"},"body":{"train_id":"871S64M714","actual_timestamp":"1713137700000","loc_stanox":"89470","gbtt_timestamp":"1713137760000","planned_timestamp":"1713137760000","planned_event_type":"DEPARTURE","event_type":"DEPARTURE","event_source":"AUTOMATIC","correction_ind":"false","offroute_ind":"false","direction_ind":"DOWN","platform":" 2","route":"2","train_service_code":"24604004","division_code":"80","toc_id":"80","timetable_variation":"1","variation_status":"EARLY","next_report_stanox":"89473","next_report_run_time":"3","train_terminated":"false","delay_monitoring_point":"false","reporting_stanox":"00000","auto_expected":"true"}},{"header":{"msg_type":"0003","msg_queue_timestamp":"1713134158000","source_system_id":"TRUST","original_data_source":"SMART"},"body":{"train_id":"872C77M914","actual_timestamp":"1713137760000","loc_stanox":"87122","planned_timestamp":"1713137760000","planned_event_type":"DEPARTURE","event_type":"DEPARTURE","event_source":"AUTOMATIC","correction_ind":"false","offroute_ind":"false","direction_ind":"DOWN","route":"2","train_service_code":"24672104","division_code":"84","toc_id":"84","timetable_variation":"0","variation_status":"ON TIME","next_report_stanox":"87121","next_report_run_time":"2","train_terminated":"false","delay_monitoring_point":"false","reporting_stanox":"00000","auto_expected":"true"}},{"header":{"msg_type":"0003","msg_queue_timestamp":"1713134159000","source_system_id":"TRUST","original_data_source":"SMART"},"body":{"train_id":"175E73M914","actual_timestamp":"1713137760000","loc_stanox":"18034","planned_timestamp":"1713138240000","planned_event_type":"DEPARTURE","event_type":"DEPARTURE","event_source":"AUTOMATIC","correction_ind":"false","offroute_ind":"false","direction_ind":"DOWN","line_ind":"G","route":"4","train_service_code":"22185002","division_code":"27","toc_id":"27","timetable_variation":"8","variation_status":"EARLY","next_report_stanox":"18033","next_report_run_time":"2","train_terminated":"false","delay_monitoring_point":"false","reporting_stanox":"00000","auto_expected":"true"}},{"header":{"msg_type":"0003","msg_queue_timestamp":"1713134159000","source_system_id":"TRUST","original_data_source":"SMART"},"body":{"train_id":"541D34M714","actual_timestamp":"1713137700000","loc_stanox":"23421","gbtt_timestamp":"1713137760000","planned_timestamp":"1713137760000","planned_event_type":"DEPARTURE","event_type":"DEPARTURE","event_source":"AUTOMATIC","correction_ind":"false","offroute_ind":"false","direction_ind":"DOWN","line_ind":"L","platform":" 4","route":"4","train_service_code":"21702001","division_code":"61","toc_id":"61","timetable_variation":"1","variation_status":"EARLY","next_report_stanox":"23118","next_report_run_time":"4","train_terminated":"false","delay_monitoring_point":"true","reporting_stanox":"23421","auto_expected":"true"}},{"header":{"msg_type":"0003","msg_queue_timestamp":"1713134160000","source_system_id":"TRUST","original_data_source":"SMART"},"body":{"train_id":"739H28M914","actual_timestamp":"1713137700000","loc_stanox":"73000","gbtt_timestamp":"1713137700000","planned_timestamp":"1713137700000","planned_event_type":"DEPARTURE","event_type":"DEPARTURE","event_source":"AUTOMATIC","correction_ind":"false","offroute_ind":"false","direction_ind":"DOWN","line_ind":"4","platform":" 8","route":"1","train_service_code":"21381001","division_code":"33","toc_id":"33","timetable_variation":"0","variation_status":"ON TIME","next_report_stanox":"73108","next_report_run_time":"1","train_terminated":"false","delay_monitoring_point":"true","reporting_stanox":"73000","auto_expected":"true"}},{"header":{"msg_type":"0003","msg_queue_timestamp":"1713134160000","source_system_id":"TRUST","original_data_source":"SMART"},"body":{"train_id":"851A98MV14","actual_timestamp":"1713137760000","loc_stanox":"73108","planned_timestamp":"1713137520000","planned_event_type":"DEPARTURE","event_type":"DEPARTURE","event_source":"AUTOMATIC","correction_ind":"false","offroute_ind":"false","direction_ind":"UP","line_ind":"3","route":"1","train_service_code":"25397003","division_code":"25","toc_id":"25","timetable_variation":"4","variation_status":"LATE","next_report_stanox":"73000","next_report_run_time":"1","train_terminated":"false","delay_monitoring_point":"false","reporting_stanox":"00000","auto_expected":"true"}},{"header":{"msg_type":"0003","msg_queue_timestamp":"1713134161000","source_system_id":"TRUST","original_data_source":"SMART"},"body":{"train_id":"652A67M914","actual_timestamp":"1713137700000","loc_stanox":"65625","planned_timestamp":"1713137700000","planned_event_type":"DEPARTURE","event_type":"DEPARTURE","event_source":"AUTOMATIC","correction_ind":"false","offroute_ind":"false","direction_ind":"DOWN","line_ind":"C","route":"1","train_service_code":"12256320","division_code":"29","toc_id":"29","timetable_variation":"0","variation_status":"ON TIME","next_report_stanox":"65642","next_report_run_time":"2","train_terminated":"false","delay_monitoring_point":"false","reporting_stanox":"00000","auto_expected":"true"}},{"header":{"msg_type":"0003","msg_queue_timestamp":"1713134161000","source_system_id":"TRUST","original_data_source":"SMART"},"body":{"train_id":"061R50M914","actual_timestamp":"1713137700000","loc_stanox":"06454","planned_timestamp":"1713137760000","planned_event_type":"DEPARTURE","event_type":"DEPARTURE","event_source":"AUTOMATIC","correction_ind":"false","offroute_ind":"false","direction_ind":"UP","platform":" 1","route":"2","train_service_code":"23548003","division_code":"60","toc_id":"60","timetable_variation":"1","variation_status":"EARLY","next_report_stanox":"06457","next_report_run_time":"4","train_terminated":"false","delay_monitoring_point":"true","reporting_stanox":"06454","auto_expected":"true"}},{"header":{"msg_type":"0003","msg_queue_timestamp":"1713134161000","source_system_id":"TRUST","original_data_source":"SMART"},"body":{"train_id":"691D33M814","actual_timestamp":"1713137820000","loc_stanox":"64813","planned_timestamp":"1713137640000","planned_event_type":"ARRIVAL","event_type":"ARRIVAL","event_source":"AUTOMATIC","correction_ind":"false","offroute_ind":"false","route":"0","train_service_code":"22261000","division_code":"71","toc_id":"71","timetable_variation":"3","variation_status":"LATE","next_report_stanox":"64229","next_report_run_time":"1","train_terminated":"false","delay_monitoring_point":"true","reporting_stanox":"64813","auto_expected":"true"}}]