[{"header":{"msg_type":"0003","msg_queue_timestamp":"1713105121000","source_system_id":"TRUST","original_data_source":"SMART"},"body":{"train_id":"251C25MN14","actual_timestamp":"1713108720000","loc_stanox":"62008","planned_timestamp":"1713108810000","planned_event_type":"DEPARTURE","event_type":"DEPARTURE","event_source":"AUTOMATIC","correction_ind":"false","offroute_ind":"false","direction_ind":"UP","line_ind":"F","route":"2","train_service_code":"22152000","division_code":"28","toc_id":"28","timetable_variation":"1","variation_status":"EARLY","next_report_stanox":"62011","next_report_run_time":"1","train_terminated":"false","delay_monitoring_point":"false","reporting_stanox":"00000","auto_expected":"true"}},{"header":{"msg_type":"0003","msg_queue_timestamp":"1713105121000","source_system_id":"TRUST","original_data_source":"SMART"},"body":{"train_id":"011T80ML14","actual_timestamp":"1713108660000","loc_stanox":"03161","gbtt_timestamp":"1713108180000","planned_timestamp":"1713108210000","planned_event_type":"DEPARTURE","event_type":"DEPARTURE","event_source":"AUTOMATIC","correction_ind":"false","offroute_ind":"false","direction_ind":"UP","platform":" 1","route":"1","train_service_code":"23549003","division_code":"60","toc_id":"60","timetable_variation":"8","variation_status":"LATE","next_report_stanox":"03401","next_report_run_time":"9","train_terminated":"false","delay_monitoring_point":"true","reporting_stanox":"03161","auto_expected":"true"}},{"header":{"msg_type":"0003","msg_queue_timestamp":"1713105121000","source_system_id":"TRUST","original_data_source":"SMART"},"body":{"train_id":"091Z581P14","actual_timestamp":"1713108720000","loc_stanox":"07972","planned_timestamp":"1713108630000","planned_event_type":"DEPARTURE","event_type":"DEPARTURE","event_source":"AUTOMATIC","correction_ind":"false","offroute_ind":"false","direction_ind":"DOWN","route":"1","train_service_code":"22114001","division_code":"65","toc_id":"65","timetable_variation":"2","variation_status":"LATE","next_report_stanox":"07966","next_report_run_time":"10","train_terminated":"false","delay_monitoring_point":"false","reporting_stanox":"00000","auto_expected":"true"}},{"header":{"msg_type":"0003","msg_queue_timestamp":"1713105121000","source_system_id":"TRUST","original_data_source":"SMART"},"body":{"train_id":"879R40MN14","actual_timestamp":"1713108720000","loc_stanox":"62423","planned_timestamp":"1713108720000","planned_event_type":"DEPARTURE","event_type":"DEPARTURE","event_source":"AUTOMATIC","correction_ind":"false","offroute_ind":"false","direction_ind":"DOWN","line_ind":"S","route":"2","train_service_code":"22729000","division_code":"88","toc_id":"88","timetable_variation":"0","variation_status":"ON TIME","next_report_stanox":"62422","next_report_run_time":"1","train_terminated":"false","delay_monitoring_point":"false","reporting_stanox":"00000","auto_expected":"true"}},{"header":{"msg_type":"0003","msg_queue_timestamp":"1713105121000","source_system_id":"TRUST","original_data_source":"SMART"},"body":{"train_id":"072Y66MO14","actual_timestamp":"1713108600000","loc_stanox":"04112","gbtt_timestamp":"1713108660000","planned_timestamp":"1713108660000","planned_event_type":"DEPARTURE","event_type":"DEPARTURE","event_source":"AUTOMATIC","correction_ind":"false","offroute_ind":"false","direction_ind":"DOWN","platform":" 2","route":"1","train_service_code":"13564825","division_code":"60","toc_id":"60","timetable_variation":"1","variation_status":"EARLY","next_report_stanox":"04114","next_report_run_time":"5","train_terminated":"false","delay_monitoring_point":"false","reporting_stanox":"00000","auto_expected":"true"}},{"header":{"msg_type":"0003","msg_queue_timestamp":"1713105121000","source_system_id":"TRUST","original_data_source":"SMART"},"body":{"train_id":"879R40MN14","actual_timestamp":"1713108780000","loc_stanox":"62422","gbtt_timestamp":"1713108780000","planned_timestamp":"1713108780000","planned_event_type":"ARRIVAL","event_type":"ARRIVAL","event_source":"AUTOMATIC","correction_ind":"false","offroute_ind":"false","direction_ind":"DOWN","platform":" 2","route":"0","train_service_code":"22729000","division_code":"88","toc_id":"88","timetable_variation":"0","variation_status":"ON TIME","next_report_stanox":"62410","next_report_run_time":"1","train_terminated":"false","delay_monitoring_point":"false","reporting_stanox":"00000","auto_expected":"true"}},{"header":{"msg_type":"0003","msg_queue_timestamp":"1713105121000","source_system_id":"TRUST","original_data_source":"SMART"},"body":{"train_id":"041E20MQ14","actual_timestamp":"1713108660000","loc_stanox":"04852","planned_timestamp":"1713108720000","planned_event_type":"DEPARTURE","event_type":"DEPARTURE","event_source":"AUTOMATIC","correction_ind":"false","offroute_ind":"false","direction_ind":"UP","platform":" 1","route":"1","train_service_code":"21700001","division_code":"61","toc_id":"61","timetable_variation":"1","variation_status":"EARLY","next_report_stanox":"04838","next_report_run_time":"6","train_terminated":"false","delay_monitoring_point":"false","reporting_stanox":"00000","auto_expected":"true"}},{"header":{"msg_type":"0003","msg_queue_timestamp":"1713105121000","source_system_id":"TRUST","original_data_source":"SMART"},"body":{"train_id":"062R70MO14","actual_timestamp":"1713108720000","loc_stanox":"07375","planned_timestamp":"1713108720000","planned_event_type":"DEPARTURE","event_type":"DEPARTURE","event_source":"AUTOMATIC","correction_ind":"false","offroute_ind":"false","direction_ind":"UP","route":"1","train_service_code":"23563015","division_code":"60","toc_id":"60","timetable_variation":"0","variation_status":"ON TIME","next_report_stanox":"07466","next_report_run_time":"3","train_terminated":"false","delay_monitoring_point":"false","reporting_stanox":"00000","auto_expected":"true"}},{"header":{"msg_type":"0003","msg_queue_timestamp":"1713105121000","source_system_id":"TRUST","original_data_source":"SMART"},"body":{"train_id":"601H14MP14","actual_timestamp":"1713108660000","loc_stanox":"62400","gbtt_timestamp":"1713108300000","planned_timestamp":"1713108330000","planned_event_type":"DEPARTURE","event_type":"DEPARTURE","event_source":"AUTOMATIC","correction_ind":"false","offroute_ind":"false","direction_ind":"UP","line_ind":"F","platform":" 4","route":"2","train_service_code":"22156000","division_code":"28","toc_id":"28","timetable_variation":"6","variation_status":"LATE","next_report_stanox":"62410","next_report_run_time":"2","train_terminated":"false","delay_monitoring_point":"true","reporting_stanox":"62400","auto_expected":"true"}},{"header":{"msg_type":"0003","msg_queue_timestamp":"1713105121000","source_system_id":"TRUST","original_data_source":"SMART"},"body":{"train_id":"061R82MR14","actual_timestamp":"1713108660000","loc_stanox":"06419","planned_timestamp":"1713108750000","planned_event_type":"DEPARTURE","event_type":"DEPARTURE","event_source":"AUTOMATIC","correction_ind":"false","offroute_ind":"false","direction_ind":"UP","line_ind":"U","route":"2","train_service_code":"23548003","division_code":"60","toc_id":"60","timetable_variation":"1","variation_status":"EARLY","next_report_stanox":"06421","next_report_run_time":"1","train_terminated":"false","delay_monitoring_point":"false","reporting_stanox":"00000","auto_expected":"true"}},{"header":{"msg_type":"0003","msg_queue_timestamp":"1713105121000","source_system_id":"TRUST","original_data_source":"SMART"},"body":{"train_id":"631F24MQ14","actual_timestamp":"1713108720000","loc_stanox":"62016","planned_timestamp":"1713108750000","planned_event_type":"DEPARTURE","event_type":"DEPARTURE","event_source":"AUTOMATIC","correction_ind":"false","offroute_ind":"false","direction_ind":"DOWN","line_ind":"F","route":"2","train_service_code":"22152000","division_code":"28","toc_id":"28","timetable_variation":"0","variation_status":"ON TIME","next_report_stanox":"62011","next_report_run_time":"1","train_terminated":"false","delay_monitoring_point":"false","reporting_stanox":"00000","auto_expected":"true"}},{"header":{"msg_type":"0003","msg_queue_timestamp":"1713105121000","source_system_id":"TRUST","original_data_source":"SMART"},"body":{"train_id":"042H09MQ14","actual_timestamp":"1713108720000","loc_stanox":"04025","gbtt_timestamp":"1713108720000","planned_timestamp":"1713108720000","planned_event_type":"ARRIVAL","event_type":"ARRIVAL","event_source":"AUTOMATIC","correction_ind":"false","offroute_ind":"false","direction_ind":"DOWN","platform":" 2","route":"0","train_service_code":"13560015","division_code":"60","toc_id":"60","timetable_variation":"0","variation_status":"ON TIME","next_report_stanox":"04010","next_report_run_time":"1","train_terminated":"false","delay_monitoring_point":"false","reporting_stanox":"00000","auto_expected":"true"}},{"header":{"msg_type":"0003","msg_queue_timestamp":"1713105121000","source_system_id":"TRUST","original_data_source":"SMART"},"body":{"train_id":"629V53MP14","actual_timestamp":"1713108660000","loc_stanox":"63451","gbtt_timestamp":"1713108660000","planned_timestamp":"1713108690000","planned_event_type":"DEPARTURE","event_type":"DEPARTURE","event_source":"AUTOMATIC","correction_ind":"false","offroute_ind":"false","direction_ind":"UP","line_ind":"S","platform":" 1","route":"2","train_service_code":"22728000","division_code":"88","toc_id":"88","timetable_variation":"0","variation_status":"ON TIME","next_report_stanox":"63547","next_report_run_time":"2","train_terminated":"false","delay_monitoring_point":"true","reporting_stanox":"63451","auto_expected":"true"}},{"header":{"msg_type":"0003","msg_queue_timestamp":"1713105122000","source_system_id":"TRUST","original_data_source":"SMART"},"body":{"train_id":"721H24MN14","actual_timestamp":"1713108720000","loc_stanox":"43222","planned_timestamp":"1713108300000","planned_event_type":"DEPARTURE","event_type":"DEPARTURE","event_source":"AUTOMATIC","correction_ind":"false","offroute_ind":"false","direction_ind":"DOWN","line_ind":"D","platform":"F","route":"1","train_service_code":"22108001","division_code":"65","toc_id":"65","timetable_variation":"7","variation_status":"LATE","next_report_stanox":"43211","next_report_run_time":"1","train_terminated":"false","delay_monitoring_point":"false","reporting_stanox":"00000","auto_expected":"true"}},{"header":{"msg_type":"0003","msg_queue_timestamp":"1713105122000","source_system_id":"TRUST","original_data_source":"SMART"},"body":{"train_id":"402C36MQ14","actual_timestamp":"1713108660000","loc_stanox":"38202","gbtt_timestamp":"1713108720000","planned_timestamp":"1713108720000","planned_event_type":"DEPARTURE","event_type":"DEPARTURE","event_source":"AUTOMATIC","correction_ind":"false","offroute_ind":"false","direction_ind":"UP","platform":" 1","route":"1","train_service_code":"22306003","division_code":"64","toc_id":"64","timetable_variation":"1","variation_status":"EARLY","next_report_stanox":"38200","next_report_run_time":"1","train_terminated":"false","delay_monitoring_point":"false","reporting_stanox":"00000","auto_expected":"true"}},{"header":{"msg_type":"0003","msg_queue_timestamp":"1713105122000","source_system_id":"TRUST","original_data_source":"SMART"},"body":{"train_id":"382W32MP14","actual_timestamp":"1713108660000","loc_stanox":"38004","gbtt_timestamp":"1713108720000","planned_timestamp":"1713108720000","planned_event_type":"DEPARTURE","event_type":"DEPARTURE","event_source":"AUTOMATIC","correction_ind":"false","offroute_ind":"false","direction_ind":"DOWN","platform":" 2","route":"2","train_service_code":"12305012","division_code":"64","toc_id":"64","timetable_variation":"1","variation_status":"EARLY","next_report_stanox":"38001","next_report_run_time":"4","train_terminated":"false","delay_monitoring_point":"false","reporting_stanox":"00000","auto_expected":"true"}},{"header":{"msg_type":"0003","msg_queue_timestamp":"1713105122000","source_system_id":"TRUST","original_data_source":"SMART"},"body":{"train_id":"509Y87MQ14","actual_timestamp":"1713108660000","loc_stanox":"50401","gbtt_timestamp":"1713108720000","planned_timestamp":"1713108720000","planned_event_type":"DEPARTURE","event_type":"DEPARTURE","event_source":"AUTOMATIC","correction_ind":"false","offroute_ind":"false","direction_ind":"UP","line_ind":"E","platform":" 4","route":"2","train_service_code":"21381001","division_code":"33","toc_id":"33","timetable_variation":"1","variation_status":"EARLY","next_report_stanox":"50405","next_report_run_time":"3","train_terminated":"false","delay_monitoring_point":"true","reporting_stanox":"50401","auto_expected":"true"}},{"header":{"msg_type":"0003","msg_queue_timestamp":"1713105122000","source_system_id":"TRUST","original_data_source":"SMART"},"body":{"train_id":"749U47MP14","actual_timestamp":"1713108720000","loc_stanox":"88529","planned_timestamp":"1713108720000","planned_event_type":"DEPARTURE","event_type":"DEPARTURE","event_source":"AUTOMATIC","correction_ind":"false","offroute_ind":"false","direction_ind":"UP","route":"1","train_service_code":"21381001","division_code":"33","toc_id":"33","timetable_variation":"0","variation_status":"ON TIME","next_report_stanox":"88607","next_report_run_time":"2","train_terminated":"false","delay_monitoring_point":"false","reporting_stanox":"00000","auto_expected":"true"}},{"header":{"msg_type":"0003","msg_queue_timestamp":"1713105122000","source_system_id":"TRUST","original_data_source":"SMART"},"body":{"train_id":"421D18MO14","actual_timestamp":"1713108660000","loc_stanox":"40073","gbtt_timestamp":"1713108720000","planned_timestamp":"1713108720000","planned_event_type":"DEPARTURE","event_type":"DEPARTURE","event_source":"AUTOMATIC","correction_ind":"false","offroute_ind":"false","direction_ind":"DOWN","line_ind":"D","platform":" 2","route":"1","train_service_code":"22340000","division_code":"71","toc_id":"71","timetable_variation":"1","variation_status":"EARLY","next_report_stanox":"40071","next_report_run_time":"7","train_terminated":"false","delay_monitoring_point":"false","reporting_stanox":"00000","auto_expected":"true"}},{"header":{"msg_type":"0003","msg_queue_timestamp":"1713105122000","source_system_id":"TRUST","original_data_source":"SMART"},"body":{"train_id":"722D89MR14","actual_timestamp":"1713108660000","loc_stanox":"72316","planned_timestamp":"1713108750000","planned_event_type":"DEPARTURE","event_type":"DEPARTURE","event_source":"AUTOMATIC","correction_ind":"false","offroute_ind":"false","direction_ind":"DOWN","line_ind":"C","route":"1","train_service_code":"22216000","division_code":"30","toc_id":"30","timetable_variation":"1","variation_status":"EARLY","next_report_stanox":"72315","next_report_run_time":"1","train_terminated":"false","delay_monitoring_point":"false","reporting_stanox":"00000","auto_expected":"true"}},{"header":{"msg_type":"0003","msg_queue_timestamp":"1713105122000","source_system_id":"TRUST","original_data_source":"SMART"},"body":{"train_id":"251C30MP14","actual_timestamp":"1713108600000","loc_stanox":"57435","planned_timestamp":"1713108750000","planned_event_type":"DEPARTURE","event_type":"DEPARTURE","event_source":"AUTOMATIC","correction_ind":"false","offroute_ind":"false","direction_ind":"UP","line_ind":"M","platform":" 1","route":"1","train_service_code":"22152000","division_code":"28","toc_id":"28","timetable_variation":"2","variation_status":"EARLY","next_report_stanox":"56596","next_report_run_time":"4","train_terminated":"false","delay_monitoring_point":"false","reporting_stanox":"00000","auto_expected":"true"}},{"header":{"msg_type":"0003","msg_queue_timestamp":"1713105122000","source_system_id":"TRUST","original_data_source":"SMART"},"body":{"train_id":"811A24MQ14","actual_timestamp":"1713108720000","loc_stanox":"81907","planned_timestamp":"1713108690000","planned_event_type":"DEPARTURE","event_type":"DEPARTURE","event_source":"AUTOMATIC","correction_ind":"false","offroute_ind":"false","direction_ind":"UP","route":"2","train_service_code":"25370002","division_code":"25","toc_id":"25","timetable_variation":"1","variation_status":"LATE","next_report_stanox":"81906","next_report_run_time":"2","train_terminated":"false","delay_monitoring_point":"true","reporting_stanox":"81907","auto_expected":"true"}},{"header":{"msg_type":"0003","msg_queue_timestamp":"1713105122000","source_system_id":"TRUST","original_data_source":"SMART"},"body":{"train_id":"731B48MQ14","actual_timestamp":"1713108660000","loc_stanox":"74005","gbtt_timestamp":"1713108660000","planned_timestamp":"1713108660000","planned_event_type":"DEPARTURE","event_type":"DEPARTURE","event_source":"AUTOMATIC","correction_ind":"false","offroute_ind":"false","direction_ind":"DOWN","line_ind":"D","platform":" 1","route":"1","train_service_code":"25375002","division_code":"25","toc_id":"25","timetable_variation":"0","variation_status":"ON TIME","next_report_stanox":"74023","next_report_run_time":"6","train_terminated":"false","delay_monitoring_point":"true","reporting_stanox":"74005","auto_expected":"true"}},{"header":{"msg_type":"0003","msg_queue_timestamp":"1713105122000","source_system_id":"TRUST","original_data_source":"SMART"},"body":{"train_id":"791L68MO14","actual_timestamp":"1713108660000","loc_stanox":"76401","gbtt_timestamp":"1713108540000","planned_timestamp":"1713108630000","planned_event_type":"DEPARTURE","event_type":"DEPARTURE","event_source":"AUTOMATIC","correction_ind":"false","offroute_ind":"false","direction_ind":"UP","platform":" 3","route":"3","train_service_code":"25375002","division_code":"25","toc_id":"25","timetable_variation":"1","variation_status":"LATE","next_report_stanox":"76398","next_report_run_time":"1","train_terminated":"false","delay_monitoring_point":"true","reporting_stanox":"76401","auto_expected":"true"}},{"header":{"msg_type":"0003","msg_queue_timestamp":"1713105123000","source_system_id":"TRUST","original_data_source":"SMART"},"body":{"train_id":"892A42MN14","actual_timestamp":"1713108660000","loc_stanox":"87248","planned_timestamp":"1713108540000","planned_event_type":"DEPARTURE","event_type":"DEPARTURE","event_source":"AUTOMATIC","correction_ind":"false","offroute_ind":"false","direction_ind":"UP","line_ind":"H","platform":" 1","route":"2","train_service_code":"24606004","division_code":"80","toc_id":"80","timetable_variation":"2","variation_status":"LATE","next_report_stanox":"87208","next_report_run_time":"1","train_terminated":"false","delay_monitoring_point":"true","reporting_stanox":"87248","auto_expected":"true"}},{"header":{"msg_type":"0003","msg_queue_timestamp":"1713105123000","source_system_id":"TRUST","original_data_source":"SMART"},"body":{"train_id":"872D46MQ14","actual_timestamp":"1713108780000","loc_stanox":"87070","gbtt_timestamp":"1713108780000","planned_timestamp":"1713108780000","planned_event_type":"ARRIVAL","event_type":"ARRIVAL","event_source":"AUTOMATIC","correction_ind":"false","offroute_ind":"false","direction_ind":"UP","platform":" 1","route":"0","train_service_code":"24673705","division_code":"84","toc_id":"84","timetable_variation":"0","variation_status":"ON TIME","next_report_stanox":"87071","next_report_run_time":"1","train_terminated":"false","delay_monitoring_point":"false","reporting_stanox":"00000","auto_expected":"true"}},{"header":{"msg_type":"0003","msg_queue_timestamp":"1713105123000","source_system_id":"TRUST","original_data_source":"SMART"},"body":{"train_id":"881N82MQ14","actual_timestamp":"1713108720000","loc_stanox":"88459","gbtt_timestamp":"1713108720000","planned_timestamp":"1713108720000","planned_event_type":"ARRIVAL","event_type":"ARRIVAL","event_source":"AUTOMATIC","correction_ind":"false","offroute_ind":"false","direction_ind":"DOWN","platform":" 2","route":"0","train_service_code":"24657005","division_code":"80","toc_id":"80","timetable_variation":"0","variation_status":"ON TIME","next_report_stanox":"88461","next_report_run_time":"1","train_terminated":"false","delay_monitoring_point":"false","reporting_stanox":"00000","auto_expected":"true"}},{"header":{"msg_type":"0003","msg_queue_timestamp":"1713105123000","source_system_id":"TRUST","original_data_source":"SDR","user_id":"#QDP4158","source_dev_id":"VPAW"},"body":{"train_id":"641I14MN14","actual_timestamp":"1713108660000","loc_stanox":"64224","gbtt_timestamp":"1713108660000","planned_timestamp":"1713108660000","planned_event_type":"DEPARTURE","event_type":"DEPARTURE","event_source":"MANUAL","correction_ind":"false","offroute_ind":"false","train_service_code":"22334000","division_code":"71","toc_id":"71","timetable_variation":"0","variation_status":"ON TIME","next_report_stanox":"64229","next_report_run_time":"1","train_terminated":"false","delay_monitoring_point":"true","reporting_stanox":"64224","auto_expected":"false"}},{"header":{"msg_type":"0003","msg_queue_timestamp":"1713105123000","source_system_id":"TRUST","original_data_source":"SMART"},"body":{"train_id":"112Y11MN14","actual_timestamp":"1713108780000","loc_stanox":"17132","gbtt_timestamp":"1713109020000","planned_timestamp":"1713108840000","planned_event_type":"DESTINATION","event_type":"ARRIVAL","event_source":"AUTOMATIC","correction_ind":"false","offroute_ind":"false","direction_ind":"DOWN","platform":" 0","route":"0","train_service_code":"22352000","division_code":"23","toc_id":"23","timetable_variation":"1","variation_status":"EARLY","train_terminated":"true","delay_monitoring_point":"true","reporting_stanox":"17132","auto_expected":"true"}},{"header":{"msg_type":"0003","msg_queue_timestamp":"1713105123000","source_system_id":"TRUST","original_data_source":"SMART"},"body":{"train_id":"129M33MN14","actual_timestamp":"1713108720000","loc_stanox":"18469","planned_timestamp":"1713108720000","planned_event_type":"DEPARTURE","event_type":"DEPARTURE","event_source":"AUTOMATIC","correction_ind":"false","offroute_ind":"false","direction_ind":"UP","line_ind":"M","route":"2","train_service_code":"21731000","division_code":"20","toc_id":"20","timetable_variation":"0","variation_status":"ON TIME","next_report_stanox":"18455","next_report_run_time":"2","train_terminated":"false","delay_monitoring_point":"true","reporting_stanox":"18469","auto_expected":"true"}},{"header":{"msg_type":"0003","msg_queue_timestamp":"1713105123000","source_system_id":"TRUST","original_data_source":"SMART"},"body":{"train_id":"651Z542M14","actual_timestamp":"1713108660000","loc_stanox":"83109","planned_timestamp":"1713108720000","planned_event_type":"DEPARTURE","event_type":"DEPARTURE","event_source":"AUTOMATIC","correction_ind":"false","offroute_ind":"false","direction_ind":"DOWN","line_ind":"D","route":"1","train_service_code":"22180012","division_code":"27","toc_id":"27","timetable_variation":"1","variation_status":"EARLY","next_report_stanox":"83398","next_report_run_time":"11","train_terminated":"false","delay_monitoring_point":"false","reporting_stanox":"00000","auto_expected":"true"}},{"header":{"msg_type":"0003","msg_queue_timestamp":"1713105124000","source_system_id":"TRUST","original_data_source":"SMART"},"body":{"train_id":"872K41MQ14","actual_timestamp":"1713108720000","loc_stanox":"87261","gbtt_timestamp":"1713108840000","planned_timestamp":"1713108810000","planned_event_type":"ARRIVAL","event_type":"ARRIVAL","event_source":"AUTOMATIC","correction_ind":"false","offroute_ind":"false","direction_ind":"DOWN","platform":" 8","route":"0","train_service_code":"24671405","division_code":"84","toc_id":"84","timetable_variation":"1","variation_status":"EARLY","next_report_stanox":"87271","next_report_run_time":"2","train_terminated":"false","delay_monitoring_point":"true","reporting_stanox":"87261","auto_expected":"true"}}]