[{"header":{"msg_type":"0003","msg_queue_timestamp":"1713159049000","source_system_id":"TRUST","original_data_source":"SMART"},"body":{"train_id":"861C07M515","actual_timestamp":"1713162660000","loc_stanox":"87951","gbtt_timestamp":"1713162720000","planned_timestamp":"1713162720000","planned_event_type":"ARRIVAL","event_type":"ARRIVAL","event_source":"AUTOMATIC","correction_ind":"false","offroute_ind":"false","direction_ind":"UP","platform":" 1","route":"0","train_service_code":"24748000","division_code":"88","toc_id":"88","timetable_variation":"1","variation_status":"EARLY","next_report_stanox":"87948","next_report_run_time":"2","train_terminated":"false","delay_monitoring_point":"false","reporting_stanox":"00000","auto_expected":"true"}},{"header":{"msg_type":"0003","msg_queue_timestamp":"1713159049000","source_system_id":"TRUST","original_data_source":"SMART"},"body":{"train_id":"871P04M515","actual_timestamp":"1713162600000","loc_stanox":"87643","gbtt_timestamp":"1713162600000","planned_timestamp":"1713162600000","planned_event_type":"DEPARTURE","event_type":"DEPARTURE","event_source":"AUTOMATIC","correction_ind":"false","offroute_ind":"false","direction_ind":"UP","line_ind":"F","platform":" 1","route":"2","train_service_code":"24786000","division_code":"88","toc_id":"88","timetable_variation":"0","variation_status":"ON TIME","next_report_stanox":"87626","next_report_run_time":"3","train_terminated":"false","delay_monitoring_point":"true","reporting_stanox":"87643","auto_expected":"true"}},{"header":{"msg_type":"0003","msg_queue_timestamp":"1713159049000","source_system_id":"TRUST","original_data_source":"SMART"},"body":{"train_id":"872S02M615","actual_timestamp":"1713162660000","loc_stanox":"87624","gbtt_timestamp":"1713162660000","planned_timestamp":"1713162660000","planned_event_type":"ARRIVAL","event_type":"ARRIVAL","event_source":"AUTOMATIC","correction_ind":"false","offroute_ind":"false","direction_ind":"DOWN","platform":" 2","route":"0","train_service_code":"24782000","division_code":"88","toc_id":"88","timetable_variation":"0","variation_status":"ON TIME","next_report_stanox":"87625","next_report_run_time":"1","train_terminated":"false","delay_monitoring_point":"false","reporting_stanox":"00000","auto_expected":"true"}},{"header":{"msg_type":"0003","msg_queue_timestamp":"1713159049000","source_system_id":"TRUST","original_data_source":"SMART"},"body":{"train_id":"541S91M515","actual_timestamp":"1713162600000","loc_stanox":"45150","planned_timestamp":"1713162780000","planned_event_type":"DEPARTURE","event_type":"DEPARTURE","event_source":"AUTOMATIC","correction_ind":"false","offroute_ind":"false","direction_ind":"DOWN","line_ind":"M","route":"1","train_service_code":"21499320","division_code":"45","toc_id":"45","timetable_variation":"3","variation_status":"EARLY","next_report_stanox":"45144","next_report_run_time":"3","train_terminated":"false","delay_monitoring_point":"true","reporting_stanox":"45150","auto_expected":"true"}},{"header":{"msg_type":"0003","msg_queue_timestamp":"1713159050000","source_system_id":"TRUST","original_data_source":"SMART"},"body":{"train_id":"511F63M615","actual_timestamp":"1713162660000","loc_stanox":"51014","gbtt_timestamp":"1713162720000","planned_timestamp":"1713162720000","planned_event_type":"ARRIVAL","event_type":"ARRIVAL","event_source":"AUTOMATIC","correction_ind":"false","offroute_ind":"false","direction_ind":"UP","platform":" 1","route":"0","train_service_code":"26936004","division_code":"79","toc_id":"79","timetable_variation":"1","variation_status":"EARLY","next_report_stanox":"51016","next_report_run_time":"2","train_terminated":"false","delay_monitoring_point":"true","reporting_stanox":"51014","auto_expected":"true"}},{"header":{"msg_type":"0003","msg_queue_timestamp":"1713159050000","source_system_id":"TRUST","original_data_source":"SMART"},"body":{"train_id":"382Y00M515","actual_timestamp":"1713162780000","loc_stanox":"38314","gbtt_timestamp":"1713162660000","planned_timestamp":"1713162660000","planned_event_type":"ARRIVAL","event_type":"ARRIVAL","event_source":"AUTOMATIC","correction_ind":"false","offroute_ind":"false","direction_ind":"DOWN","platform":" 1","route":"0","train_service_code":"12306212","division_code":"64","toc_id":"64","timetable_variation":"2","variation_status":"LATE","next_report_stanox":"38316","next_report_run_time":"1","train_terminated":"false","delay_monitoring_point":"false","reporting_stanox":"00000","auto_expected":"true"}},{"header":{"msg_type":"0003","msg_queue_timestamp":"1713159050000","source_system_id":"TRUST","original_data_source":"SMART"},"body":{"train_id":"382W00M515","actual_timestamp":"1713162660000","loc_stanox":"38185","gbtt_timestamp":"1713162600000","planned_timestamp":"1713162570000","planned_event_type":"ARRIVAL","event_type":"ARRIVAL","event_source":"AUTOMATIC","correction_ind":"false","offroute_ind":"false","direction_ind":"DOWN","platform":" 3","route":"0","train_service_code":"12305012","division_code":"64","toc_id":"64","timetable_variation":"2","variation_status":"LATE","next_report_stanox":"38157","next_report_run_time":"1","train_terminated":"false","delay_monitoring_point":"false","reporting_stanox":"00000","auto_expected":"true"}},{"header":{"msg_type":"0003","msg_queue_timestamp":"1713159050000","source_system_id":"TRUST","original_data_source":"SMART"},"body":{"train_id":"872J02N615","actual_timestamp":"1713162540000","loc_stanox":"87016","gbtt_timestamp":"1713162540000","planned_timestamp":"1713162570000","planned_event_type":"DEPARTURE","event_type":"DEPARTURE","event_source":"AUTOMATIC","correction_ind":"false","offroute_ind":"false","direction_ind":"DOWN","line_ind":"D","platform":" 2","route":"1","train_service_code":"24672404","division_code":"84","toc_id":"84","timetable_variation":"0","variation_status":"ON TIME","next_report_stanox":"87014","next_report_run_time":"4","train_terminated":"false","delay_monitoring_point":"false","reporting_stanox":"00000","auto_expected":"true"}},{"header":{"msg_type":"0003","msg_queue_timestamp":"1713159050000","source_system_id":"TRUST","original_data_source":"GPS","user_id":"GPSN01"},"body":{"train_id":"322T901515","actual_timestamp":"1713162600000","loc_stanox":"34010","gbtt_timestamp":"1713162600000","planned_timestamp":"1713162600000","planned_event_type":"DEPARTURE","event_type":"DEPARTURE","event_source":"MANUAL","correction_ind":"false","offroute_ind":"false","train_service_code":"12226820","division_code":"23","toc_id":"23","timetable_variation":"0","variation_status":"ON TIME","next_report_stanox":"34011","next_report_run_time":"3","train_terminated":"false","delay_monitoring_point":"false","reporting_stanox":"00000","auto_expected":"true"}},{"header":{"msg_type":"0003","msg_queue_timestamp":"1713159050000","source_system_id":"TRUST","original_data_source":"GPS","user_id":"GPSN01"},"body":{"train_id":"301F00M615","actual_timestamp":"1713162600000","loc_stanox":"30148","planned_timestamp":"1713162600000","planned_event_type":"DEPARTURE","event_type":"DEPARTURE","event_source":"MANUAL","correction_ind":"false","offroute_ind":"false","train_service_code":"12249820","division_code":"23","toc_id":"23","timetable_variation":"0","variation_status":"ON TIME","next_report_stanox":"30150","next_report_run_time":"1","train_terminated":"false","delay_monitoring_point":"false","reporting_stanox":"00000"}},{"header":{"msg_type":"0003","msg_queue_timestamp":"1713159050000","source_system_id":"TRUST","original_data_source":"GPS","user_id":"GPSN01"},"body":{"train_id":"092H81M515","actual_timestamp":"1713162600000","loc_stanox":"09426","gbtt_timestamp":"1713162660000","planned_timestamp":"1713162630000","planned_event_type":"ARRIVAL","event_type":"ARRIVAL","event_source":"MANUAL","correction_ind":"false","offroute_ind":"false","route":"0","train_service_code":"21151900","division_code":"23","toc_id":"23","timetable_variation":"0","variation_status":"ON TIME","next_report_stanox":"09429","next_report_run_time":"1","train_terminated":"false","delay_monitoring_point":"false","reporting_stanox":"00000","auto_expected":"true"}},{"header":{"msg_type":"0003","msg_queue_timestamp":"1713159050000","source_system_id":"TRUST","original_data_source":"GPS","user_id":"GPSI06"},"body":{"train_id":"771F05M615","actual_timestamp":"1713162600000","loc_stanox":"77075","planned_timestamp":"1713162570000","planned_event_type":"DEPARTURE","event_type":"DEPARTURE","event_source":"MANUAL","correction_ind":"false","offroute_ind":"false","train_service_code":"25470001","division_code":"25","toc_id":"25","timetable_variation":"1","variation_status":"LATE","next_report_stanox":"77086","next_report_run_time":"6","train_terminated":"false","delay_monitoring_point":"false","reporting_stanox":"00000"}},{"header":{"msg_type":"0003","msg_queue_timestamp":"1713159050000","source_system_id":"TRUST","original_data_source":"SMART"},"body":{"train_id":"896V881415","actual_timestamp":"1713162600000","loc_stanox":"73253","planned_event_type":"DEPARTURE","event_type":"DEPARTURE","event_source":"AUTOMATIC","correction_ind":"false","offroute_ind":"true","train_service_code":"51464580","division_code":"54","toc_id":"54","timetable_variation":"0","variation_status":"OFF ROUTE","train_terminated":"false","delay_monitoring_point":"false","train_file_address":"GCX"}},{"header":{"msg_type":"0003","msg_queue_timestamp":"1713159051000","source_system_id":"TRUST","original_data_source":"SMART"},"body":{"train_id":"749U23M515","actual_timestamp":"1713162600000","loc_stanox":"73251","planned_timestamp":"1713162630000","planned_event_type":"DEPARTURE","event_type":"DEPARTURE","event_source":"AUTOMATIC","correction_ind":"false","offroute_ind":"false","direction_ind":"UP","route":"2","train_service_code":"21381001","division_code":"33","toc_id":"33","timetable_variation":"0","variation_status":"ON TIME","next_report_stanox":"73111","next_report_run_time":"4","train_terminated":"false","delay_monitoring_point":"true","reporting_stanox":"73251","auto_expected":"true"}},{"header":{"msg_type":"0003","msg_queue_timestamp":"1713159051000","source_system_id":"TRUST","original_data_source":"SMART"},"body":{"train_id":"811L98M615","actual_timestamp":"1713162600000","loc_stanox":"81305","planned_timestamp":"1713162660000","planned_event_type":"DEPARTURE","event_type":"DEPARTURE","event_source":"AUTOMATIC","correction_ind":"false","offroute_ind":"false","direction_ind":"UP","line_ind":"2","platform":" 2","route":"1","train_service_code":"22333000","division_code":"27","toc_id":"27","timetable_variation":"1","variation_status":"EARLY","next_report_stanox":"81109","next_report_run_time":"2","train_terminated":"false","delay_monitoring_point":"true","reporting_stanox":"81305","auto_expected":"true"}}]