[{"header":{"msg_type":"0003","msg_queue_timestamp":"1713140797000","source_system_id":"TRUST","original_data_source":"SMART"},"body":{"train_id":"729G70M914","actual_timestamp":"1713144360000","loc_stanox":"65630","gbtt_timestamp":"1713144360000","planned_timestamp":"1713144360000","planned_event_type":"DEPARTURE","event_type":"DEPARTURE","event_source":"AUTOMATIC","correction_ind":"false","offroute_ind":"false","direction_ind":"DOWN","line_ind":"4","platform":" 4","route":"1","train_service_code":"22100001","division_code":"65","toc_id":"65","timetable_variation":"0","variation_status":"ON TIME","next_report_stanox":"65826","next_report_run_time":"4","train_terminated":"false","delay_monitoring_point":"true","reporting_stanox":"65630","auto_expected":"true"}}]