[{"header":{"msg_type":"0003","msg_queue_timestamp":"1713565611000","source_system_id":"TRUST","original_data_source":"SMART"},"body":{"train_id":"879D70M819","actual_timestamp":"1713569160000","loc_stanox":"52084","gbtt_timestamp":"1713568920000","planned_timestamp":"1713568950000","planned_event_type":"DEPARTURE","event_type":"DEPARTURE","event_source":"AUTOMATIC","correction_ind":"false","offroute_ind":"false","direction_ind":"UP","line_ind":"U","platform":" 5","route":"2","train_service_code":"22215003","division_code":"30","toc_id":"30","timetable_variation":"4","variation_status":"LATE","next_report_stanox":"52082","next_report_run_time":"2","train_terminated":"false","delay_monitoring_point":"true","reporting_stanox":"52084","auto_expected":"true"}},{"header":{"msg_type":"0003","msg_queue_timestamp":"1713565611000","source_system_id":"TRUST","original_data_source":"SMART"},"body":{"train_id":"864E48C919","actual_timestamp":"1713569220000","loc_stanox":"86087","gbtt_timestamp":"1713569280000","planned_timestamp":"1713569280000","planned_event_type":"ARRIVAL","event_type":"ARRIVAL","event_source":"AUTOMATIC","correction_ind":"false","offroute_ind":"false","direction_ind":"UP","platform":" 1","route":"0","train_service_code":"54606070","division_code":"09","toc_id":"09","timetable_variation":"1","variation_status":"EARLY","next_report_stanox":"86017","next_report_run_time":"5","train_terminated":"false","delay_monitoring_point":"true","train_file_address":"MXH","reporting_stanox":"86087","auto_expected":"true"}},{"header":{"msg_type":"0003","msg_queue_timestamp":"1713565611000","source_system_id":"TRUST","original_data_source":"SMART"},"body":{"train_id":"871B73M819","actual_timestamp":"1713569220000","loc_stanox":"86703","planned_timestamp":"1713569250000","planned_event_type":"ARRIVAL","event_type":"ARRIVAL","event_source":"AUTOMATIC","correction_ind":"false","offroute_ind":"false","route":"0","train_service_code":"24620204","division_code":"84","toc_id":"84","timetable_variation":"0","variation_status":"ON TIME","next_report_stanox":"86711","next_report_run_time":"1","train_terminated":"false","delay_monitoring_point":"true","reporting_stanox":"86703","auto_expected":"true"}},{"header":{"msg_type":"0003","msg_queue_timestamp":"1713565611000","source_system_id":"TRUST","original_data_source":"SMART"},"body":{"train_id":"872I69M919","actual_timestamp":"1713569160000","loc_stanox":"87683","gbtt_timestamp":"1713569160000","planned_timestamp":"1713569190000","planned_event_type":"DEPARTURE","event_type":"DEPARTURE","event_source":"AUTOMATIC","correction_ind":"false","offroute_ind":"false","direction_ind":"UP","platform":" 1","route":"1","train_service_code":"24785000","division_code":"88","toc_id":"88","timetable_variation":"0","variation_status":"ON TIME","next_report_stanox":"87681","next_report_run_time":"4","train_terminated":"false","delay_monitoring_point":"false","reporting_stanox":"00000","auto_expected":"true"}},{"header":{"msg_type":"0003","msg_queue_timestamp":"1713565611000","source_system_id":"TRUST","original_data_source":"SMART"},"body":{"train_id":"872I68M819","actual_timestamp":"1713569220000","loc_stanox":"87683","gbtt_timestamp":"1713569340000","planned_timestamp":"1713569310000","planned_event_type":"ARRIVAL","event_type":"ARRIVAL","event_source":"AUTOMATIC","correction_ind":"false","offroute_ind":"false","direction_ind":"DOWN","platform":" 2","route":"0","train_service_code":"24785000","division_code":"88","toc_id":"88","timetable_variation":"1","variation_status":"EARLY","next_report_stanox":"87685","next_report_run_time":"2","train_terminated":"false","delay_monitoring_point":"false","reporting_stanox":"00000","auto_expected":"true"}},{"header":{"msg_type":"0003","msg_queue_timestamp":"1713565611000","source_system_id":"TRUST","original_data_source":"SMART"},"body":{"train_id":"862L82M819","actual_timestamp":"1713569220000","loc_stanox":"86031","gbtt_timestamp":"1713569280000","planned_timestamp":"1713569250000","planned_event_type":"ARRIVAL","event_type":"ARRIVAL","event_source":"AUTOMATIC","correction_ind":"false","offroute_ind":"false","direction_ind":"UP","platform":" 1","route":"0","train_service_code":"24629204","division_code":"84","toc_id":"84","timetable_variation":"0","variation_status":"ON TIME","next_report_stanox":"87177","next_report_run_time":"3","train_terminated":"false","delay_monitoring_point":"true","reporting_stanox":"86031","auto_expected":"true"}},{"header":{"msg_type":"0003","msg_queue_timestamp":"1713565611000","source_system_id":"TRUST","original_data_source":"SMART"},"body":{"train_id":"322B68M919","actual_timestamp":"1713569220000","loc_stanox":"32539","gbtt_timestamp":"1713569100000","planned_timestamp":"1713569070000","planned_event_type":"ARRIVAL","event_type":"ARRIVAL","event_source":"AUTOMATIC","correction_ind":"false","offroute_ind":"false","direction_ind":"UP","platform":" 1","route":"0","train_service_code":"12228820","division_code":"23","toc_id":"23","timetable_variation":"3","variation_status":"LATE","next_report_stanox":"32541","next_report_run_time":"1","train_terminated":"false","delay_monitoring_point":"false","reporting_stanox":"00000","auto_expected":"true"}},{"header":{"msg_type":"0003","msg_queue_timestamp":"1713565611000","source_system_id":"TRUST","original_data_source":"SMART"},"body":{"train_id":"049M21MY19","actual_timestamp":"1713569160000","loc_stanox":"31519","planned_timestamp":"1713569220000","planned_event_type":"DEPARTURE","event_type":"DEPARTURE","event_source":"AUTOMATIC","correction_ind":"false","offroute_ind":"false","direction_ind":"DOWN","line_ind":"4","platform":" 4","route":"2","train_service_code":"21731000","division_code":"20","toc_id":"20","timetable_variation":"1","variation_status":"EARLY","next_report_stanox":"31713","next_report_run_time":"1","train_terminated":"false","delay_monitoring_point":"false","reporting_stanox":"00000","auto_expected":"true"}},{"header":{"msg_type":"0003","msg_queue_timestamp":"1713565612000","source_system_id":"TRUST","original_data_source":"SMART"},"body":{"train_id":"432W72M919","actual_timestamp":"1713569220000","loc_stanox":"65533","planned_timestamp":"1713569250000","planned_event_type":"DEPARTURE","event_type":"DEPARTURE","event_source":"AUTOMATIC","correction_ind":"false","offroute_ind":"false","direction_ind":"UP","route":"2","train_service_code":"22263110","division_code":"29","toc_id":"29","timetable_variation":"0","variation_status":"ON TIME","next_report_stanox":"65553","next_report_run_time":"2","train_terminated":"false","delay_monitoring_point":"false","reporting_stanox":"00000","auto_expected":"true"}},{"header":{"msg_type":"0003","msg_queue_timestamp":"1713565612000","source_system_id":"TRUST","original_data_source":"SMART"},"body":{"train_id":"889T04M819","actual_timestamp":"1713569220000","loc_stanox":"73663","gbtt_timestamp":"1713569160000","planned_timestamp":"1713569160000","planned_event_type":"ARRIVAL","event_type":"ARRIVAL","event_source":"AUTOMATIC","correction_ind":"false","offroute_ind":"false","direction_ind":"DOWN","platform":" 3","route":"0","train_service_code":"21381901","division_code":"33","toc_id":"33","timetable_variation":"1","variation_status":"LATE","next_report_stanox":"73770","next_report_run_time":"1","train_terminated":"false","delay_monitoring_point":"true","reporting_stanox":"73663","auto_expected":"true"}},{"header":{"msg_type":"0003","msg_queue_timestamp":"1713565613000","source_system_id":"TRUST","original_data_source":"SMART"},"body":{"train_id":"639P69M819","actual_timestamp":"1713569220000","loc_stanox":"88466","gbtt_timestamp":"1713569220000","planned_timestamp":"1713569190000","planned_event_type":"ARRIVAL","event_type":"ARRIVAL","event_source":"AUTOMATIC","correction_ind":"false","offroute_ind":"false","direction_ind":"DOWN","platform":" 4","route":"0","train_service_code":"22728000","division_code":"88","toc_id":"88","timetable_variation":"1","variation_status":"LATE","next_report_stanox":"88697","next_report_run_time":"3","train_terminated":"false","delay_monitoring_point":"true","reporting_stanox":"88466","auto_expected":"true"}},{"header":{"msg_type":"0003","msg_queue_timestamp":"1713565613000","source_system_id":"TRUST","original_data_source":"SDR","user_id":"#QGE7066","source_dev_id":"VDFB"},"body":{"train_id":"182K36M819","actual_timestamp":"1713569160000","loc_stanox":"16591","planned_timestamp":"1713569010000","planned_event_type":"DEPARTURE","event_type":"DEPARTURE","event_source":"MANUAL","correction_ind":"false","offroute_ind":"false","train_service_code":"11868820","division_code":"23","toc_id":"23","timetable_variation":"3","variation_status":"LATE","next_report_stanox":"16514","next_report_run_time":"2","train_terminated":"false","delay_monitoring_point":"true","reporting_stanox":"16591","auto_expected":"true"}},{"header":{"msg_type":"0003","msg_queue_timestamp":"1713565613000","source_system_id":"TRUST","original_data_source":"SMART"},"body":{"train_id":"509Y15M819","actual_timestamp":"1713569220000","loc_stanox":"50438","gbtt_timestamp":"1713569280000","planned_timestamp":"1713569250000","planned_event_type":"ARRIVAL","event_type":"ARRIVAL","event_source":"AUTOMATIC","correction_ind":"false","offroute_ind":"false","direction_ind":"UP","platform":" 1","route":"0","train_service_code":"21381001","division_code":"33","toc_id":"33","timetable_variation":"0","variation_status":"ON TIME","next_report_stanox":"52226","next_report_run_time":"1","train_terminated":"false","delay_monitoring_point":"false","reporting_stanox":"00000","auto_expected":"true"}},{"header":{"msg_type":"0003","msg_queue_timestamp":"1713565613000","source_system_id":"TRUST","original_data_source":"SMART"},"body":{"train_id":"525L73M919","actual_timestamp":"1713569220000","loc_stanox":"52045","planned_timestamp":"1713569250000","planned_event_type":"DEPARTURE","event_type":"DEPARTURE","event_source":"AUTOMATIC","correction_ind":"false","offroute_ind":"false","direction_ind":"UP","line_ind":"U","route":"3","train_service_code":"22216001","division_code":"30","toc_id":"30","timetable_variation":"0","variation_status":"ON TIME","next_report_stanox":"52054","next_report_run_time":"3","train_terminated":"false","delay_monitoring_point":"true","reporting_stanox":"52045","auto_expected":"true"}},{"header":{"msg_type":"0003","msg_queue_timestamp":"1713565613000","source_system_id":"TRUST","original_data_source":"SMART"},"body":{"train_id":"402C58M819","actual_timestamp":"1713569220000","loc_stanox":"38202","gbtt_timestamp":"1713569040000","planned_timestamp":"1713569040000","planned_event_type":"ARRIVAL","event_type":"ARRIVAL","event_source":"AUTOMATIC","correction_ind":"false","offroute_ind":"false","direction_ind":"DOWN","platform":" 2","route":"0","train_service_code":"22306003","division_code":"64","toc_id":"64","timetable_variation":"3","variation_status":"LATE","next_report_stanox":"38201","next_report_run_time":"1","train_terminated":"false","delay_monitoring_point":"false","reporting_stanox":"00000","auto_expected":"true"}},{"header":{"msg_type":"0003","msg_queue_timestamp":"1713565613000","source_system_id":"TRUST","original_data_source":"SMART"},"body":{"train_id":"382W58M919","actual_timestamp":"1713569160000","loc_stanox":"38185","gbtt_timestamp":"1713569160000","planned_timestamp":"1713569190000","planned_event_type":"DEPARTURE","event_type":"DEPARTURE","event_source":"AUTOMATIC","correction_ind":"false","offroute_ind":"false","direction_ind":"UP","platform":" 1","route":"1","train_service_code":"12305012","division_code":"64","toc_id":"64","timetable_variation":"0","variation_status":"ON TIME","next_report_stanox":"38184","next_report_run_time":"3","train_terminated":"false","delay_monitoring_point":"false","reporting_stanox":"00000","auto_expected":"true"}},{"header":{"msg_type":"0003","msg_queue_timestamp":"1713565613000","source_system_id":"TRUST","original_data_source":"SMART"},"body":{"train_id":"512U93M919","actual_timestamp":"1713569160000","loc_stanox":"51947","gbtt_timestamp":"1713569160000","planned_timestamp":"1713569160000","planned_event_type":"DEPARTURE","event_type":"DEPARTURE","event_source":"AUTOMATIC","correction_ind":"false","offroute_ind":"false","direction_ind":"UP","line_ind":"U","platform":" 1","route":"1","train_service_code":"21234001","division_code":"30","toc_id":"30","timetable_variation":"0","variation_status":"ON TIME","next_report_stanox":"51948","next_report_run_time":"1","train_terminated":"false","delay_monitoring_point":"false","reporting_stanox":"00000","auto_expected":"true"}},{"header":{"msg_type":"0003","msg_queue_timestamp":"1713565613000","source_system_id":"TRUST","original_data_source":"SMART"},"body":{"train_id":"512U93M919","actual_timestamp":"1713569220000","loc_stanox":"51948","planned_timestamp":"1713569220000","planned_event_type":"DEPARTURE","event_type":"DEPARTURE","event_source":"AUTOMATIC","correction_ind":"false","offroute_ind":"false","direction_ind":"UP","line_ind":"U","route":"2","train_service_code":"21234001","division_code":"30","toc_id":"30","timetable_variation":"0","variation_status":"ON TIME","next_report_stanox":"51949","next_report_run_time":"1","train_terminated":"false","delay_monitoring_point":"true","reporting_stanox":"51948","auto_expected":"true"}},{"header":{"msg_type":"0003","msg_queue_timestamp":"1713565614000","source_system_id":"TRUST","original_data_source":"SMART"},"body":{"train_id":"892W84M819","actual_timestamp":"1713569220000","loc_stanox":"89428","gbtt_timestamp":"1713569160000","planned_timestamp":"1713569160000","planned_event_type":"ARRIVAL","event_type":"ARRIVAL","event_source":"AUTOMATIC","correction_ind":"false","offroute_ind":"false","direction_ind":"UP","platform":" 2","route":"0","train_service_code":"24605004","division_code":"80","toc_id":"80","timetable_variation":"1","variation_status":"LATE","next_report_stanox":"89321","next_report_run_time":"8","train_terminated":"false","delay_monitoring_point":"true","reporting_stanox":"89428","auto_expected":"true"}},{"header":{"msg_type":"0003","msg_queue_timestamp":"1713565614000","source_system_id":"TRUST","original_data_source":"SMART"},"body":{"train_id":"872L77M919","actual_timestamp":"1713569160000","loc_stanox":"87243","planned_timestamp":"1713569100000","planned_event_type":"DEPARTURE","event_type":"DEPARTURE","event_source":"AUTOMATIC","correction_ind":"false","offroute_ind":"false","direction_ind":"DOWN","route":"1","train_service_code":"24629204","division_code":"84","toc_id":"84","timetable_variation":"1","variation_status":"LATE","next_report_stanox":"87251","next_report_run_time":"4","train_terminated":"false","delay_monitoring_point":"true","reporting_stanox":"87243","auto_expected":"true"}},{"header":{"msg_type":"0003","msg_queue_timestamp":"1713565614000","source_system_id":"TRUST","original_data_source":"SMART"},"body":{"train_id":"872J73M919","actual_timestamp":"1713569220000","loc_stanox":"87169","gbtt_timestamp":"1713569280000","planned_timestamp":"1713569250000","planned_event_type":"ARRIVAL","event_type":"ARRIVAL","event_source":"AUTOMATIC","correction_ind":"false","offroute_ind":"false","direction_ind":"DOWN","platform":" 4","route":"0","train_service_code":"24673205","division_code":"84","toc_id":"84","timetable_variation":"0","variation_status":"ON TIME","next_report_stanox":"87170","next_report_run_time":"1","train_terminated":"false","delay_monitoring_point":"true","reporting_stanox":"87169","auto_expected":"true"}},{"header":{"msg_type":"0003","msg_queue_timestamp":"1713565614000","source_system_id":"TRUST","original_data_source":"SMART"},"body":{"train_id":"882L77M919","actual_timestamp":"1713569160000","loc_stanox":"88411","gbtt_timestamp":"1713569160000","planned_timestamp":"1713569160000","planned_event_type":"DEPARTURE","event_type":"DEPARTURE","event_source":"AUTOMATIC","correction_ind":"false","offroute_ind":"false","direction_ind":"DOWN","platform":" 2","route":"2","train_service_code":"24658005","division_code":"80","toc_id":"80","timetable_variation":"0","variation_status":"ON TIME","next_report_stanox":"88415","next_report_run_time":"2","train_terminated":"false","delay_monitoring_point":"false","reporting_stanox":"00000","auto_expected":"true"}},{"header":{"msg_type":"0003","msg_queue_timestamp":"1713565614000","source_system_id":"TRUST","original_data_source":"SMART"},"body":{"train_id":"871K70M819","actual_timestamp":"1713569220000","loc_stanox":"88408","planned_timestamp":"1713569130000","planned_event_type":"DEPARTURE","event_type":"DEPARTURE","event_source":"AUTOMATIC","correction_ind":"false","offroute_ind":"false","direction_ind":"UP","route":"1","train_service_code":"24780000","division_code":"88","toc_id":"88","timetable_variation":"2","variation_status":"LATE","next_report_stanox":"87591","next_report_run_time":"1","train_terminated":"false","delay_monitoring_point":"false","reporting_stanox":"00000","auto_expected":"true"}},{"header":{"msg_type":"0003","msg_queue_timestamp":"1713565614000","source_system_id":"TRUST","original_data_source":"SMART"},"body":{"train_id":"529A71M819","actual_timestamp":"1713569220000","loc_stanox":"87629","gbtt_timestamp":"1713569220000","planned_timestamp":"1713569190000","planned_event_type":"ARRIVAL","event_type":"ARRIVAL","event_source":"AUTOMATIC","correction_ind":"false","offroute_ind":"false","direction_ind":"DOWN","line_ind":"S","platform":" 2","route":"0","train_service_code":"22215003","division_code":"30","toc_id":"30","timetable_variation":"1","variation_status":"LATE","next_report_stanox":"87628","next_report_run_time":"1","train_terminated":"false","delay_monitoring_point":"false","reporting_stanox":"00000","auto_expected":"true"}},{"header":{"msg_type":"0003","msg_queue_timestamp":"1713565614000","source_system_id":"TRUST","original_data_source":"SMART"},"body":{"train_id":"879J76M819","actual_timestamp":"1713569160000","loc_stanox":"87603","planned_timestamp":"1713569040000","planned_event_type":"DEPARTURE","event_type":"DEPARTURE","event_source":"AUTOMATIC","correction_ind":"false","offroute_ind":"false","direction_ind":"UP","platform":" 4","route":"2","train_service_code":"22729000","division_code":"88","toc_id":"88","timetable_variation":"2","variation_status":"LATE","next_report_stanox":"87602","next_report_run_time":"1","train_terminated":"false","delay_monitoring_point":"true","reporting_stanox":"87603","auto_expected":"true"}},{"header":{"msg_type":"0003","msg_queue_timestamp":"1713565615000","source_system_id":"TRUST","original_data_source":"SMART"},"body":{"train_id":"629T69M719","actual_timestamp":"1713569280000","loc_stanox":"87967","gbtt_timestamp":"1713568860000","planned_timestamp":"1713568860000","planned_event_type":"ARRIVAL","event_type":"ARRIVAL","event_source":"AUTOMATIC","correction_ind":"false","offroute_ind":"false","direction_ind":"DOWN","platform":" 2","route":"0","train_service_code":"22720000","division_code":"88","toc_id":"88","timetable_variation":"7","variation_status":"LATE","next_report_stanox":"87969","next_report_run_time":"1","train_terminated":"false","delay_monitoring_point":"true","reporting_stanox":"87967","auto_expected":"true"}},{"header":{"msg_type":"0003","msg_queue_timestamp":"1713565615000","source_system_id":"TRUST","original_data_source":"SMART"},"body":{"train_id":"882C73M819","actual_timestamp":"1713569160000","loc_stanox":"88141","gbtt_timestamp":"1713569160000","planned_timestamp":"1713569160000","planned_event_type":"DEPARTURE","event_type":"DEPARTURE","event_source":"AUTOMATIC","correction_ind":"false","offroute_ind":"false","direction_ind":"UP","platform":" 1","route":"1","train_service_code":"24743000","division_code":"88","toc_id":"88","timetable_variation":"0","variation_status":"ON TIME","next_report_stanox":"87980","next_report_run_time":"3","train_terminated":"false","delay_monitoring_point":"false","reporting_stanox":"00000","auto_expected":"true"}},{"header":{"msg_type":"0003","msg_queue_timestamp":"1713565615000","source_system_id":"TRUST","original_data_source":"SMART"},"body":{"train_id":"882C73M819","actual_timestamp":"1713569280000","loc_stanox":"87980","gbtt_timestamp":"1713569340000","planned_timestamp":"1713569340000","planned_event_type":"DESTINATION","event_type":"ARRIVAL","event_source":"AUTOMATIC","correction_ind":"false","offroute_ind":"false","direction_ind":"DOWN","platform":" 6","route":"0","train_service_code":"24743000","division_code":"88","toc_id":"88","timetable_variation":"1","variation_status":"EARLY","train_terminated":"true","delay_monitoring_point":"true","reporting_stanox":"87980","auto_expected":"true"}},{"header":{"msg_type":"0003","msg_queue_timestamp":"1713565615000","source_system_id":"TRUST","original_data_source":"SMART"},"body":{"train_id":"875S65M919","actual_timestamp":"1713569160000","loc_stanox":"87980","gbtt_timestamp":"1713569280000","planned_timestamp":"1713569280000","planned_event_type":"DEPARTURE","event_type":"DEPARTURE","event_source":"AUTOMATIC","correction_ind":"false","offroute_ind":"false","direction_ind":"UP","line_ind":"M","platform":" 4","route":"2","train_service_code":"22788002","division_code":"88","toc_id":"88","timetable_variation":"2","variation_status":"EARLY","next_report_stanox":"87976","next_report_run_time":"3","train_terminated":"false","delay_monitoring_point":"true","reporting_stanox":"87980","auto_expected":"true"}},{"header":{"msg_type":"0003","msg_queue_timestamp":"1713565615000","source_system_id":"TRUST","original_data_source":"SMART"},"body":{"train_id":"872B53M919","actual_timestamp":"1713569220000","loc_stanox":"87662","gbtt_timestamp":"1713569160000","planned_timestamp":"1713569130000","planned_event_type":"ARRIVAL","event_type":"ARRIVAL","event_source":"AUTOMATIC","correction_ind":"false","offroute_ind":"false","direction_ind":"UP","platform":" 1","route":"0","train_service_code":"24782000","division_code":"88","toc_id":"88","timetable_variation":"2","variation_status":"LATE","next_report_stanox":"87651","next_report_run_time":"1","train_terminated":"false","delay_monitoring_point":"false","reporting_stanox":"00000","auto_expected":"true"}},{"header":{"msg_type":"0003","msg_queue_timestamp":"1713565615000","source_system_id":"TRUST","original_data_source":"SMART"},"body":{"train_id":"662H86M719","actual_timestamp":"1713569100000","loc_stanox":"73501","gbtt_timestamp":"1713569100000","planned_timestamp":"1713569100000","planned_event_type":"DEPARTURE","event_type":"DEPARTURE","event_source":"AUTOMATIC","correction_ind":"false","offroute_ind":"false","direction_ind":"UP","platform":" 2","route":"2","train_service_code":"25530004","division_code":"74","toc_id":"74","timetable_variation":"0","variation_status":"ON TIME","next_report_stanox":"73499","next_report_run_time":"4","train_terminated":"false","delay_monitoring_point":"false","reporting_stanox":"00000","auto_expected":"true"}},{"header":{"msg_type":"0003","msg_queue_timestamp":"1713565615000","source_system_id":"TRUST","original_data_source":"SMART"},"body":{"train_id":"722D68M819","actual_timestamp":"1713569160000","loc_stanox":"72001","gbtt_timestamp":"1713569160000","planned_timestamp":"1713569160000","planned_event_type":"DEPARTURE","event_type":"DEPARTURE","event_source":"AUTOMATIC","correction_ind":"false","offroute_ind":"false","direction_ind":"DOWN","platform":" 2","route":"1","train_service_code":"22216000","division_code":"30","toc_id":"30","timetable_variation":"0","variation_status":"ON TIME","next_report_stanox":"72002","next_report_run_time":"2","train_terminated":"false","delay_monitoring_point":"false","reporting_stanox":"00000","auto_expected":"true"}}]