[{"header":{"msg_type":"0003","msg_queue_timestamp":"1713136896000","source_system_id":"TRUST","original_data_source":"SMART"},"body":{"train_id":"175E75M015","actual_timestamp":"1713140460000","loc_stanox":"17132","gbtt_timestamp":"1713141120000","planned_timestamp":"1713141120000","planned_event_type":"DEPARTURE","event_type":"DEPARTURE","event_source":"AUTOMATIC","correction_ind":"false","offroute_ind":"false","direction_ind":"UP","line_ind":"F","platform":"16","route":"1","train_service_code":"22185002","division_code":"27","toc_id":"27","timetable_variation":"11","variation_status":"EARLY","next_report_stanox":"17131","next_report_run_time":"1","train_terminated":"false","delay_monitoring_point":"true","reporting_stanox":"17132","auto_expected":"true"}},{"header":{"msg_type":"0003","msg_queue_timestamp":"1713136897000","source_system_id":"TRUST","original_data_source":"SMART"},"body":{"train_id":"875F73M914","actual_timestamp":"1713140460000","loc_stanox":"87621","gbtt_timestamp":"1713141120000","planned_timestamp":"1713141120000","planned_event_type":"DEPARTURE","event_type":"DEPARTURE","event_source":"AUTOMATIC","correction_ind":"false","offroute_ind":"false","direction_ind":"UP","platform":" 2","route":"4","train_service_code":"24788005","division_code":"88","toc_id":"88","timetable_variation":"11","variation_status":"EARLY","next_report_stanox":"87567","next_report_run_time":"4","train_terminated":"false","delay_monitoring_point":"true","reporting_stanox":"87621","auto_expected":"true"}},{"header":{"msg_type":"0003","msg_queue_timestamp":"1713136899000","source_system_id":"TRUST","original_data_source":"SMART"},"body":{"train_id":"521Z681914","actual_timestamp":"1713140460000","loc_stanox":"51121","planned_timestamp":"1713140490000","planned_event_type":"DEPARTURE","event_type":"DEPARTURE","event_source":"AUTOMATIC","correction_ind":"false","offroute_ind":"false","direction_ind":"DOWN","line_ind":"D","route":"2","train_service_code":"21936004","division_code":"79","toc_id":"79","timetable_variation":"0","variation_status":"ON TIME","next_report_stanox":"51023","next_report_run_time":"1","train_terminated":"false","delay_monitoring_point":"false","reporting_stanox":"00000","auto_expected":"true"}},{"header":{"msg_type":"0003","msg_queue_timestamp":"1713136899000","source_system_id":"TRUST","original_data_source":"SMART"},"body":{"train_id":"666E611814","actual_timestamp":"1713140460000","loc_stanox":"59002","planned_timestamp":"1713141120000","planned_event_type":"DEPARTURE","event_type":"DEPARTURE","event_source":"AUTOMATIC","correction_ind":"false","offroute_ind":"false","direction_ind":"DOWN","line_ind":"F","platform":" 1","route":"1","train_service_code":"55463485","division_code":"54","toc_id":"54","timetable_variation":"11","variation_status":"EARLY","next_report_stanox":"59001","next_report_run_time":"3","train_terminated":"false","delay_monitoring_point":"true","train_file_address":"G7X","reporting_stanox":"59002","auto_expected":"true"}},{"header":{"msg_type":"0003","msg_queue_timestamp":"1713136899000","source_system_id":"TRUST","original_data_source":"SMART"},"body":{"train_id":"631D64M814","actual_timestamp":"1713140520000","loc_stanox":"55212","gbtt_timestamp":"1713140520000","planned_timestamp":"1713140520000","planned_event_type":"ARRIVAL","event_type":"ARRIVAL","event_source":"AUTOMATIC","correction_ind":"false","offroute_ind":"false","direction_ind":"DOWN","platform":" 1","route":"0","train_service_code":"22154000","division_code":"28","toc_id":"28","timetable_variation":"0","variation_status":"ON TIME","next_report_stanox":"55213","next_report_run_time":"1","train_terminated":"false","delay_monitoring_point":"false","reporting_stanox":"00000","auto_expected":"true"}}]