[{"header":{"msg_type":"0003","msg_queue_timestamp":"1713141988000","source_system_id":"TRUST","original_data_source":"SMART"},"body":{"train_id":"493Q001814","actual_timestamp":"1713145500000","loc_stanox":"50024","gbtt_timestamp":"1713148620000","planned_timestamp":"1713148650000","planned_event_type":"DEPARTURE","event_type":"DEPARTURE","event_source":"AUTOMATIC","correction_ind":"false","offroute_ind":"false","direction_ind":"UP","line_ind":"U","platform":" 2","route":"2","train_service_code":"54761100","division_code":"54","toc_id":"54","timetable_variation":"52","variation_status":"EARLY","next_report_stanox":"50030","next_report_run_time":"25","train_terminated":"false","delay_monitoring_point":"true","train_file_address":"G7Z","reporting_stanox":"50024","auto_expected":"true"}}]