[{"header":{"msg_type":"0003","msg_queue_timestamp":"1713566135000","source_system_id":"TRUST","original_data_source":"SMART"},"body":{"train_id":"872H78M919","actual_timestamp":"1713569700000","loc_stanox":"87161","gbtt_timestamp":"1713569640000","planned_timestamp":"1713569670000","planned_event_type":"DEPARTURE","event_type":"DEPARTURE","event_source":"AUTOMATIC","correction_ind":"false","offroute_ind":"false","direction_ind":"UP","platform":" 3","route":"2","train_service_code":"24673105","division_code":"84","toc_id":"84","timetable_variation":"1","variation_status":"LATE","next_report_stanox":"87163","next_report_run_time":"2","train_terminated":"false","delay_monitoring_point":"true","reporting_stanox":"87161","auto_expected":"true"}},{"header":{"msg_type":"0003","msg_queue_timestamp":"1713566136000","source_system_id":"TRUST","original_data_source":"SMART"},"body":{"train_id":"142I01M919","actual_timestamp":"1713569760000","loc_stanox":"14006","gbtt_timestamp":"1713569760000","planned_timestamp":"1713569730000","planned_event_type":"ARRIVAL","event_type":"ARRIVAL","event_source":"AUTOMATIC","correction_ind":"false","offroute_ind":"false","direction_ind":"DOWN","platform":" 2","route":"0","train_service_code":"11798001","division_code":"56","toc_id":"56","timetable_variation":"1","variation_status":"LATE","next_report_stanox":"14003","next_report_run_time":"1","train_terminated":"false","delay_monitoring_point":"false","reporting_stanox":"00000","auto_expected":"true"}}]