[{"header":{"msg_type":"0003","msg_queue_timestamp":"1713164024000","source_system_id":"TRUST","original_data_source":"SMART"},"body":{"train_id":"502N27MB15","actual_timestamp":"1713167580000","loc_stanox":"50011","gbtt_timestamp":"1713167580000","planned_timestamp":"1713167580000","planned_event_type":"DEPARTURE","event_type":"DEPARTURE","event_source":"AUTOMATIC","correction_ind":"false","offroute_ind":"false","direction_ind":"UP","route":"2","train_service_code":"21939001","division_code":"21","toc_id":"21","timetable_variation":"0","variation_status":"ON TIME","next_report_stanox":"50014","next_report_run_time":"2","train_terminated":"false","delay_monitoring_point":"true","reporting_stanox":"50011","auto_expected":"true"}},{"header":{"msg_type":"0003","msg_queue_timestamp":"1713164024000","source_system_id":"TRUST","original_data_source":"SMART"},"body":{"train_id":"492R05MB15","actual_timestamp":"1713167580000","loc_stanox":"49157","planned_timestamp":"1713167640000","planned_event_type":"DEPARTURE","event_type":"DEPARTURE","event_source":"AUTOMATIC","correction_ind":"false","offroute_ind":"false","direction_ind":"UP","line_ind":"S","route":"1","train_service_code":"21893002","division_code":"21","toc_id":"21","timetable_variation":"1","variation_status":"EARLY","next_report_stanox":"49154","next_report_run_time":"2","train_terminated":"false","delay_monitoring_point":"false","reporting_stanox":"00000","auto_expected":"true"}},{"header":{"msg_type":"0003","msg_queue_timestamp":"1713164025000","source_system_id":"TRUST","original_data_source":"SMART"},"body":{"train_id":"352N91M615","actual_timestamp":"1713167640000","loc_stanox":"29004","planned_timestamp":"1713166980000","planned_event_type":"DEPARTURE","event_type":"DEPARTURE","event_source":"AUTOMATIC","correction_ind":"false","offroute_ind":"false","direction_ind":"UP","route":"2","train_service_code":"12225110","division_code":"23","toc_id":"23","timetable_variation":"11","variation_status":"LATE","next_report_stanox":"29005","next_report_run_time":"7","train_terminated":"false","delay_monitoring_point":"false","reporting_stanox":"00000","auto_expected":"true"}},{"header":{"msg_type":"0003","msg_queue_timestamp":"1713164025000","source_system_id":"TRUST","original_data_source":"SMART"},"body":{"train_id":"362O07MB15","actual_timestamp":"1713167640000","loc_stanox":"36057","gbtt_timestamp":"1713167700000","planned_timestamp":"1713167700000","planned_event_type":"ARRIVAL","event_type":"ARRIVAL","event_source":"AUTOMATIC","correction_ind":"false","offroute_ind":"false","direction_ind":"DOWN","platform":" 2","route":"0","train_service_code":"12304212","division_code":"64","toc_id":"64","timetable_variation":"1","variation_status":"EARLY","next_report_stanox":"36055","next_report_run_time":"2","train_terminated":"false","delay_monitoring_point":"false","reporting_stanox":"00000","auto_expected":"true"}},{"header":{"msg_type":"0003","msg_queue_timestamp":"1713164025000","source_system_id":"TRUST","original_data_source":"SMART"},"body":{"train_id":"042Y15MA15","actual_timestamp":"1713167640000","loc_stanox":"04291","planned_timestamp":"1713167580000","planned_event_type":"DEPARTURE","event_type":"DEPARTURE","event_source":"AUTOMATIC","correction_ind":"false","offroute_ind":"false","direction_ind":"UP","line_ind":"N","route":"2","train_service_code":"23584003","division_code":"60","toc_id":"60","timetable_variation":"1","variation_status":"LATE","next_report_stanox":"04235","next_report_run_time":"3","train_terminated":"false","delay_monitoring_point":"false","reporting_stanox":"00000","auto_expected":"true"}},{"header":{"msg_type":"0003","msg_queue_timestamp":"1713164025000","source_system_id":"TRUST","original_data_source":"SMART"},"body":{"train_id":"461T09M615","actual_timestamp":"1713167640000","loc_stanox":"53004","gbtt_timestamp":"1713167580000","planned_timestamp":"1713167550000","planned_event_type":"ARRIVAL","event_type":"ARRIVAL","event_source":"AUTOMATIC","correction_ind":"false","offroute_ind":"false","direction_ind":"UP","platform":" 1","route":"0","train_service_code":"21725000","division_code":"88","toc_id":"88","timetable_variation":"2","variation_status":"LATE","next_report_stanox":"53104","next_report_run_time":"1","train_terminated":"false","delay_monitoring_point":"true","reporting_stanox":"53004","auto_expected":"true"}},{"header":{"msg_type":"0003","msg_queue_timestamp":"1713164025000","source_system_id":"TRUST","original_data_source":"SMART"},"body":{"train_id":"731C55M615","actual_timestamp":"1713167640000","loc_stanox":"81913","planned_timestamp":"1713167610000","planned_event_type":"DEPARTURE","event_type":"DEPARTURE","event_source":"AUTOMATIC","correction_ind":"false","offroute_ind":"false","direction_ind":"DOWN","route":"3","train_service_code":"25397003","division_code":"25","toc_id":"25","timetable_variation":"1","variation_status":"LATE","next_report_stanox":"81924","next_report_run_time":"10","train_terminated":"false","delay_monitoring_point":"true","reporting_stanox":"81913","auto_expected":"true"}},{"header":{"msg_type":"0003","msg_queue_timestamp":"1713164025000","source_system_id":"TRUST","original_data_source":"SMART"},"body":{"train_id":"812C63MA15","actual_timestamp":"1713167460000","loc_stanox":"81915","gbtt_timestamp":"1713167400000","planned_timestamp":"1713167400000","planned_event_type":"DEPARTURE","event_type":"DEPARTURE","event_source":"AUTOMATIC","correction_ind":"false","offroute_ind":"false","direction_ind":"DOWN","line_ind":"1","platform":" 1","route":"1","train_service_code":"25467001","division_code":"25","toc_id":"25","timetable_variation":"1","variation_status":"LATE","next_report_stanox":"81924","next_report_run_time":"6","train_terminated":"false","delay_monitoring_point":"true","reporting_stanox":"81915","auto_expected":"true"}},{"header":{"msg_type":"0003","msg_queue_timestamp":"1713164025000","source_system_id":"TRUST","original_data_source":"SMART"},"body":{"train_id":"811A06M615","actual_timestamp":"1713167580000","loc_stanox":"74313","planned_timestamp":"1713167670000","planned_event_type":"DEPARTURE","event_type":"DEPARTURE","event_source":"AUTOMATIC","correction_ind":"false","offroute_ind":"false","direction_ind":"UP","line_ind":"M","platform":" 2","route":"2","train_service_code":"25370002","division_code":"25","toc_id":"25","timetable_variation":"1","variation_status":"EARLY","next_report_stanox":"74291","next_report_run_time":"4","train_terminated":"false","delay_monitoring_point":"true","reporting_stanox":"74313","auto_expected":"true"}},{"header":{"msg_type":"0003","msg_queue_timestamp":"1713164025000","source_system_id":"TRUST","original_data_source":"SMART"},"body":{"train_id":"731K02MA15","actual_timestamp":"1713167640000","loc_stanox":"74803","gbtt_timestamp":"1713167760000","planned_timestamp":"1713167760000","planned_event_type":"DESTINATION","event_type":"ARRIVAL","event_source":"AUTOMATIC","correction_ind":"false","offroute_ind":"false","direction_ind":"DOWN","platform":" 1","route":"0","train_service_code":"25517005","division_code":"25","toc_id":"25","timetable_variation":"2","variation_status":"EARLY","train_terminated":"true","delay_monitoring_point":"true","reporting_stanox":"74803","auto_expected":"true"}}]