[{"header":{"msg_type":"0003","msg_queue_timestamp":"1713735911000","source_system_id":"TRUST","original_data_source":"SMART"},"body":{"train_id":"472C71M721","actual_timestamp":"1713739440000","loc_stanox":"53228","gbtt_timestamp":"1713739440000","planned_timestamp":"1713739440000","planned_event_type":"DEPARTURE","event_type":"DEPARTURE","event_source":"AUTOMATIC","correction_ind":"false","offroute_ind":"false","direction_ind":"UP","line_ind":"S","platform":" 1","route":"2","train_service_code":"21726000","division_code":"88","toc_id":"88","timetable_variation":"0","variation_status":"ON TIME","next_report_stanox":"53231","next_report_run_time":"1","train_terminated":"false","delay_monitoring_point":"false","reporting_stanox":"00000","auto_expected":"true"}},{"header":{"msg_type":"0003","msg_queue_timestamp":"1713735911000","source_system_id":"TRUST","original_data_source":"SMART"},"body":{"train_id":"362K59M821","actual_timestamp":"1713739500000","loc_stanox":"36055","planned_timestamp":"1713739530000","planned_event_type":"DEPARTURE","event_type":"DEPARTURE","event_source":"AUTOMATIC","correction_ind":"false","offroute_ind":"false","direction_ind":"DOWN","route":"3","train_service_code":"12303012","division_code":"64","toc_id":"64","timetable_variation":"0","variation_status":"ON TIME","next_report_stanox":"36053","next_report_run_time":"1","train_terminated":"false","delay_monitoring_point":"true","reporting_stanox":"36055","auto_expected":"true"}},{"header":{"msg_type":"0003","msg_queue_timestamp":"1713735911000","source_system_id":"TRUST","original_data_source":"SMART"},"body":{"train_id":"882K64M821","actual_timestamp":"1713739440000","loc_stanox":"88317","gbtt_timestamp":"1713739500000","planned_timestamp":"1713739500000","planned_event_type":"DEPARTURE","event_type":"DEPARTURE","event_source":"AUTOMATIC","correction_ind":"false","offroute_ind":"false","direction_ind":"UP","platform":" 1","route":"2","train_service_code":"24653005","division_code":"80","toc_id":"80","timetable_variation":"1","variation_status":"EARLY","next_report_stanox":"88313","next_report_run_time":"1","train_terminated":"false","delay_monitoring_point":"true","reporting_stanox":"88317","auto_expected":"true"}},{"header":{"msg_type":"0003","msg_queue_timestamp":"1713735911000","source_system_id":"TRUST","original_data_source":"SMART"},"body":{"train_id":"362K59M821","actual_timestamp":"1713739560000","loc_stanox":"36053","gbtt_timestamp":"1713739560000","planned_timestamp":"1713739560000","planned_event_type":"ARRIVAL","event_type":"ARRIVAL","event_source":"AUTOMATIC","correction_ind":"false","offroute_ind":"false","direction_ind":"DOWN","platform":" 2","route":"0","train_service_code":"12303012","division_code":"64","toc_id":"64","timetable_variation":"0","variation_status":"ON TIME","next_report_stanox":"36052","next_report_run_time":"1","train_terminated":"false","delay_monitoring_point":"false","reporting_stanox":"00000","auto_expected":"true"}},{"header":{"msg_type":"0003","msg_queue_timestamp":"1713735911000","source_system_id":"TRUST","original_data_source":"SMART"},"body":{"train_id":"142I09M821","actual_timestamp":"1713739500000","loc_stanox":"14003","gbtt_timestamp":"1713739440000","planned_timestamp":"1713739440000","planned_event_type":"ARRIVAL","event_type":"ARRIVAL","event_source":"AUTOMATIC","correction_ind":"false","offroute_ind":"false","direction_ind":"DOWN","platform":" 2","route":"0","train_service_code":"11798001","division_code":"56","toc_id":"56","timetable_variation":"1","variation_status":"LATE","next_report_stanox":"13150","next_report_run_time":"1","train_terminated":"false","delay_monitoring_point":"false","reporting_stanox":"00000","auto_expected":"true"}},{"header":{"msg_type":"0003","msg_queue_timestamp":"1713735911000","source_system_id":"TRUST","original_data_source":"SMART"},"body":{"train_id":"892F74M821","actual_timestamp":"1713739500000","loc_stanox":"88410","planned_timestamp":"1713739560000","planned_event_type":"DEPARTURE","event_type":"DEPARTURE","event_source":"AUTOMATIC","correction_ind":"false","offroute_ind":"false","direction_ind":"UP","line_ind":"6","route":"1","train_service_code":"24655005","division_code":"80","toc_id":"80","timetable_variation":"1","variation_status":"EARLY","next_report_stanox":"88412","next_report_run_time":"2","train_terminated":"false","delay_monitoring_point":"false","reporting_stanox":"00000","auto_expected":"true"}},{"header":{"msg_type":"0003","msg_queue_timestamp":"1713735911000","source_system_id":"TRUST","original_data_source":"SMART"},"body":{"train_id":"382W56M821","actual_timestamp":"1713739560000","loc_stanox":"38151","gbtt_timestamp":"1713739620000","planned_timestamp":"1713739590000","planned_event_type":"ARRIVAL","event_type":"ARRIVAL","event_source":"AUTOMATIC","correction_ind":"false","offroute_ind":"false","direction_ind":"DOWN","platform":" 3","route":"0","train_service_code":"12305012","division_code":"64","toc_id":"64","timetable_variation":"0","variation_status":"ON TIME","next_report_stanox":"38014","next_report_run_time":"1","train_terminated":"false","delay_monitoring_point":"true","reporting_stanox":"38151","auto_expected":"true"}},{"header":{"msg_type":"0003","msg_queue_timestamp":"1713735912000","source_system_id":"TRUST","original_data_source":"SMART"},"body":{"train_id":"881D62M821","actual_timestamp":"1713739440000","loc_stanox":"88463","gbtt_timestamp":"1713739440000","planned_timestamp":"1713739470000","planned_event_type":"DEPARTURE","event_type":"DEPARTURE","event_source":"AUTOMATIC","correction_ind":"false","offroute_ind":"false","direction_ind":"UP","platform":" 1","route":"1","train_service_code":"24657005","division_code":"80","toc_id":"80","timetable_variation":"0","variation_status":"ON TIME","next_report_stanox":"88462","next_report_run_time":"2","train_terminated":"false","delay_monitoring_point":"false","reporting_stanox":"00000","auto_expected":"true"}},{"header":{"msg_type":"0003","msg_queue_timestamp":"1713735912000","source_system_id":"TRUST","original_data_source":"SMART"},"body":{"train_id":"862S541821","actual_timestamp":"1713739500000","loc_stanox":"86328","planned_timestamp":"1713739500000","planned_event_type":"DEPARTURE","event_type":"DEPARTURE","event_source":"AUTOMATIC","correction_ind":"false","offroute_ind":"false","direction_ind":"DOWN","route":"1","train_service_code":"24748000","division_code":"88","toc_id":"88","timetable_variation":"0","variation_status":"ON TIME","next_report_stanox":"86321","next_report_run_time":"1","train_terminated":"false","delay_monitoring_point":"false","reporting_stanox":"00000","auto_expected":"true"}},{"header":{"msg_type":"0003","msg_queue_timestamp":"1713735912000","source_system_id":"TRUST","original_data_source":"SMART"},"body":{"train_id":"879R88M721","actual_timestamp":"1713739440000","loc_stanox":"87643","gbtt_timestamp":"1713739500000","planned_timestamp":"1713739500000","planned_event_type":"DEPARTURE","event_type":"DEPARTURE","event_source":"AUTOMATIC","correction_ind":"false","offroute_ind":"false","direction_ind":"UP","line_ind":"F","platform":" 3","route":"2","train_service_code":"22729000","division_code":"88","toc_id":"88","timetable_variation":"1","variation_status":"EARLY","next_report_stanox":"87626","next_report_run_time":"3","train_terminated":"false","delay_monitoring_point":"true","reporting_stanox":"87643","auto_expected":"true"}},{"header":{"msg_type":"0003","msg_queue_timestamp":"1713735912000","source_system_id":"TRUST","original_data_source":"SMART"},"body":{"train_id":"631J68M721","actual_timestamp":"1713739560000","loc_stanox":"89494","gbtt_timestamp":"1713739800000","planned_timestamp":"1713739800000","planned_event_type":"ARRIVAL","event_type":"ARRIVAL","event_source":"AUTOMATIC","correction_ind":"false","offroute_ind":"false","direction_ind":"DOWN","platform":" 2","route":"0","train_service_code":"24647004","division_code":"80","toc_id":"80","timetable_variation":"4","variation_status":"EARLY","next_report_stanox":"89473","next_report_run_time":"5","train_terminated":"false","delay_monitoring_point":"false","reporting_stanox":"00000","auto_expected":"true"}},{"header":{"msg_type":"0003","msg_queue_timestamp":"1713735912000","source_system_id":"TRUST","original_data_source":"SMART"},"body":{"train_id":"879T66M721","actual_timestamp":"1713739500000","loc_stanox":"87903","gbtt_timestamp":"1713739380000","planned_timestamp":"1713739410000","planned_event_type":"DEPARTURE","event_type":"DEPARTURE","event_source":"AUTOMATIC","correction_ind":"false","offroute_ind":"false","direction_ind":"UP","line_ind":"M","platform":" 1","route":"2","train_service_code":"22721000","division_code":"88","toc_id":"88","timetable_variation":"2","variation_status":"LATE","next_report_stanox":"87722","next_report_run_time":"5","train_terminated":"false","delay_monitoring_point":"true","reporting_stanox":"87903","auto_expected":"true"}},{"header":{"msg_type":"0003","msg_queue_timestamp":"1713735912000","source_system_id":"TRUST","original_data_source":"SMART"},"body":{"train_id":"862S541821","actual_timestamp":"1713739560000","loc_stanox":"86321","gbtt_timestamp":"1713739560000","planned_timestamp":"1713739560000","planned_event_type":"ARRIVAL","event_type":"ARRIVAL","event_source":"AUTOMATIC","correction_ind":"false","offroute_ind":"false","direction_ind":"DOWN","platform":" 3","route":"0","train_service_code":"24748000","division_code":"88","toc_id":"88","timetable_variation":"0","variation_status":"ON TIME","next_report_stanox":"86313","next_report_run_time":"1","train_terminated":"false","delay_monitoring_point":"true","reporting_stanox":"86321","auto_expected":"true"}},{"header":{"msg_type":"0003","msg_queue_timestamp":"1713735912000","source_system_id":"TRUST","original_data_source":"SMART"},"body":{"train_id":"872P31M821","actual_timestamp":"1713739500000","loc_stanox":"87703","gbtt_timestamp":"1713739560000","planned_timestamp":"1713739560000","planned_event_type":"ARRIVAL","event_type":"ARRIVAL","event_source":"AUTOMATIC","correction_ind":"false","offroute_ind":"false","direction_ind":"DOWN","platform":" 2","route":"0","train_service_code":"24786000","division_code":"88","toc_id":"88","timetable_variation":"1","variation_status":"EARLY","next_report_stanox":"87713","next_report_run_time":"1","train_terminated":"false","delay_monitoring_point":"false","reporting_stanox":"00000","auto_expected":"true"}},{"header":{"msg_type":"0003","msg_queue_timestamp":"1713735912000","source_system_id":"TRUST","original_data_source":"SMART"},"body":{"train_id":"871O94M721","actual_timestamp":"1713739500000","loc_stanox":"87083","planned_timestamp":"1713739530000","planned_event_type":"ARRIVAL","event_type":"ARRIVAL","event_source":"AUTOMATIC","correction_ind":"false","offroute_ind":"false","route":"0","train_service_code":"25521007","division_code":"25","toc_id":"25","timetable_variation":"0","variation_status":"ON TIME","next_report_stanox":"87084","next_report_run_time":"1","train_terminated":"false","delay_monitoring_point":"false","reporting_stanox":"00000","auto_expected":"true"}},{"header":{"msg_type":"0003","msg_queue_timestamp":"1713735912000","source_system_id":"TRUST","original_data_source":"SMART"},"body":{"train_id":"871B66M721","actual_timestamp":"1713739500000","loc_stanox":"87951","gbtt_timestamp":"1713739440000","planned_timestamp":"1713739410000","planned_event_type":"ARRIVAL","event_type":"ARRIVAL","event_source":"AUTOMATIC","correction_ind":"false","offroute_ind":"false","direction_ind":"DOWN","platform":" 2","route":"0","train_service_code":"24748000","division_code":"88","toc_id":"88","timetable_variation":"2","variation_status":"LATE","next_report_stanox":"87954","next_report_run_time":"1","train_terminated":"false","delay_monitoring_point":"false","reporting_stanox":"00000","auto_expected":"true"}},{"header":{"msg_type":"0003","msg_queue_timestamp":"1713735912000","source_system_id":"TRUST","original_data_source":"SMART"},"body":{"train_id":"879B66M821","actual_timestamp":"1713739500000","loc_stanox":"52074","gbtt_timestamp":"1713739140000","planned_timestamp":"1713739110000","planned_event_type":"ARRIVAL","event_type":"ARRIVAL","event_source":"AUTOMATIC","correction_ind":"false","offroute_ind":"false","direction_ind":"UP","line_ind":"U","platform":" 1","route":"0","train_service_code":"22215003","division_code":"30","toc_id":"30","timetable_variation":"7","variation_status":"LATE","next_report_stanox":"87660","next_report_run_time":"1","train_terminated":"false","delay_monitoring_point":"true","reporting_stanox":"52074","auto_expected":"true"}},{"header":{"msg_type":"0003","msg_queue_timestamp":"1713735914000","source_system_id":"TRUST","original_data_source":"SMART"},"body":{"train_id":"899P86M721","actual_timestamp":"1713739440000","loc_stanox":"88435","gbtt_timestamp":"1713739440000","planned_timestamp":"1713739470000","planned_event_type":"DEPARTURE","event_type":"DEPARTURE","event_source":"AUTOMATIC","correction_ind":"false","offroute_ind":"false","direction_ind":"UP","platform":" 1","route":"1","train_service_code":"22761000","division_code":"88","toc_id":"88","timetable_variation":"0","variation_status":"ON TIME","next_report_stanox":"88433","next_report_run_time":"3","train_terminated":"false","delay_monitoring_point":"false","reporting_stanox":"00000","auto_expected":"true"}},{"header":{"msg_type":"0003","msg_queue_timestamp":"1713735914000","source_system_id":"TRUST","original_data_source":"SMART"},"body":{"train_id":"472H69M721","actual_timestamp":"1713739500000","loc_stanox":"51720","planned_timestamp":"1713739470000","planned_event_type":"DEPARTURE","event_type":"DEPARTURE","event_source":"AUTOMATIC","correction_ind":"false","offroute_ind":"false","direction_ind":"UP","line_ind":"U","route":"1","train_service_code":"21913000","division_code":"21","toc_id":"21","timetable_variation":"1","variation_status":"LATE","next_report_stanox":"51722","next_report_run_time":"2","train_terminated":"false","delay_monitoring_point":"false","reporting_stanox":"00000","auto_expected":"true"}},{"header":{"msg_type":"0003","msg_queue_timestamp":"1713735914000","source_system_id":"TRUST","original_data_source":"SMART"},"body":{"train_id":"471B37M821","actual_timestamp":"1713739440000","loc_stanox":"47344","gbtt_timestamp":"1713739500000","planned_timestamp":"1713739500000","planned_event_type":"DEPARTURE","event_type":"DEPARTURE","event_source":"AUTOMATIC","correction_ind":"false","offroute_ind":"false","direction_ind":"UP","line_ind":"U","platform":" 1","route":"1","train_service_code":"21911000","division_code":"21","toc_id":"21","timetable_variation":"1","variation_status":"EARLY","next_report_stanox":"47347","next_report_run_time":"1","train_terminated":"false","delay_monitoring_point":"true","reporting_stanox":"47344","auto_expected":"true"}},{"header":{"msg_type":"0003","msg_queue_timestamp":"1713735914000","source_system_id":"TRUST","original_data_source":"SMART"},"body":{"train_id":"502W23M821","actual_timestamp":"1713739500000","loc_stanox":"50412","gbtt_timestamp":"1713739500000","planned_timestamp":"1713739500000","planned_event_type":"ARRIVAL","event_type":"ARRIVAL","event_source":"AUTOMATIC","correction_ind":"false","offroute_ind":"false","direction_ind":"UP","route":"0","train_service_code":"21381001","division_code":"33","toc_id":"33","timetable_variation":"0","variation_status":"ON TIME","next_report_stanox":"50417","next_report_run_time":"1","train_terminated":"false","delay_monitoring_point":"false","reporting_stanox":"00000","auto_expected":"true"}},{"header":{"msg_type":"0003","msg_queue_timestamp":"1713735914000","source_system_id":"TRUST","original_data_source":"SMART"},"body":{"train_id":"042T92M821","actual_timestamp":"1713739500000","loc_stanox":"04705","planned_timestamp":"1713739440000","planned_event_type":"DEPARTURE","event_type":"DEPARTURE","event_source":"AUTOMATIC","correction_ind":"false","offroute_ind":"false","direction_ind":"DOWN","route":"2","train_service_code":"23586003","division_code":"60","toc_id":"60","timetable_variation":"1","variation_status":"LATE","next_report_stanox":"04704","next_report_run_time":"9","train_terminated":"false","delay_monitoring_point":"true","reporting_stanox":"04705","auto_expected":"true"}},{"header":{"msg_type":"0003","msg_queue_timestamp":"1713735915000","source_system_id":"TRUST","original_data_source":"SMART"},"body":{"train_id":"401D97M721","actual_timestamp":"1713739440000","loc_stanox":"40076","gbtt_timestamp":"1713739440000","planned_timestamp":"1713739470000","planned_event_type":"DEPARTURE","event_type":"DEPARTURE","event_source":"AUTOMATIC","correction_ind":"false","offroute_ind":"false","direction_ind":"UP","line_ind":"U","platform":" 1","route":"2","train_service_code":"22340000","division_code":"71","toc_id":"71","timetable_variation":"0","variation_status":"ON TIME","next_report_stanox":"40101","next_report_run_time":"5","train_terminated":"false","delay_monitoring_point":"true","reporting_stanox":"40076","auto_expected":"true"}},{"header":{"msg_type":"0003","msg_queue_timestamp":"1713735915000","source_system_id":"TRUST","original_data_source":"SMART"},"body":{"train_id":"401D97M721","actual_timestamp":"1713739740000","loc_stanox":"40101","gbtt_timestamp":"1713739800000","planned_timestamp":"1713739740000","planned_event_type":"ARRIVAL","event_type":"ARRIVAL","event_source":"AUTOMATIC","correction_ind":"false","offroute_ind":"false","direction_ind":"UP","line_ind":"U","platform":" 1","route":"0","train_service_code":"22340000","division_code":"71","toc_id":"71","timetable_variation":"0","variation_status":"ON TIME","next_report_stanox":"40114","next_report_run_time":"1","train_terminated":"false","delay_monitoring_point":"false","reporting_stanox":"00000","auto_expected":"true"}},{"header":{"msg_type":"0003","msg_queue_timestamp":"1713735915000","source_system_id":"TRUST","original_data_source":"GPS","user_id":"GPSI12"},"body":{"train_id":"862U70M821","actual_timestamp":"1713739440000","loc_stanox":"86294","gbtt_timestamp":"1713739440000","planned_timestamp":"1713739470000","planned_event_type":"DEPARTURE","event_type":"DEPARTURE","event_source":"MANUAL","correction_ind":"false","offroute_ind":"false","train_service_code":"24627006","division_code":"85","toc_id":"85","timetable_variation":"0","variation_status":"ON TIME","next_report_stanox":"86295","next_report_run_time":"4","train_terminated":"false","delay_monitoring_point":"false","reporting_stanox":"00000"}},{"header":{"msg_type":"0003","msg_queue_timestamp":"1713735915000","source_system_id":"TRUST","original_data_source":"GPS","user_id":"GPSN01"},"body":{"train_id":"161B43MZ21","actual_timestamp":"1713739440000","loc_stanox":"30116","planned_timestamp":"1713739530000","planned_event_type":"DEPARTURE","event_type":"DEPARTURE","event_source":"MANUAL","correction_ind":"false","offroute_ind":"false","train_service_code":"11837920","division_code":"23","toc_id":"23","timetable_variation":"1","variation_status":"EARLY","next_report_stanox":"30044","next_report_run_time":"8","train_terminated":"false","delay_monitoring_point":"false","reporting_stanox":"00000"}},{"header":{"msg_type":"0003","msg_queue_timestamp":"1713735915000","source_system_id":"TRUST","original_data_source":"SMART"},"body":{"train_id":"722N65M821","actual_timestamp":"1713739500000","loc_stanox":"72315","planned_timestamp":"1713739500000","planned_event_type":"DEPARTURE","event_type":"DEPARTURE","event_source":"AUTOMATIC","correction_ind":"false","offroute_ind":"false","direction_ind":"DOWN","line_ind":"F","platform":"F","route":"1","train_service_code":"22209000","division_code":"29","toc_id":"29","timetable_variation":"0","variation_status":"ON TIME","next_report_stanox":"72268","next_report_run_time":"3","train_terminated":"false","delay_monitoring_point":"false","reporting_stanox":"00000","auto_expected":"true"}}]