[{"header":{"msg_type":"0003","msg_queue_timestamp":"1713566526000","source_system_id":"TRUST","original_data_source":"SMART"},"body":{"train_id":"725J28M819","actual_timestamp":"1713570120000","loc_stanox":"72273","planned_timestamp":"1713569640000","planned_event_type":"DEPARTURE","event_type":"DEPARTURE","event_source":"AUTOMATIC","correction_ind":"false","offroute_ind":"false","direction_ind":"DOWN","route":"1","train_service_code":"21921000","division_code":"30","toc_id":"30","timetable_variation":"8","variation_status":"LATE","next_report_stanox":"72280","next_report_run_time":"1","train_terminated":"false","delay_monitoring_point":"false","reporting_stanox":"00000","auto_expected":"true"}},{"header":{"msg_type":"0003","msg_queue_timestamp":"1713566527000","source_system_id":"TRUST","original_data_source":"SMART"},"body":{"train_id":"492Y65M819","actual_timestamp":"1713570120000","loc_stanox":"52739","planned_timestamp":"1713570180000","planned_event_type":"DEPARTURE","event_type":"DEPARTURE","event_source":"AUTOMATIC","correction_ind":"false","offroute_ind":"false","direction_ind":"UP","line_ind":"M","route":"3","train_service_code":"21939001","division_code":"21","toc_id":"21","timetable_variation":"1","variation_status":"EARLY","next_report_stanox":"52741","next_report_run_time":"3","train_terminated":"false","delay_monitoring_point":"true","reporting_stanox":"52739","auto_expected":"true"}},{"header":{"msg_type":"0003","msg_queue_timestamp":"1713566527000","source_system_id":"TRUST","original_data_source":"SMART"},"body":{"train_id":"729G50M919","actual_timestamp":"1713570060000","loc_stanox":"72007","planned_timestamp":"1713570000000","planned_event_type":"DEPARTURE","event_type":"DEPARTURE","event_source":"AUTOMATIC","correction_ind":"false","offroute_ind":"false","direction_ind":"DOWN","line_ind":"F","platform":" 3","route":"2","train_service_code":"22100001","division_code":"65","toc_id":"65","timetable_variation":"1","variation_status":"LATE","next_report_stanox":"71040","next_report_run_time":"4","train_terminated":"false","delay_monitoring_point":"true","reporting_stanox":"72007","auto_expected":"true"}},{"header":{"msg_type":"0003","msg_queue_timestamp":"1713566527000","source_system_id":"TRUST","original_data_source":"SMART"},"body":{"train_id":"879V92M819","actual_timestamp":"1713570060000","loc_stanox":"63201","gbtt_timestamp":"1713570060000","planned_timestamp":"1713570060000","planned_event_type":"DEPARTURE","event_type":"DEPARTURE","event_source":"AUTOMATIC","correction_ind":"false","offroute_ind":"false","direction_ind":"DOWN","line_ind":"S","platform":" 2","route":"1","train_service_code":"22722000","division_code":"88","toc_id":"88","timetable_variation":"0","variation_status":"ON TIME","next_report_stanox":"62423","next_report_run_time":"4","train_terminated":"false","delay_monitoring_point":"true","reporting_stanox":"63201","auto_expected":"true"}},{"header":{"msg_type":"0003","msg_queue_timestamp":"1713566527000","source_system_id":"TRUST","original_data_source":"SMART"},"body":{"train_id":"031L96M819","actual_timestamp":"1713570060000","loc_stanox":"04304","gbtt_timestamp":"1713569100000","planned_timestamp":"1713569100000","planned_event_type":"DEPARTURE","event_type":"DEPARTURE","event_source":"AUTOMATIC","correction_ind":"false","offroute_ind":"false","direction_ind":"UP","platform":" 1","route":"1","train_service_code":"23549003","division_code":"60","toc_id":"60","timetable_variation":"16","variation_status":"LATE","next_report_stanox":"04221","next_report_run_time":"4","train_terminated":"false","delay_monitoring_point":"false","reporting_stanox":"00000","auto_expected":"true"}},{"header":{"msg_type":"0003","msg_queue_timestamp":"1713566527000","source_system_id":"TRUST","original_data_source":"SMART"},"body":{"train_id":"142I01M919","actual_timestamp":"1713570120000","loc_stanox":"13150","gbtt_timestamp":"1713570060000","planned_timestamp":"1713570060000","planned_event_type":"ARRIVAL","event_type":"ARRIVAL","event_source":"AUTOMATIC","correction_ind":"false","offroute_ind":"false","direction_ind":"DOWN","platform":" 2","route":"0","train_service_code":"11798001","division_code":"56","toc_id":"56","timetable_variation":"1","variation_status":"LATE","next_report_stanox":"13152","next_report_run_time":"1","train_terminated":"false","delay_monitoring_point":"false","reporting_stanox":"00000","auto_expected":"true"}},{"header":{"msg_type":"0003","msg_queue_timestamp":"1713566527000","source_system_id":"TRUST","original_data_source":"SMART"},"body":{"train_id":"479S69M719","actual_timestamp":"1713570120000","loc_stanox":"87901","planned_timestamp":"1713569640000","planned_event_type":"DEPARTURE","event_type":"DEPARTURE","event_source":"AUTOMATIC","correction_ind":"false","offroute_ind":"false","direction_ind":"DOWN","line_ind":"Q","route":"2","train_service_code":"22726100","division_code":"88","toc_id":"88","timetable_variation":"8","variation_status":"LATE","next_report_stanox":"87903","next_report_run_time":"8","train_terminated":"false","delay_monitoring_point":"true","reporting_stanox":"87901","auto_expected":"true"}},{"header":{"msg_type":"0003","msg_queue_timestamp":"1713566527000","source_system_id":"TRUST","original_data_source":"SMART"},"body":{"train_id":"011T94MZ19","actual_timestamp":"1713570180000","loc_stanox":"06443","planned_timestamp":"1713570570000","planned_event_type":"ARRIVAL","event_type":"ARRIVAL","event_source":"AUTOMATIC","correction_ind":"false","offroute_ind":"false","route":"0","train_service_code":"23549003","division_code":"60","toc_id":"60","timetable_variation":"6","variation_status":"EARLY","next_report_stanox":"06421","next_report_run_time":"6","train_terminated":"false","delay_monitoring_point":"false","reporting_stanox":"00000","auto_expected":"true"}},{"header":{"msg_type":"0003","msg_queue_timestamp":"1713566527000","source_system_id":"TRUST","original_data_source":"SMART"},"body":{"train_id":"075C51M819","actual_timestamp":"1713570240000","loc_stanox":"04521","gbtt_timestamp":"1713570360000","planned_timestamp":"1713570360000","planned_event_type":"DESTINATION","event_type":"ARRIVAL","event_source":"AUTOMATIC","correction_ind":"false","offroute_ind":"false","direction_ind":"UP","route":"0","train_service_code":"22185002","division_code":"27","toc_id":"27","timetable_variation":"2","variation_status":"EARLY","train_terminated":"true","delay_monitoring_point":"true","reporting_stanox":"04521","auto_expected":"true"}},{"header":{"msg_type":"0003","msg_queue_timestamp":"1713566528000","source_system_id":"TRUST","original_data_source":"SMART"},"body":{"train_id":"072L21M919","actual_timestamp":"1713570060000","loc_stanox":"07255","gbtt_timestamp":"1713570060000","planned_timestamp":"1713570090000","planned_event_type":"DEPARTURE","event_type":"DEPARTURE","event_source":"AUTOMATIC","correction_ind":"false","offroute_ind":"false","direction_ind":"DOWN","platform":"17","route":"1","train_service_code":"23563015","division_code":"60","toc_id":"60","timetable_variation":"0","variation_status":"ON TIME","next_report_stanox":"07253","next_report_run_time":"1","train_terminated":"false","delay_monitoring_point":"true","reporting_stanox":"07255","auto_expected":"true"}},{"header":{"msg_type":"0003","msg_queue_timestamp":"1713566528000","source_system_id":"TRUST","original_data_source":"SMART"},"body":{"train_id":"872M76M919","actual_timestamp":"1713570060000","loc_stanox":"87214","gbtt_timestamp":"1713570120000","planned_timestamp":"1713570120000","planned_event_type":"DEPARTURE","event_type":"DEPARTURE","event_source":"AUTOMATIC","correction_ind":"false","offroute_ind":"false","direction_ind":"UP","platform":" 7","route":"2","train_service_code":"24673405","division_code":"84","toc_id":"84","timetable_variation":"1","variation_status":"EARLY","next_report_stanox":"87286","next_report_run_time":"2","train_terminated":"false","delay_monitoring_point":"true","reporting_stanox":"87214","auto_expected":"true"}},{"header":{"msg_type":"0003","msg_queue_timestamp":"1713566529000","source_system_id":"TRUST","original_data_source":"SMART"},"body":{"train_id":"881D70M919","actual_timestamp":"1713570120000","loc_stanox":"88463","gbtt_timestamp":"1713570180000","planned_timestamp":"1713570180000","planned_event_type":"ARRIVAL","event_type":"ARRIVAL","event_source":"AUTOMATIC","correction_ind":"false","offroute_ind":"false","direction_ind":"UP","platform":" 1","route":"0","train_service_code":"24657005","division_code":"80","toc_id":"80","timetable_variation":"1","variation_status":"EARLY","next_report_stanox":"88462","next_report_run_time":"1","train_terminated":"false","delay_monitoring_point":"false","reporting_stanox":"00000","auto_expected":"true"}},{"header":{"msg_type":"0003","msg_queue_timestamp":"1713566529000","source_system_id":"TRUST","original_data_source":"SMART"},"body":{"train_id":"881D66M819","actual_timestamp":"1713570060000","loc_stanox":"87601","gbtt_timestamp":"1713570120000","planned_timestamp":"1713570120000","planned_event_type":"DEPARTURE","event_type":"DEPARTURE","event_source":"AUTOMATIC","correction_ind":"false","offroute_ind":"false","direction_ind":"UP","line_ind":"S","platform":" 8","route":"4","train_service_code":"24657005","division_code":"80","toc_id":"80","timetable_variation":"1","variation_status":"EARLY","next_report_stanox":"88386","next_report_run_time":"2","train_terminated":"false","delay_monitoring_point":"true","reporting_stanox":"87601","auto_expected":"true"}},{"header":{"msg_type":"0003","msg_queue_timestamp":"1713566529000","source_system_id":"TRUST","original_data_source":"SMART"},"body":{"train_id":"882V52M919","actual_timestamp":"1713570120000","loc_stanox":"88321","gbtt_timestamp":"1713570000000","planned_timestamp":"1713570030000","planned_event_type":"DEPARTURE","event_type":"DEPARTURE","event_source":"AUTOMATIC","correction_ind":"false","offroute_ind":"false","direction_ind":"DOWN","platform":" 3","route":"1","train_service_code":"24653005","division_code":"80","toc_id":"80","timetable_variation":"2","variation_status":"LATE","next_report_stanox":"88325","next_report_run_time":"3","train_terminated":"false","delay_monitoring_point":"true","reporting_stanox":"88321","auto_expected":"true"}},{"header":{"msg_type":"0003","msg_queue_timestamp":"1713566529000","source_system_id":"TRUST","original_data_source":"SMART"},"body":{"train_id":"879T68M819","actual_timestamp":"1713570060000","loc_stanox":"87245","gbtt_timestamp":"1713570120000","planned_timestamp":"1713570120000","planned_event_type":"DEPARTURE","event_type":"DEPARTURE","event_source":"AUTOMATIC","correction_ind":"false","offroute_ind":"false","direction_ind":"UP","platform":" 2","route":"1","train_service_code":"22721000","division_code":"88","toc_id":"88","timetable_variation":"1","variation_status":"EARLY","next_report_stanox":"87244","next_report_run_time":"1","train_terminated":"false","delay_monitoring_point":"true","reporting_stanox":"87245","auto_expected":"true"}},{"header":{"msg_type":"0003","msg_queue_timestamp":"1713566530000","source_system_id":"TRUST","original_data_source":"SMART"},"body":{"train_id":"879D71M919","actual_timestamp":"1713570120000","loc_stanox":"52080","gbtt_timestamp":"1713570120000","planned_timestamp":"1713570090000","planned_event_type":"ARRIVAL","event_type":"ARRIVAL","event_source":"AUTOMATIC","correction_ind":"false","offroute_ind":"false","direction_ind":"UP","platform":" 1","route":"0","train_service_code":"22215003","division_code":"30","toc_id":"30","timetable_variation":"1","variation_status":"LATE","next_report_stanox":"52078","next_report_run_time":"1","train_terminated":"false","delay_monitoring_point":"false","reporting_stanox":"00000","auto_expected":"true"}},{"header":{"msg_type":"0003","msg_queue_timestamp":"1713566530000","source_system_id":"TRUST","original_data_source":"SMART"},"body":{"train_id":"871A66M919","actual_timestamp":"1713570120000","loc_stanox":"87701","gbtt_timestamp":"1713570060000","planned_timestamp":"1713570060000","planned_event_type":"ARRIVAL","event_type":"ARRIVAL","event_source":"AUTOMATIC","correction_ind":"false","offroute_ind":"false","direction_ind":"DOWN","platform":" 3","route":"0","train_service_code":"24747000","division_code":"88","toc_id":"88","timetable_variation":"1","variation_status":"LATE","next_report_stanox":"87704","next_report_run_time":"1","train_terminated":"false","delay_monitoring_point":"true","reporting_stanox":"87701","auto_expected":"true"}},{"header":{"msg_type":"0003","msg_queue_timestamp":"1713566530000","source_system_id":"TRUST","original_data_source":"SMART"},"body":{"train_id":"521P70M819","actual_timestamp":"1713570060000","loc_stanox":"49211","gbtt_timestamp":"1713570120000","planned_timestamp":"1713570120000","planned_event_type":"DEPARTURE","event_type":"DEPARTURE","event_source":"AUTOMATIC","correction_ind":"false","offroute_ind":"false","direction_ind":"DOWN","line_ind":"D","platform":" 3","route":"1","train_service_code":"21781002","division_code":"21","toc_id":"21","timetable_variation":"1","variation_status":"EARLY","next_report_stanox":"49193","next_report_run_time":"1","train_terminated":"false","delay_monitoring_point":"true","reporting_stanox":"49211","auto_expected":"true"}},{"header":{"msg_type":"0003","msg_queue_timestamp":"1713566530000","source_system_id":"TRUST","original_data_source":"SMART"},"body":{"train_id":"521B48M919","actual_timestamp":"1713570120000","loc_stanox":"51914","planned_timestamp":"1713570090000","planned_event_type":"ARRIVAL","event_type":"ARRIVAL","event_source":"AUTOMATIC","correction_ind":"false","offroute_ind":"false","route":"0","train_service_code":"21911000","division_code":"21","toc_id":"21","timetable_variation":"1","variation_status":"LATE","next_report_stanox":"51815","next_report_run_time":"1","train_terminated":"false","delay_monitoring_point":"true","reporting_stanox":"51914","auto_expected":"true"}},{"header":{"msg_type":"0003","msg_queue_timestamp":"1713566530000","source_system_id":"TRUST","original_data_source":"SMART"},"body":{"train_id":"722J37M919","actual_timestamp":"1713570120000","loc_stanox":"51558","gbtt_timestamp":"1713570240000","planned_timestamp":"1713570210000","planned_event_type":"ARRIVAL","event_type":"ARRIVAL","event_source":"AUTOMATIC","correction_ind":"false","offroute_ind":"false","direction_ind":"DOWN","line_ind":"D","platform":" 2","route":"0","train_service_code":"21921000","division_code":"30","toc_id":"30","timetable_variation":"1","variation_status":"EARLY","next_report_stanox":"51555","next_report_run_time":"2","train_terminated":"false","delay_monitoring_point":"true","reporting_stanox":"51558","auto_expected":"true"}},{"header":{"msg_type":"0003","msg_queue_timestamp":"1713566530000","source_system_id":"TRUST","original_data_source":"SMART"},"body":{"train_id":"525V62M919","actual_timestamp":"1713570120000","loc_stanox":"52701","planned_timestamp":"1713570120000","planned_event_type":"DEPARTURE","event_type":"DEPARTURE","event_source":"AUTOMATIC","correction_ind":"false","offroute_ind":"false","direction_ind":"DOWN","line_ind":"E","route":"1","train_service_code":"21916400","division_code":"21","toc_id":"21","timetable_variation":"0","variation_status":"ON TIME","next_report_stanox":"52226","next_report_run_time":"1","train_terminated":"false","delay_monitoring_point":"true","reporting_stanox":"52701","auto_expected":"true"}}]