[{"header":{"msg_type":"0003","msg_queue_timestamp":"1713127147000","source_system_id":"TRUST","original_data_source":"SMART"},"body":{"train_id":"512O65M714","actual_timestamp":"1713130680000","loc_stanox":"51702","gbtt_timestamp":"1713130740000","planned_timestamp":"1713130740000","planned_event_type":"DEPARTURE","event_type":"DEPARTURE","event_source":"AUTOMATIC","correction_ind":"false","offroute_ind":"false","direction_ind":"UP","line_ind":"U","platform":" 2","route":"1","train_service_code":"21920000","division_code":"21","toc_id":"21","timetable_variation":"1","variation_status":"EARLY","next_report_stanox":"51707","next_report_run_time":"4","train_terminated":"false","delay_monitoring_point":"true","reporting_stanox":"51702","auto_expected":"true"}},{"header":{"msg_type":"0003","msg_queue_timestamp":"1713127147000","source_system_id":"TRUST","original_data_source":"SMART"},"body":{"train_id":"471B27M714","actual_timestamp":"1713130680000","loc_stanox":"47412","gbtt_timestamp":"1713130740000","planned_timestamp":"1713130740000","planned_event_type":"DEPARTURE","event_type":"DEPARTURE","event_source":"AUTOMATIC","correction_ind":"false","offroute_ind":"false","direction_ind":"UP","line_ind":"U","platform":" 2","route":"2","train_service_code":"21911000","division_code":"21","toc_id":"21","timetable_variation":"1","variation_status":"EARLY","next_report_stanox":"47611","next_report_run_time":"6","train_terminated":"false","delay_monitoring_point":"true","reporting_stanox":"47412","auto_expected":"true"}},{"header":{"msg_type":"0003","msg_queue_timestamp":"1713127147000","source_system_id":"TRUST","original_data_source":"SMART"},"body":{"train_id":"172H36M714","actual_timestamp":"1713130680000","loc_stanox":"17014","gbtt_timestamp":"1713130560000","planned_timestamp":"1713130590000","planned_event_type":"DEPARTURE","event_type":"DEPARTURE","event_source":"AUTOMATIC","correction_ind":"false","offroute_ind":"false","direction_ind":"DOWN","line_ind":"M","platform":" 2","route":"2","train_service_code":"11870820","division_code":"23","toc_id":"23","timetable_variation":"2","variation_status":"LATE","next_report_stanox":"17011","next_report_run_time":"4","train_terminated":"false","delay_monitoring_point":"false","reporting_stanox":"00000","auto_expected":"true"}},{"header":{"msg_type":"0003","msg_queue_timestamp":"1713127147000","source_system_id":"TRUST","original_data_source":"SMART"},"body":{"train_id":"062H80MZ14","actual_timestamp":"1713130680000","loc_stanox":"06354","gbtt_timestamp":"1713130560000","planned_timestamp":"1713130590000","planned_event_type":"DEPARTURE","event_type":"DEPARTURE","event_source":"AUTOMATIC","correction_ind":"false","offroute_ind":"false","direction_ind":"UP","platform":" 1","route":"3","train_service_code":"13560015","division_code":"60","toc_id":"60","timetable_variation":"2","variation_status":"LATE","next_report_stanox":"06359","next_report_run_time":"2","train_terminated":"false","delay_monitoring_point":"true","reporting_stanox":"06354","auto_expected":"true"}},{"header":{"msg_type":"0003","msg_queue_timestamp":"1713127148000","source_system_id":"TRUST","original_data_source":"SMART"},"body":{"train_id":"062V45M714","actual_timestamp":"1713130680000","loc_stanox":"06399","gbtt_timestamp":"1713130740000","planned_timestamp":"1713130770000","planned_event_type":"DEPARTURE","event_type":"DEPARTURE","event_source":"AUTOMATIC","correction_ind":"false","offroute_ind":"false","direction_ind":"DOWN","platform":" 8","route":"1","train_service_code":"13560015","division_code":"60","toc_id":"60","timetable_variation":"1","variation_status":"EARLY","next_report_stanox":"06365","next_report_run_time":"2","train_terminated":"false","delay_monitoring_point":"true","reporting_stanox":"06399","auto_expected":"true"}},{"header":{"msg_type":"0003","msg_queue_timestamp":"1713127148000","source_system_id":"TRUST","original_data_source":"SMART"},"body":{"train_id":"092N22MX14","actual_timestamp":"1713130800000","loc_stanox":"15223","gbtt_timestamp":"1713130800000","planned_timestamp":"1713130770000","planned_event_type":"ARRIVAL","event_type":"ARRIVAL","event_source":"AUTOMATIC","correction_ind":"false","offroute_ind":"false","direction_ind":"UP","platform":" 1","route":"0","train_service_code":"21793000","division_code":"23","toc_id":"23","timetable_variation":"1","variation_status":"LATE","next_report_stanox":"15227","next_report_run_time":"1","train_terminated":"false","delay_monitoring_point":"false","reporting_stanox":"00000","auto_expected":"true"}},{"header":{"msg_type":"0003","msg_queue_timestamp":"1713127148000","source_system_id":"TRUST","original_data_source":"SMART"},"body":{"train_id":"311P89MY14","actual_timestamp":"1713130740000","loc_stanox":"16421","planned_timestamp":"1713130740000","planned_event_type":"DEPARTURE","event_type":"DEPARTURE","event_source":"AUTOMATIC","correction_ind":"false","offroute_ind":"false","direction_ind":"DOWN","line_ind":"F","route":"1","train_service_code":"21734000","division_code":"20","toc_id":"20","timetable_variation":"0","variation_status":"ON TIME","next_report_stanox":"16005","next_report_run_time":"8","train_terminated":"false","delay_monitoring_point":"true","reporting_stanox":"16421","auto_expected":"true"}},{"header":{"msg_type":"0003","msg_queue_timestamp":"1713127148000","source_system_id":"TRUST","original_data_source":"SMART"},"body":{"train_id":"631F58M714","actual_timestamp":"1713130740000","loc_stanox":"62001","planned_timestamp":"1713130620000","planned_event_type":"DEPARTURE","event_type":"DEPARTURE","event_source":"AUTOMATIC","correction_ind":"false","offroute_ind":"false","direction_ind":"DOWN","line_ind":"F","route":"1","train_service_code":"22152000","division_code":"28","toc_id":"28","timetable_variation":"2","variation_status":"LATE","next_report_stanox":"61100","next_report_run_time":"5","train_terminated":"false","delay_monitoring_point":"true","reporting_stanox":"62001","auto_expected":"true"}},{"header":{"msg_type":"0003","msg_queue_timestamp":"1713127148000","source_system_id":"TRUST","original_data_source":"SMART"},"body":{"train_id":"899P62MY14","actual_timestamp":"1713130680000","loc_stanox":"87244","gbtt_timestamp":"1713130620000","planned_timestamp":"1713130620000","planned_event_type":"DEPARTURE","event_type":"DEPARTURE","event_source":"AUTOMATIC","correction_ind":"false","offroute_ind":"false","direction_ind":"UP","platform":" 1","route":"1","train_service_code":"22761000","division_code":"88","toc_id":"88","timetable_variation":"1","variation_status":"LATE","next_report_stanox":"63633","next_report_run_time":"1","train_terminated":"false","delay_monitoring_point":"false","reporting_stanox":"00000","auto_expected":"true"}},{"header":{"msg_type":"0003","msg_queue_timestamp":"1713127148000","source_system_id":"TRUST","original_data_source":"SMART"},"body":{"train_id":"879Y65M714","actual_timestamp":"1713130680000","loc_stanox":"88471","gbtt_timestamp":"1713130740000","planned_timestamp":"1713130770000","planned_event_type":"DEPARTURE","event_type":"DEPARTURE","event_source":"AUTOMATIC","correction_ind":"false","offroute_ind":"false","direction_ind":"DOWN","platform":" 2","route":"1","train_service_code":"22742000","division_code":"88","toc_id":"88","timetable_variation":"1","variation_status":"EARLY","next_report_stanox":"88472","next_report_run_time":"2","train_terminated":"false","delay_monitoring_point":"true","reporting_stanox":"88471","auto_expected":"true"}},{"header":{"msg_type":"0003","msg_queue_timestamp":"1713127148000","source_system_id":"TRUST","original_data_source":"SMART"},"body":{"train_id":"891P66MY14","actual_timestamp":"1713130740000","loc_stanox":"87249","planned_timestamp":"1713130740000","planned_event_type":"ARRIVAL","event_type":"ARRIVAL","event_source":"AUTOMATIC","correction_ind":"false","offroute_ind":"false","route":"0","train_service_code":"24604004","division_code":"80","toc_id":"80","timetable_variation":"0","variation_status":"ON TIME","next_report_stanox":"87248","next_report_run_time":"1","train_terminated":"false","delay_monitoring_point":"true","reporting_stanox":"87249","auto_expected":"true"}},{"header":{"msg_type":"0003","msg_queue_timestamp":"1713127148000","source_system_id":"TRUST","original_data_source":"SMART"},"body":{"train_id":"879D64M714","actual_timestamp":"1713130680000","loc_stanox":"87629","gbtt_timestamp":"1713130680000","planned_timestamp":"1713130710000","planned_event_type":"DEPARTURE","event_type":"DEPARTURE","event_source":"AUTOMATIC","correction_ind":"false","offroute_ind":"false","direction_ind":"UP","line_ind":"S","platform":" 1","route":"1","train_service_code":"22215003","division_code":"30","toc_id":"30","timetable_variation":"0","variation_status":"ON TIME","next_report_stanox":"87603","next_report_run_time":"2","train_terminated":"false","delay_monitoring_point":"false","reporting_stanox":"00000","auto_expected":"true"}},{"header":{"msg_type":"0003","msg_queue_timestamp":"1713127148000","source_system_id":"TRUST","original_data_source":"SMART"},"body":{"train_id":"871B66M714","actual_timestamp":"1713130740000","loc_stanox":"87603","planned_timestamp":"1713130860000","planned_event_type":"ARRIVAL","event_type":"ARRIVAL","event_source":"AUTOMATIC","correction_ind":"false","offroute_ind":"false","route":"0","train_service_code":"24748000","division_code":"88","toc_id":"88","timetable_variation":"2","variation_status":"EARLY","next_report_stanox":"87626","next_report_run_time":"2","train_terminated":"false","delay_monitoring_point":"true","reporting_stanox":"87603","auto_expected":"true"}},{"header":{"msg_type":"0003","msg_queue_timestamp":"1713127148000","source_system_id":"TRUST","original_data_source":"SMART"},"body":{"train_id":"871G66M714","actual_timestamp":"1713130800000","loc_stanox":"88254","gbtt_timestamp":"1713130800000","planned_timestamp":"1713130800000","planned_event_type":"ARRIVAL","event_type":"ARRIVAL","event_source":"AUTOMATIC","correction_ind":"false","offroute_ind":"false","direction_ind":"DOWN","platform":" 2","route":"0","train_service_code":"24743000","division_code":"88","toc_id":"88","timetable_variation":"0","variation_status":"ON TIME","next_report_stanox":"88252","next_report_run_time":"7","train_terminated":"false","delay_monitoring_point":"true","reporting_stanox":"88254","auto_expected":"true"}},{"header":{"msg_type":"0003","msg_queue_timestamp":"1713127148000","source_system_id":"TRUST","original_data_source":"SMART"},"body":{"train_id":"742C68MZ14","actual_timestamp":"1713130800000","loc_stanox":"87216","planned_timestamp":"1713130860000","planned_event_type":"ARRIVAL","event_type":"ARRIVAL","event_source":"AUTOMATIC","correction_ind":"false","offroute_ind":"false","route":"0","train_service_code":"24672104","division_code":"84","toc_id":"84","timetable_variation":"1","variation_status":"EARLY","next_report_stanox":"87215","next_report_run_time":"1","train_terminated":"false","delay_monitoring_point":"false","reporting_stanox":"00000","auto_expected":"true"}},{"header":{"msg_type":"0003","msg_queue_timestamp":"1713127149000","source_system_id":"TRUST","original_data_source":"SMART"},"body":{"train_id":"731R311714","actual_timestamp":"1713130740000","loc_stanox":"74023","gbtt_timestamp":"1713130620000","planned_timestamp":"1713130620000","planned_event_type":"ARRIVAL","event_type":"ARRIVAL","event_source":"AUTOMATIC","correction_ind":"false","offroute_ind":"false","direction_ind":"DOWN","line_ind":"D","platform":" 1","route":"0","train_service_code":"25375002","division_code":"25","toc_id":"25","timetable_variation":"2","variation_status":"LATE","next_report_stanox":"74233","next_report_run_time":"1","train_terminated":"false","delay_monitoring_point":"true","reporting_stanox":"74023","auto_expected":"true"}},{"header":{"msg_type":"0003","msg_queue_timestamp":"1713127149000","source_system_id":"TRUST","original_data_source":"SMART"},"body":{"train_id":"301F01MZ14","actual_timestamp":"1713130680000","loc_stanox":"35405","gbtt_timestamp":"1713130740000","planned_timestamp":"1713130770000","planned_event_type":"DEPARTURE","event_type":"DEPARTURE","event_source":"AUTOMATIC","correction_ind":"false","offroute_ind":"false","direction_ind":"DOWN","platform":" 2","route":"2","train_service_code":"12249820","division_code":"23","toc_id":"23","timetable_variation":"1","variation_status":"EARLY","next_report_stanox":"36616","next_report_run_time":"3","train_terminated":"false","delay_monitoring_point":"true","reporting_stanox":"35405","auto_expected":"true"}},{"header":{"msg_type":"0003","msg_queue_timestamp":"1713127149000","source_system_id":"TRUST","original_data_source":"SMART"},"body":{"train_id":"352N93MY14","actual_timestamp":"1713130740000","loc_stanox":"31031","gbtt_timestamp":"1713130680000","planned_timestamp":"1713130650000","planned_event_type":"ARRIVAL","event_type":"ARRIVAL","event_source":"AUTOMATIC","correction_ind":"false","offroute_ind":"false","direction_ind":"DOWN","line_ind":"C","platform":" 2","route":"0","train_service_code":"12225820","division_code":"23","toc_id":"23","timetable_variation":"2","variation_status":"LATE","next_report_stanox":"29010","next_report_run_time":"1","train_terminated":"false","delay_monitoring_point":"false","reporting_stanox":"00000","auto_expected":"true"}},{"header":{"msg_type":"0003","msg_queue_timestamp":"1713127149000","source_system_id":"TRUST","original_data_source":"SMART"},"body":{"train_id":"795V97M714","actual_timestamp":"1713130800000","loc_stanox":"78608","planned_timestamp":"1713131100000","planned_event_type":"ARRIVAL","event_type":"ARRIVAL","event_source":"AUTOMATIC","correction_ind":"false","offroute_ind":"false","route":"0","train_service_code":"25450000","division_code":"71","toc_id":"71","timetable_variation":"5","variation_status":"EARLY","next_report_stanox":"77307","next_report_run_time":"5","train_terminated":"false","delay_monitoring_point":"true","reporting_stanox":"78608","auto_expected":"true"}},{"header":{"msg_type":"0003","msg_queue_timestamp":"1713127149000","source_system_id":"TRUST","original_data_source":"SMART"},"body":{"train_id":"402C55M714","actual_timestamp":"1713130740000","loc_stanox":"38184","gbtt_timestamp":"1713130740000","planned_timestamp":"1713130740000","planned_event_type":"ARRIVAL","event_type":"ARRIVAL","event_source":"AUTOMATIC","correction_ind":"false","offroute_ind":"false","direction_ind":"UP","platform":" 1","route":"0","train_service_code":"22306003","division_code":"64","toc_id":"64","timetable_variation":"0","variation_status":"ON TIME","next_report_stanox":"38181","next_report_run_time":"1","train_terminated":"false","delay_monitoring_point":"false","reporting_stanox":"00000","auto_expected":"true"}},{"header":{"msg_type":"0003","msg_queue_timestamp":"1713127149000","source_system_id":"TRUST","original_data_source":"SMART"},"body":{"train_id":"521R581714","actual_timestamp":"1713130740000","loc_stanox":"51311","gbtt_timestamp":"1713130800000","planned_timestamp":"1713130800000","planned_event_type":"ARRIVAL","event_type":"ARRIVAL","event_source":"AUTOMATIC","correction_ind":"false","offroute_ind":"false","direction_ind":"DOWN","platform":" 2","route":"0","train_service_code":"21936004","division_code":"79","toc_id":"79","timetable_variation":"1","variation_status":"EARLY","next_report_stanox":"51203","next_report_run_time":"2","train_terminated":"false","delay_monitoring_point":"true","reporting_stanox":"51311","auto_expected":"true"}},{"header":{"msg_type":"0003","msg_queue_timestamp":"1713127150000","source_system_id":"TRUST","original_data_source":"SMART"},"body":{"train_id":"796M39CR14","actual_timestamp":"1713130680000","loc_stanox":"42172","planned_timestamp":"1713130950000","planned_event_type":"DEPARTURE","event_type":"DEPARTURE","event_source":"AUTOMATIC","correction_ind":"false","offroute_ind":"false","direction_ind":"DOWN","platform":" 1","route":"2","train_service_code":"57622970","division_code":"09","toc_id":"09","timetable_variation":"4","variation_status":"EARLY","next_report_stanox":"42166","next_report_run_time":"8","train_terminated":"false","delay_monitoring_point":"true","train_file_address":"G29","reporting_stanox":"42172","auto_expected":"true"}},{"header":{"msg_type":"0003","msg_queue_timestamp":"1713127150000","source_system_id":"TRUST","original_data_source":"SMART"},"body":{"train_id":"321V89MY14","actual_timestamp":"1713130680000","loc_stanox":"69300","gbtt_timestamp":"1713130680000","planned_timestamp":"1713130680000","planned_event_type":"DEPARTURE","event_type":"DEPARTURE","event_source":"AUTOMATIC","correction_ind":"false","offroute_ind":"false","direction_ind":"UP","platform":" 3","route":"2","train_service_code":"22180014","division_code":"27","toc_id":"27","timetable_variation":"0","variation_status":"ON TIME","next_report_stanox":"69414","next_report_run_time":"9","train_terminated":"false","delay_monitoring_point":"true","reporting_stanox":"69300","auto_expected":"true"}},{"header":{"msg_type":"0003","msg_queue_timestamp":"1713127151000","source_system_id":"TRUST","original_data_source":"SMART"},"body":{"train_id":"521B30MZ14","actual_timestamp":"1713130800000","loc_stanox":"47344","gbtt_timestamp":"1713130920000","planned_timestamp":"1713130920000","planned_event_type":"DESTINATION","event_type":"ARRIVAL","event_source":"AUTOMATIC","correction_ind":"false","offroute_ind":"false","direction_ind":"DOWN","platform":" 3","route":"0","train_service_code":"21911000","division_code":"21","toc_id":"21","timetable_variation":"2","variation_status":"EARLY","train_terminated":"true","delay_monitoring_point":"true","reporting_stanox":"47344","auto_expected":"true"}},{"header":{"msg_type":"0003","msg_queue_timestamp":"1713127151000","source_system_id":"TRUST","original_data_source":"SMART"},"body":{"train_id":"739W80M714","actual_timestamp":"1713130740000","loc_stanox":"73112","gbtt_timestamp":"1713130800000","planned_timestamp":"1713130770000","planned_event_type":"ARRIVAL","event_type":"ARRIVAL","event_source":"AUTOMATIC","correction_ind":"false","offroute_ind":"false","direction_ind":"UP","route":"0","train_service_code":"21381202","division_code":"33","toc_id":"33","timetable_variation":"0","variation_status":"ON TIME","next_report_stanox":"73113","next_report_run_time":"1","train_terminated":"false","delay_monitoring_point":"false","reporting_stanox":"00000","auto_expected":"true"}},{"header":{"msg_type":"0003","msg_queue_timestamp":"1713127151000","source_system_id":"TRUST","original_data_source":"SMART"},"body":{"train_id":"141A69MW14","actual_timestamp":"1713130680000","loc_stanox":"54238","planned_timestamp":"1713130530000","planned_event_type":"DEPARTURE","event_type":"DEPARTURE","event_source":"AUTOMATIC","correction_ind":"false","offroute_ind":"false","direction_ind":"UP","line_ind":"F","platform":" 4","route":"1","train_service_code":"21755001","division_code":"22","toc_id":"22","timetable_variation":"3","variation_status":"LATE","next_report_stanox":"54245","next_report_run_time":"2","train_terminated":"false","delay_monitoring_point":"true","reporting_stanox":"54238","auto_expected":"true"}}]