[{"header":{"msg_type":"0003","msg_queue_timestamp":"1713124740000","source_system_id":"TRUST","original_data_source":"SMART"},"body":{"train_id":"162F12MZ14","actual_timestamp":"1713128340000","loc_stanox":"17182","planned_timestamp":"1713128370000","planned_event_type":"DEPARTURE","event_type":"DEPARTURE","event_source":"AUTOMATIC","correction_ind":"false","offroute_ind":"false","direction_ind":"DOWN","line_ind":"M","route":"2","train_service_code":"11841820","division_code":"23","toc_id":"23","timetable_variation":"0","variation_status":"ON TIME","next_report_stanox":"17149","next_report_run_time":"4","train_terminated":"false","delay_monitoring_point":"false","reporting_stanox":"00000","auto_expected":"true"}},{"header":{"msg_type":"0003","msg_queue_timestamp":"1713124740000","source_system_id":"TRUST","original_data_source":"SMART"},"body":{"train_id":"361L18MY14","actual_timestamp":"1713128280000","loc_stanox":"32541","planned_timestamp":"1713128310000","planned_event_type":"DEPARTURE","event_type":"DEPARTURE","event_source":"AUTOMATIC","correction_ind":"false","offroute_ind":"false","direction_ind":"UP","line_ind":"V","platform":" 1","route":"1","train_service_code":"22269000","division_code":"28","toc_id":"28","timetable_variation":"0","variation_status":"ON TIME","next_report_stanox":"32540","next_report_run_time":"1","train_terminated":"false","delay_monitoring_point":"true","reporting_stanox":"32541","auto_expected":"true"}},{"header":{"msg_type":"0003","msg_queue_timestamp":"1713124740000","source_system_id":"TRUST","original_data_source":"SMART"},"body":{"train_id":"899P60MY14","actual_timestamp":"1713128280000","loc_stanox":"87601","gbtt_timestamp":"1713128340000","planned_timestamp":"1713128340000","planned_event_type":"DEPARTURE","event_type":"DEPARTURE","event_source":"AUTOMATIC","correction_ind":"false","offroute_ind":"false","direction_ind":"UP","platform":" 5","route":"4","train_service_code":"22761000","division_code":"88","toc_id":"88","timetable_variation":"1","variation_status":"EARLY","next_report_stanox":"88400","next_report_run_time":"1","train_terminated":"false","delay_monitoring_point":"true","reporting_stanox":"87601","auto_expected":"true"}}]