[{"header":{"msg_type":"0003","msg_queue_timestamp":"1713111756000","source_system_id":"TRUST","original_data_source":"SMART"},"body":{"train_id":"872K49MU14","actual_timestamp":"1713115320000","loc_stanox":"87214","gbtt_timestamp":"1713115320000","planned_timestamp":"1713115320000","planned_event_type":"DEPARTURE","event_type":"DEPARTURE","event_source":"AUTOMATIC","correction_ind":"false","offroute_ind":"false","direction_ind":"DOWN","platform":" 8","route":"1","train_service_code":"24671405","division_code":"84","toc_id":"84","timetable_variation":"0","variation_status":"ON TIME","next_report_stanox":"87219","next_report_run_time":"4","train_terminated":"false","delay_monitoring_point":"true","reporting_stanox":"87214","auto_expected":"true"}},{"header":{"msg_type":"0003","msg_queue_timestamp":"1713111756000","source_system_id":"TRUST","original_data_source":"SMART"},"body":{"train_id":"081K70MU14","actual_timestamp":"1713115260000","loc_stanox":"08521","gbtt_timestamp":"1713115260000","planned_timestamp":"1713115290000","planned_event_type":"DEPARTURE","event_type":"DEPARTURE","event_source":"AUTOMATIC","correction_ind":"false","offroute_ind":"false","direction_ind":"UP","platform":" 1","route":"1","train_service_code":"13573015","division_code":"60","toc_id":"60","timetable_variation":"0","variation_status":"ON TIME","next_report_stanox":"08519","next_report_run_time":"4","train_terminated":"false","delay_monitoring_point":"false","reporting_stanox":"00000","auto_expected":"true"}},{"header":{"msg_type":"0003","msg_queue_timestamp":"1713111756000","source_system_id":"TRUST","original_data_source":"SMART"},"body":{"train_id":"032N66MU14","actual_timestamp":"1713115320000","loc_stanox":"03377","planned_timestamp":"1713115350000","planned_event_type":"DEPARTURE","event_type":"DEPARTURE","event_source":"AUTOMATIC","correction_ind":"false","offroute_ind":"false","direction_ind":"UP","route":"1","train_service_code":"13575825","division_code":"60","toc_id":"60","timetable_variation":"0","variation_status":"ON TIME","next_report_stanox":"03395","next_report_run_time":"4","train_terminated":"false","delay_monitoring_point":"false","reporting_stanox":"00000","auto_expected":"true"}},{"header":{"msg_type":"0003","msg_queue_timestamp":"1713111756000","source_system_id":"TRUST","original_data_source":"SMART"},"body":{"train_id":"889F46MU14","actual_timestamp":"1713115320000","loc_stanox":"52090","gbtt_timestamp":"1713115380000","planned_timestamp":"1713115380000","planned_event_type":"ARRIVAL","event_type":"ARRIVAL","event_source":"AUTOMATIC","correction_ind":"false","offroute_ind":"false","direction_ind":"UP","platform":" 1","route":"0","train_service_code":"22218000","division_code":"30","toc_id":"30","timetable_variation":"1","variation_status":"EARLY","next_report_stanox":"52088","next_report_run_time":"1","train_terminated":"false","delay_monitoring_point":"false","reporting_stanox":"00000","auto_expected":"true"}},{"header":{"msg_type":"0003","msg_queue_timestamp":"1713111756000","source_system_id":"TRUST","original_data_source":"SMART"},"body":{"train_id":"812K50MU14","actual_timestamp":"1713115380000","loc_stanox":"81401","planned_timestamp":"1713115380000","planned_event_type":"DEPARTURE","event_type":"DEPARTURE","event_source":"AUTOMATIC","correction_ind":"false","offroute_ind":"false","direction_ind":"UP","line_ind":"A","route":"3","train_service_code":"25466001","division_code":"25","toc_id":"25","timetable_variation":"0","variation_status":"ON TIME","next_report_stanox":"81261","next_report_run_time":"2","train_terminated":"false","delay_monitoring_point":"false","reporting_stanox":"00000","auto_expected":"true"}},{"header":{"msg_type":"0003","msg_queue_timestamp":"1713111756000","source_system_id":"TRUST","original_data_source":"SMART"},"body":{"train_id":"812K50MU14","actual_timestamp":"1713115320000","loc_stanox":"81403","gbtt_timestamp":"1713115320000","planned_timestamp":"1713115320000","planned_event_type":"DEPARTURE","event_type":"DEPARTURE","event_source":"AUTOMATIC","correction_ind":"false","offroute_ind":"false","direction_ind":"UP","line_ind":"1","platform":" 1","route":"3","train_service_code":"25466001","division_code":"25","toc_id":"25","timetable_variation":"0","variation_status":"ON TIME","next_report_stanox":"81401","next_report_run_time":"1","train_terminated":"false","delay_monitoring_point":"true","reporting_stanox":"81403","auto_expected":"true"}},{"header":{"msg_type":"0003","msg_queue_timestamp":"1713111756000","source_system_id":"TRUST","original_data_source":"SMART"},"body":{"train_id":"521K421U14","actual_timestamp":"1713115320000","loc_stanox":"50334","planned_timestamp":"1713115350000","planned_event_type":"DEPARTURE","event_type":"DEPARTURE","event_source":"AUTOMATIC","correction_ind":"false","offroute_ind":"false","direction_ind":"DOWN","line_ind":"M","platform":" 2","route":"2","train_service_code":"21943001","division_code":"21","toc_id":"21","timetable_variation":"0","variation_status":"ON TIME","next_report_stanox":"50328","next_report_run_time":"8","train_terminated":"false","delay_monitoring_point":"true","reporting_stanox":"50334","auto_expected":"true"}},{"header":{"msg_type":"0003","msg_queue_timestamp":"1713111756000","source_system_id":"TRUST","original_data_source":"SMART"},"body":{"train_id":"502K411S14","actual_timestamp":"1713115320000","loc_stanox":"52739","planned_timestamp":"1713115440000","planned_event_type":"DEPARTURE","event_type":"DEPARTURE","event_source":"AUTOMATIC","correction_ind":"false","offroute_ind":"false","direction_ind":"UP","line_ind":"M","route":"3","train_service_code":"21943001","division_code":"21","toc_id":"21","timetable_variation":"2","variation_status":"EARLY","next_report_stanox":"52741","next_report_run_time":"3","train_terminated":"false","delay_monitoring_point":"true","reporting_stanox":"52739","auto_expected":"true"}},{"header":{"msg_type":"0003","msg_queue_timestamp":"1713111756000","source_system_id":"TRUST","original_data_source":"SMART"},"body":{"train_id":"722N32MT14","actual_timestamp":"1713115380000","loc_stanox":"72416","gbtt_timestamp":"1713115260000","planned_timestamp":"1713115230000","planned_event_type":"ARRIVAL","event_type":"ARRIVAL","event_source":"AUTOMATIC","correction_ind":"false","offroute_ind":"false","direction_ind":"UP","platform":" 2","route":"0","train_service_code":"22214000","division_code":"30","toc_id":"30","timetable_variation":"3","variation_status":"LATE","next_report_stanox":"72417","next_report_run_time":"1","train_terminated":"false","delay_monitoring_point":"false","reporting_stanox":"00000","auto_expected":"true"}},{"header":{"msg_type":"0003","msg_queue_timestamp":"1713111756000","source_system_id":"TRUST","original_data_source":"SMART"},"body":{"train_id":"542R461U14","actual_timestamp":"1713115320000","loc_stanox":"54001","gbtt_timestamp":"1713115260000","planned_timestamp":"1713115290000","planned_event_type":"DEPARTURE","event_type":"DEPARTURE","event_source":"AUTOMATIC","correction_ind":"false","offroute_ind":"false","direction_ind":"DOWN","line_ind":"S","platform":" 4","route":"1","train_service_code":"21726000","division_code":"88","toc_id":"88","timetable_variation":"1","variation_status":"LATE","next_report_stanox":"53501","next_report_run_time":"5","train_terminated":"false","delay_monitoring_point":"true","reporting_stanox":"54001","auto_expected":"true"}},{"header":{"msg_type":"0003","msg_queue_timestamp":"1713111756000","source_system_id":"TRUST","original_data_source":"SMART"},"body":{"train_id":"141A65MO14","actual_timestamp":"1713115320000","loc_stanox":"53223","planned_timestamp":"1713115230000","planned_event_type":"DEPARTURE","event_type":"DEPARTURE","event_source":"AUTOMATIC","correction_ind":"false","offroute_ind":"false","direction_ind":"UP","line_ind":"F","platform":" 2","route":"1","train_service_code":"21755001","division_code":"22","toc_id":"22","timetable_variation":"2","variation_status":"LATE","next_report_stanox":"53231","next_report_run_time":"2","train_terminated":"false","delay_monitoring_point":"true","reporting_stanox":"53223","auto_expected":"true"}},{"header":{"msg_type":"0003","msg_queue_timestamp":"1713111756000","source_system_id":"TRUST","original_data_source":"SMART"},"body":{"train_id":"422J62MU14","actual_timestamp":"1713115320000","loc_stanox":"42166","planned_timestamp":"1713115320000","planned_event_type":"DEPARTURE","event_type":"DEPARTURE","event_source":"AUTOMATIC","correction_ind":"false","offroute_ind":"false","direction_ind":"UP","line_ind":"N","route":"1","train_service_code":"25267000","division_code":"71","toc_id":"71","timetable_variation":"0","variation_status":"ON TIME","next_report_stanox":"42172","next_report_run_time":"5","train_terminated":"false","delay_monitoring_point":"false","reporting_stanox":"00000","auto_expected":"true"}},{"header":{"msg_type":"0003","msg_queue_timestamp":"1713111756000","source_system_id":"TRUST","original_data_source":"SMART"},"body":{"train_id":"721F28MR14","actual_timestamp":"1713115440000","loc_stanox":"42140","gbtt_timestamp":"1713115380000","planned_timestamp":"1713115380000","planned_event_type":"ARRIVAL","event_type":"ARRIVAL","event_source":"AUTOMATIC","correction_ind":"false","offroute_ind":"false","direction_ind":"DOWN","platform":"11","route":"0","train_service_code":"22109001","division_code":"65","toc_id":"65","timetable_variation":"1","variation_status":"LATE","next_report_stanox":"42128","next_report_run_time":"2","train_terminated":"false","delay_monitoring_point":"true","reporting_stanox":"42140","auto_expected":"true"}},{"header":{"msg_type":"0003","msg_queue_timestamp":"1713111757000","source_system_id":"TRUST","original_data_source":"SMART"},"body":{"train_id":"401A51MT14","actual_timestamp":"1713115320000","loc_stanox":"43314","gbtt_timestamp":"1713114840000","planned_timestamp":"1713114840000","planned_event_type":"DEPARTURE","event_type":"DEPARTURE","event_source":"AUTOMATIC","correction_ind":"false","offroute_ind":"false","direction_ind":"UP","line_ind":"F","platform":" 1","route":"2","train_service_code":"22104001","division_code":"65","toc_id":"65","timetable_variation":"8","variation_status":"LATE","next_report_stanox":"43328","next_report_run_time":"5","train_terminated":"false","delay_monitoring_point":"true","reporting_stanox":"43314","auto_expected":"true"}},{"header":{"msg_type":"0003","msg_queue_timestamp":"1713111757000","source_system_id":"TRUST","original_data_source":"SMART"},"body":{"train_id":"541D21MS14","actual_timestamp":"1713115380000","loc_stanox":"44304","gbtt_timestamp":"1713115440000","planned_timestamp":"1713115440000","planned_event_type":"ARRIVAL","event_type":"ARRIVAL","event_source":"AUTOMATIC","correction_ind":"false","offroute_ind":"false","direction_ind":"DOWN","platform":" 1","route":"0","train_service_code":"21702001","division_code":"61","toc_id":"61","timetable_variation":"1","variation_status":"EARLY","next_report_stanox":"44301","next_report_run_time":"3","train_terminated":"false","delay_monitoring_point":"true","reporting_stanox":"44304","auto_expected":"true"}},{"header":{"msg_type":"0003","msg_queue_timestamp":"1713111757000","source_system_id":"TRUST","original_data_source":"SMART"},"body":{"train_id":"771B171U14","actual_timestamp":"1713115380000","loc_stanox":"78608","planned_timestamp":"1713115260000","planned_event_type":"ARRIVAL","event_type":"ARRIVAL","event_source":"AUTOMATIC","correction_ind":"false","offroute_ind":"false","route":"0","train_service_code":"25438000","division_code":"71","toc_id":"71","timetable_variation":"2","variation_status":"LATE","next_report_stanox":"79791","next_report_run_time":"1","train_terminated":"false","delay_monitoring_point":"true","reporting_stanox":"78608","auto_expected":"true"}},{"header":{"msg_type":"0003","msg_queue_timestamp":"1713111757000","source_system_id":"TRUST","original_data_source":"SMART"},"body":{"train_id":"062L38MT14","actual_timestamp":"1713115320000","loc_stanox":"07275","gbtt_timestamp":"1713115260000","planned_timestamp":"1713115260000","planned_event_type":"DEPARTURE","event_type":"DEPARTURE","event_source":"AUTOMATIC","correction_ind":"false","offroute_ind":"false","direction_ind":"UP","platform":" 1","route":"2","train_service_code":"23563015","division_code":"60","toc_id":"60","timetable_variation":"1","variation_status":"LATE","next_report_stanox":"07253","next_report_run_time":"1","train_terminated":"false","delay_monitoring_point":"false","reporting_stanox":"00000","auto_expected":"true"}},{"header":{"msg_type":"0003","msg_queue_timestamp":"1713111758000","source_system_id":"TRUST","original_data_source":"SMART"},"body":{"train_id":"111M90MQ14","actual_timestamp":"1713115320000","loc_stanox":"11526","planned_timestamp":"1713115410000","planned_event_type":"DEPARTURE","event_type":"DEPARTURE","event_source":"AUTOMATIC","correction_ind":"false","offroute_ind":"false","direction_ind":"UP","route":"2","train_service_code":"21730001","division_code":"20","toc_id":"20","timetable_variation":"1","variation_status":"EARLY","next_report_stanox":"11718","next_report_run_time":"3","train_terminated":"false","delay_monitoring_point":"true","reporting_stanox":"11526","auto_expected":"true"}},{"header":{"msg_type":"0001","msg_queue_timestamp":"1713111758000","source_system_id":"TRUST","original_data_source":"TSIA"},"body":{"train_id":"731T77MW14","toc_id":"86","schedule_wtt_id":"1T77M","sched_origin_stanox":"73000","creation_timestamp":"1713115358000","origin_dep_timestamp":"1713118920000","train_uid":"C39642","schedule_start_date":"2024-04-14","schedule_end_date":"2024-04-14","schedule_source":"C","schedule_type":"P","d1266_record_number":"00000","tp_origin_timestamp":"2024-04-14","train_call_type":"AUTOMATIC","train_call_mode":"NORMAL","train_service_code":"25905000"}},{"header":{"msg_type":"0001","msg_queue_timestamp":"1713111758000","source_system_id":"TRUST","original_data_source":"TSIA"},"body":{"train_id":"721Y47MW14","toc_id":"29","schedule_wtt_id":"1Y47M","sched_origin_stanox":"72410","creation_timestamp":"1713115358000","origin_dep_timestamp":"1713118920000","train_uid":"C72548","schedule_start_date":"2023-12-10","schedule_end_date":"2024-05-26","schedule_source":"C","schedule_type":"O","d1266_record_number":"00000","tp_origin_timestamp":"2024-04-14","train_call_type":"AUTOMATIC","train_call_mode":"NORMAL","train_service_code":"22209000"}},{"header":{"msg_type":"0001","msg_queue_timestamp":"1713111758000","source_system_id":"TRUST","original_data_source":"TSIA"},"body":{"train_id":"301P95MW14","toc_id":"65","schedule_wtt_id":"1P95M","sched_origin_stanox":"30021","creation_timestamp":"1713115358000","origin_dep_timestamp":"1713118920000","train_uid":"C87909","schedule_start_date":"2023-12-10","schedule_end_date":"2024-05-26","schedule_source":"C","schedule_type":"O","d1266_record_number":"00000","tp_origin_timestamp":"2024-04-14","train_call_type":"AUTOMATIC","train_call_mode":"NORMAL","train_service_code":"22112001"}},{"header":{"msg_type":"0001","msg_queue_timestamp":"1713111759000","source_system_id":"TRUST","original_data_source":"TSIA"},"body":{"train_id":"651L52MW14","toc_id":"27","schedule_wtt_id":"1L52M","sched_origin_stanox":"65630","creation_timestamp":"1713115358000","origin_dep_timestamp":"1713118920000","train_uid":"G24803","schedule_start_date":"2024-04-14","schedule_end_date":"2024-04-14","schedule_source":"C","schedule_type":"P","d1266_record_number":"00000","tp_origin_timestamp":"2024-04-14","train_call_type":"AUTOMATIC","train_call_mode":"NORMAL","train_service_code":"22268000"}},{"header":{"msg_type":"0003","msg_queue_timestamp":"1713111759000","source_system_id":"TRUST","original_data_source":"SMART"},"body":{"train_id":"871N26MU14","actual_timestamp":"1713115380000","loc_stanox":"87993","gbtt_timestamp":"1713115440000","planned_timestamp":"1713115410000","planned_event_type":"ARRIVAL","event_type":"ARRIVAL","event_source":"AUTOMATIC","correction_ind":"false","offroute_ind":"false","direction_ind":"DOWN","platform":" 2","route":"0","train_service_code":"24744000","division_code":"88","toc_id":"88","timetable_variation":"0","variation_status":"ON TIME","next_report_stanox":"87995","next_report_run_time":"1","train_terminated":"false","delay_monitoring_point":"false","reporting_stanox":"00000","auto_expected":"true"}},{"header":{"msg_type":"0003","msg_queue_timestamp":"1713111759000","source_system_id":"TRUST","original_data_source":"SMART"},"body":{"train_id":"741Y63MT14","actual_timestamp":"1713115320000","loc_stanox":"73508","gbtt_timestamp":"1713115320000","planned_timestamp":"1713115320000","planned_event_type":"DEPARTURE","event_type":"DEPARTURE","event_source":"AUTOMATIC","correction_ind":"false","offroute_ind":"false","direction_ind":"UP","platform":" 2","route":"2","train_service_code":"25535004","division_code":"74","toc_id":"74","timetable_variation":"0","variation_status":"ON TIME","next_report_stanox":"73505","next_report_run_time":"4","train_terminated":"false","delay_monitoring_point":"true","reporting_stanox":"73508","auto_expected":"true"}},{"header":{"msg_type":"0003","msg_queue_timestamp":"1713111759000","source_system_id":"TRUST","original_data_source":"SMART"},"body":{"train_id":"041V64MM14","actual_timestamp":"1713115380000","loc_stanox":"69021","planned_timestamp":"1713115440000","planned_event_type":"ARRIVAL","event_type":"ARRIVAL","event_source":"AUTOMATIC","correction_ind":"false","offroute_ind":"false","route":"0","train_service_code":"22180008","division_code":"27","toc_id":"27","timetable_variation":"1","variation_status":"EARLY","next_report_stanox":"66190","next_report_run_time":"1","train_terminated":"false","delay_monitoring_point":"true","reporting_stanox":"69021","auto_expected":"true"}},{"header":{"msg_type":"0003","msg_queue_timestamp":"1713111759000","source_system_id":"TRUST","original_data_source":"SMART"},"body":{"train_id":"879R52MT14","actual_timestamp":"1713115380000","loc_stanox":"87900","gbtt_timestamp":"1713115440000","planned_timestamp":"1713115410000","planned_event_type":"ARRIVAL","event_type":"ARRIVAL","event_source":"AUTOMATIC","correction_ind":"false","offroute_ind":"false","direction_ind":"UP","platform":" 1","route":"0","train_service_code":"22729000","division_code":"88","toc_id":"88","timetable_variation":"0","variation_status":"ON TIME","next_report_stanox":"87901","next_report_run_time":"1","train_terminated":"false","delay_monitoring_point":"false","reporting_stanox":"00000","auto_expected":"true"}},{"header":{"msg_type":"0003","msg_queue_timestamp":"1713111759000","source_system_id":"TRUST","original_data_source":"SMART"},"body":{"train_id":"879D48MU14","actual_timestamp":"1713115380000","loc_stanox":"87643","gbtt_timestamp":"1713115380000","planned_timestamp":"1713115380000","planned_event_type":"ARRIVAL","event_type":"ARRIVAL","event_source":"AUTOMATIC","correction_ind":"false","offroute_ind":"false","direction_ind":"UP","platform":" 1","route":"0","train_service_code":"22215003","division_code":"30","toc_id":"30","timetable_variation":"0","variation_status":"ON TIME","next_report_stanox":"87644","next_report_run_time":"1","train_terminated":"false","delay_monitoring_point":"true","reporting_stanox":"87643","auto_expected":"true"}},{"header":{"msg_type":"0003","msg_queue_timestamp":"1713111760000","source_system_id":"TRUST","original_data_source":"SMART"},"body":{"train_id":"881Y361R14","actual_timestamp":"1713115260000","loc_stanox":"89392","gbtt_timestamp":"1713115320000","planned_timestamp":"1713115320000","planned_event_type":"DEPARTURE","event_type":"DEPARTURE","event_source":"AUTOMATIC","correction_ind":"false","offroute_ind":"false","direction_ind":"DOWN","platform":" 2","route":"1","train_service_code":"24602004","division_code":"80","toc_id":"80","timetable_variation":"1","variation_status":"EARLY","next_report_stanox":"89381","next_report_run_time":"1","train_terminated":"false","delay_monitoring_point":"true","reporting_stanox":"89392","auto_expected":"true"}},{"header":{"msg_type":"0003","msg_queue_timestamp":"1713111760000","source_system_id":"TRUST","original_data_source":"SMART"},"body":{"train_id":"631Y31MU14","actual_timestamp":"1713115380000","loc_stanox":"63252","planned_timestamp":"1713115260000","planned_event_type":"ARRIVAL","event_type":"ARRIVAL","event_source":"AUTOMATIC","correction_ind":"false","offroute_ind":"false","route":"0","train_service_code":"22156000","division_code":"28","toc_id":"28","timetable_variation":"2","variation_status":"LATE","next_report_stanox":"63209","next_report_run_time":"1","train_terminated":"false","delay_monitoring_point":"false","reporting_stanox":"00000","auto_expected":"true"}},{"header":{"msg_type":"0003","msg_queue_timestamp":"1713111760000","source_system_id":"TRUST","original_data_source":"SMART"},"body":{"train_id":"881Y361R14","actual_timestamp":"1713115620000","loc_stanox":"89393","gbtt_timestamp":"1713115680000","planned_timestamp":"1713115650000","planned_event_type":"ARRIVAL","event_type":"ARRIVAL","event_source":"AUTOMATIC","correction_ind":"false","offroute_ind":"false","direction_ind":"DOWN","platform":" 2","route":"0","train_service_code":"24602004","division_code":"80","toc_id":"80","timetable_variation":"0","variation_status":"ON TIME","next_report_stanox":"89394","next_report_run_time":"1","train_terminated":"false","delay_monitoring_point":"false","reporting_stanox":"00000","auto_expected":"true"}},{"header":{"msg_type":"0003","msg_queue_timestamp":"1713111760000","source_system_id":"TRUST","original_data_source":"SMART"},"body":{"train_id":"629V61MT14","actual_timestamp":"1713115320000","loc_stanox":"63216","planned_timestamp":"1713115290000","planned_event_type":"DEPARTURE","event_type":"DEPARTURE","event_source":"AUTOMATIC","correction_ind":"false","offroute_ind":"false","direction_ind":"UP","line_ind":"S","route":"1","train_service_code":"22728000","division_code":"88","toc_id":"88","timetable_variation":"1","variation_status":"LATE","next_report_stanox":"63252","next_report_run_time":"2","train_terminated":"false","delay_monitoring_point":"false","reporting_stanox":"00000","auto_expected":"true"}},{"header":{"msg_type":"0003","msg_queue_timestamp":"1713111760000","source_system_id":"TRUST","original_data_source":"SMART"},"body":{"train_id":"629V61MT14","actual_timestamp":"1713115440000","loc_stanox":"63252","gbtt_timestamp":"1713115380000","planned_timestamp":"1713115380000","planned_event_type":"ARRIVAL","event_type":"ARRIVAL","event_source":"AUTOMATIC","correction_ind":"false","offroute_ind":"false","direction_ind":"UP","platform":" 1","route":"0","train_service_code":"22728000","division_code":"88","toc_id":"88","timetable_variation":"1","variation_status":"LATE","next_report_stanox":"63305","next_report_run_time":"1","train_terminated":"false","delay_monitoring_point":"false","reporting_stanox":"00000","auto_expected":"true"}}]